plan_date,route_id,depot,vehicle_id,vehicle_type,vehicle_temp,trip_id,district,category,orders,stops,weight_kg,volume_m3,weight_util,volume_util,km,late_min
2026-02-16,2026-02-16-VEH001-T1,Peliyagoda,VEH001,truck,reefer,1,Kalutara,fresh_mixed,7,5,2538.6,13.404,0.4607,0.5077,132.0,0.0
2026-02-16,2026-02-16-VEH002-T1,Peliyagoda,VEH002,truck,reefer,1,Kurunegala,fresh_mixed,4,3,1560.4,7.995,0.3911,0.3789,218.0,0.0
2026-02-16,2026-02-16-VEH003-T1,Peliyagoda,VEH003,truck,reefer,1,Gampaha,fresh_mixed,10,7,4117.4,22.006,0.7473,0.8336,98.0,0.0
2026-02-16,2026-02-16-VEH004-T1,Peliyagoda,VEH004,truck,reefer,1,Colombo,fresh_mixed,10,6,3751.0,20.096,0.5484,0.6017,44.0,0.0
2026-02-16,2026-02-16-VEH005-T1,Peliyagoda,VEH005,truck,reefer,1,Colombo,fresh_mixed,7,5,2405.8,13.15,0.3517,0.3937,40.0,0.0
2026-02-16,2026-02-16-VEH007-T1,Peliyagoda,VEH007,truck,reefer,1,Galle,fresh_mixed,7,4,2489.9,12.999,0.6897,0.6701,270.0,0.0
2026-02-16,2026-02-16-VEH008-T1,Peliyagoda,VEH008,truck,ambient,1,Puttalam,fresh_dry,3,3,844.9,4.467,0.2223,0.203,296.0,0.0
2026-02-16,2026-02-16-VEH015-T1,Peliyagoda,VEH015,truck,ambient,1,Kalutara,fresh_dry,5,5,1804.8,9.528,0.4749,0.4331,132.0,0.0
2026-02-16,2026-02-16-VEH016-T1,Peliyagoda,VEH016,truck,ambient,1,Gampaha,fresh_dry,6,6,2455.2,12.643,0.6461,0.5747,91.0,0.0
2026-02-16,2026-02-16-VEH017-T1,Peliyagoda,VEH017,truck,ambient,1,Matara,fresh_dry,4,4,1369.9,7.215,0.3605,0.328,356.0,0.0
2026-02-16,2026-02-16-VEH025-T1,Peliyagoda,VEH025,truck,ambient,1,Galle,fresh_dry,3,3,973.4,5.45,0.2562,0.2477,260.0,0.0
2026-02-16,2026-02-16-VEH025-T2,Peliyagoda,VEH025,truck,ambient,2,Kalutara,style,2,2,982.7,15.907,0.2586,0.723,105.0,0.0
2026-02-16,2026-02-16-VEH035-T1,Peliyagoda,VEH035,van,reefer,1,Matara,fresh_chilled,3,3,867.1,4.664,0.8337,0.6663,344.0,0.0
2026-02-16,2026-02-16-VEH036-T1,Peliyagoda,VEH036,van,reefer,1,Puttalam,fresh_chilled,3,3,900.2,4.76,0.8656,0.68,296.0,0.0
2026-02-16,2026-02-16-VEH037-T1,Peliyagoda,VEH037,van,ambient,1,Colombo,fresh_dry,4,4,1042.4,5.331,0.9476,0.6664,36.0,0.0
2026-02-16,2026-02-16-VEH037-T2,Peliyagoda,VEH037,van,ambient,2,Galle,tech,1,1,302.6,0.961,0.2751,0.1201,240.0,0.0
2026-02-16,2026-02-16-VEH038-T1,Peliyagoda,VEH038,van,ambient,1,Kurunegala,fresh_dry,3,3,1046.7,5.464,0.8723,0.6071,218.0,0.0
2026-02-16,2026-02-16-VEH039-T1,Kandy,VEH039,truck,reefer,1,Nuwara Eliya,fresh_mixed,4,2,1081.4,5.921,0.175,0.198,170.0,0.0
2026-02-16,2026-02-16-VEH040-T1,Kandy,VEH040,truck,reefer,1,Kandy,fresh_mixed,6,3,1928.9,10.658,0.3501,0.4037,22.0,0.0
2026-02-16,2026-02-16-VEH041-T1,Kandy,VEH041,truck,reefer,1,Badulla,fresh_mixed,2,1,295.7,1.495,0.0819,0.0771,260.0,0.0
2026-02-16,2026-02-16-VEH042-T1,Kandy,VEH042,truck,reefer,1,Kegalle,fresh_mixed,7,4,2886.8,15.686,0.4671,0.5246,110.0,0.0
2026-02-16,2026-02-16-VEH043-T1,Kandy,VEH043,truck,reefer,1,Matale,fresh_mixed,8,4,2416.5,12.96,0.4386,0.4909,76.0,0.0
2026-02-16,2026-02-16-VEH046-T1,Kandy,VEH046,truck,ambient,1,Badulla,fresh_dry,1,1,263.8,1.444,0.0694,0.0656,260.0,0.0
2026-02-16,2026-02-16-VEH046-T2,Kandy,VEH046,truck,ambient,2,Matale,style,1,1,944.0,16.17,0.2484,0.735,52.0,0.0
2026-02-16,2026-02-16-VEH056-T1,Kandy,VEH056,truck,ambient,1,Nuwara Eliya,fresh_dry,3,3,1096.7,5.517,0.2886,0.2508,184.0,0.0
2026-02-16,2026-02-16-VEH057-T1,Kandy,VEH057,van,reefer,1,Kandy,fresh_mixed,8,4,949.8,5.128,0.9133,0.7326,25.0,0.0
2026-02-16,2026-02-16-VEH057-T2,Kandy,VEH057,van,reefer,2,Matale,fresh_dry,2,2,822.2,4.398,0.7906,0.6283,60.0,0.0
2026-02-16,2026-02-16-VEH058-T1,Kandy,VEH058,van,reefer,1,Badulla,fresh_chilled,2,2,594.2,3.5,0.5713,0.5,276.0,0.0
2026-02-16,2026-02-16-VEH059-T1,Kandy,VEH059,van,ambient,1,Kandy,fresh_dry,5,5,773.4,4.137,0.6445,0.4597,28.0,0.0
2026-02-16,2026-02-16-VEH059-T2,Kandy,VEH059,van,ambient,2,Matale,tech,1,1,787.9,2.709,0.6566,0.301,52.0,0.0
2026-02-16,2026-02-16-VEH060-T1,Kandy,VEH060,van,ambient,1,Badulla,fresh_dry,2,2,931.1,5.3,0.7759,0.5889,276.0,0.0
2026-02-16,2026-02-16-VEH060-T2,Kandy,VEH060,van,ambient,2,Badulla,style,1,1,485.9,8.523,0.4049,0.947,260.0,0.0
2026-02-17,2026-02-17-VEH001-T1,Peliyagoda,VEH001,truck,reefer,1,Galle,fresh_mixed,7,4,1963.7,10.352,0.3564,0.3921,270.0,0.0
2026-02-17,2026-02-17-VEH002-T1,Peliyagoda,VEH002,truck,reefer,1,Puttalam,fresh_mixed,3,2,943.2,5.008,0.2364,0.2373,278.0,0.0
2026-02-17,2026-02-17-VEH003-T1,Peliyagoda,VEH003,truck,reefer,1,Kurunegala,fresh_mixed,4,3,1596.3,8.728,0.2897,0.3306,218.0,0.0
2026-02-17,2026-02-17-VEH004-T1,Peliyagoda,VEH004,truck,reefer,1,Gampaha,fresh_mixed,10,9,3694.5,20.59,0.5401,0.6165,112.0,0.0
2026-02-17,2026-02-17-VEH005-T1,Peliyagoda,VEH005,truck,reefer,1,Kurunegala,fresh_mixed,4,2,988.8,5.378,0.1446,0.161,204.0,0.0
2026-02-17,2026-02-17-VEH006-T1,Peliyagoda,VEH006,truck,reefer,1,Kalutara,fresh_mixed,8,7,2428.6,13.584,0.3551,0.4067,150.0,0.0
2026-02-17,2026-02-17-VEH007-T1,Peliyagoda,VEH007,truck,reefer,1,Matara,fresh_mixed,5,4,1696.4,9.304,0.4699,0.4796,356.0,0.0
2026-02-17,2026-02-17-VEH008-T1,Peliyagoda,VEH008,truck,ambient,1,Colombo,fresh_dry,8,8,3238.7,17.576,0.8523,0.7989,52.0,0.0
2026-02-17,2026-02-17-VEH016-T1,Peliyagoda,VEH016,truck,ambient,1,Gampaha,fresh_dry,9,9,3675.7,19.726,0.9673,0.8966,112.0,0.0
2026-02-17,2026-02-17-VEH017-T1,Peliyagoda,VEH017,truck,ambient,1,Kalutara,fresh_dry,6,6,2379.9,12.735,0.6263,0.5789,141.0,0.0
2026-02-17,2026-02-17-VEH025-T1,Peliyagoda,VEH025,truck,ambient,1,Kurunegala,fresh_dry,2,2,708.7,3.922,0.1865,0.1783,204.0,0.0
2026-02-17,2026-02-17-VEH034-T1,Peliyagoda,VEH034,truck,ambient,1,Galle,fresh_dry,3,3,1077.3,6.131,0.2835,0.2787,260.0,0.0
2026-02-17,2026-02-17-VEH035-T1,Peliyagoda,VEH035,van,reefer,1,Colombo,fresh_mixed,6,5,983.2,5.251,0.9454,0.7501,40.0,0.0
2026-02-17,2026-02-17-VEH035-T2,Peliyagoda,VEH035,van,reefer,2,Colombo,fresh_chilled,3,3,970.6,5.203,0.9333,0.7433,32.0,0.0
2026-02-17,2026-02-17-VEH036-T1,Peliyagoda,VEH036,van,reefer,1,Matara,fresh_chilled,3,3,886.3,4.518,0.8522,0.6454,344.0,0.0
2026-02-17,2026-02-17-VEH036-T2,Peliyagoda,VEH036,van,reefer,2,Colombo,tech,1,1,882.8,2.778,0.8488,0.3969,24.0,0.0
2026-02-17,2026-02-17-VEH037-T1,Peliyagoda,VEH037,van,ambient,1,Colombo,fresh_dry,5,5,953.8,5.076,0.8671,0.6345,40.0,0.0
2026-02-17,2026-02-17-VEH037-T2,Peliyagoda,VEH037,van,ambient,2,Colombo,tech,1,1,1021.6,3.126,0.9287,0.3907,24.0,0.0
2026-02-17,2026-02-17-VEH038-T1,Peliyagoda,VEH038,van,ambient,1,Puttalam,fresh_dry,2,2,506.7,2.585,0.4223,0.2872,278.0,0.0
2026-02-17,2026-02-17-VEH039-T1,Kandy,VEH039,truck,reefer,1,Kegalle,fresh_mixed,5,4,2193.9,11.728,0.355,0.3922,110.0,0.0
2026-02-17,2026-02-17-VEH040-T1,Kandy,VEH040,truck,reefer,1,Kandy,fresh_mixed,6,3,1543.7,8.132,0.2802,0.308,22.0,0.0
2026-02-17,2026-02-17-VEH041-T1,Kandy,VEH041,truck,reefer,1,Nuwara Eliya,fresh_chilled,5,5,1144.4,6.192,0.317,0.3192,212.0,0.0
2026-02-17,2026-02-17-VEH042-T1,Kandy,VEH042,truck,reefer,1,Matale,fresh_mixed,9,5,3589.0,19.763,0.5807,0.661,84.0,0.0
2026-02-17,2026-02-17-VEH046-T1,Kandy,VEH046,truck,ambient,1,Badulla,fresh_dry,2,2,890.3,4.947,0.2343,0.2249,276.0,0.0
2026-02-17,2026-02-17-VEH056-T1,Kandy,VEH056,truck,ambient,1,Nuwara Eliya,fresh_dry,5,5,1836.0,9.811,0.4832,0.446,212.0,0.0
2026-02-17,2026-02-17-VEH057-T1,Kandy,VEH057,van,reefer,1,Kandy,fresh_mixed,8,5,1034.1,5.821,0.9943,0.8316,28.0,0.0
2026-02-17,2026-02-17-VEH058-T1,Kandy,VEH058,van,reefer,1,Badulla,fresh_chilled,2,2,536.4,3.117,0.5158,0.4453,276.0,0.0
2026-02-17,2026-02-17-VEH059-T1,Kandy,VEH059,van,ambient,1,Kandy,fresh_dry,6,6,876.4,5.001,0.7303,0.5557,31.0,0.0
2026-02-17,2026-02-17-VEH059-T2,Kandy,VEH059,van,ambient,2,Matale,fresh_dry,1,1,307.7,1.873,0.2564,0.2081,52.0,0.0
2026-02-17,2026-02-17-VEH060-T1,Kandy,VEH060,van,ambient,1,Badulla,fresh_dry,2,2,393.1,1.858,0.3276,0.2064,276.0,0.0
2026-02-18,2026-02-18-VEH001-T1,Peliyagoda,VEH001,truck,reefer,1,Kalutara,fresh_mixed,7,4,2741.2,15.001,0.4975,0.5682,123.0,0.0
2026-02-18,2026-02-18-VEH002-T1,Peliyagoda,VEH002,truck,reefer,1,Kurunegala,fresh_mixed,4,3,1217.6,6.557,0.3052,0.3108,218.0,0.0
2026-02-18,2026-02-18-VEH003-T1,Peliyagoda,VEH003,truck,reefer,1,Gampaha,fresh_mixed,9,5,4612.9,25.089,0.8372,0.9503,84.0,0.0
2026-02-18,2026-02-18-VEH004-T1,Peliyagoda,VEH004,truck,reefer,1,Colombo,fresh_mixed,9,5,4224.6,22.373,0.6176,0.6699,40.0,0.0
2026-02-18,2026-02-18-VEH006-T1,Peliyagoda,VEH006,truck,reefer,1,Galle,fresh_mixed,6,3,2143.6,11.254,0.3134,0.3369,260.0,0.0
2026-02-18,2026-02-18-VEH007-T1,Peliyagoda,VEH007,truck,reefer,1,Galle,fresh_mixed,6,3,1815.6,10.011,0.5029,0.516,260.0,0.0
2026-02-18,2026-02-18-VEH008-T1,Peliyagoda,VEH008,truck,ambient,1,Kalutara,fresh_dry,3,3,763.5,3.784,0.2009,0.172,114.0,0.0
2026-02-18,2026-02-18-VEH015-T1,Peliyagoda,VEH015,truck,ambient,1,Matara,fresh_dry,1,1,399.4,1.956,0.1051,0.0889,320.0,0.0
2026-02-18,2026-02-18-VEH016-T1,Peliyagoda,VEH016,truck,ambient,1,Gampaha,fresh_dry,6,6,2112.1,11.697,0.5558,0.5317,91.0,0.0
2026-02-18,2026-02-18-VEH017-T1,Peliyagoda,VEH017,truck,ambient,1,Kurunegala,fresh_dry,4,4,1587.0,8.224,0.4176,0.3738,232.0,0.0
2026-02-18,2026-02-18-VEH025-T1,Peliyagoda,VEH025,truck,ambient,1,Puttalam,fresh_dry,2,2,525.2,2.767,0.1382,0.1258,278.0,0.0
2026-02-18,2026-02-18-VEH025-T2,Peliyagoda,VEH025,truck,ambient,2,Gampaha,style,2,2,1226.7,19.0,0.3228,0.8636,63.0,0.0
2026-02-18,2026-02-18-VEH035-T1,Peliyagoda,VEH035,van,reefer,1,Colombo,fresh_mixed,7,5,1031.9,5.414,0.9922,0.7734,40.0,0.0
2026-02-18,2026-02-18-VEH035-T2,Peliyagoda,VEH035,van,reefer,2,Kalutara,tech,1,1,800.1,2.877,0.7693,0.411,96.0,0.0
2026-02-18,2026-02-18-VEH036-T1,Peliyagoda,VEH036,van,reefer,1,Puttalam,fresh_mixed,3,2,972.5,5.348,0.9351,0.764,278.0,0.0
2026-02-18,2026-02-18-VEH037-T1,Peliyagoda,VEH037,van,ambient,1,Colombo,fresh_dry,5,5,1054.8,5.658,0.9589,0.7073,40.0,0.0
2026-02-18,2026-02-18-VEH037-T2,Peliyagoda,VEH037,van,ambient,2,Colombo,fresh_dry,2,2,706.6,3.882,0.6424,0.4853,28.0,0.0
2026-02-18,2026-02-18-VEH038-T1,Peliyagoda,VEH038,van,ambient,1,Matara,fresh_dry,3,3,1096.2,5.604,0.9135,0.6227,344.0,0.0
2026-02-18,2026-02-18-VEH038-T2,Peliyagoda,VEH038,van,ambient,2,Gampaha,style,1,1,430.0,6.586,0.3583,0.7318,56.0,0.0
2026-02-18,2026-02-18-VEH039-T1,Kandy,VEH039,truck,reefer,1,Nuwara Eliya,fresh_mixed,5,4,1259.8,6.722,0.2039,0.2248,198.0,0.0
2026-02-18,2026-02-18-VEH040-T1,Kandy,VEH040,truck,reefer,1,Matale,fresh_mixed,9,5,3681.9,19.259,0.6682,0.7295,84.0,0.0
2026-02-18,2026-02-18-VEH041-T1,Kandy,VEH041,truck,reefer,1,Badulla,fresh_chilled,2,2,456.8,2.35,0.1265,0.1211,276.0,0.0
2026-02-18,2026-02-18-VEH042-T1,Kandy,VEH042,truck,reefer,1,Kegalle,fresh_mixed,7,4,2897.9,14.553,0.4689,0.4867,110.0,0.0
2026-02-18,2026-02-18-VEH043-T1,Kandy,VEH043,truck,reefer,1,Kandy,fresh_mixed,6,3,1667.7,8.697,0.3027,0.3294,22.0,0.0
2026-02-18,2026-02-18-VEH046-T1,Kandy,VEH046,truck,ambient,1,Badulla,fresh_dry,2,2,947.1,4.959,0.2492,0.2254,276.0,0.0
2026-02-18,2026-02-18-VEH046-T2,Kandy,VEH046,truck,ambient,2,Kegalle,style,1,1,665.1,12.197,0.175,0.5544,80.0,0.0
2026-02-18,2026-02-18-VEH056-T1,Kandy,VEH056,truck,ambient,1,Nuwara Eliya,fresh_dry,4,4,1478.1,8.105,0.389,0.3684,198.0,0.0
2026-02-18,2026-02-18-VEH057-T1,Kandy,VEH057,van,reefer,1,Kandy,fresh_mixed,9,5,982.3,5.347,0.9445,0.7639,28.0,0.0
2026-02-18,2026-02-18-VEH057-T2,Kandy,VEH057,van,reefer,2,Matale,fresh_dry,1,1,184.7,0.949,0.1776,0.1356,52.0,0.0
2026-02-18,2026-02-18-VEH058-T1,Kandy,VEH058,van,reefer,1,Badulla,fresh_chilled,2,2,469.2,2.523,0.4512,0.3604,276.0,0.0
2026-02-18,2026-02-18-VEH059-T1,Kandy,VEH059,van,ambient,1,Kandy,fresh_dry,5,5,797.1,4.354,0.6643,0.4838,28.0,0.0
2026-02-18,2026-02-18-VEH059-T2,Kandy,VEH059,van,ambient,2,Kandy,tech,2,2,1131.8,3.96,0.9432,0.44,19.0,0.0
2026-02-18,2026-02-18-VEH060-T1,Kandy,VEH060,van,ambient,1,Badulla,fresh_dry,2,2,398.0,2.227,0.3317,0.2474,276.0,0.0
2026-02-19,2026-02-19-VEH001-T1,Peliyagoda,VEH001,truck,reefer,1,Galle,fresh_mixed,7,6,2091.3,10.968,0.3795,0.4155,290.0,0.0
2026-02-19,2026-02-19-VEH002-T1,Peliyagoda,VEH002,truck,reefer,1,Puttalam,fresh_mixed,3,2,1005.9,5.512,0.2521,0.2612,278.0,0.0
2026-02-19,2026-02-19-VEH003-T1,Peliyagoda,VEH003,truck,reefer,1,Kurunegala,fresh_mixed,4,3,1842.5,10.006,0.3344,0.379,218.0,0.0
2026-02-19,2026-02-19-VEH004-T1,Peliyagoda,VEH004,truck,reefer,1,Colombo,fresh_chilled,1,1,230.8,1.28,0.0337,0.0383,24.0,0.0
2026-02-19,2026-02-19-VEH004-T2,Peliyagoda,VEH004,truck,reefer,2,Gampaha,fresh_mixed,8,5,2232.0,12.322,0.3263,0.3689,84.0,0.0
2026-02-19,2026-02-19-VEH005-T1,Peliyagoda,VEH005,truck,reefer,1,Kalutara,fresh_mixed,8,5,3903.2,21.386,0.5706,0.6403,132.0,0.0
2026-02-19,2026-02-19-VEH006-T1,Peliyagoda,VEH006,truck,reefer,1,Gampaha,fresh_mixed,2,1,816.6,4.538,0.1194,0.1359,56.0,0.0
2026-02-19,2026-02-19-VEH006-T2,Peliyagoda,VEH006,truck,reefer,2,Colombo,fresh_mixed,7,5,1876.1,10.124,0.2743,0.3031,40.0,0.0
2026-02-19,2026-02-19-VEH007-T1,Peliyagoda,VEH007,truck,reefer,1,Matara,fresh_mixed,5,4,1655.9,8.98,0.4587,0.4629,356.0,0.0
2026-02-19,2026-02-19-VEH008-T1,Peliyagoda,VEH008,truck,ambient,1,Colombo,fresh_dry,7,7,3083.2,17.035,0.8114,0.7743,48.0,0.0
2026-02-19,2026-02-19-VEH008-T2,Peliyagoda,VEH008,truck,ambient,2,Colombo,style,1,1,566.4,8.663,0.1491,0.3938,24.0,0.0
2026-02-19,2026-02-19-VEH015-T1,Peliyagoda,VEH015,truck,ambient,1,Puttalam,fresh_dry,2,2,619.0,3.278,0.1629,0.149,278.0,0.0
2026-02-19,2026-02-19-VEH015-T2,Peliyagoda,VEH015,truck,ambient,2,Colombo,style,2,2,964.6,16.158,0.2538,0.7345,28.0,0.0
2026-02-19,2026-02-19-VEH016-T1,Peliyagoda,VEH016,truck,ambient,1,Kurunegala,fresh_dry,4,4,1353.6,7.43,0.3562,0.3377,232.0,0.0
2026-02-19,2026-02-19-VEH017-T1,Peliyagoda,VEH017,truck,ambient,1,Gampaha,fresh_dry,4,4,2352.6,12.287,0.6191,0.5585,77.0,0.0
2026-02-19,2026-02-19-VEH034-T1,Peliyagoda,VEH034,truck,ambient,1,Galle,fresh_dry,5,5,2012.7,10.684,0.5297,0.4856,280.0,0.0
2026-02-19,2026-02-19-VEH034-T2,Peliyagoda,VEH034,truck,ambient,2,Colombo,style,2,2,1037.4,18.476,0.273,0.8398,28.0,0.0
2026-02-19,2026-02-19-VEH035-T1,Peliyagoda,VEH035,van,reefer,1,Colombo,fresh_mixed,5,4,983.7,5.028,0.9459,0.7183,36.0,0.0
2026-02-19,2026-02-19-VEH035-T2,Peliyagoda,VEH035,van,reefer,2,Colombo,fresh_chilled,1,1,329.6,1.766,0.3169,0.2523,24.0,0.0
2026-02-19,2026-02-19-VEH036-T1,Peliyagoda,VEH036,van,reefer,1,Kalutara,fresh_mixed,4,2,839.6,4.634,0.8073,0.662,105.0,0.0
2026-02-19,2026-02-19-VEH036-T2,Peliyagoda,VEH036,van,reefer,2,Colombo,fresh_chilled,1,1,565.1,3.229,0.5434,0.4613,24.0,0.0
2026-02-19,2026-02-19-VEH037-T1,Peliyagoda,VEH037,van,ambient,1,Gampaha,fresh_dry,2,2,987.3,5.246,0.8975,0.6558,63.0,0.0
2026-02-19,2026-02-19-VEH037-T2,Peliyagoda,VEH037,van,ambient,2,Colombo,fresh_dry,4,4,1089.6,5.631,0.9905,0.7039,36.0,0.0
2026-02-19,2026-02-19-VEH038-T1,Peliyagoda,VEH038,van,ambient,1,Matara,fresh_dry,3,3,1179.6,6.041,0.983,0.6712,344.0,0.0
2026-02-19,2026-02-19-VEH038-T2,Peliyagoda,VEH038,van,ambient,2,Colombo,style,1,1,302.7,4.814,0.2522,0.5349,24.0,0.0
2026-02-19,2026-02-19-VEH039-T1,Kandy,VEH039,truck,reefer,1,Nuwara Eliya,fresh_mixed,5,3,1604.0,8.719,0.2595,0.2916,184.0,0.0
2026-02-19,2026-02-19-VEH040-T1,Kandy,VEH040,truck,reefer,1,Matale,fresh_mixed,9,6,3395.9,18.135,0.6163,0.6869,92.0,0.0
2026-02-19,2026-02-19-VEH041-T1,Kandy,VEH041,truck,reefer,1,Badulla,fresh_mixed,2,1,347.5,1.879,0.0963,0.0969,260.0,0.0
2026-02-19,2026-02-19-VEH042-T1,Kandy,VEH042,truck,reefer,1,Kegalle,fresh_mixed,7,4,3398.5,17.888,0.5499,0.5983,110.0,0.0
2026-02-19,2026-02-19-VEH045-T1,Kandy,VEH045,truck,ambient,1,Kandy,fresh_dry,2,2,489.9,2.83,0.1166,0.1179,19.0,0.0
2026-02-19,2026-02-19-VEH045-T2,Kandy,VEH045,truck,ambient,2,Badulla,fresh_dry,1,1,396.6,2.381,0.0944,0.0992,260.0,0.0
2026-02-19,2026-02-19-VEH046-T1,Kandy,VEH046,truck,ambient,1,Badulla,fresh_dry,2,2,682.3,3.681,0.1796,0.1673,276.0,0.0
2026-02-19,2026-02-19-VEH056-T1,Kandy,VEH056,truck,ambient,1,Nuwara Eliya,fresh_dry,3,3,916.4,5.261,0.2412,0.2391,184.0,0.0
2026-02-19,2026-02-19-VEH056-T2,Kandy,VEH056,truck,ambient,2,Kandy,style,3,3,1555.1,21.905,0.4092,0.9957,22.0,0.0
2026-02-19,2026-02-19-VEH057-T1,Kandy,VEH057,van,reefer,1,Kandy,fresh_mixed,7,6,851.5,4.61,0.8187,0.6586,31.0,0.0
2026-02-19,2026-02-19-VEH057-T2,Kandy,VEH057,van,reefer,2,Kandy,fresh_mixed,4,3,993.4,5.121,0.9552,0.7316,22.0,0.0
2026-02-19,2026-02-19-VEH058-T1,Kandy,VEH058,van,reefer,1,Badulla,fresh_chilled,2,2,516.5,3.004,0.4966,0.4291,276.0,0.0
2026-02-19,2026-02-19-VEH059-T1,Kandy,VEH059,van,ambient,1,Kandy,fresh_dry,7,7,1084.8,5.63,0.904,0.6256,34.0,0.0
2026-02-19,2026-02-19-VEH059-T2,Kandy,VEH059,van,ambient,2,Kandy,fresh_dry,1,1,149.0,0.871,0.1242,0.0968,16.0,0.0
2026-02-19,2026-02-19-VEH060-T1,Kandy,VEH060,van,ambient,1,Kandy,style,2,2,471.7,7.407,0.3931,0.823,19.0,0.0
2026-02-19,2026-02-19-VEH060-T2,Kandy,VEH060,van,ambient,2,Kandy,tech,1,1,154.8,0.476,0.129,0.0529,16.0,0.0
2026-02-20,2026-02-20-VEH001-T1,Peliyagoda,VEH001,truck,reefer,1,Kurunegala,fresh_mixed,4,3,1628.5,9.915,0.2956,0.3756,218.0,0.0
2026-02-20,2026-02-20-VEH002-T1,Peliyagoda,VEH002,truck,reefer,1,Galle,fresh_mixed,4,2,1809.4,9.762,0.4535,0.4627,250.0,0.0
2026-02-20,2026-02-20-VEH003-T1,Peliyagoda,VEH003,truck,reefer,1,Kalutara,fresh_mixed,6,3,1675.4,8.851,0.3041,0.3353,114.0,0.0
2026-02-20,2026-02-20-VEH004-T1,Peliyagoda,VEH004,truck,reefer,1,Colombo,fresh_mixed,10,5,4512.8,24.709,0.6598,0.7398,40.0,0.0
2026-02-20,2026-02-20-VEH005-T1,Peliyagoda,VEH005,truck,reefer,1,Gampaha,fresh_mixed,10,6,4614.4,25.099,0.6746,0.7515,91.0,0.0
2026-02-20,2026-02-20-VEH007-T1,Peliyagoda,VEH007,truck,reefer,1,Puttalam,fresh_mixed,2,1,833.7,4.49,0.2309,0.2314,260.0,0.0
2026-02-20,2026-02-20-VEH008-T1,Peliyagoda,VEH008,truck,ambient,1,Colombo,fresh_dry,3,3,1302.7,7.215,0.3428,0.328,32.0,0.0
2026-02-20,2026-02-20-VEH015-T1,Peliyagoda,VEH015,truck,ambient,1,Kalutara,fresh_dry,4,4,1964.6,10.6,0.517,0.4818,123.0,0.0
2026-02-20,2026-02-20-VEH016-T1,Peliyagoda,VEH016,truck,ambient,1,Gampaha,fresh_dry,6,6,3677.6,19.048,0.9678,0.8658,91.0,0.0
2026-02-20,2026-02-20-VEH017-T1,Peliyagoda,VEH017,truck,ambient,1,Kurunegala,fresh_dry,4,4,2000.0,10.708,0.5263,0.4867,232.0,0.0
2026-02-20,2026-02-20-VEH017-T2,Peliyagoda,VEH017,truck,ambient,2,Galle,style,2,2,1264.6,19.826,0.3328,0.9012,250.0,0.0
2026-02-20,2026-02-20-VEH018-T1,Peliyagoda,VEH018,truck,ambient,1,Matara,fresh_dry,4,4,1883.9,10.012,0.4958,0.4551,356.0,0.0
2026-02-20,2026-02-20-VEH025-T1,Peliyagoda,VEH025,truck,ambient,1,Galle,fresh_dry,4,4,1318.6,7.405,0.347,0.3366,270.0,0.0
2026-02-20,2026-02-20-VEH025-T2,Peliyagoda,VEH025,truck,ambient,2,Kurunegala,style,2,2,1140.5,19.045,0.3001,0.8657,204.0,0.0
2026-02-20,2026-02-20-VEH035-T1,Peliyagoda,VEH035,van,reefer,1,Colombo,fresh_mixed,7,4,966.1,5.256,0.9289,0.7509,36.0,0.0
2026-02-20,2026-02-20-VEH036-T1,Peliyagoda,VEH036,van,reefer,1,Matara,fresh_chilled,2,2,674.6,4.011,0.6487,0.573,332.0,0.0
2026-02-20,2026-02-20-VEH036-T2,Peliyagoda,VEH036,van,reefer,2,Colombo,tech,1,1,562.1,1.665,0.5405,0.2379,24.0,0.0
2026-02-20,2026-02-20-VEH037-T1,Peliyagoda,VEH037,van,ambient,1,Puttalam,fresh_dry,2,2,656.6,3.165,0.5969,0.3956,278.0,0.0
2026-02-20,2026-02-20-VEH037-T2,Peliyagoda,VEH037,van,ambient,2,Matara,style,1,1,443.6,7.148,0.4033,0.8935,320.0,0.0
2026-02-20,2026-02-20-VEH038-T1,Peliyagoda,VEH038,van,ambient,1,Colombo,fresh_dry,3,3,1048.3,6.024,0.8736,0.6693,32.0,0.0
2026-02-20,2026-02-20-VEH038-T2,Peliyagoda,VEH038,van,ambient,2,Colombo,tech,1,1,692.7,2.112,0.5773,0.2347,24.0,0.0
2026-02-20,2026-02-20-VEH039-T1,Kandy,VEH039,truck,reefer,1,Kegalle,fresh_mixed,8,4,4365.3,23.432,0.7064,0.7837,110.0,0.0
2026-02-20,2026-02-20-VEH040-T1,Kandy,VEH040,truck,reefer,1,Kandy,fresh_mixed,6,3,2161.4,11.765,0.3923,0.4456,22.0,0.0
2026-02-20,2026-02-20-VEH041-T1,Kandy,VEH041,truck,reefer,1,Nuwara Eliya,fresh_mixed,5,3,1747.6,9.113,0.4841,0.4697,184.0,0.0
2026-02-20,2026-02-20-VEH042-T1,Kandy,VEH042,truck,reefer,1,Matale,fresh_mixed,9,6,3459.3,19.049,0.5598,0.6371,92.0,0.0
2026-02-20,2026-02-20-VEH043-T1,Kandy,VEH043,truck,reefer,1,Badulla,fresh_mixed,2,1,848.7,4.75,0.154,0.1799,260.0,0.0
2026-02-20,2026-02-20-VEH046-T1,Kandy,VEH046,truck,ambient,1,Badulla,fresh_dry,2,2,892.5,4.851,0.2349,0.2205,276.0,0.0
2026-02-20,2026-02-20-VEH057-T1,Kandy,VEH057,van,reefer,1,Kandy,fresh_mixed,7,5,941.8,5.259,0.9056,0.7513,28.0,0.0
2026-02-20,2026-02-20-VEH058-T1,Kandy,VEH058,van,reefer,1,Badulla,fresh_mixed,2,1,331.1,1.869,0.3184,0.267,260.0,0.0
2026-02-20,2026-02-20-VEH059-T1,Kandy,VEH059,van,ambient,1,Kandy,fresh_dry,6,6,1187.9,6.478,0.9899,0.7198,31.0,0.0
2026-02-20,2026-02-20-VEH059-T2,Kandy,VEH059,van,ambient,2,Kandy,fresh_dry,1,1,109.6,0.635,0.0913,0.0706,16.0,0.0
2026-02-20,2026-02-20-VEH060-T1,Kandy,VEH060,van,ambient,1,Nuwara Eliya,fresh_dry,2,2,709.3,4.104,0.5911,0.456,170.0,0.0
2026-02-21,2026-02-21-VEH001-T1,Peliyagoda,VEH001,truck,reefer,1,Galle,fresh_mixed,4,2,1559.2,8.531,0.283,0.3231,250.0,0.0
2026-02-21,2026-02-21-VEH002-T1,Peliyagoda,VEH002,truck,reefer,1,Puttalam,fresh_mixed,3,2,854.0,4.738,0.214,0.2245,278.0,0.0
2026-02-21,2026-02-21-VEH003-T1,Peliyagoda,VEH003,truck,reefer,1,Kurunegala,fresh_chilled,4,4,1683.0,8.734,0.3054,0.3308,232.0,0.0
2026-02-21,2026-02-21-VEH004-T1,Peliyagoda,VEH004,truck,reefer,1,Colombo,fresh_mixed,10,6,4951.2,26.767,0.7239,0.8014,44.0,0.0
2026-02-21,2026-02-21-VEH005-T1,Peliyagoda,VEH005,truck,reefer,1,Kalutara,fresh_mixed,8,5,2382.3,12.655,0.3483,0.3789,132.0,0.0
2026-02-21,2026-02-21-VEH006-T1,Peliyagoda,VEH006,truck,reefer,1,Gampaha,fresh_mixed,10,8,5806.8,29.736,0.8489,0.8903,105.0,0.0
2026-02-21,2026-02-21-VEH007-T1,Peliyagoda,VEH007,truck,reefer,1,Matara,fresh_mixed,5,3,1968.1,10.832,0.5452,0.5584,344.0,0.0
2026-02-21,2026-02-21-VEH008-T1,Peliyagoda,VEH008,truck,ambient,1,Kalutara,fresh_dry,4,4,2206.0,11.603,0.5805,0.5274,123.0,0.0
2026-02-21,2026-02-21-VEH015-T1,Peliyagoda,VEH015,truck,ambient,1,Kurunegala,fresh_dry,4,4,1765.0,9.315,0.4645,0.4234,232.0,0.0
2026-02-21,2026-02-21-VEH016-T1,Peliyagoda,VEH016,truck,ambient,1,Gampaha,fresh_dry,8,8,3338.5,17.412,0.8786,0.7915,105.0,0.0
2026-02-21,2026-02-21-VEH017-T1,Peliyagoda,VEH017,truck,ambient,1,Kurunegala,fresh_dry,1,1,315.6,1.931,0.0831,0.0878,190.0,0.0
2026-02-21,2026-02-21-VEH017-T2,Peliyagoda,VEH017,truck,ambient,2,Gampaha,tech,2,2,2110.2,7.627,0.5553,0.3467,63.0,0.0
2026-02-21,2026-02-21-VEH025-T1,Peliyagoda,VEH025,truck,ambient,1,Galle,fresh_dry,4,4,1450.1,8.158,0.3816,0.3708,270.0,0.0
2026-02-21,2026-02-21-VEH035-T1,Peliyagoda,VEH035,van,reefer,1,Colombo,fresh_mixed,6,3,1039.7,5.485,0.9997,0.7836,32.0,0.0
2026-02-21,2026-02-21-VEH036-T1,Peliyagoda,VEH036,van,reefer,1,Matara,fresh_mixed,2,1,902.2,5.11,0.8675,0.73,320.0,0.0
2026-02-21,2026-02-21-VEH037-T1,Peliyagoda,VEH037,van,ambient,1,Colombo,fresh_dry,4,4,999.3,5.342,0.9085,0.6678,36.0,0.0
2026-02-21,2026-02-21-VEH037-T2,Peliyagoda,VEH037,van,ambient,2,Colombo,fresh_dry,2,2,751.4,4.108,0.6831,0.5135,28.0,0.0
2026-02-21,2026-02-21-VEH038-T1,Peliyagoda,VEH038,van,ambient,1,Puttalam,fresh_dry,2,2,757.0,4.566,0.6308,0.5073,278.0,0.0
2026-02-21,2026-02-21-VEH038-T2,Peliyagoda,VEH038,van,ambient,2,Kurunegala,tech,1,1,639.4,2.107,0.5328,0.2341,190.0,0.0
2026-02-21,2026-02-21-VEH039-T1,Kandy,VEH039,truck,reefer,1,Kegalle,fresh_mixed,6,4,3377.0,17.823,0.5464,0.5961,110.0,0.0
2026-02-21,2026-02-21-VEH040-T1,Kandy,VEH040,truck,reefer,1,Kandy,fresh_mixed,2,1,511.4,2.891,0.0928,0.1095,16.0,0.0
2026-02-21,2026-02-21-VEH040-T2,Kandy,VEH040,truck,reefer,2,Matale,fresh_mixed,6,3,3079.6,16.156,0.5589,0.612,68.0,0.0
2026-02-21,2026-02-21-VEH041-T1,Kandy,VEH041,truck,reefer,1,Nuwara Eliya,fresh_mixed,5,4,1353.0,7.275,0.3748,0.375,198.0,0.0
2026-02-21,2026-02-21-VEH042-T1,Kandy,VEH042,truck,reefer,1,Matale,fresh_mixed,6,3,1990.3,10.795,0.3221,0.361,68.0,0.0
2026-02-21,2026-02-21-VEH043-T1,Kandy,VEH043,truck,reefer,1,Badulla,fresh_mixed,2,1,945.2,5.298,0.1715,0.2007,260.0,0.0
2026-02-21,2026-02-21-VEH046-T1,Kandy,VEH046,truck,ambient,1,Nuwara Eliya,fresh_dry,4,4,1805.1,9.459,0.475,0.43,198.0,0.0
2026-02-21,2026-02-21-VEH057-T1,Kandy,VEH057,van,reefer,1,Kandy,fresh_mixed,8,6,1028.7,5.623,0.9891,0.8033,31.0,0.0
2026-02-21,2026-02-21-VEH057-T2,Kandy,VEH057,van,reefer,2,Kandy,fresh_mixed,3,2,965.2,5.221,0.9281,0.7459,19.0,0.0
2026-02-21,2026-02-21-VEH058-T1,Kandy,VEH058,van,reefer,1,Badulla,fresh_mixed,2,1,554.5,2.885,0.5332,0.4121,260.0,0.0
2026-02-21,2026-02-21-VEH059-T1,Kandy,VEH059,van,ambient,1,Kandy,fresh_dry,7,7,1155.1,6.257,0.9626,0.6952,34.0,0.0
2026-02-21,2026-02-21-VEH059-T2,Kandy,VEH059,van,ambient,2,Matale,tech,1,1,751.8,2.439,0.6265,0.271,52.0,0.0
2026-02-21,2026-02-21-VEH060-T1,Kandy,VEH060,van,ambient,1,Badulla,fresh_dry,2,2,891.0,4.887,0.7425,0.543,276.0,0.0
2026-02-21,2026-02-21-VEH060-T2,Kandy,VEH060,van,ambient,2,Nuwara Eliya,style,1,1,453.6,8.181,0.378,0.909,156.0,0.0
2026-02-23,2026-02-23-VEH001-T1,Peliyagoda,VEH001,truck,reefer,1,Kalutara,fresh_mixed,8,5,3324.3,18.606,0.6033,0.7048,132.0,0.0
2026-02-23,2026-02-23-VEH002-T1,Peliyagoda,VEH002,truck,reefer,1,Kurunegala,fresh_mixed,4,2,1289.1,6.99,0.3231,0.3313,204.0,0.0
2026-02-23,2026-02-23-VEH003-T1,Peliyagoda,VEH003,truck,reefer,1,Gampaha,fresh_mixed,10,6,4375.5,24.789,0.7941,0.939,91.0,0.0
2026-02-23,2026-02-23-VEH004-T1,Peliyagoda,VEH004,truck,reefer,1,Colombo,fresh_mixed,8,5,3839.9,19.87,0.5614,0.5949,40.0,0.0
2026-02-23,2026-02-23-VEH005-T1,Peliyagoda,VEH005,truck,reefer,1,Colombo,fresh_mixed,8,4,3110.2,16.23,0.4547,0.4859,36.0,0.0
2026-02-23,2026-02-23-VEH006-T1,Peliyagoda,VEH006,truck,reefer,1,Matara,fresh_mixed,5,3,1757.5,9.179,0.2569,0.2748,344.0,0.0
2026-02-23,2026-02-23-VEH007-T1,Peliyagoda,VEH007,truck,reefer,1,Galle,fresh_mixed,7,4,2238.3,11.987,0.62,0.6179,270.0,0.0
2026-02-23,2026-02-23-VEH008-T1,Peliyagoda,VEH008,truck,ambient,1,Kurunegala,fresh_dry,3,3,1384.6,7.0,0.3644,0.3182,218.0,0.0
2026-02-23,2026-02-23-VEH015-T1,Peliyagoda,VEH015,truck,ambient,1,Kalutara,fresh_dry,4,4,1503.7,7.541,0.3957,0.3428,123.0,0.0
2026-02-23,2026-02-23-VEH016-T1,Peliyagoda,VEH016,truck,ambient,1,Gampaha,fresh_dry,6,6,2360.3,12.671,0.6211,0.576,91.0,0.0
2026-02-23,2026-02-23-VEH017-T1,Peliyagoda,VEH017,truck,ambient,1,Galle,fresh_dry,3,3,1055.9,5.978,0.2779,0.2717,260.0,0.0
2026-02-23,2026-02-23-VEH035-T1,Peliyagoda,VEH035,van,reefer,1,Puttalam,fresh_mixed,3,2,931.6,4.855,0.8958,0.6936,278.0,0.0
2026-02-23,2026-02-23-VEH036-T1,Peliyagoda,VEH036,van,reefer,1,Puttalam,fresh_mixed,3,2,1015.5,5.13,0.9764,0.7329,278.0,0.0
2026-02-23,2026-02-23-VEH037-T1,Peliyagoda,VEH037,van,ambient,1,Colombo,fresh_dry,5,5,843.0,4.606,0.7664,0.5757,40.0,0.0
2026-02-23,2026-02-23-VEH037-T2,Peliyagoda,VEH037,van,ambient,2,Kalutara,style,1,1,457.9,7.51,0.4163,0.9387,96.0,0.0
2026-02-23,2026-02-23-VEH038-T1,Peliyagoda,VEH038,van,ambient,1,Matara,fresh_dry,2,2,618.0,3.404,0.515,0.3782,332.0,0.0
2026-02-23,2026-02-23-VEH038-T2,Peliyagoda,VEH038,van,ambient,2,Kalutara,style,1,1,582.3,8.925,0.4852,0.9917,96.0,0.0
2026-02-23,2026-02-23-VEH039-T1,Kandy,VEH039,truck,reefer,1,Nuwara Eliya,fresh_mixed,4,2,1088.7,6.107,0.1762,0.2042,170.0,0.0
2026-02-23,2026-02-23-VEH040-T1,Kandy,VEH040,truck,reefer,1,Matale,fresh_mixed,8,4,2321.0,12.777,0.4212,0.484,76.0,0.0
2026-02-23,2026-02-23-VEH041-T1,Kandy,VEH041,truck,reefer,1,Badulla,fresh_mixed,2,1,555.3,2.891,0.1538,0.149,260.0,0.0
2026-02-23,2026-02-23-VEH042-T1,Kandy,VEH042,truck,reefer,1,Kegalle,fresh_mixed,7,4,3430.8,18.97,0.5551,0.6344,110.0,0.0
2026-02-23,2026-02-23-VEH044-T1,Kandy,VEH044,truck,ambient,1,Kandy,fresh_dry,2,2,711.8,3.493,0.1695,0.1455,19.0,0.0
2026-02-23,2026-02-23-VEH046-T1,Kandy,VEH046,truck,ambient,1,Nuwara Eliya,fresh_dry,3,3,1139.9,6.172,0.3,0.2805,184.0,0.0
2026-02-23,2026-02-23-VEH046-T2,Kandy,VEH046,truck,ambient,2,Badulla,style,1,1,731.9,11.623,0.1926,0.5283,260.0,0.0
2026-02-23,2026-02-23-VEH056-T1,Kandy,VEH056,truck,ambient,1,Badulla,fresh_dry,1,1,630.6,3.275,0.1659,0.1489,260.0,0.0
2026-02-23,2026-02-23-VEH056-T2,Kandy,VEH056,truck,ambient,2,Matale,style,1,1,731.9,11.143,0.1926,0.5065,52.0,0.0
2026-02-23,2026-02-23-VEH057-T1,Kandy,VEH057,van,reefer,1,Kandy,fresh_mixed,7,5,1035.0,5.624,0.9952,0.8034,28.0,0.0
2026-02-23,2026-02-23-VEH057-T2,Kandy,VEH057,van,reefer,2,Kandy,fresh_mixed,3,2,954.2,5.328,0.9175,0.7611,19.0,0.0
2026-02-23,2026-02-23-VEH058-T1,Kandy,VEH058,van,reefer,1,Badulla,fresh_chilled,2,2,379.2,2.028,0.3646,0.2897,276.0,0.0
2026-02-23,2026-02-23-VEH059-T1,Kandy,VEH059,van,ambient,1,Matale,fresh_dry,2,2,1074.4,6.004,0.8953,0.6671,60.0,0.0
2026-02-23,2026-02-23-VEH059-T2,Kandy,VEH059,van,ambient,2,Kandy,fresh_dry,7,7,1001.7,5.408,0.8347,0.6009,34.0,0.0
2026-02-23,2026-02-23-VEH060-T1,Kandy,VEH060,van,ambient,1,Badulla,fresh_dry,2,2,542.1,2.804,0.4518,0.3116,276.0,0.0
2026-02-24,2026-02-24-VEH001-T1,Peliyagoda,VEH001,truck,reefer,1,Galle,fresh_mixed,7,4,1981.9,10.601,0.3597,0.4016,270.0,0.0
2026-02-24,2026-02-24-VEH002-T1,Peliyagoda,VEH002,truck,reefer,1,Puttalam,fresh_mixed,3,2,827.3,4.529,0.2073,0.2146,278.0,0.0
2026-02-24,2026-02-24-VEH003-T1,Peliyagoda,VEH003,truck,reefer,1,Kurunegala,fresh_mixed,4,3,1343.1,6.83,0.2438,0.2587,218.0,0.0
2026-02-24,2026-02-24-VEH004-T1,Peliyagoda,VEH004,truck,reefer,1,Kalutara,fresh_mixed,8,7,2363.4,12.314,0.3455,0.3687,150.0,0.0
2026-02-24,2026-02-24-VEH005-T1,Peliyagoda,VEH005,truck,reefer,1,Kurunegala,fresh_mixed,4,2,1608.6,8.903,0.2352,0.2666,204.0,0.0
2026-02-24,2026-02-24-VEH006-T1,Peliyagoda,VEH006,truck,reefer,1,Gampaha,fresh_mixed,10,5,4705.7,26.485,0.688,0.793,84.0,0.0
2026-02-24,2026-02-24-VEH007-T1,Peliyagoda,VEH007,truck,reefer,1,Matara,fresh_mixed,5,4,1618.5,8.657,0.4483,0.4462,356.0,0.0
2026-02-24,2026-02-24-VEH008-T1,Peliyagoda,VEH008,truck,ambient,1,Colombo,fresh_dry,6,6,2827.3,14.59,0.744,0.6632,44.0,0.0
2026-02-24,2026-02-24-VEH015-T1,Peliyagoda,VEH015,truck,ambient,1,Gampaha,fresh_dry,5,5,1477.1,8.315,0.3887,0.378,84.0,0.0
2026-02-24,2026-02-24-VEH016-T1,Peliyagoda,VEH016,truck,ambient,1,Kalutara,fresh_dry,6,6,2315.7,11.755,0.6094,0.5343,141.0,0.0
2026-02-24,2026-02-24-VEH017-T1,Peliyagoda,VEH017,truck,ambient,1,Kurunegala,fresh_dry,2,2,534.8,2.683,0.1407,0.122,204.0,0.0
2026-02-24,2026-02-24-VEH018-T1,Peliyagoda,VEH018,truck,ambient,1,Galle,fresh_dry,3,3,1397.1,7.141,0.3677,0.3246,260.0,0.0
2026-02-24,2026-02-24-VEH025-T1,Peliyagoda,VEH025,truck,ambient,1,Puttalam,fresh_dry,2,2,713.9,3.239,0.1879,0.1472,278.0,0.0
2026-02-24,2026-02-24-VEH035-T1,Peliyagoda,VEH035,van,reefer,1,Colombo,fresh_chilled,4,4,973.5,5.308,0.9361,0.7583,36.0,0.0
2026-02-24,2026-02-24-VEH035-T2,Peliyagoda,VEH035,van,reefer,2,Colombo,fresh_mixed,3,2,465.9,2.471,0.448,0.353,28.0,0.0
2026-02-24,2026-02-24-VEH036-T1,Peliyagoda,VEH036,van,reefer,1,Colombo,fresh_mixed,5,3,962.2,5.259,0.9252,0.7513,32.0,0.0
2026-02-24,2026-02-24-VEH036-T2,Peliyagoda,VEH036,van,reefer,2,Gampaha,fresh_chilled,4,4,943.7,5.049,0.9074,0.7213,77.0,0.0
2026-02-24,2026-02-24-VEH037-T1,Peliyagoda,VEH037,van,ambient,1,Colombo,fresh_dry,4,4,1009.2,5.493,0.9175,0.6866,36.0,0.0
2026-02-24,2026-02-24-VEH037-T2,Peliyagoda,VEH037,van,ambient,2,Matara,tech,1,1,272.1,0.911,0.2474,0.1139,320.0,0.0
2026-02-24,2026-02-24-VEH038-T1,Peliyagoda,VEH038,van,ambient,1,Matara,fresh_dry,3,3,928.8,5.433,0.774,0.6037,344.0,0.0
2026-02-24,2026-02-24-VEH038-T2,Peliyagoda,VEH038,van,ambient,2,Colombo,tech,1,1,775.2,2.41,0.646,0.2678,24.0,0.0
2026-02-24,2026-02-24-VEH039-T1,Kandy,VEH039,truck,reefer,1,Kegalle,fresh_mixed,5,4,1908.8,10.572,0.3089,0.3536,110.0,0.0
2026-02-24,2026-02-24-VEH040-T1,Kandy,VEH040,truck,reefer,1,Kandy,fresh_mixed,6,3,1792.0,9.454,0.3252,0.3581,22.0,0.0
2026-02-24,2026-02-24-VEH041-T1,Kandy,VEH041,truck,reefer,1,Nuwara Eliya,fresh_chilled,5,5,1154.8,6.033,0.3199,0.311,212.0,0.0
2026-02-24,2026-02-24-VEH042-T1,Kandy,VEH042,truck,reefer,1,Matale,fresh_mixed,8,4,3455.6,18.517,0.5592,0.6193,76.0,0.0
2026-02-24,2026-02-24-VEH046-T1,Kandy,VEH046,truck,ambient,1,Nuwara Eliya,fresh_dry,5,5,1629.4,8.661,0.4288,0.3937,212.0,0.0
2026-02-24,2026-02-24-VEH056-T1,Kandy,VEH056,truck,ambient,1,Badulla,fresh_dry,2,2,749.3,4.426,0.1972,0.2012,276.0,0.0
2026-02-24,2026-02-24-VEH057-T1,Kandy,VEH057,van,reefer,1,Kandy,fresh_mixed,8,5,984.0,5.278,0.9462,0.754,28.0,0.0
2026-02-24,2026-02-24-VEH058-T1,Kandy,VEH058,van,reefer,1,Badulla,fresh_chilled,2,2,468.3,2.497,0.4503,0.3567,276.0,0.0
2026-02-24,2026-02-24-VEH059-T1,Kandy,VEH059,van,ambient,1,Kandy,fresh_dry,6,6,835.8,4.494,0.6965,0.4993,31.0,0.0
2026-02-24,2026-02-24-VEH059-T2,Kandy,VEH059,van,ambient,2,Matale,fresh_dry,2,2,574.8,2.974,0.479,0.3304,60.0,0.0
2026-02-24,2026-02-24-VEH060-T1,Kandy,VEH060,van,ambient,1,Badulla,fresh_dry,2,2,629.8,3.21,0.5248,0.3567,276.0,0.0
2026-02-25,2026-02-25-VEH001-T1,Peliyagoda,VEH001,truck,reefer,1,Kalutara,fresh_mixed,8,5,4117.8,21.645,0.7473,0.8199,132.0,0.0
2026-02-25,2026-02-25-VEH002-T1,Peliyagoda,VEH002,truck,reefer,1,Kurunegala,fresh_mixed,4,3,1414.5,7.441,0.3545,0.3527,218.0,0.0
2026-02-25,2026-02-25-VEH003-T1,Peliyagoda,VEH003,truck,reefer,1,Puttalam,fresh_mixed,3,2,673.0,3.469,0.1221,0.1314,278.0,0.0
2026-02-25,2026-02-25-VEH004-T1,Peliyagoda,VEH004,truck,reefer,1,Colombo,fresh_mixed,8,4,3921.3,20.345,0.5733,0.6091,36.0,0.0
2026-02-25,2026-02-25-VEH005-T1,Peliyagoda,VEH005,truck,reefer,1,Galle,fresh_mixed,6,3,1802.1,9.566,0.2635,0.2864,260.0,0.0
2026-02-25,2026-02-25-VEH006-T1,Peliyagoda,VEH006,truck,reefer,1,Gampaha,fresh_mixed,9,6,4918.6,26.749,0.7191,0.8009,91.0,0.0
2026-02-25,2026-02-25-VEH007-T1,Peliyagoda,VEH007,truck,reefer,1,Galle,fresh_mixed,6,3,3212.6,16.636,0.8899,0.8575,260.0,0.0
2026-02-25,2026-02-25-VEH008-T1,Peliyagoda,VEH008,truck,ambient,1,Gampaha,fresh_dry,6,6,2096.7,10.905,0.5518,0.4957,91.0,0.0
2026-02-25,2026-02-25-VEH008-T2,Peliyagoda,VEH008,truck,ambient,2,Gampaha,style,2,2,1177.7,19.138,0.3099,0.8699,63.0,0.0
2026-02-25,2026-02-25-VEH016-T1,Peliyagoda,VEH016,truck,ambient,1,Matara,fresh_dry,4,4,1496.9,8.136,0.3939,0.3698,356.0,0.0
2026-02-25,2026-02-25-VEH017-T1,Peliyagoda,VEH017,truck,ambient,1,Kurunegala,fresh_dry,4,4,1469.0,7.987,0.3866,0.363,232.0,0.0
2026-02-25,2026-02-25-VEH017-T2,Peliyagoda,VEH017,truck,ambient,2,Gampaha,style,1,1,1015.1,16.235,0.2671,0.738,56.0,0.0
2026-02-25,2026-02-25-VEH025-T1,Peliyagoda,VEH025,truck,ambient,1,Colombo,fresh_dry,2,2,1150.9,6.662,0.3029,0.3028,28.0,0.0
2026-02-25,2026-02-25-VEH025-T2,Peliyagoda,VEH025,truck,ambient,2,Kalutara,fresh_dry,2,2,389.0,2.038,0.1024,0.0926,105.0,0.0
2026-02-25,2026-02-25-VEH035-T1,Peliyagoda,VEH035,van,reefer,1,Colombo,fresh_mixed,6,4,970.8,5.189,0.9335,0.7413,36.0,0.0
2026-02-25,2026-02-25-VEH035-T2,Peliyagoda,VEH035,van,reefer,2,Colombo,fresh_chilled,1,1,450.6,2.56,0.4333,0.3657,24.0,0.0
2026-02-25,2026-02-25-VEH036-T1,Peliyagoda,VEH036,van,reefer,1,Colombo,fresh_mixed,3,2,969.8,4.943,0.9325,0.7061,28.0,0.0
2026-02-25,2026-02-25-VEH036-T2,Peliyagoda,VEH036,van,reefer,2,Colombo,fresh_mixed,3,3,941.5,5.422,0.9053,0.7746,32.0,0.0
2026-02-25,2026-02-25-VEH038-T1,Peliyagoda,VEH038,van,ambient,1,Puttalam,fresh_dry,2,2,895.9,4.644,0.7466,0.516,278.0,0.0
2026-02-25,2026-02-25-VEH038-T2,Peliyagoda,VEH038,van,ambient,2,Kalutara,tech,1,1,975.3,3.397,0.8127,0.3774,96.0,0.0
2026-02-25,2026-02-25-VEH039-T1,Kandy,VEH039,truck,reefer,1,Kegalle,fresh_mixed,7,4,3501.5,18.709,0.5666,0.6257,110.0,0.0
2026-02-25,2026-02-25-VEH041-T1,Kandy,VEH041,truck,reefer,1,Badulla,fresh_chilled,2,2,475.5,2.471,0.1317,0.1274,276.0,0.0
2026-02-25,2026-02-25-VEH042-T1,Kandy,VEH042,truck,reefer,1,Kandy,fresh_mixed,6,3,1940.0,10.582,0.3139,0.3539,22.0,0.0
2026-02-25,2026-02-25-VEH042-T2,Kandy,VEH042,truck,reefer,2,Matale,fresh_mixed,3,2,1236.7,6.767,0.2001,0.2263,60.0,0.0
2026-02-25,2026-02-25-VEH043-T1,Kandy,VEH043,truck,reefer,1,Nuwara Eliya,fresh_mixed,5,4,1373.4,7.25,0.2493,0.2746,198.0,0.0
2026-02-25,2026-02-25-VEH044-T1,Kandy,VEH044,truck,ambient,1,Matale,fresh_dry,5,5,2021.3,10.611,0.4813,0.4421,84.0,0.0
2026-02-25,2026-02-25-VEH046-T1,Kandy,VEH046,truck,ambient,1,Badulla,fresh_dry,2,2,749.7,4.044,0.1973,0.1838,276.0,0.0
2026-02-25,2026-02-25-VEH046-T2,Kandy,VEH046,truck,ambient,2,Kandy,tech,2,2,3193.1,10.491,0.8403,0.4769,19.0,0.0
2026-02-25,2026-02-25-VEH056-T1,Kandy,VEH056,truck,ambient,1,Nuwara Eliya,fresh_dry,4,4,1659.4,8.915,0.4367,0.4052,198.0,0.0
2026-02-25,2026-02-25-VEH056-T2,Kandy,VEH056,truck,ambient,2,Kegalle,style,1,1,1073.5,17.75,0.2825,0.8068,80.0,0.0
2026-02-25,2026-02-25-VEH057-T1,Kandy,VEH057,van,reefer,1,Kandy,fresh_mixed,7,5,977.8,5.255,0.9402,0.7507,28.0,0.0
2026-02-25,2026-02-25-VEH057-T2,Kandy,VEH057,van,reefer,2,Matale,fresh_chilled,2,2,898.4,4.784,0.8638,0.6834,60.0,0.0
2026-02-25,2026-02-25-VEH058-T1,Kandy,VEH058,van,reefer,1,Badulla,fresh_chilled,2,2,706.8,3.627,0.6796,0.5181,276.0,0.0
2026-02-25,2026-02-25-VEH059-T1,Kandy,VEH059,van,ambient,1,Kandy,fresh_dry,7,7,1127.7,6.161,0.9398,0.6846,34.0,0.0
2026-02-25,2026-02-25-VEH059-T2,Kandy,VEH059,van,ambient,2,Kandy,tech,1,1,201.1,0.699,0.1676,0.0777,16.0,0.0
2026-02-25,2026-02-25-VEH060-T1,Kandy,VEH060,van,ambient,1,Badulla,fresh_dry,2,2,593.0,3.146,0.4942,0.3496,276.0,0.0
2026-02-26,2026-02-26-VEH001-T1,Peliyagoda,VEH001,truck,reefer,1,Galle,fresh_mixed,7,6,2608.6,14.295,0.4734,0.5415,290.0,0.0
2026-02-26,2026-02-26-VEH002-T1,Peliyagoda,VEH002,truck,reefer,1,Puttalam,fresh_mixed,3,2,1290.7,6.833,0.3235,0.3238,278.0,0.0
2026-02-26,2026-02-26-VEH003-T1,Peliyagoda,VEH003,truck,reefer,1,Kurunegala,fresh_mixed,4,3,1813.1,9.853,0.3291,0.3732,218.0,0.0
2026-02-26,2026-02-26-VEH004-T1,Peliyagoda,VEH004,truck,reefer,1,Colombo,fresh_mixed,10,7,3786.5,19.789,0.5536,0.5925,48.0,0.0
2026-02-26,2026-02-26-VEH005-T1,Peliyagoda,VEH005,truck,reefer,1,Kalutara,fresh_mixed,7,5,3580.4,17.494,0.5235,0.5238,132.0,0.0
2026-02-26,2026-02-26-VEH006-T1,Peliyagoda,VEH006,truck,reefer,1,Gampaha,fresh_mixed,10,6,4010.2,21.583,0.5863,0.6462,91.0,0.0
2026-02-26,2026-02-26-VEH007-T1,Peliyagoda,VEH007,truck,reefer,1,Matara,fresh_mixed,5,4,2142.5,11.628,0.5935,0.5994,356.0,0.0
2026-02-26,2026-02-26-VEH008-T1,Peliyagoda,VEH008,truck,ambient,1,Colombo,fresh_dry,7,7,3369.6,18.368,0.8867,0.8349,48.0,0.0
2026-02-26,2026-02-26-VEH008-T2,Peliyagoda,VEH008,truck,ambient,2,Colombo,style,2,2,1352.5,21.755,0.3559,0.9889,28.0,0.0
2026-02-26,2026-02-26-VEH015-T1,Peliyagoda,VEH015,truck,ambient,1,Gampaha,fresh_dry,6,6,3319.1,17.976,0.8734,0.8171,91.0,0.0
2026-02-26,2026-02-26-VEH015-T2,Peliyagoda,VEH015,truck,ambient,2,Colombo,style,2,2,1184.3,19.09,0.3117,0.8677,28.0,0.0
2026-02-26,2026-02-26-VEH017-T1,Peliyagoda,VEH017,truck,ambient,1,Kalutara,fresh_dry,5,5,1963.1,10.973,0.5166,0.4988,132.0,0.0
2026-02-26,2026-02-26-VEH018-T1,Peliyagoda,VEH018,truck,ambient,1,Kurunegala,fresh_dry,4,4,1424.9,7.566,0.375,0.3439,232.0,0.0
2026-02-26,2026-02-26-VEH025-T1,Peliyagoda,VEH025,truck,ambient,1,Galle,fresh_dry,5,5,2246.5,12.571,0.5912,0.5714,280.0,0.0
2026-02-26,2026-02-26-VEH025-T2,Peliyagoda,VEH025,truck,ambient,2,Colombo,style,1,1,754.5,13.026,0.1986,0.5921,24.0,0.0
2026-02-26,2026-02-26-VEH027-T1,Peliyagoda,VEH027,truck,ambient,1,Puttalam,fresh_dry,2,2,537.1,2.852,0.1413,0.1296,278.0,0.0
2026-02-26,2026-02-26-VEH036-T1,Peliyagoda,VEH036,van,reefer,1,Colombo,fresh_chilled,5,5,995.4,5.287,0.9571,0.7553,40.0,0.0
2026-02-26,2026-02-26-VEH037-T1,Peliyagoda,VEH037,van,ambient,1,Colombo,fresh_dry,4,4,799.4,4.4,0.7267,0.55,36.0,0.0
2026-02-26,2026-02-26-VEH038-T1,Peliyagoda,VEH038,van,ambient,1,Matara,fresh_dry,3,3,1171.3,6.621,0.9761,0.7357,344.0,0.0
2026-02-26,2026-02-26-VEH038-T2,Peliyagoda,VEH038,van,ambient,2,Colombo,style,1,1,548.9,8.016,0.4574,0.8907,24.0,0.0
2026-02-26,2026-02-26-VEH039-T1,Kandy,VEH039,truck,reefer,1,Nuwara Eliya,fresh_mixed,5,4,1927.8,9.972,0.3119,0.3335,198.0,0.0
2026-02-26,2026-02-26-VEH039-T2,Kandy,VEH039,truck,reefer,2,Kandy,style,4,4,1726.7,27.947,0.2794,0.9347,25.0,0.0
2026-02-26,2026-02-26-VEH040-T1,Kandy,VEH040,truck,reefer,1,Matale,fresh_mixed,6,3,2958.4,15.803,0.5369,0.5986,68.0,0.0
2026-02-26,2026-02-26-VEH040-T2,Kandy,VEH040,truck,reefer,2,Kandy,fresh_mixed,3,2,1019.6,5.603,0.185,0.2122,19.0,0.0
2026-02-26,2026-02-26-VEH041-T1,Kandy,VEH041,truck,reefer,1,Badulla,fresh_mixed,2,1,587.0,2.993,0.1626,0.1543,260.0,0.0
2026-02-26,2026-02-26-VEH042-T1,Kandy,VEH042,truck,reefer,1,Kegalle,fresh_mixed,7,4,4135.8,21.418,0.6692,0.7163,110.0,0.0
2026-02-26,2026-02-26-VEH043-T1,Kandy,VEH043,truck,reefer,1,Badulla,fresh_mixed,2,1,831.8,4.841,0.151,0.1834,260.0,0.0
2026-02-26,2026-02-26-VEH044-T1,Kandy,VEH044,truck,ambient,1,Matale,fresh_dry,3,3,1525.8,8.207,0.3633,0.342,68.0,0.0
2026-02-26,2026-02-26-VEH046-T1,Kandy,VEH046,truck,ambient,1,Badulla,fresh_dry,1,1,546.3,2.916,0.1438,0.1325,260.0,0.0
2026-02-26,2026-02-26-VEH057-T1,Kandy,VEH057,van,reefer,1,Kandy,fresh_mixed,6,5,923.2,5.07,0.8877,0.7243,28.0,0.0
2026-02-26,2026-02-26-VEH057-T2,Kandy,VEH057,van,reefer,2,Kandy,fresh_mixed,5,3,911.6,4.661,0.8765,0.6659,22.0,0.0
2026-02-26,2026-02-26-VEH058-T1,Kandy,VEH058,van,reefer,1,Badulla,fresh_mixed,2,1,433.8,2.265,0.4171,0.3236,260.0,0.0
2026-02-26,2026-02-26-VEH058-T2,Kandy,VEH058,van,reefer,2,Kandy,style,1,1,209.6,3.28,0.2015,0.4686,16.0,0.0
2026-02-26,2026-02-26-VEH059-T1,Kandy,VEH059,van,ambient,1,Kandy,fresh_dry,2,2,658.6,3.432,0.5488,0.3813,19.0,0.0
2026-02-26,2026-02-26-VEH059-T2,Kandy,VEH059,van,ambient,2,Nuwara Eliya,fresh_dry,3,3,1196.0,6.373,0.9967,0.7081,184.0,0.0
2026-02-26,2026-02-26-VEH060-T1,Kandy,VEH060,van,ambient,1,Kandy,fresh_dry,5,5,782.8,4.004,0.6523,0.4449,28.0,0.0
2026-02-26,2026-02-26-VEH060-T2,Kandy,VEH060,van,ambient,2,Kandy,tech,2,2,1176.0,3.806,0.98,0.4229,19.0,0.0
2026-02-27,2026-02-27-VEH001-T1,Peliyagoda,VEH001,truck,reefer,1,Kurunegala,fresh_mixed,4,3,2144.0,11.216,0.3891,0.4248,218.0,0.0
2026-02-27,2026-02-27-VEH002-T1,Peliyagoda,VEH002,truck,reefer,1,Galle,fresh_mixed,4,2,1914.2,11.077,0.4797,0.525,250.0,0.0
2026-02-27,2026-02-27-VEH003-T1,Peliyagoda,VEH003,truck,reefer,1,Kalutara,fresh_mixed,6,3,1902.3,10.546,0.3452,0.3995,114.0,0.0
2026-02-27,2026-02-27-VEH004-T1,Peliyagoda,VEH004,truck,reefer,1,Colombo,fresh_mixed,10,6,5725.5,30.581,0.8371,0.9156,44.0,0.0
2026-02-27,2026-02-27-VEH005-T1,Peliyagoda,VEH005,truck,reefer,1,Gampaha,fresh_mixed,10,6,5989.4,31.66,0.8756,0.9479,91.0,0.0
2026-02-27,2026-02-27-VEH007-T1,Peliyagoda,VEH007,truck,reefer,1,Puttalam,fresh_mixed,2,1,929.6,5.368,0.2575,0.2767,260.0,0.0
2026-02-27,2026-02-27-VEH008-T1,Peliyagoda,VEH008,truck,ambient,1,Kalutara,fresh_dry,4,4,2503.4,13.214,0.6588,0.6006,123.0,0.0
2026-02-27,2026-02-27-VEH015-T1,Peliyagoda,VEH015,truck,ambient,1,Colombo,fresh_dry,4,4,1941.4,10.919,0.5109,0.4963,36.0,0.0
2026-02-27,2026-02-27-VEH015-T2,Peliyagoda,VEH015,truck,ambient,2,Gampaha,fresh_dry,3,3,1280.0,6.754,0.3368,0.307,70.0,0.0
2026-02-27,2026-02-27-VEH016-T1,Peliyagoda,VEH016,truck,ambient,1,Gampaha,fresh_dry,3,3,2201.6,12.528,0.5794,0.5695,70.0,0.0
2026-02-27,2026-02-27-VEH016-T2,Peliyagoda,VEH016,truck,ambient,2,Gampaha,tech,2,2,2831.1,9.573,0.745,0.4351,63.0,0.0
2026-02-27,2026-02-27-VEH017-T1,Peliyagoda,VEH017,truck,ambient,1,Galle,fresh_dry,4,4,1584.6,8.3,0.417,0.3773,270.0,0.0
2026-02-27,2026-02-27-VEH017-T2,Peliyagoda,VEH017,truck,ambient,2,Galle,style,2,2,1304.3,21.247,0.3432,0.9658,250.0,0.0
2026-02-27,2026-02-27-VEH018-T1,Peliyagoda,VEH018,truck,ambient,1,Kurunegala,fresh_dry,4,4,1861.8,10.148,0.4899,0.4613,232.0,0.0
2026-02-27,2026-02-27-VEH018-T2,Peliyagoda,VEH018,truck,ambient,2,Kurunegala,style,2,2,908.9,14.365,0.2392,0.653,204.0,0.0
2026-02-27,2026-02-27-VEH025-T1,Peliyagoda,VEH025,truck,ambient,1,Puttalam,fresh_dry,2,2,797.0,3.94,0.2097,0.1791,278.0,0.0
2026-02-27,2026-02-27-VEH025-T2,Peliyagoda,VEH025,truck,ambient,2,Colombo,tech,3,3,3792.5,12.023,0.998,0.5465,32.0,0.0
2026-02-27,2026-02-27-VEH027-T1,Peliyagoda,VEH027,truck,ambient,1,Matara,fresh_dry,4,4,2071.1,11.27,0.545,0.5123,356.0,0.0
2026-02-27,2026-02-27-VEH027-T2,Peliyagoda,VEH027,truck,ambient,2,Matara,style,1,1,584.6,9.559,0.1538,0.4345,320.0,0.0
2026-02-27,2026-02-27-VEH035-T1,Peliyagoda,VEH035,van,reefer,1,Colombo,fresh_mixed,6,4,951.4,5.213,0.9148,0.7447,36.0,0.0
2026-02-27,2026-02-27-VEH036-T1,Peliyagoda,VEH036,van,reefer,1,Matara,fresh_chilled,2,2,876.5,5.014,0.8428,0.7163,332.0,0.0
2026-02-27,2026-02-27-VEH037-T1,Peliyagoda,VEH037,van,ambient,1,Colombo,fresh_dry,3,3,970.9,5.236,0.8826,0.6545,32.0,0.0
2026-02-27,2026-02-27-VEH037-T2,Peliyagoda,VEH037,van,ambient,2,Kurunegala,tech,1,1,620.7,2.054,0.5643,0.2567,190.0,0.0
2026-02-27,2026-02-27-VEH039-T1,Kandy,VEH039,truck,reefer,1,Kegalle,fresh_mixed,8,4,4741.0,25.4,0.7672,0.8495,110.0,0.0
2026-02-27,2026-02-27-VEH040-T1,Kandy,VEH040,truck,reefer,1,Kandy,fresh_mixed,5,3,1961.4,11.073,0.356,0.4194,22.0,0.0
2026-02-27,2026-02-27-VEH041-T1,Kandy,VEH041,truck,reefer,1,Nuwara Eliya,fresh_mixed,4,2,1447.1,7.913,0.4009,0.4079,170.0,0.0
2026-02-27,2026-02-27-VEH042-T1,Kandy,VEH042,truck,reefer,1,Matale,fresh_mixed,9,6,4715.8,25.269,0.7631,0.8451,92.0,0.0
2026-02-27,2026-02-27-VEH046-T1,Kandy,VEH046,truck,ambient,1,Badulla,fresh_dry,2,2,912.4,4.893,0.2401,0.2224,276.0,0.0
2026-02-27,2026-02-27-VEH056-T1,Kandy,VEH056,truck,ambient,1,Nuwara Eliya,fresh_dry,3,3,1193.7,6.537,0.3141,0.2971,184.0,0.0
2026-02-27,2026-02-27-VEH056-T2,Kandy,VEH056,truck,ambient,2,Badulla,tech,1,1,1962.5,7.024,0.5164,0.3193,260.0,0.0
2026-02-27,2026-02-27-VEH057-T1,Kandy,VEH057,van,reefer,1,Kandy,fresh_mixed,6,5,1003.1,5.256,0.9645,0.7509,28.0,0.0
2026-02-27,2026-02-27-VEH058-T1,Kandy,VEH058,van,reefer,1,Badulla,fresh_chilled,2,2,574.8,3.279,0.5527,0.4684,276.0,0.0
2026-02-27,2026-02-27-VEH059-T1,Kandy,VEH059,van,ambient,1,Kandy,fresh_dry,6,6,1144.7,6.337,0.9539,0.7041,31.0,0.0
2026-02-27,2026-02-27-VEH059-T2,Kandy,VEH059,van,ambient,2,Kandy,fresh_dry,3,3,1021.7,5.65,0.8514,0.6278,22.0,0.0
2026-02-27,2026-02-27-VEH060-T1,Kandy,VEH060,van,ambient,1,Badulla,fresh_dry,2,2,752.5,3.858,0.6271,0.4287,276.0,0.0
2026-02-28,2026-02-28-VEH001-T1,Peliyagoda,VEH001,truck,reefer,1,Galle,fresh_mixed,5,3,2155.7,11.967,0.3912,0.4533,260.0,0.0
2026-02-28,2026-02-28-VEH002-T1,Peliyagoda,VEH002,truck,reefer,1,Puttalam,fresh_mixed,3,2,1338.7,7.103,0.3355,0.3366,278.0,0.0
2026-02-28,2026-02-28-VEH003-T1,Peliyagoda,VEH003,truck,reefer,1,Gampaha,fresh_mixed,9,6,4620.3,25.231,0.8385,0.9557,91.0,0.0
2026-02-28,2026-02-28-VEH004-T1,Peliyagoda,VEH004,truck,reefer,1,Colombo,fresh_mixed,10,8,5217.4,29.425,0.7628,0.881,52.0,0.0
2026-02-28,2026-02-28-VEH005-T1,Peliyagoda,VEH005,truck,reefer,1,Kurunegala,fresh_mixed,4,2,1787.4,9.697,0.2613,0.2903,204.0,0.0
2026-02-28,2026-02-28-VEH006-T1,Peliyagoda,VEH006,truck,reefer,1,Kalutara,fresh_mixed,7,5,2501.8,13.428,0.3658,0.402,132.0,0.0
2026-02-28,2026-02-28-VEH007-T1,Peliyagoda,VEH007,truck,reefer,1,Matara,fresh_mixed,5,3,1983.4,10.805,0.5494,0.557,344.0,0.0
2026-02-28,2026-02-28-VEH008-T1,Peliyagoda,VEH008,truck,ambient,1,Colombo,fresh_dry,7,7,3470.3,18.202,0.9132,0.8274,48.0,0.0
2026-02-28,2026-02-28-VEH015-T1,Peliyagoda,VEH015,truck,ambient,1,Gampaha,fresh_dry,5,5,3579.9,20.302,0.9421,0.9228,84.0,0.0
2026-02-28,2026-02-28-VEH016-T1,Peliyagoda,VEH016,truck,ambient,1,Galle,fresh_dry,3,3,1266.1,6.714,0.3332,0.3052,260.0,0.0
2026-02-28,2026-02-28-VEH017-T1,Peliyagoda,VEH017,truck,ambient,1,Puttalam,fresh_dry,2,2,713.9,4.055,0.1879,0.1843,278.0,0.0
2026-02-28,2026-02-28-VEH017-T2,Peliyagoda,VEH017,truck,ambient,2,Gampaha,tech,1,1,1984.3,6.277,0.5222,0.2853,56.0,0.0
2026-02-28,2026-02-28-VEH018-T1,Peliyagoda,VEH018,truck,ambient,1,Kalutara,fresh_dry,5,5,2159.3,11.46,0.5682,0.5209,132.0,0.0
2026-02-28,2026-02-28-VEH025-T1,Peliyagoda,VEH025,truck,ambient,1,Kurunegala,fresh_dry,3,3,1653.7,8.191,0.4352,0.3723,218.0,0.0
2026-02-28,2026-02-28-VEH035-T1,Peliyagoda,VEH035,van,reefer,1,Colombo,fresh_mixed,4,4,692.3,3.771,0.6657,0.5387,36.0,0.0
2026-02-28,2026-02-28-VEH035-T2,Peliyagoda,VEH035,van,reefer,2,Gampaha,fresh_chilled,2,2,949.4,4.978,0.9129,0.7111,63.0,0.0
2026-02-28,2026-02-28-VEH036-T1,Peliyagoda,VEH036,van,reefer,1,Kurunegala,fresh_chilled,2,2,976.3,5.455,0.9388,0.7793,204.0,0.0
2026-02-28,2026-02-28-VEH037-T1,Peliyagoda,VEH037,van,ambient,1,Colombo,fresh_dry,4,4,999.6,5.259,0.9087,0.6574,36.0,0.0
2026-02-28,2026-02-28-VEH037-T2,Peliyagoda,VEH037,van,ambient,2,Gampaha,fresh_dry,2,2,824.4,4.951,0.7495,0.6189,63.0,0.0
2026-02-28,2026-02-28-VEH038-T1,Peliyagoda,VEH038,van,ambient,1,Matara,fresh_dry,2,2,1065.6,5.404,0.888,0.6004,332.0,0.0
2026-02-28,2026-02-28-VEH038-T2,Peliyagoda,VEH038,van,ambient,2,Kurunegala,tech,1,1,964.4,3.446,0.8037,0.3829,190.0,0.0
2026-02-28,2026-02-28-VEH039-T1,Kandy,VEH039,truck,reefer,1,Matale,fresh_mixed,8,4,4547.0,24.316,0.7358,0.8132,76.0,0.0
2026-02-28,2026-02-28-VEH040-T1,Kandy,VEH040,truck,reefer,1,Nuwara Eliya,fresh_mixed,4,2,1334.0,7.169,0.2421,0.2716,170.0,0.0
2026-02-28,2026-02-28-VEH041-T1,Kandy,VEH041,truck,reefer,1,Nuwara Eliya,fresh_mixed,5,3,2294.7,11.983,0.6357,0.6177,184.0,0.0
2026-02-28,2026-02-28-VEH042-T1,Kandy,VEH042,truck,reefer,1,Kandy,fresh_mixed,4,3,1341.1,7.186,0.217,0.2403,22.0,0.0
2026-02-28,2026-02-28-VEH042-T2,Kandy,VEH042,truck,reefer,2,Matale,fresh_mixed,4,2,1741.3,9.313,0.2818,0.3115,60.0,0.0
2026-02-28,2026-02-28-VEH043-T1,Kandy,VEH043,truck,reefer,1,Kegalle,fresh_mixed,6,4,3450.1,18.288,0.6262,0.6927,110.0,0.0
2026-02-28,2026-02-28-VEH046-T1,Kandy,VEH046,truck,ambient,1,Badulla,fresh_dry,2,2,910.4,4.854,0.2396,0.2206,276.0,0.0
2026-02-28,2026-02-28-VEH046-T2,Kandy,VEH046,truck,ambient,2,Nuwara Eliya,style,1,1,681.1,10.241,0.1792,0.4655,156.0,0.0
2026-02-28,2026-02-28-VEH057-T1,Kandy,VEH057,van,reefer,1,Kandy,fresh_mixed,7,5,950.6,5.23,0.914,0.7471,28.0,0.0
2026-02-28,2026-02-28-VEH057-T2,Kandy,VEH057,van,reefer,2,Kandy,fresh_mixed,3,2,745.6,4.359,0.7169,0.6227,19.0,0.0
2026-02-28,2026-02-28-VEH058-T1,Kandy,VEH058,van,reefer,1,Badulla,fresh_chilled,2,2,683.6,3.949,0.6573,0.5641,276.0,0.0
2026-02-28,2026-02-28-VEH059-T1,Kandy,VEH059,van,ambient,1,Kandy,fresh_dry,6,6,1122.7,6.087,0.9356,0.6763,31.0,0.0
2026-02-28,2026-02-28-VEH060-T1,Kandy,VEH060,van,ambient,1,Badulla,fresh_dry,2,2,850.7,4.306,0.7089,0.4784,276.0,0.0
2026-02-28,2026-02-28-VEH060-T2,Kandy,VEH060,van,ambient,2,Matale,tech,1,1,750.4,2.568,0.6253,0.2853,52.0,0.0
2026-03-02,2026-03-02-VEH001-T1,Peliyagoda,VEH001,truck,reefer,1,Kalutara,fresh_mixed,8,5,3221.6,17.891,0.5847,0.6777,132.0,0.0
2026-03-02,2026-03-02-VEH002-T1,Peliyagoda,VEH002,truck,reefer,1,Kurunegala,fresh_mixed,4,2,1322.7,7.157,0.3315,0.3392,204.0,0.0
2026-03-02,2026-03-02-VEH003-T1,Peliyagoda,VEH003,truck,reefer,1,Kalutara,fresh_mixed,4,2,1109.4,5.593,0.2013,0.2119,105.0,0.0
2026-03-02,2026-03-02-VEH003-T2,Peliyagoda,VEH003,truck,reefer,2,Colombo,fresh_chilled,1,1,493.2,2.719,0.0895,0.103,24.0,0.0
2026-03-02,2026-03-02-VEH004-T1,Peliyagoda,VEH004,truck,reefer,1,Colombo,fresh_mixed,10,6,3817.3,20.894,0.5581,0.6256,44.0,0.0
2026-03-02,2026-03-02-VEH005-T1,Peliyagoda,VEH005,truck,reefer,1,Gampaha,fresh_mixed,9,6,4102.3,21.951,0.5998,0.6572,91.0,0.0
2026-03-02,2026-03-02-VEH007-T1,Peliyagoda,VEH007,truck,reefer,1,Galle,fresh_mixed,7,4,2701.8,14.5,0.7484,0.7474,270.0,0.0
2026-03-02,2026-03-02-VEH008-T1,Peliyagoda,VEH008,truck,ambient,1,Colombo,fresh_dry,5,5,2790.7,15.355,0.7344,0.698,40.0,0.0
2026-03-02,2026-03-02-VEH008-T2,Peliyagoda,VEH008,truck,ambient,2,Kalutara,style,1,1,765.6,13.928,0.2015,0.6331,96.0,0.0
2026-03-02,2026-03-02-VEH015-T1,Peliyagoda,VEH015,truck,ambient,1,Galle,fresh_dry,3,3,1068.6,5.911,0.2812,0.2687,260.0,0.0
2026-03-02,2026-03-02-VEH015-T2,Peliyagoda,VEH015,truck,ambient,2,Kalutara,style,1,1,667.6,11.742,0.1757,0.5337,96.0,0.0
2026-03-02,2026-03-02-VEH016-T1,Peliyagoda,VEH016,truck,ambient,1,Kurunegala,fresh_dry,3,3,1257.7,6.989,0.331,0.3177,218.0,0.0
2026-03-02,2026-03-02-VEH018-T1,Peliyagoda,VEH018,truck,ambient,1,Gampaha,fresh_dry,7,7,2915.7,15.678,0.7673,0.7126,98.0,0.0
2026-03-02,2026-03-02-VEH025-T1,Peliyagoda,VEH025,truck,ambient,1,Matara,fresh_dry,4,4,1579.5,8.872,0.4157,0.4033,356.0,0.0
2026-03-02,2026-03-02-VEH035-T1,Peliyagoda,VEH035,van,reefer,1,Matara,fresh_chilled,3,3,935.3,5.49,0.8993,0.7843,344.0,0.0
2026-03-02,2026-03-02-VEH036-T1,Peliyagoda,VEH036,van,reefer,1,Puttalam,fresh_chilled,3,3,958.9,5.36,0.922,0.7657,296.0,0.0
2026-03-02,2026-03-02-VEH037-T1,Peliyagoda,VEH037,van,ambient,1,Colombo,fresh_dry,5,5,903.9,4.682,0.8217,0.5853,40.0,0.0
2026-03-02,2026-03-02-VEH038-T1,Peliyagoda,VEH038,van,ambient,1,Puttalam,fresh_dry,3,3,806.1,4.241,0.6718,0.4712,296.0,0.0
2026-03-02,2026-03-02-VEH039-T1,Kandy,VEH039,truck,reefer,1,Nuwara Eliya,fresh_mixed,4,2,1490.6,7.62,0.2412,0.2548,170.0,0.0
2026-03-02,2026-03-02-VEH039-T2,Kandy,VEH039,truck,reefer,2,Badulla,style,1,1,1686.1,26.415,0.2728,0.8834,260.0,0.0
2026-03-02,2026-03-02-VEH040-T1,Kandy,VEH040,truck,reefer,1,Matale,fresh_mixed,6,4,2682.0,14.981,0.4868,0.5675,76.0,0.0
2026-03-02,2026-03-02-VEH040-T2,Kandy,VEH040,truck,reefer,2,Kandy,fresh_mixed,2,1,806.8,4.734,0.1464,0.1793,16.0,0.0
2026-03-02,2026-03-02-VEH041-T1,Kandy,VEH041,truck,reefer,1,Badulla,fresh_mixed,2,1,579.0,3.18,0.1604,0.1639,260.0,0.0
2026-03-02,2026-03-02-VEH042-T1,Kandy,VEH042,truck,reefer,1,Kegalle,fresh_mixed,7,4,3422.2,18.967,0.5538,0.6343,110.0,0.0
2026-03-02,2026-03-02-VEH043-T1,Kandy,VEH043,truck,reefer,1,Matale,fresh_mixed,4,2,1049.1,5.67,0.1904,0.2148,60.0,0.0
2026-03-02,2026-03-02-VEH046-T1,Kandy,VEH046,truck,ambient,1,Badulla,fresh_dry,1,1,624.9,3.322,0.1644,0.151,260.0,0.0
2026-03-02,2026-03-02-VEH046-T2,Kandy,VEH046,truck,ambient,2,Matale,style,1,1,1068.5,17.72,0.2812,0.8055,52.0,0.0
2026-03-02,2026-03-02-VEH056-T1,Kandy,VEH056,truck,ambient,1,Nuwara Eliya,fresh_dry,3,3,1232.6,6.749,0.3244,0.3068,184.0,0.0
2026-03-02,2026-03-02-VEH057-T1,Kandy,VEH057,van,reefer,1,Kandy,fresh_mixed,7,4,1001.1,5.635,0.9626,0.805,25.0,0.0
2026-03-02,2026-03-02-VEH057-T2,Kandy,VEH057,van,reefer,2,Kandy,fresh_mixed,3,2,850.0,4.779,0.8173,0.6827,19.0,0.0
2026-03-02,2026-03-02-VEH058-T1,Kandy,VEH058,van,reefer,1,Badulla,fresh_chilled,2,2,484.7,2.597,0.4661,0.371,276.0,0.0
2026-03-02,2026-03-02-VEH059-T1,Kandy,VEH059,van,ambient,1,Kandy,fresh_dry,5,5,780.8,4.256,0.6507,0.4729,28.0,0.0
2026-03-02,2026-03-02-VEH059-T2,Kandy,VEH059,van,ambient,2,Kandy,fresh_dry,2,2,452.7,2.48,0.3772,0.2756,19.0,0.0
2026-03-02,2026-03-02-VEH060-T1,Kandy,VEH060,van,ambient,1,Badulla,fresh_dry,2,2,755.7,4.153,0.6298,0.4614,276.0,0.0
2026-03-03,2026-03-03-VEH001-T1,Peliyagoda,VEH001,truck,reefer,1,Galle,fresh_mixed,7,4,1901.5,10.416,0.3451,0.3945,270.0,0.0
2026-03-03,2026-03-03-VEH002-T1,Peliyagoda,VEH002,truck,reefer,1,Puttalam,fresh_mixed,3,2,761.3,4.032,0.1908,0.1911,278.0,0.0
2026-03-03,2026-03-03-VEH003-T1,Peliyagoda,VEH003,truck,reefer,1,Kurunegala,fresh_mixed,4,3,1147.3,6.087,0.2082,0.2306,218.0,0.0
2026-03-03,2026-03-03-VEH004-T1,Peliyagoda,VEH004,truck,reefer,1,Gampaha,fresh_mixed,10,9,3323.7,18.619,0.4859,0.5575,112.0,0.0
2026-03-03,2026-03-03-VEH005-T1,Peliyagoda,VEH005,truck,reefer,1,Kurunegala,fresh_mixed,4,2,1515.9,8.277,0.2216,0.2478,204.0,0.0
2026-03-03,2026-03-03-VEH006-T1,Peliyagoda,VEH006,truck,reefer,1,Kalutara,fresh_mixed,8,4,3431.6,18.384,0.5017,0.5504,123.0,0.0
2026-03-03,2026-03-03-VEH007-T1,Peliyagoda,VEH007,truck,reefer,1,Matara,fresh_mixed,5,4,1497.4,8.119,0.4148,0.4185,356.0,0.0
2026-03-03,2026-03-03-VEH008-T1,Peliyagoda,VEH008,truck,ambient,1,Colombo,fresh_dry,8,8,3341.5,17.766,0.8793,0.8075,52.0,0.0
2026-03-03,2026-03-03-VEH015-T1,Peliyagoda,VEH015,truck,ambient,1,Kalutara,fresh_dry,2,2,529.8,2.836,0.1394,0.1289,105.0,0.0
2026-03-03,2026-03-03-VEH016-T1,Peliyagoda,VEH016,truck,ambient,1,Kurunegala,fresh_dry,2,2,599.5,3.428,0.1578,0.1558,204.0,0.0
2026-03-03,2026-03-03-VEH016-T2,Peliyagoda,VEH016,truck,ambient,2,Colombo,tech,3,3,2056.6,7.127,0.5412,0.324,32.0,0.0
2026-03-03,2026-03-03-VEH018-T1,Peliyagoda,VEH018,truck,ambient,1,Galle,fresh_dry,3,3,1225.2,6.04,0.3224,0.2745,260.0,0.0
2026-03-03,2026-03-03-VEH025-T1,Peliyagoda,VEH025,truck,ambient,1,Gampaha,fresh_dry,9,9,3664.3,19.068,0.9643,0.8667,112.0,0.0
2026-03-03,2026-03-03-VEH035-T1,Peliyagoda,VEH035,van,reefer,1,Colombo,fresh_mixed,7,4,1036.9,5.548,0.997,0.7926,36.0,0.0
2026-03-03,2026-03-03-VEH036-T1,Peliyagoda,VEH036,van,reefer,1,Kalutara,fresh_mixed,4,3,757.2,4.337,0.7281,0.6196,114.0,0.0
2026-03-03,2026-03-03-VEH036-T2,Peliyagoda,VEH036,van,reefer,2,Colombo,fresh_dry,2,2,887.0,4.314,0.8529,0.6163,28.0,0.0
2026-03-03,2026-03-03-VEH037-T1,Peliyagoda,VEH037,van,ambient,1,Puttalam,fresh_dry,2,2,409.0,2.252,0.3718,0.2815,278.0,0.0
2026-03-03,2026-03-03-VEH037-T2,Peliyagoda,VEH037,van,ambient,2,Kalutara,tech,1,1,739.4,2.732,0.6722,0.3415,96.0,0.0
2026-03-03,2026-03-03-VEH038-T1,Peliyagoda,VEH038,van,ambient,1,Matara,fresh_dry,3,3,1000.3,5.381,0.8336,0.5979,344.0,0.0
2026-03-03,2026-03-03-VEH039-T1,Kandy,VEH039,truck,reefer,1,Kegalle,fresh_mixed,5,4,1971.6,11.262,0.319,0.3767,110.0,0.0
2026-03-03,2026-03-03-VEH040-T1,Kandy,VEH040,truck,reefer,1,Kandy,fresh_mixed,2,1,601.1,3.094,0.1091,0.1172,16.0,0.0
2026-03-03,2026-03-03-VEH040-T2,Kandy,VEH040,truck,reefer,2,Matale,fresh_mixed,7,4,3042.8,15.899,0.5522,0.6022,76.0,0.0
2026-03-03,2026-03-03-VEH041-T1,Kandy,VEH041,truck,reefer,1,Nuwara Eliya,fresh_mixed,5,3,1642.0,8.793,0.4548,0.4532,184.0,0.0
2026-03-03,2026-03-03-VEH043-T1,Kandy,VEH043,truck,reefer,1,Nuwara Eliya,fresh_mixed,5,3,1403.0,7.346,0.2546,0.2783,184.0,0.0
2026-03-03,2026-03-03-VEH046-T1,Kandy,VEH046,truck,ambient,1,Badulla,fresh_dry,2,2,826.0,4.363,0.2174,0.1983,276.0,0.0
2026-03-03,2026-03-03-VEH056-T1,Kandy,VEH056,truck,ambient,1,Matale,fresh_dry,3,3,962.3,5.355,0.2532,0.2434,68.0,0.0
2026-03-03,2026-03-03-VEH057-T1,Kandy,VEH057,van,reefer,1,Kandy,fresh_mixed,8,5,1004.1,5.266,0.9655,0.7523,28.0,0.0
2026-03-03,2026-03-03-VEH057-T2,Kandy,VEH057,van,reefer,2,Kandy,fresh_chilled,2,2,824.1,4.231,0.7924,0.6044,19.0,0.0
2026-03-03,2026-03-03-VEH058-T1,Kandy,VEH058,van,reefer,1,Badulla,fresh_chilled,2,2,534.6,2.743,0.514,0.3919,276.0,0.0
2026-03-03,2026-03-03-VEH059-T1,Kandy,VEH059,van,ambient,1,Kandy,fresh_dry,7,7,1123.2,6.383,0.936,0.7092,34.0,0.0
2026-03-03,2026-03-03-VEH059-T2,Kandy,VEH059,van,ambient,2,Kandy,fresh_dry,1,1,383.4,2.086,0.3195,0.2318,16.0,0.0
2026-03-03,2026-03-03-VEH060-T1,Kandy,VEH060,van,ambient,1,Badulla,fresh_dry,2,2,687.9,3.747,0.5732,0.4163,276.0,0.0
2026-03-04,2026-03-04-VEH001-T1,Peliyagoda,VEH001,truck,reefer,1,Kalutara,fresh_mixed,6,3,2885.2,15.909,0.5236,0.6026,114.0,0.0
2026-03-04,2026-03-04-VEH002-T1,Peliyagoda,VEH002,truck,reefer,1,Kurunegala,fresh_mixed,4,3,1090.9,5.597,0.2734,0.2653,218.0,0.0
2026-03-04,2026-03-04-VEH003-T1,Peliyagoda,VEH003,truck,reefer,1,Colombo,fresh_mixed,6,3,1945.0,10.554,0.353,0.3998,32.0,0.0
2026-03-04,2026-03-04-VEH004-T1,Peliyagoda,VEH004,truck,reefer,1,Gampaha,fresh_mixed,10,6,5210.2,27.887,0.7617,0.8349,91.0,0.0
2026-03-04,2026-03-04-VEH007-T1,Peliyagoda,VEH007,truck,reefer,1,Galle,fresh_mixed,7,6,1917.7,10.348,0.5312,0.5334,290.0,0.0
2026-03-04,2026-03-04-VEH008-T1,Peliyagoda,VEH008,truck,ambient,1,Colombo,fresh_dry,5,5,2222.7,11.614,0.5849,0.5279,40.0,0.0
2026-03-04,2026-03-04-VEH008-T2,Peliyagoda,VEH008,truck,ambient,2,Gampaha,style,2,2,1127.7,19.092,0.2968,0.8678,63.0,0.0
2026-03-04,2026-03-04-VEH015-T1,Peliyagoda,VEH015,truck,ambient,1,Kurunegala,fresh_dry,4,4,1423.9,7.606,0.3747,0.3457,232.0,0.0
2026-03-04,2026-03-04-VEH015-T2,Peliyagoda,VEH015,truck,ambient,2,Gampaha,style,1,1,1012.8,17.097,0.2665,0.7771,56.0,0.0
2026-03-04,2026-03-04-VEH016-T1,Peliyagoda,VEH016,truck,ambient,1,Galle,fresh_dry,5,5,2237.5,11.357,0.5888,0.5162,280.0,0.0
2026-03-04,2026-03-04-VEH017-T1,Peliyagoda,VEH017,truck,ambient,1,Puttalam,fresh_dry,2,2,468.5,2.636,0.1233,0.1198,278.0,0.0
2026-03-04,2026-03-04-VEH017-T2,Peliyagoda,VEH017,truck,ambient,2,Kalutara,tech,1,1,1266.7,4.249,0.3333,0.1931,96.0,0.0
2026-03-04,2026-03-04-VEH018-T1,Peliyagoda,VEH018,truck,ambient,1,Matara,fresh_dry,4,4,1645.5,8.364,0.433,0.3802,356.0,0.0
2026-03-04,2026-03-04-VEH035-T1,Peliyagoda,VEH035,van,reefer,1,Colombo,fresh_mixed,5,3,829.6,4.643,0.7977,0.6633,32.0,0.0
2026-03-04,2026-03-04-VEH035-T2,Peliyagoda,VEH035,van,reefer,2,Gampaha,fresh_mixed,3,2,613.3,3.39,0.5897,0.4843,63.0,0.0
2026-03-04,2026-03-04-VEH036-T1,Peliyagoda,VEH036,van,reefer,1,Puttalam,fresh_mixed,3,2,942.0,5.315,0.9058,0.7593,278.0,0.0
2026-03-04,2026-03-04-VEH037-T1,Peliyagoda,VEH037,van,ambient,1,Gampaha,fresh_dry,2,2,498.0,2.886,0.4527,0.3608,63.0,0.0
2026-03-04,2026-03-04-VEH037-T2,Peliyagoda,VEH037,van,ambient,2,Colombo,fresh_dry,4,4,902.4,4.826,0.8204,0.6032,36.0,0.0
2026-03-04,2026-03-04-VEH038-T1,Peliyagoda,VEH038,van,ambient,1,Kalutara,fresh_dry,4,4,888.2,4.843,0.7402,0.5381,123.0,0.0
2026-03-04,2026-03-04-VEH039-T1,Kandy,VEH039,truck,reefer,1,Badulla,fresh_chilled,2,2,622.0,3.171,0.1006,0.1061,276.0,0.0
2026-03-04,2026-03-04-VEH040-T1,Kandy,VEH040,truck,reefer,1,Matale,fresh_mixed,9,5,3534.7,19.825,0.6415,0.7509,84.0,0.0
2026-03-04,2026-03-04-VEH041-T1,Kandy,VEH041,truck,reefer,1,Nuwara Eliya,fresh_mixed,5,4,1239.1,6.597,0.3432,0.3401,198.0,0.0
2026-03-04,2026-03-04-VEH042-T1,Kandy,VEH042,truck,reefer,1,Kegalle,fresh_mixed,7,4,3231.9,16.345,0.523,0.5467,110.0,0.0
2026-03-04,2026-03-04-VEH043-T1,Kandy,VEH043,truck,reefer,1,Kandy,fresh_mixed,3,2,812.0,4.732,0.1474,0.1792,19.0,0.0
2026-03-04,2026-03-04-VEH046-T1,Kandy,VEH046,truck,ambient,1,Badulla,fresh_dry,2,2,594.9,3.379,0.1566,0.1536,276.0,0.0
2026-03-04,2026-03-04-VEH046-T2,Kandy,VEH046,truck,ambient,2,Kandy,tech,2,2,3073.5,9.967,0.8088,0.453,19.0,0.0
2026-03-04,2026-03-04-VEH056-T1,Kandy,VEH056,truck,ambient,1,Nuwara Eliya,fresh_dry,4,4,1340.0,7.406,0.3526,0.3366,198.0,0.0
2026-03-04,2026-03-04-VEH056-T2,Kandy,VEH056,truck,ambient,2,Kegalle,style,1,1,974.7,14.438,0.2565,0.6563,80.0,0.0
2026-03-04,2026-03-04-VEH057-T1,Kandy,VEH057,van,reefer,1,Kandy,fresh_mixed,8,5,1032.7,5.209,0.993,0.7441,28.0,0.0
2026-03-04,2026-03-04-VEH057-T2,Kandy,VEH057,van,reefer,2,Kandy,fresh_mixed,3,2,1005.6,5.132,0.9669,0.7331,19.0,0.0
2026-03-04,2026-03-04-VEH058-T1,Kandy,VEH058,van,reefer,1,Badulla,fresh_chilled,2,2,308.9,1.715,0.297,0.245,276.0,0.0
2026-03-04,2026-03-04-VEH059-T1,Kandy,VEH059,van,ambient,1,Kandy,fresh_dry,6,6,988.8,5.325,0.824,0.5917,31.0,0.0
2026-03-04,2026-03-04-VEH059-T2,Kandy,VEH059,van,ambient,2,Matale,fresh_dry,1,1,211.2,1.184,0.176,0.1316,52.0,0.0
2026-03-04,2026-03-04-VEH060-T1,Kandy,VEH060,van,ambient,1,Badulla,fresh_dry,2,2,768.9,4.355,0.6408,0.4839,276.0,0.0
2026-03-05,2026-03-05-VEH001-T1,Peliyagoda,VEH001,truck,reefer,1,Galle,fresh_mixed,7,4,3158.4,17.072,0.5732,0.6467,270.0,0.0
2026-03-05,2026-03-05-VEH002-T1,Peliyagoda,VEH002,truck,reefer,1,Puttalam,fresh_mixed,3,2,986.0,5.209,0.2471,0.2469,278.0,0.0
2026-03-05,2026-03-05-VEH003-T1,Peliyagoda,VEH003,truck,reefer,1,Kurunegala,fresh_mixed,4,3,1482.6,8.272,0.2691,0.3133,218.0,0.0
2026-03-05,2026-03-05-VEH004-T1,Peliyagoda,VEH004,truck,reefer,1,Colombo,fresh_mixed,9,5,3568.6,19.325,0.5217,0.5786,40.0,0.0
2026-03-05,2026-03-05-VEH005-T1,Peliyagoda,VEH005,truck,reefer,1,Kalutara,fresh_mixed,8,5,3058.0,16.048,0.4471,0.4805,132.0,0.0
2026-03-05,2026-03-05-VEH006-T1,Peliyagoda,VEH006,truck,reefer,1,Gampaha,fresh_mixed,10,6,3495.8,19.076,0.5111,0.5711,91.0,0.0
2026-03-05,2026-03-05-VEH007-T1,Peliyagoda,VEH007,truck,reefer,1,Matara,fresh_mixed,5,4,1670.4,8.607,0.4627,0.4437,356.0,0.0
2026-03-05,2026-03-05-VEH015-T1,Peliyagoda,VEH015,truck,ambient,1,Puttalam,fresh_dry,2,2,537.8,2.977,0.1415,0.1353,278.0,0.0
2026-03-05,2026-03-05-VEH015-T2,Peliyagoda,VEH015,truck,ambient,2,Colombo,style,2,2,1293.6,18.804,0.3404,0.8547,28.0,0.0
2026-03-05,2026-03-05-VEH016-T1,Peliyagoda,VEH016,truck,ambient,1,Gampaha,fresh_dry,6,6,3251.4,17.244,0.8556,0.7838,91.0,0.0
2026-03-05,2026-03-05-VEH016-T2,Peliyagoda,VEH016,truck,ambient,2,Colombo,style,1,1,1005.4,15.494,0.2646,0.7043,24.0,0.0
2026-03-05,2026-03-05-VEH017-T1,Peliyagoda,VEH017,truck,ambient,1,Kalutara,fresh_dry,4,4,1262.5,6.815,0.3322,0.3098,123.0,0.0
2026-03-05,2026-03-05-VEH017-T2,Peliyagoda,VEH017,truck,ambient,2,Colombo,style,2,2,1321.1,20.031,0.3477,0.9105,28.0,0.0
2026-03-05,2026-03-05-VEH018-T1,Peliyagoda,VEH018,truck,ambient,1,Kurunegala,fresh_dry,4,4,1568.6,8.767,0.4128,0.3985,232.0,0.0
2026-03-05,2026-03-05-VEH018-T2,Peliyagoda,VEH018,truck,ambient,2,Colombo,style,1,1,757.2,11.385,0.1993,0.5175,24.0,0.0
2026-03-05,2026-03-05-VEH035-T1,Peliyagoda,VEH035,van,reefer,1,Colombo,fresh_mixed,7,4,1026.4,5.539,0.9869,0.7913,36.0,0.0
2026-03-05,2026-03-05-VEH036-T1,Peliyagoda,VEH036,van,reefer,1,Galle,fresh_mixed,5,3,898.4,5.106,0.8638,0.7294,260.0,0.0
2026-03-05,2026-03-05-VEH037-T1,Peliyagoda,VEH037,van,ambient,1,Colombo,fresh_dry,4,4,1076.7,6.09,0.9788,0.7612,36.0,0.0
2026-03-05,2026-03-05-VEH037-T2,Peliyagoda,VEH037,van,ambient,2,Colombo,fresh_dry,2,2,1032.7,5.385,0.9388,0.6731,28.0,0.0
2026-03-05,2026-03-05-VEH038-T1,Peliyagoda,VEH038,van,ambient,1,Matara,fresh_dry,3,3,1052.9,5.818,0.8774,0.6464,344.0,0.0
2026-03-05,2026-03-05-VEH039-T1,Kandy,VEH039,truck,reefer,1,Nuwara Eliya,fresh_mixed,5,3,1678.0,9.113,0.2715,0.3048,184.0,0.0
2026-03-05,2026-03-05-VEH040-T1,Kandy,VEH040,truck,reefer,1,Matale,fresh_mixed,7,5,2553.7,13.955,0.4635,0.5286,84.0,0.0
2026-03-05,2026-03-05-VEH041-T1,Kandy,VEH041,truck,reefer,1,Badulla,fresh_mixed,2,1,395.9,2.165,0.1097,0.1116,260.0,0.0
2026-03-05,2026-03-05-VEH042-T1,Kandy,VEH042,truck,reefer,1,Kegalle,fresh_mixed,7,4,3546.3,19.153,0.5738,0.6406,110.0,0.0
2026-03-05,2026-03-05-VEH043-T1,Kandy,VEH043,truck,reefer,1,Kandy,fresh_mixed,4,2,1113.3,5.781,0.2021,0.219,19.0,0.0
2026-03-05,2026-03-05-VEH043-T2,Kandy,VEH043,truck,reefer,2,Matale,fresh_mixed,2,1,883.3,5.097,0.1603,0.1931,52.0,0.0
2026-03-05,2026-03-05-VEH044-T1,Kandy,VEH044,truck,ambient,1,Badulla,fresh_dry,2,2,873.4,4.747,0.208,0.1978,276.0,0.0
2026-03-05,2026-03-05-VEH044-T2,Kandy,VEH044,truck,ambient,2,Kandy,style,1,1,733.0,12.726,0.1745,0.5302,16.0,0.0
2026-03-05,2026-03-05-VEH046-T1,Kandy,VEH046,truck,ambient,1,Kandy,style,2,2,1296.5,20.315,0.3412,0.9234,19.0,0.0
2026-03-05,2026-03-05-VEH046-T2,Kandy,VEH046,truck,ambient,2,Kandy,style,1,1,807.5,13.727,0.2125,0.624,16.0,0.0
2026-03-05,2026-03-05-VEH056-T1,Kandy,VEH056,truck,ambient,1,Nuwara Eliya,fresh_dry,3,3,1202.1,5.96,0.3163,0.2709,184.0,0.0
2026-03-05,2026-03-05-VEH056-T2,Kandy,VEH056,truck,ambient,2,Kandy,tech,1,1,1665.6,5.67,0.4383,0.2577,16.0,0.0
2026-03-05,2026-03-05-VEH057-T1,Kandy,VEH057,van,reefer,1,Kandy,fresh_mixed,7,5,990.4,5.281,0.9523,0.7544,28.0,0.0
2026-03-05,2026-03-05-VEH057-T2,Kandy,VEH057,van,reefer,2,Kandy,fresh_mixed,4,2,634.8,3.313,0.6104,0.4733,19.0,0.0
2026-03-05,2026-03-05-VEH058-T1,Kandy,VEH058,van,reefer,1,Badulla,fresh_chilled,2,2,528.6,2.734,0.5083,0.3906,276.0,0.0
2026-03-05,2026-03-05-VEH059-T1,Kandy,VEH059,van,ambient,1,Kandy,fresh_dry,2,2,434.5,2.429,0.3621,0.2699,19.0,0.0
2026-03-05,2026-03-05-VEH059-T2,Kandy,VEH059,van,ambient,2,Badulla,fresh_dry,1,1,497.3,2.671,0.4144,0.2968,260.0,0.0
2026-03-05,2026-03-05-VEH060-T1,Kandy,VEH060,van,ambient,1,Kandy,fresh_dry,4,4,727.0,3.948,0.6058,0.4387,25.0,0.0
2026-03-05,2026-03-05-VEH060-T2,Kandy,VEH060,van,ambient,2,Kandy,style,1,1,244.9,3.607,0.2041,0.4008,16.0,0.0
2026-03-06,2026-03-06-VEH001-T1,Peliyagoda,VEH001,truck,reefer,1,Gampaha,fresh_mixed,10,6,4800.6,24.971,0.8713,0.9459,91.0,0.0
2026-03-06,2026-03-06-VEH002-T1,Peliyagoda,VEH002,truck,reefer,1,Kurunegala,fresh_mixed,4,3,1881.7,9.597,0.4716,0.4548,218.0,0.0
2026-03-06,2026-03-06-VEH003-T1,Peliyagoda,VEH003,truck,reefer,1,Kalutara,fresh_mixed,7,5,2541.8,13.5,0.4613,0.5114,132.0,0.0
2026-03-06,2026-03-06-VEH004-T1,Peliyagoda,VEH004,truck,reefer,1,Matara,fresh_mixed,4,2,1657.8,8.782,0.2424,0.2629,332.0,0.0
2026-03-06,2026-03-06-VEH005-T1,Peliyagoda,VEH005,truck,reefer,1,Colombo,fresh_mixed,10,5,5054.0,28.599,0.7389,0.8563,40.0,0.0
2026-03-06,2026-03-06-VEH007-T1,Peliyagoda,VEH007,truck,reefer,1,Puttalam,fresh_mixed,2,1,823.3,4.57,0.2281,0.2356,260.0,0.0
2026-03-06,2026-03-06-VEH008-T1,Peliyagoda,VEH008,truck,ambient,1,Colombo,fresh_dry,6,6,2243.5,12.273,0.5904,0.5579,44.0,0.0
2026-03-06,2026-03-06-VEH008-T2,Peliyagoda,VEH008,truck,ambient,2,Galle,style,1,1,1172.1,20.47,0.3084,0.9305,240.0,0.0
2026-03-06,2026-03-06-VEH015-T1,Peliyagoda,VEH015,truck,ambient,1,Galle,fresh_dry,6,6,2561.5,13.746,0.6741,0.6248,290.0,0.0
2026-03-06,2026-03-06-VEH015-T2,Peliyagoda,VEH015,truck,ambient,2,Galle,style,1,1,799.2,13.415,0.2103,0.6098,240.0,0.0
2026-03-06,2026-03-06-VEH016-T1,Peliyagoda,VEH016,truck,ambient,1,Kurunegala,fresh_dry,4,4,1488.6,8.232,0.3917,0.3742,232.0,0.0
2026-03-06,2026-03-06-VEH016-T2,Peliyagoda,VEH016,truck,ambient,2,Kurunegala,style,2,2,1327.6,20.547,0.3494,0.934,204.0,0.0
2026-03-06,2026-03-06-VEH018-T1,Peliyagoda,VEH018,truck,ambient,1,Gampaha,fresh_dry,6,6,2965.4,16.068,0.7804,0.7304,91.0,0.0
2026-03-06,2026-03-06-VEH018-T2,Peliyagoda,VEH018,truck,ambient,2,Matara,style,1,1,909.3,13.474,0.2393,0.6125,320.0,0.0
2026-03-06,2026-03-06-VEH025-T1,Peliyagoda,VEH025,truck,ambient,1,Kalutara,fresh_dry,3,3,752.2,4.048,0.1979,0.184,114.0,0.0
2026-03-06,2026-03-06-VEH025-T2,Peliyagoda,VEH025,truck,ambient,2,Gampaha,tech,1,1,2064.5,6.968,0.5433,0.3167,56.0,0.0
2026-03-06,2026-03-06-VEH035-T1,Peliyagoda,VEH035,van,reefer,1,Colombo,fresh_mixed,7,4,873.1,4.52,0.8395,0.6457,36.0,0.0
2026-03-06,2026-03-06-VEH036-T1,Peliyagoda,VEH036,van,reefer,1,Galle,fresh_chilled,2,2,894.5,4.584,0.8601,0.6549,250.0,0.0
2026-03-06,2026-03-06-VEH037-T1,Peliyagoda,VEH037,van,ambient,1,Matara,fresh_dry,2,2,852.1,4.681,0.7746,0.5851,332.0,0.0
2026-03-06,2026-03-06-VEH038-T1,Peliyagoda,VEH038,van,ambient,1,Puttalam,fresh_dry,2,2,443.3,2.482,0.3694,0.2758,278.0,0.0
2026-03-06,2026-03-06-VEH039-T1,Kandy,VEH039,truck,reefer,1,Kegalle,fresh_mixed,8,4,4454.8,23.965,0.7208,0.8015,110.0,0.0
2026-03-06,2026-03-06-VEH040-T1,Kandy,VEH040,truck,reefer,1,Kandy,fresh_mixed,4,3,1377.3,7.363,0.25,0.2789,22.0,0.0
2026-03-06,2026-03-06-VEH040-T2,Kandy,VEH040,truck,reefer,2,Matale,fresh_mixed,2,1,736.0,3.783,0.1336,0.1433,52.0,0.0
2026-03-06,2026-03-06-VEH041-T1,Kandy,VEH041,truck,reefer,1,Nuwara Eliya,fresh_mixed,5,3,1835.8,9.796,0.5085,0.5049,184.0,0.0
2026-03-06,2026-03-06-VEH044-T1,Kandy,VEH044,truck,ambient,1,Matale,fresh_dry,4,4,1841.9,9.992,0.4385,0.4163,76.0,0.0
2026-03-06,2026-03-06-VEH046-T1,Kandy,VEH046,truck,ambient,1,Badulla,fresh_dry,2,2,841.2,4.625,0.2214,0.2102,276.0,0.0
2026-03-06,2026-03-06-VEH046-T2,Kandy,VEH046,truck,ambient,2,Badulla,tech,1,1,3775.6,13.313,0.9936,0.6051,260.0,0.0
2026-03-06,2026-03-06-VEH056-T1,Kandy,VEH056,truck,ambient,1,Badulla,fresh_dry,2,2,879.1,5.011,0.2313,0.2278,276.0,0.0
2026-03-06,2026-03-06-VEH057-T1,Kandy,VEH057,van,reefer,1,Kandy,fresh_mixed,7,5,973.5,5.416,0.9361,0.7737,28.0,0.0
2026-03-06,2026-03-06-VEH057-T2,Kandy,VEH057,van,reefer,2,Matale,fresh_mixed,3,2,1001.9,5.567,0.9634,0.7953,60.0,0.0
2026-03-06,2026-03-06-VEH058-T1,Kandy,VEH058,van,reefer,1,Badulla,fresh_chilled,2,2,485.6,2.666,0.4669,0.3809,276.0,0.0
2026-03-06,2026-03-06-VEH059-T1,Kandy,VEH059,van,ambient,1,Kandy,fresh_dry,6,6,1058.2,5.865,0.8818,0.6517,31.0,0.0
2026-03-06,2026-03-06-VEH059-T2,Kandy,VEH059,van,ambient,2,Kandy,fresh_dry,3,3,885.1,4.667,0.7376,0.5186,22.0,0.0
2026-03-06,2026-03-06-VEH060-T1,Kandy,VEH060,van,ambient,1,Nuwara Eliya,fresh_dry,2,2,749.3,3.955,0.6244,0.4394,170.0,0.0
2026-03-07,2026-03-07-VEH001-T1,Peliyagoda,VEH001,truck,reefer,1,Galle,fresh_mixed,4,2,1532.0,8.225,0.278,0.3116,250.0,0.0
2026-03-07,2026-03-07-VEH002-T1,Peliyagoda,VEH002,truck,reefer,1,Puttalam,fresh_mixed,3,2,782.1,4.326,0.196,0.205,278.0,0.0
2026-03-07,2026-03-07-VEH003-T1,Peliyagoda,VEH003,truck,reefer,1,Kurunegala,fresh_chilled,4,4,1355.8,7.454,0.2461,0.2823,232.0,0.0
2026-03-07,2026-03-07-VEH004-T1,Peliyagoda,VEH004,truck,reefer,1,Colombo,fresh_mixed,8,6,3006.6,15.994,0.4396,0.4789,44.0,0.0
2026-03-07,2026-03-07-VEH005-T1,Peliyagoda,VEH005,truck,reefer,1,Kalutara,fresh_mixed,8,5,3396.5,18.748,0.4966,0.5613,132.0,0.0
2026-03-07,2026-03-07-VEH006-T1,Peliyagoda,VEH006,truck,reefer,1,Gampaha,fresh_mixed,10,5,6150.7,33.396,0.8992,0.9999,84.0,0.0
2026-03-07,2026-03-07-VEH007-T1,Peliyagoda,VEH007,truck,reefer,1,Matara,fresh_mixed,5,3,1885.5,10.127,0.5223,0.522,344.0,0.0
2026-03-07,2026-03-07-VEH008-T1,Peliyagoda,VEH008,truck,ambient,1,Colombo,fresh_dry,6,6,2429.7,13.646,0.6394,0.6203,44.0,0.0
2026-03-07,2026-03-07-VEH015-T1,Peliyagoda,VEH015,truck,ambient,1,Galle,fresh_dry,4,4,1521.4,7.356,0.4004,0.3344,270.0,0.0
2026-03-07,2026-03-07-VEH016-T1,Peliyagoda,VEH016,truck,ambient,1,Gampaha,fresh_dry,5,5,1884.5,10.128,0.4959,0.4604,84.0,0.0
2026-03-07,2026-03-07-VEH017-T1,Peliyagoda,VEH017,truck,ambient,1,Kurunegala,fresh_dry,3,3,929.1,5.073,0.2445,0.2306,218.0,0.0
2026-03-07,2026-03-07-VEH018-T1,Peliyagoda,VEH018,truck,ambient,1,Kurunegala,fresh_dry,2,2,806.1,4.319,0.2121,0.1963,204.0,0.0
2026-03-07,2026-03-07-VEH025-T1,Peliyagoda,VEH025,truck,ambient,1,Matara,fresh_dry,2,2,886.0,4.405,0.2332,0.2002,332.0,0.0
2026-03-07,2026-03-07-VEH035-T1,Peliyagoda,VEH035,van,reefer,1,Colombo,fresh_mixed,3,2,1022.6,5.458,0.9833,0.7797,28.0,0.0
2026-03-07,2026-03-07-VEH035-T2,Peliyagoda,VEH035,van,reefer,2,Kalutara,fresh_mixed,4,3,971.3,5.236,0.9339,0.748,114.0,0.0
2026-03-07,2026-03-07-VEH036-T1,Peliyagoda,VEH036,van,reefer,1,Colombo,fresh_mixed,4,3,646.1,3.604,0.6212,0.5149,32.0,0.0
2026-03-07,2026-03-07-VEH036-T2,Peliyagoda,VEH036,van,reefer,2,Gampaha,fresh_chilled,3,3,1031.1,5.367,0.9914,0.7667,70.0,0.0
2026-03-07,2026-03-07-VEH037-T1,Peliyagoda,VEH037,van,ambient,1,Colombo,fresh_dry,4,4,884.6,4.912,0.8042,0.614,36.0,0.0
2026-03-07,2026-03-07-VEH037-T2,Peliyagoda,VEH037,van,ambient,2,Galle,tech,1,1,549.8,1.91,0.4998,0.2387,240.0,0.0
2026-03-07,2026-03-07-VEH038-T1,Peliyagoda,VEH038,van,ambient,1,Puttalam,fresh_dry,2,2,610.5,3.44,0.5088,0.3822,278.0,0.0
2026-03-07,2026-03-07-VEH039-T1,Kandy,VEH039,truck,reefer,1,Kegalle,fresh_mixed,6,4,3358.3,17.81,0.5434,0.5957,110.0,0.0
2026-03-07,2026-03-07-VEH040-T1,Kandy,VEH040,truck,reefer,1,Matale,fresh_mixed,8,4,3147.0,17.223,0.5711,0.6524,76.0,0.0
2026-03-07,2026-03-07-VEH041-T1,Kandy,VEH041,truck,reefer,1,Nuwara Eliya,fresh_mixed,5,3,1807.8,10.025,0.5008,0.5168,184.0,0.0
2026-03-07,2026-03-07-VEH042-T1,Kandy,VEH042,truck,reefer,1,Matale,fresh_mixed,4,2,1766.0,10.024,0.2858,0.3353,60.0,0.0
2026-03-07,2026-03-07-VEH042-T2,Kandy,VEH042,truck,reefer,2,Kandy,fresh_mixed,4,3,1175.9,6.582,0.1903,0.2201,22.0,0.0
2026-03-07,2026-03-07-VEH043-T1,Kandy,VEH043,truck,reefer,1,Nuwara Eliya,fresh_mixed,4,2,1132.0,6.288,0.2054,0.2382,170.0,0.0
2026-03-07,2026-03-07-VEH046-T1,Kandy,VEH046,truck,ambient,1,Badulla,fresh_dry,2,2,904.8,5.017,0.2381,0.228,276.0,0.0
2026-03-07,2026-03-07-VEH046-T2,Kandy,VEH046,truck,ambient,2,Nuwara Eliya,style,1,1,866.0,11.248,0.2279,0.5113,156.0,0.0
2026-03-07,2026-03-07-VEH057-T1,Kandy,VEH057,van,reefer,1,Kandy,fresh_mixed,7,6,1030.4,5.535,0.9908,0.7907,31.0,0.0
2026-03-07,2026-03-07-VEH058-T1,Kandy,VEH058,van,reefer,1,Badulla,fresh_chilled,2,2,628.6,3.292,0.6044,0.4703,276.0,0.0
2026-03-07,2026-03-07-VEH059-T1,Kandy,VEH059,van,ambient,1,Kandy,fresh_dry,6,6,1110.9,6.331,0.9258,0.7034,31.0,0.0
2026-03-07,2026-03-07-VEH059-T2,Kandy,VEH059,van,ambient,2,Kandy,fresh_dry,3,3,705.9,3.749,0.5882,0.4166,22.0,0.0
2026-03-07,2026-03-07-VEH060-T1,Kandy,VEH060,van,ambient,1,Badulla,fresh_dry,2,2,703.6,3.812,0.5863,0.4236,276.0,0.0
2026-03-09,2026-03-09-VEH001-T1,Peliyagoda,VEH001,truck,reefer,1,Kalutara,fresh_mixed,7,5,2477.3,13.84,0.4496,0.5242,132.0,0.0
2026-03-09,2026-03-09-VEH002-T1,Peliyagoda,VEH002,truck,reefer,1,Kurunegala,fresh_mixed,4,2,1272.3,7.136,0.3189,0.3382,204.0,0.0
2026-03-09,2026-03-09-VEH003-T1,Peliyagoda,VEH003,truck,reefer,1,Gampaha,fresh_mixed,10,6,4202.6,21.732,0.7627,0.8232,91.0,0.0
2026-03-09,2026-03-09-VEH004-T1,Peliyagoda,VEH004,truck,reefer,1,Colombo,fresh_mixed,6,4,3035.4,16.593,0.4438,0.4968,36.0,0.0
2026-03-09,2026-03-09-VEH005-T1,Peliyagoda,VEH005,truck,reefer,1,Puttalam,fresh_chilled,3,3,767.6,4.336,0.1122,0.1298,296.0,0.0
2026-03-09,2026-03-09-VEH006-T1,Peliyagoda,VEH006,truck,reefer,1,Colombo,fresh_mixed,7,4,2834.8,15.183,0.4144,0.4546,36.0,0.0
2026-03-09,2026-03-09-VEH007-T1,Peliyagoda,VEH007,truck,reefer,1,Galle,fresh_mixed,7,4,1926.6,10.664,0.5337,0.5497,270.0,0.0
2026-03-09,2026-03-09-VEH008-T1,Peliyagoda,VEH008,truck,ambient,1,Puttalam,fresh_dry,3,3,1096.9,5.597,0.2887,0.2544,296.0,0.0
2026-03-09,2026-03-09-VEH016-T1,Peliyagoda,VEH016,truck,ambient,1,Gampaha,fresh_dry,6,6,2359.3,12.692,0.6209,0.5769,91.0,0.0
2026-03-09,2026-03-09-VEH017-T1,Peliyagoda,VEH017,truck,ambient,1,Kalutara,fresh_dry,5,5,1689.2,9.278,0.4445,0.4217,132.0,0.0
2026-03-09,2026-03-09-VEH018-T1,Peliyagoda,VEH018,truck,ambient,1,Kurunegala,fresh_dry,3,3,959.5,5.293,0.2525,0.2406,218.0,0.0
2026-03-09,2026-03-09-VEH025-T1,Peliyagoda,VEH025,truck,ambient,1,Galle,fresh_dry,3,3,1518.1,8.726,0.3995,0.3966,260.0,0.0
2026-03-09,2026-03-09-VEH035-T1,Peliyagoda,VEH035,van,reefer,1,Matara,fresh_mixed,3,2,855.8,4.675,0.8229,0.6679,332.0,0.0
2026-03-09,2026-03-09-VEH036-T1,Peliyagoda,VEH036,van,reefer,1,Colombo,fresh_mixed,2,1,636.5,3.636,0.612,0.5194,24.0,0.0
2026-03-09,2026-03-09-VEH036-T2,Peliyagoda,VEH036,van,reefer,2,Matara,fresh_mixed,2,2,937.2,5.109,0.9012,0.7299,332.0,0.0
2026-03-09,2026-03-09-VEH037-T1,Peliyagoda,VEH037,van,ambient,1,Colombo,fresh_dry,6,6,1066.5,5.852,0.9695,0.7315,44.0,0.0
2026-03-09,2026-03-09-VEH037-T2,Peliyagoda,VEH037,van,ambient,2,Kalutara,style,1,1,256.7,4.306,0.2334,0.5383,96.0,0.0
2026-03-09,2026-03-09-VEH038-T1,Peliyagoda,VEH038,van,ambient,1,Matara,fresh_dry,2,2,722.5,3.779,0.6021,0.4199,332.0,0.0
2026-03-09,2026-03-09-VEH038-T2,Peliyagoda,VEH038,van,ambient,2,Kalutara,style,1,1,467.3,8.029,0.3894,0.8921,96.0,0.0
2026-03-09,2026-03-09-VEH039-T1,Kandy,VEH039,truck,reefer,1,Nuwara Eliya,fresh_mixed,5,3,1740.6,9.159,0.2817,0.3063,184.0,0.0
2026-03-09,2026-03-09-VEH040-T1,Kandy,VEH040,truck,reefer,1,Matale,fresh_mixed,3,2,1241.3,6.48,0.2253,0.2455,60.0,0.0
2026-03-09,2026-03-09-VEH040-T2,Kandy,VEH040,truck,reefer,2,Kandy,fresh_mixed,7,4,1880.4,10.042,0.3413,0.3804,25.0,0.0
2026-03-09,2026-03-09-VEH041-T1,Kandy,VEH041,truck,reefer,1,Badulla,fresh_mixed,2,1,902.7,4.85,0.2501,0.25,260.0,0.0
2026-03-09,2026-03-09-VEH041-T2,Kandy,VEH041,truck,reefer,2,Matale,style,1,1,1003.8,14.503,0.2781,0.7476,52.0,0.0
2026-03-09,2026-03-09-VEH042-T1,Kandy,VEH042,truck,reefer,1,Kegalle,fresh_mixed,7,4,3251.9,17.15,0.5262,0.5736,110.0,0.0
2026-03-09,2026-03-09-VEH043-T1,Kandy,VEH043,truck,reefer,1,Matale,fresh_mixed,7,4,2249.9,12.212,0.4083,0.4626,76.0,0.0
2026-03-09,2026-03-09-VEH046-T1,Kandy,VEH046,truck,ambient,1,Badulla,fresh_dry,1,1,222.5,1.238,0.0586,0.0563,260.0,0.0
2026-03-09,2026-03-09-VEH057-T1,Kandy,VEH057,van,reefer,1,Kandy,fresh_chilled,4,4,440.6,2.302,0.4237,0.3289,25.0,0.0
2026-03-09,2026-03-09-VEH057-T2,Kandy,VEH057,van,reefer,2,Nuwara Eliya,fresh_dry,2,2,597.9,3.341,0.5749,0.4773,170.0,0.0
2026-03-09,2026-03-09-VEH058-T1,Kandy,VEH058,van,reefer,1,Badulla,fresh_chilled,2,2,316.0,1.792,0.3038,0.256,276.0,0.0
2026-03-09,2026-03-09-VEH059-T1,Kandy,VEH059,van,ambient,1,Kandy,fresh_dry,8,8,1060.9,6.087,0.8841,0.6763,37.0,0.0
2026-03-09,2026-03-09-VEH059-T2,Kandy,VEH059,van,ambient,2,Matale,tech,1,1,599.2,1.75,0.4993,0.1944,52.0,0.0
2026-03-09,2026-03-09-VEH060-T1,Kandy,VEH060,van,ambient,1,Badulla,fresh_dry,2,2,492.7,2.728,0.4106,0.3031,276.0,0.0
2026-03-09,2026-03-09-VEH060-T2,Kandy,VEH060,van,ambient,2,Badulla,style,1,1,545.2,8.499,0.4543,0.9443,260.0,0.0
2026-03-10,2026-03-10-VEH001-T1,Peliyagoda,VEH001,truck,reefer,1,Galle,fresh_mixed,7,4,1933.2,10.675,0.3509,0.4044,270.0,0.0
2026-03-10,2026-03-10-VEH002-T1,Peliyagoda,VEH002,truck,reefer,1,Puttalam,fresh_mixed,3,2,824.6,4.454,0.2067,0.2111,278.0,0.0
2026-03-10,2026-03-10-VEH003-T1,Peliyagoda,VEH003,truck,reefer,1,Kurunegala,fresh_mixed,4,2,1228.4,6.333,0.2229,0.2399,204.0,0.0
2026-03-10,2026-03-10-VEH004-T1,Peliyagoda,VEH004,truck,reefer,1,Colombo,fresh_mixed,8,4,2606.4,13.074,0.3811,0.3914,36.0,0.0
2026-03-10,2026-03-10-VEH005-T1,Peliyagoda,VEH005,truck,reefer,1,Kalutara,fresh_mixed,8,5,2559.1,14.019,0.3741,0.4197,132.0,0.0
2026-03-10,2026-03-10-VEH006-T1,Peliyagoda,VEH006,truck,reefer,1,Gampaha,fresh_mixed,10,9,3953.4,20.409,0.578,0.611,112.0,0.0
2026-03-10,2026-03-10-VEH007-T1,Peliyagoda,VEH007,truck,reefer,1,Matara,fresh_mixed,5,4,1654.0,8.696,0.4582,0.4482,356.0,0.0
2026-03-10,2026-03-10-VEH008-T1,Peliyagoda,VEH008,truck,ambient,1,Colombo,fresh_dry,3,3,1225.4,7.517,0.3225,0.3417,32.0,0.0
2026-03-10,2026-03-10-VEH015-T1,Peliyagoda,VEH015,truck,ambient,1,Gampaha,fresh_dry,9,9,3535.2,19.612,0.9303,0.8915,112.0,0.0
2026-03-10,2026-03-10-VEH015-T2,Peliyagoda,VEH015,truck,ambient,2,Colombo,tech,2,2,1110.7,3.625,0.2923,0.1648,28.0,0.0
2026-03-10,2026-03-10-VEH016-T1,Peliyagoda,VEH016,truck,ambient,1,Kalutara,fresh_dry,4,4,1209.7,6.287,0.3183,0.2858,123.0,0.0
2026-03-10,2026-03-10-VEH017-T1,Peliyagoda,VEH017,truck,ambient,1,Kurunegala,fresh_dry,3,3,983.3,5.092,0.2588,0.2315,218.0,0.0
2026-03-10,2026-03-10-VEH018-T1,Peliyagoda,VEH018,truck,ambient,1,Puttalam,fresh_dry,2,2,480.3,2.782,0.1264,0.1265,278.0,0.0
2026-03-10,2026-03-10-VEH034-T1,Peliyagoda,VEH034,truck,ambient,1,Galle,fresh_dry,3,3,1044.9,5.699,0.275,0.259,260.0,0.0
2026-03-10,2026-03-10-VEH035-T1,Peliyagoda,VEH035,van,reefer,1,Colombo,fresh_mixed,6,4,1006.6,5.697,0.9679,0.8139,36.0,0.0
2026-03-10,2026-03-10-VEH035-T2,Peliyagoda,VEH035,van,reefer,2,Kalutara,fresh_chilled,2,2,630.8,3.401,0.6065,0.4859,105.0,0.0
2026-03-10,2026-03-10-VEH036-T1,Peliyagoda,VEH036,van,reefer,1,Kurunegala,fresh_chilled,3,3,992.0,5.408,0.9538,0.7726,218.0,0.0
2026-03-10,2026-03-10-VEH037-T1,Peliyagoda,VEH037,van,ambient,1,Colombo,fresh_dry,5,5,1041.8,5.237,0.9471,0.6546,40.0,0.0
2026-03-10,2026-03-10-VEH037-T2,Peliyagoda,VEH037,van,ambient,2,Kalutara,tech,1,1,572.2,1.9,0.5202,0.2375,96.0,0.0
2026-03-10,2026-03-10-VEH038-T1,Peliyagoda,VEH038,van,ambient,1,Matara,fresh_dry,3,3,1046.8,5.377,0.8723,0.5974,344.0,0.0
2026-03-10,2026-03-10-VEH038-T2,Peliyagoda,VEH038,van,ambient,2,Colombo,tech,1,1,931.1,3.471,0.7759,0.3857,24.0,0.0
2026-03-10,2026-03-10-VEH039-T1,Kandy,VEH039,truck,reefer,1,Kegalle,fresh_mixed,5,4,1861.3,10.616,0.3012,0.3551,110.0,0.0
2026-03-10,2026-03-10-VEH040-T1,Kandy,VEH040,truck,reefer,1,Kandy,fresh_mixed,5,3,1351.3,7.848,0.2452,0.2973,22.0,0.0
2026-03-10,2026-03-10-VEH041-T1,Kandy,VEH041,truck,reefer,1,Nuwara Eliya,fresh_mixed,5,3,1446.1,7.578,0.4006,0.3906,184.0,0.0
2026-03-10,2026-03-10-VEH042-T1,Kandy,VEH042,truck,reefer,1,Matale,fresh_mixed,9,5,3861.4,20.657,0.6248,0.6909,84.0,0.0
2026-03-10,2026-03-10-VEH043-T1,Kandy,VEH043,truck,reefer,1,Nuwara Eliya,fresh_mixed,5,3,1279.2,6.748,0.2322,0.2556,184.0,0.0
2026-03-10,2026-03-10-VEH046-T1,Kandy,VEH046,truck,ambient,1,Badulla,fresh_dry,2,2,896.3,5.083,0.2359,0.231,276.0,0.0
2026-03-10,2026-03-10-VEH057-T1,Kandy,VEH057,van,reefer,1,Kandy,fresh_mixed,9,5,1031.9,5.515,0.9922,0.7879,28.0,0.0
2026-03-10,2026-03-10-VEH058-T1,Kandy,VEH058,van,reefer,1,Badulla,fresh_chilled,2,2,656.2,3.493,0.631,0.499,276.0,0.0
2026-03-10,2026-03-10-VEH059-T1,Kandy,VEH059,van,ambient,1,Kandy,fresh_dry,6,6,986.9,5.254,0.8224,0.5838,31.0,0.0
2026-03-10,2026-03-10-VEH059-T2,Kandy,VEH059,van,ambient,2,Matale,fresh_dry,1,1,216.8,1.181,0.1807,0.1312,52.0,0.0
2026-03-10,2026-03-10-VEH060-T1,Kandy,VEH060,van,ambient,1,Badulla,fresh_dry,2,2,467.8,2.477,0.3898,0.2752,276.0,0.0
2026-03-11,2026-03-11-VEH001-T1,Peliyagoda,VEH001,truck,reefer,1,Kalutara,fresh_mixed,6,3,2737.7,15.166,0.4969,0.5745,114.0,0.0
2026-03-11,2026-03-11-VEH002-T1,Peliyagoda,VEH002,truck,reefer,1,Kurunegala,fresh_mixed,4,3,1034.8,6.303,0.2593,0.2987,218.0,0.0
2026-03-11,2026-03-11-VEH003-T1,Peliyagoda,VEH003,truck,reefer,1,Gampaha,fresh_mixed,9,5,4886.3,25.869,0.8868,0.9799,84.0,0.0
2026-03-11,2026-03-11-VEH004-T1,Peliyagoda,VEH004,truck,reefer,1,Colombo,fresh_mixed,9,5,3348.3,18.302,0.4895,0.548,40.0,0.0
2026-03-11,2026-03-11-VEH007-T1,Peliyagoda,VEH007,truck,reefer,1,Galle,fresh_mixed,7,6,2350.3,12.189,0.6511,0.6283,290.0,0.0
2026-03-11,2026-03-11-VEH008-T1,Peliyagoda,VEH008,truck,ambient,1,Colombo,fresh_dry,7,7,2340.4,12.347,0.6159,0.5612,48.0,0.0
2026-03-11,2026-03-11-VEH008-T2,Peliyagoda,VEH008,truck,ambient,2,Gampaha,style,2,2,1094.8,17.648,0.2881,0.8022,63.0,0.0
2026-03-11,2026-03-11-VEH015-T1,Peliyagoda,VEH015,truck,ambient,1,Matara,fresh_dry,4,4,1233.1,6.482,0.3245,0.2946,356.0,0.0
2026-03-11,2026-03-11-VEH016-T1,Peliyagoda,VEH016,truck,ambient,1,Gampaha,fresh_dry,6,6,1964.0,10.61,0.5168,0.4823,91.0,0.0
2026-03-11,2026-03-11-VEH017-T1,Peliyagoda,VEH017,truck,ambient,1,Galle,fresh_dry,5,5,1766.6,9.182,0.4649,0.4174,280.0,0.0
2026-03-11,2026-03-11-VEH018-T1,Peliyagoda,VEH018,truck,ambient,1,Kurunegala,fresh_dry,4,4,1524.3,7.988,0.4011,0.3631,232.0,0.0
2026-03-11,2026-03-11-VEH035-T1,Peliyagoda,VEH035,van,reefer,1,Colombo,fresh_mixed,7,5,978.4,5.249,0.9408,0.7499,40.0,0.0
2026-03-11,2026-03-11-VEH036-T1,Peliyagoda,VEH036,van,reefer,1,Puttalam,fresh_mixed,3,2,637.6,3.354,0.6131,0.4791,278.0,0.0
2026-03-11,2026-03-11-VEH037-T1,Peliyagoda,VEH037,van,ambient,1,Kalutara,fresh_dry,4,4,1013.9,5.321,0.9217,0.6651,123.0,0.0
2026-03-11,2026-03-11-VEH037-T2,Peliyagoda,VEH037,van,ambient,2,Gampaha,style,1,1,338.5,6.031,0.3077,0.7539,56.0,0.0
2026-03-11,2026-03-11-VEH038-T1,Peliyagoda,VEH038,van,ambient,1,Puttalam,fresh_dry,2,2,698.8,4.033,0.5823,0.4481,278.0,0.0
2026-03-11,2026-03-11-VEH039-T1,Kandy,VEH039,truck,reefer,1,Nuwara Eliya,fresh_mixed,5,4,1114.2,5.925,0.1803,0.1982,198.0,0.0
2026-03-11,2026-03-11-VEH040-T1,Kandy,VEH040,truck,reefer,1,Matale,fresh_mixed,7,4,2700.0,14.689,0.49,0.5564,76.0,0.0
2026-03-11,2026-03-11-VEH041-T1,Kandy,VEH041,truck,reefer,1,Badulla,fresh_chilled,2,2,271.8,1.422,0.0753,0.0733,276.0,0.0
2026-03-11,2026-03-11-VEH042-T1,Kandy,VEH042,truck,reefer,1,Kegalle,fresh_mixed,3,2,1400.1,8.081,0.2266,0.2703,90.0,0.0
2026-03-11,2026-03-11-VEH042-T2,Kandy,VEH042,truck,reefer,2,Kandy,fresh_mixed,3,2,910.5,4.632,0.1473,0.1549,19.0,0.0
2026-03-11,2026-03-11-VEH043-T1,Kandy,VEH043,truck,reefer,1,Kegalle,fresh_mixed,4,2,1459.3,8.096,0.2648,0.3067,90.0,0.0
2026-03-11,2026-03-11-VEH043-T2,Kandy,VEH043,truck,reefer,2,Matale,fresh_mixed,3,2,1121.8,6.258,0.2036,0.237,60.0,0.0
2026-03-11,2026-03-11-VEH046-T1,Kandy,VEH046,truck,ambient,1,Badulla,fresh_dry,2,2,785.8,4.062,0.2068,0.1846,276.0,0.0
2026-03-11,2026-03-11-VEH046-T2,Kandy,VEH046,truck,ambient,2,Kandy,tech,1,1,2267.3,7.408,0.5967,0.3367,16.0,0.0
2026-03-11,2026-03-11-VEH056-T1,Kandy,VEH056,truck,ambient,1,Nuwara Eliya,fresh_dry,4,4,1243.1,6.996,0.3271,0.318,198.0,0.0
2026-03-11,2026-03-11-VEH056-T2,Kandy,VEH056,truck,ambient,2,Kegalle,style,1,1,642.5,10.991,0.1691,0.4996,80.0,0.0
2026-03-11,2026-03-11-VEH057-T1,Kandy,VEH057,van,reefer,1,Kandy,fresh_mixed,8,5,1025.9,5.518,0.9864,0.7883,28.0,0.0
2026-03-11,2026-03-11-VEH057-T2,Kandy,VEH057,van,reefer,2,Kandy,fresh_mixed,3,2,892.6,4.85,0.8583,0.6929,19.0,0.0
2026-03-11,2026-03-11-VEH058-T1,Kandy,VEH058,van,reefer,1,Badulla,fresh_chilled,2,2,546.9,2.912,0.5259,0.416,276.0,0.0
2026-03-11,2026-03-11-VEH059-T1,Kandy,VEH059,van,ambient,1,Kandy,fresh_dry,6,6,883.1,4.631,0.7359,0.5146,31.0,0.0
2026-03-11,2026-03-11-VEH059-T2,Kandy,VEH059,van,ambient,2,Kandy,tech,1,1,138.3,0.522,0.1153,0.058,16.0,0.0
2026-03-11,2026-03-11-VEH060-T1,Kandy,VEH060,van,ambient,1,Badulla,fresh_dry,2,2,600.7,3.363,0.5006,0.3737,276.0,0.0
2026-03-11,2026-03-11-VEH060-T2,Kandy,VEH060,van,ambient,2,Badulla,tech,1,1,1107.6,3.504,0.923,0.3893,260.0,0.0
2026-03-12,2026-03-12-VEH001-T1,Peliyagoda,VEH001,truck,reefer,1,Galle,fresh_chilled,6,6,1819.6,9.771,0.3302,0.3701,290.0,0.0
2026-03-12,2026-03-12-VEH002-T1,Peliyagoda,VEH002,truck,reefer,1,Puttalam,fresh_mixed,3,2,1078.9,5.714,0.2704,0.2708,278.0,0.0
2026-03-12,2026-03-12-VEH003-T1,Peliyagoda,VEH003,truck,reefer,1,Kurunegala,fresh_mixed,4,3,1633.0,8.759,0.2964,0.3318,218.0,0.0
2026-03-12,2026-03-12-VEH004-T1,Peliyagoda,VEH004,truck,reefer,1,Gampaha,fresh_mixed,10,6,3774.8,19.385,0.5519,0.5804,91.0,0.0
2026-03-12,2026-03-12-VEH005-T1,Peliyagoda,VEH005,truck,reefer,1,Kalutara,fresh_mixed,8,5,2237.4,12.372,0.3271,0.3704,132.0,0.0
2026-03-12,2026-03-12-VEH006-T1,Peliyagoda,VEH006,truck,reefer,1,Colombo,fresh_mixed,10,7,3447.6,18.595,0.504,0.5567,48.0,0.0
2026-03-12,2026-03-12-VEH007-T1,Peliyagoda,VEH007,truck,reefer,1,Matara,fresh_mixed,5,3,2169.0,11.613,0.6008,0.5986,344.0,0.0
2026-03-12,2026-03-12-VEH008-T1,Peliyagoda,VEH008,truck,ambient,1,Colombo,style,2,2,1239.8,18.003,0.3263,0.8183,28.0,0.0
2026-03-12,2026-03-12-VEH015-T1,Peliyagoda,VEH015,truck,ambient,1,Colombo,fresh_dry,4,4,2094.0,11.145,0.5511,0.5066,36.0,0.0
2026-03-12,2026-03-12-VEH016-T1,Peliyagoda,VEH016,truck,ambient,1,Gampaha,fresh_dry,3,3,1853.8,10.672,0.4878,0.4851,70.0,0.0
2026-03-12,2026-03-12-VEH018-T1,Peliyagoda,VEH018,truck,ambient,1,Kalutara,fresh_dry,4,4,1844.2,10.05,0.4853,0.4568,123.0,0.0
2026-03-12,2026-03-12-VEH018-T2,Peliyagoda,VEH018,truck,ambient,2,Colombo,style,3,3,1298.5,19.723,0.3417,0.8965,32.0,0.0
2026-03-12,2026-03-12-VEH025-T1,Peliyagoda,VEH025,truck,ambient,1,Kurunegala,fresh_dry,4,4,1656.2,8.782,0.4358,0.3992,232.0,0.0
2026-03-12,2026-03-12-VEH034-T1,Peliyagoda,VEH034,truck,ambient,1,Galle,fresh_dry,6,6,2301.2,12.556,0.6056,0.5707,290.0,0.0
2026-03-12,2026-03-12-VEH035-T1,Peliyagoda,VEH035,van,reefer,1,Colombo,fresh_mixed,8,5,1020.0,5.804,0.9808,0.8291,40.0,0.0
2026-03-12,2026-03-12-VEH036-T1,Peliyagoda,VEH036,van,reefer,1,Matara,fresh_mixed,3,2,1006.6,5.378,0.9679,0.7683,332.0,0.0
2026-03-12,2026-03-12-VEH037-T1,Peliyagoda,VEH037,van,ambient,1,Gampaha,fresh_dry,3,3,1080.7,5.83,0.9825,0.7288,70.0,0.0
2026-03-12,2026-03-12-VEH037-T2,Peliyagoda,VEH037,van,ambient,2,Colombo,fresh_dry,4,4,1045.6,5.702,0.9505,0.7127,36.0,0.0
2026-03-12,2026-03-12-VEH038-T1,Peliyagoda,VEH038,van,ambient,1,Puttalam,fresh_dry,2,2,668.5,3.412,0.5571,0.3791,278.0,0.0
2026-03-12,2026-03-12-VEH038-T2,Peliyagoda,VEH038,van,ambient,2,Colombo,style,1,1,452.8,6.488,0.3773,0.7209,24.0,0.0
2026-03-12,2026-03-12-VEH039-T1,Kandy,VEH039,truck,reefer,1,Nuwara Eliya,fresh_mixed,5,3,1597.4,8.716,0.2585,0.2915,184.0,0.0
2026-03-12,2026-03-12-VEH040-T1,Kandy,VEH040,truck,reefer,1,Matale,fresh_mixed,6,3,2431.4,13.163,0.4413,0.4986,68.0,0.0
2026-03-12,2026-03-12-VEH040-T2,Kandy,VEH040,truck,reefer,2,Kandy,fresh_mixed,3,2,762.1,3.84,0.1383,0.1455,19.0,0.0
2026-03-12,2026-03-12-VEH041-T1,Kandy,VEH041,truck,reefer,1,Badulla,fresh_mixed,2,1,284.6,1.625,0.0788,0.0838,260.0,0.0
2026-03-12,2026-03-12-VEH041-T2,Kandy,VEH041,truck,reefer,2,Kandy,tech,2,2,2044.6,6.786,0.5664,0.3498,19.0,0.0
2026-03-12,2026-03-12-VEH042-T1,Kandy,VEH042,truck,reefer,1,Kegalle,fresh_mixed,7,4,3845.7,20.997,0.6223,0.7022,110.0,0.0
2026-03-12,2026-03-12-VEH043-T1,Kandy,VEH043,truck,reefer,1,Matale,fresh_dry,3,3,1132.6,6.307,0.2056,0.2389,68.0,0.0
2026-03-12,2026-03-12-VEH046-T1,Kandy,VEH046,truck,ambient,1,Badulla,fresh_dry,2,2,901.3,4.44,0.2372,0.2018,276.0,0.0
2026-03-12,2026-03-12-VEH046-T2,Kandy,VEH046,truck,ambient,2,Kandy,style,2,2,1351.3,21.565,0.3556,0.9802,19.0,0.0
2026-03-12,2026-03-12-VEH056-T1,Kandy,VEH056,truck,ambient,1,Badulla,fresh_dry,1,1,522.5,2.626,0.1375,0.1194,260.0,0.0
2026-03-12,2026-03-12-VEH057-T1,Kandy,VEH057,van,reefer,1,Kandy,fresh_mixed,8,6,997.1,5.355,0.9587,0.765,31.0,0.0
2026-03-12,2026-03-12-VEH057-T2,Kandy,VEH057,van,reefer,2,Kandy,fresh_mixed,3,3,630.0,3.17,0.6058,0.4529,22.0,0.0
2026-03-12,2026-03-12-VEH058-T1,Kandy,VEH058,van,reefer,1,Badulla,fresh_chilled,2,2,514.0,2.932,0.4942,0.4189,276.0,0.0
2026-03-12,2026-03-12-VEH059-T1,Kandy,VEH059,van,ambient,1,Nuwara Eliya,fresh_dry,3,3,960.7,5.122,0.8006,0.5691,184.0,0.0
2026-03-12,2026-03-12-VEH059-T2,Kandy,VEH059,van,ambient,2,Kandy,style,2,2,523.2,8.964,0.436,0.996,19.0,0.0
2026-03-12,2026-03-12-VEH060-T1,Kandy,VEH060,van,ambient,1,Kandy,fresh_dry,7,7,1109.6,6.18,0.9247,0.6867,34.0,0.0
2026-03-12,2026-03-12-VEH060-T2,Kandy,VEH060,van,ambient,2,Kandy,style,1,1,546.6,7.912,0.4555,0.8791,16.0,0.0
2026-03-13,2026-03-13-VEH001-T1,Peliyagoda,VEH001,truck,reefer,1,Kurunegala,fresh_mixed,4,3,1686.0,8.703,0.306,0.3297,218.0,0.0
2026-03-13,2026-03-13-VEH002-T1,Peliyagoda,VEH002,truck,reefer,1,Galle,fresh_mixed,7,5,3079.4,16.085,0.7718,0.7623,280.0,0.0
2026-03-13,2026-03-13-VEH003-T1,Peliyagoda,VEH003,truck,reefer,1,Kalutara,fresh_mixed,6,3,1467.1,7.967,0.2663,0.3018,114.0,0.0
2026-03-13,2026-03-13-VEH004-T1,Peliyagoda,VEH004,truck,reefer,1,Gampaha,fresh_mixed,9,5,3620.6,20.895,0.5293,0.6256,84.0,0.0
2026-03-13,2026-03-13-VEH005-T1,Peliyagoda,VEH005,truck,reefer,1,Gampaha,fresh_mixed,6,4,3123.5,17.341,0.4567,0.5192,77.0,0.0
2026-03-13,2026-03-13-VEH005-T2,Peliyagoda,VEH005,truck,reefer,2,Colombo,fresh_dry,2,2,595.4,3.368,0.087,0.1008,28.0,0.0
2026-03-13,2026-03-13-VEH006-T1,Peliyagoda,VEH006,truck,reefer,1,Colombo,fresh_mixed,9,5,4783.4,25.604,0.6993,0.7666,40.0,0.0
2026-03-13,2026-03-13-VEH007-T1,Peliyagoda,VEH007,truck,reefer,1,Puttalam,fresh_mixed,2,1,917.8,4.922,0.2542,0.2537,260.0,0.0
2026-03-13,2026-03-13-VEH007-T2,Peliyagoda,VEH007,truck,reefer,2,Colombo,tech,1,1,1614.6,5.112,0.4473,0.2635,24.0,0.0
2026-03-13,2026-03-13-VEH008-T1,Peliyagoda,VEH008,truck,ambient,1,Colombo,fresh_dry,3,3,1504.0,8.277,0.3958,0.3762,32.0,0.0
2026-03-13,2026-03-13-VEH008-T2,Peliyagoda,VEH008,truck,ambient,2,Galle,fresh_dry,1,1,460.0,2.489,0.1211,0.1131,240.0,0.0
2026-03-13,2026-03-13-VEH015-T1,Peliyagoda,VEH015,truck,ambient,1,Kalutara,fresh_dry,4,4,1962.2,10.778,0.5164,0.4899,123.0,0.0
2026-03-13,2026-03-13-VEH015-T2,Peliyagoda,VEH015,truck,ambient,2,Gampaha,fresh_dry,1,1,588.3,3.297,0.1548,0.1499,56.0,0.0
2026-03-13,2026-03-13-VEH016-T1,Peliyagoda,VEH016,truck,ambient,1,Matara,fresh_dry,4,4,1513.8,8.208,0.3984,0.3731,356.0,0.0
2026-03-13,2026-03-13-VEH016-T2,Peliyagoda,VEH016,truck,ambient,2,Kurunegala,style,2,2,1156.9,18.113,0.3044,0.8233,204.0,0.0
2026-03-13,2026-03-13-VEH018-T1,Peliyagoda,VEH018,truck,ambient,1,Kurunegala,fresh_dry,4,4,1741.0,8.989,0.4582,0.4086,232.0,0.0
2026-03-13,2026-03-13-VEH018-T2,Peliyagoda,VEH018,truck,ambient,2,Galle,style,2,2,1206.6,18.11,0.3175,0.8232,250.0,0.0
2026-03-13,2026-03-13-VEH035-T1,Peliyagoda,VEH035,van,reefer,1,Colombo,fresh_mixed,7,4,947.4,5.11,0.911,0.73,36.0,0.0
2026-03-13,2026-03-13-VEH036-T1,Peliyagoda,VEH036,van,reefer,1,Matara,fresh_chilled,2,2,866.1,4.633,0.8328,0.6619,332.0,0.0
2026-03-13,2026-03-13-VEH037-T1,Peliyagoda,VEH037,van,ambient,1,Puttalam,fresh_dry,2,2,736.3,3.951,0.6694,0.4939,278.0,0.0
2026-03-13,2026-03-13-VEH037-T2,Peliyagoda,VEH037,van,ambient,2,Matara,style,1,1,433.0,6.764,0.3936,0.8455,320.0,0.0
2026-03-13,2026-03-13-VEH039-T1,Kandy,VEH039,truck,reefer,1,Kegalle,fresh_mixed,8,4,4585.0,24.035,0.7419,0.8038,110.0,0.0
2026-03-13,2026-03-13-VEH040-T1,Kandy,VEH040,truck,reefer,1,Kandy,fresh_mixed,2,1,957.1,5.12,0.1737,0.1939,16.0,0.0
2026-03-13,2026-03-13-VEH040-T2,Kandy,VEH040,truck,reefer,2,Nuwara Eliya,fresh_mixed,2,1,698.1,3.78,0.1267,0.1432,156.0,0.0
2026-03-13,2026-03-13-VEH041-T1,Kandy,VEH041,truck,reefer,1,Nuwara Eliya,fresh_mixed,5,4,1923.0,10.407,0.5327,0.5364,198.0,0.0
2026-03-13,2026-03-13-VEH042-T1,Kandy,VEH042,truck,reefer,1,Matale,fresh_mixed,9,6,4075.6,21.494,0.6595,0.7189,92.0,0.0
2026-03-13,2026-03-13-VEH046-T1,Kandy,VEH046,truck,ambient,1,Badulla,fresh_dry,2,2,732.3,3.988,0.1927,0.1813,276.0,0.0
2026-03-13,2026-03-13-VEH057-T1,Kandy,VEH057,van,reefer,1,Kandy,fresh_mixed,8,5,996.2,5.554,0.9579,0.7934,28.0,0.0
2026-03-13,2026-03-13-VEH057-T2,Kandy,VEH057,van,reefer,2,Kandy,fresh_mixed,3,2,871.5,4.917,0.838,0.7024,19.0,0.0
2026-03-13,2026-03-13-VEH058-T1,Kandy,VEH058,van,reefer,1,Badulla,fresh_chilled,2,2,516.6,2.716,0.4967,0.388,276.0,0.0
2026-03-13,2026-03-13-VEH059-T1,Kandy,VEH059,van,ambient,1,Kandy,fresh_dry,5,5,1031.1,5.864,0.8592,0.6516,28.0,0.0
2026-03-13,2026-03-13-VEH059-T2,Kandy,VEH059,van,ambient,2,Kandy,fresh_dry,2,2,398.0,2.096,0.3317,0.2329,19.0,0.0
2026-03-13,2026-03-13-VEH060-T1,Kandy,VEH060,van,ambient,1,Badulla,fresh_dry,2,2,783.3,4.266,0.6527,0.474,276.0,0.0
2026-03-14,2026-03-14-VEH001-T1,Peliyagoda,VEH001,truck,reefer,1,Galle,fresh_mixed,4,2,1598.9,8.8,0.2902,0.3333,250.0,0.0
2026-03-14,2026-03-14-VEH002-T1,Peliyagoda,VEH002,truck,reefer,1,Puttalam,fresh_mixed,3,2,1092.2,5.838,0.2737,0.2767,278.0,0.0
2026-03-14,2026-03-14-VEH003-T1,Peliyagoda,VEH003,truck,reefer,1,Kurunegala,fresh_chilled,4,4,1575.6,8.114,0.286,0.3073,232.0,0.0
2026-03-14,2026-03-14-VEH004-T1,Peliyagoda,VEH004,truck,reefer,1,Colombo,fresh_mixed,10,6,4439.7,24.103,0.6491,0.7216,44.0,0.0
2026-03-14,2026-03-14-VEH005-T1,Peliyagoda,VEH005,truck,reefer,1,Gampaha,fresh_mixed,10,7,4644.4,25.272,0.679,0.7566,98.0,0.0
2026-03-14,2026-03-14-VEH006-T1,Peliyagoda,VEH006,truck,reefer,1,Kalutara,fresh_mixed,4,2,1144.0,6.107,0.1673,0.1828,105.0,0.0
2026-03-14,2026-03-14-VEH006-T2,Peliyagoda,VEH006,truck,reefer,2,Gampaha,fresh_mixed,2,1,1697.0,9.0,0.2481,0.2695,56.0,0.0
2026-03-14,2026-03-14-VEH007-T1,Peliyagoda,VEH007,truck,reefer,1,Matara,fresh_mixed,5,3,1954.5,10.294,0.5414,0.5306,344.0,0.0
2026-03-14,2026-03-14-VEH008-T1,Peliyagoda,VEH008,truck,ambient,1,Colombo,fresh_dry,4,4,2204.2,11.109,0.5801,0.505,36.0,0.0
2026-03-14,2026-03-14-VEH015-T1,Peliyagoda,VEH015,truck,ambient,1,Kalutara,fresh_dry,5,5,2675.9,14.088,0.7042,0.6404,132.0,0.0
2026-03-14,2026-03-14-VEH016-T1,Peliyagoda,VEH016,truck,ambient,1,Gampaha,fresh_dry,6,6,2555.4,13.455,0.6725,0.6116,91.0,0.0
2026-03-14,2026-03-14-VEH017-T1,Peliyagoda,VEH017,truck,ambient,1,Kurunegala,fresh_dry,3,3,1481.8,7.805,0.3899,0.3548,218.0,0.0
2026-03-14,2026-03-14-VEH018-T1,Peliyagoda,VEH018,truck,ambient,1,Galle,fresh_dry,4,4,1349.7,7.299,0.3552,0.3318,270.0,0.0
2026-03-14,2026-03-14-VEH025-T1,Peliyagoda,VEH025,truck,ambient,1,Puttalam,fresh_dry,2,2,607.4,3.151,0.1598,0.1432,278.0,0.0
2026-03-14,2026-03-14-VEH025-T2,Peliyagoda,VEH025,truck,ambient,2,Gampaha,tech,1,1,1452.4,5.165,0.3822,0.2348,56.0,0.0
2026-03-14,2026-03-14-VEH035-T1,Peliyagoda,VEH035,van,reefer,1,Colombo,fresh_mixed,4,3,877.5,5.011,0.8438,0.7159,32.0,0.0
2026-03-14,2026-03-14-VEH035-T2,Peliyagoda,VEH035,van,reefer,2,Kalutara,fresh_chilled,3,3,909.6,5.233,0.8746,0.7476,114.0,0.0
2026-03-14,2026-03-14-VEH036-T1,Peliyagoda,VEH036,van,reefer,1,Colombo,fresh_mixed,6,4,1023.3,5.585,0.9839,0.7979,36.0,0.0
2026-03-14,2026-03-14-VEH037-T1,Peliyagoda,VEH037,van,ambient,1,Kurunegala,fresh_dry,2,2,807.1,4.395,0.7337,0.5494,204.0,0.0
2026-03-14,2026-03-14-VEH037-T2,Peliyagoda,VEH037,van,ambient,2,Kurunegala,tech,1,1,590.5,2.017,0.5368,0.2521,190.0,0.0
2026-03-14,2026-03-14-VEH038-T1,Peliyagoda,VEH038,van,ambient,1,Matara,fresh_dry,2,2,937.6,4.931,0.7813,0.5479,332.0,0.0
2026-03-14,2026-03-14-VEH039-T1,Kandy,VEH039,truck,reefer,1,Kegalle,fresh_mixed,6,4,3447.2,19.139,0.5578,0.6401,110.0,0.0
2026-03-14,2026-03-14-VEH040-T1,Kandy,VEH040,truck,reefer,1,Kandy,fresh_mixed,6,4,1981.0,10.21,0.3595,0.3867,25.0,0.0
2026-03-14,2026-03-14-VEH040-T2,Kandy,VEH040,truck,reefer,2,Matale,fresh_mixed,3,2,1142.2,6.619,0.2073,0.2507,60.0,0.0
2026-03-14,2026-03-14-VEH041-T1,Kandy,VEH041,truck,reefer,1,Nuwara Eliya,fresh_mixed,5,4,1172.8,6.675,0.3249,0.3441,198.0,0.0
2026-03-14,2026-03-14-VEH042-T1,Kandy,VEH042,truck,reefer,1,Matale,fresh_mixed,9,5,3485.3,18.531,0.564,0.6198,84.0,0.0
2026-03-14,2026-03-14-VEH046-T1,Kandy,VEH046,truck,ambient,1,Badulla,fresh_dry,2,2,798.7,4.409,0.2102,0.2004,276.0,0.0
2026-03-14,2026-03-14-VEH056-T1,Kandy,VEH056,truck,ambient,1,Nuwara Eliya,fresh_dry,4,4,1448.5,8.558,0.3812,0.389,198.0,0.0
2026-03-14,2026-03-14-VEH057-T1,Kandy,VEH057,van,reefer,1,Kandy,fresh_mixed,7,6,1017.7,5.47,0.9786,0.7814,31.0,0.0
2026-03-14,2026-03-14-VEH058-T1,Kandy,VEH058,van,reefer,1,Badulla,fresh_chilled,2,2,596.5,3.315,0.5736,0.4736,276.0,0.0
2026-03-14,2026-03-14-VEH059-T1,Kandy,VEH059,van,ambient,1,Kandy,fresh_dry,7,7,956.0,5.081,0.7967,0.5646,34.0,0.0
2026-03-14,2026-03-14-VEH059-T2,Kandy,VEH059,van,ambient,2,Matale,tech,1,1,371.6,1.36,0.3097,0.1511,52.0,0.0
2026-03-14,2026-03-14-VEH060-T1,Kandy,VEH060,van,ambient,1,Badulla,fresh_dry,2,2,860.6,4.741,0.7172,0.5268,276.0,0.0
2026-03-14,2026-03-14-VEH060-T2,Kandy,VEH060,van,ambient,2,Nuwara Eliya,style,1,1,501.5,7.755,0.4179,0.8617,156.0,0.0
2026-03-16,2026-03-16-VEH001-T1,Peliyagoda,VEH001,truck,reefer,1,Kalutara,fresh_mixed,7,5,2139.2,11.426,0.3882,0.4328,132.0,0.0
2026-03-16,2026-03-16-VEH002-T1,Peliyagoda,VEH002,truck,reefer,1,Kurunegala,fresh_mixed,4,2,1199.0,6.749,0.3005,0.3199,204.0,0.0
2026-03-16,2026-03-16-VEH003-T1,Peliyagoda,VEH003,truck,reefer,1,Gampaha,fresh_mixed,10,6,4584.6,23.888,0.8321,0.9048,91.0,0.0
2026-03-16,2026-03-16-VEH004-T1,Peliyagoda,VEH004,truck,reefer,1,Colombo,fresh_mixed,9,5,3435.9,19.097,0.5023,0.5718,40.0,0.0
2026-03-16,2026-03-16-VEH005-T1,Peliyagoda,VEH005,truck,reefer,1,Matara,fresh_mixed,5,3,1610.7,8.417,0.2355,0.252,344.0,0.0
2026-03-16,2026-03-16-VEH006-T1,Peliyagoda,VEH006,truck,reefer,1,Colombo,fresh_mixed,7,4,2688.9,14.682,0.3931,0.4396,36.0,0.0
2026-03-16,2026-03-16-VEH007-T1,Peliyagoda,VEH007,truck,reefer,1,Galle,fresh_mixed,7,4,2381.8,12.705,0.6598,0.6549,270.0,0.0
2026-03-16,2026-03-16-VEH008-T1,Peliyagoda,VEH008,truck,ambient,1,Gampaha,fresh_dry,6,6,2662.3,14.24,0.7006,0.6473,91.0,0.0
2026-03-16,2026-03-16-VEH015-T1,Peliyagoda,VEH015,truck,ambient,1,Kurunegala,fresh_dry,3,3,1180.9,6.441,0.3108,0.2928,218.0,0.0
2026-03-16,2026-03-16-VEH016-T1,Peliyagoda,VEH016,truck,ambient,1,Kalutara,fresh_dry,5,5,2263.3,12.469,0.5956,0.5668,132.0,0.0
2026-03-16,2026-03-16-VEH017-T1,Peliyagoda,VEH017,truck,ambient,1,Galle,fresh_dry,3,3,1246.9,6.594,0.3281,0.2997,260.0,0.0
2026-03-16,2026-03-16-VEH035-T1,Peliyagoda,VEH035,van,reefer,1,Puttalam,fresh_mixed,3,2,1008.7,5.446,0.9699,0.778,278.0,0.0
2026-03-16,2026-03-16-VEH036-T1,Peliyagoda,VEH036,van,reefer,1,Puttalam,fresh_mixed,3,2,712.5,3.955,0.6851,0.565,278.0,0.0
2026-03-16,2026-03-16-VEH037-T1,Peliyagoda,VEH037,van,ambient,1,Colombo,fresh_dry,5,5,1099.9,5.974,0.9999,0.7468,40.0,0.0
2026-03-16,2026-03-16-VEH037-T2,Peliyagoda,VEH037,van,ambient,2,Kalutara,style,1,1,421.9,7.047,0.3835,0.8809,96.0,0.0
2026-03-16,2026-03-16-VEH038-T1,Peliyagoda,VEH038,van,ambient,1,Matara,fresh_dry,2,2,749.9,4.067,0.6249,0.4519,332.0,0.0
2026-03-16,2026-03-16-VEH038-T2,Peliyagoda,VEH038,van,ambient,2,Kalutara,style,1,1,420.6,6.828,0.3505,0.7587,96.0,0.0
2026-03-16,2026-03-16-VEH039-T1,Kandy,VEH039,truck,reefer,1,Nuwara Eliya,fresh_mixed,4,2,1075.8,5.637,0.1741,0.1885,170.0,0.0
2026-03-16,2026-03-16-VEH040-T1,Kandy,VEH040,truck,reefer,1,Matale,fresh_mixed,8,4,2880.0,15.011,0.5227,0.5686,76.0,0.0
2026-03-16,2026-03-16-VEH041-T1,Kandy,VEH041,truck,reefer,1,Badulla,fresh_mixed,2,1,879.8,4.563,0.2437,0.2352,260.0,0.0
2026-03-16,2026-03-16-VEH042-T1,Kandy,VEH042,truck,reefer,1,Kegalle,fresh_mixed,7,4,3116.7,17.61,0.5043,0.589,110.0,0.0
2026-03-16,2026-03-16-VEH043-T1,Kandy,VEH043,truck,reefer,1,Kandy,fresh_mixed,5,3,1519.2,8.114,0.2757,0.3073,22.0,0.0
2026-03-16,2026-03-16-VEH046-T1,Kandy,VEH046,truck,ambient,1,Badulla,fresh_dry,1,1,510.6,2.53,0.1344,0.115,260.0,0.0
2026-03-16,2026-03-16-VEH046-T2,Kandy,VEH046,truck,ambient,2,Matale,style,1,1,683.0,10.672,0.1797,0.4851,52.0,0.0
2026-03-16,2026-03-16-VEH056-T1,Kandy,VEH056,truck,ambient,1,Nuwara Eliya,fresh_dry,3,3,937.6,5.041,0.2467,0.2291,184.0,0.0
2026-03-16,2026-03-16-VEH056-T2,Kandy,VEH056,truck,ambient,2,Badulla,style,1,1,598.7,9.085,0.1576,0.413,260.0,0.0
2026-03-16,2026-03-16-VEH057-T1,Kandy,VEH057,van,reefer,1,Kandy,fresh_mixed,7,6,969.7,5.161,0.9324,0.7373,31.0,0.0
2026-03-16,2026-03-16-VEH058-T1,Kandy,VEH058,van,reefer,1,Badulla,fresh_chilled,2,2,341.4,1.817,0.3283,0.2596,276.0,0.0
2026-03-16,2026-03-16-VEH059-T1,Kandy,VEH059,van,ambient,1,Kandy,fresh_dry,7,7,961.5,4.972,0.8013,0.5524,34.0,0.0
2026-03-16,2026-03-16-VEH059-T2,Kandy,VEH059,van,ambient,2,Matale,fresh_dry,2,2,921.0,5.177,0.7675,0.5752,60.0,0.0
2026-03-16,2026-03-16-VEH060-T1,Kandy,VEH060,van,ambient,1,Badulla,fresh_dry,2,2,464.4,2.484,0.387,0.276,276.0,0.0
2026-03-16,2026-03-16-VEH060-T2,Kandy,VEH060,van,ambient,2,Matale,tech,1,1,619.9,2.143,0.5166,0.2381,52.0,0.0
2026-03-17,2026-03-17-VEH001-T1,Peliyagoda,VEH001,truck,reefer,1,Galle,fresh_mixed,7,4,1986.8,10.74,0.3606,0.4068,270.0,0.0
2026-03-17,2026-03-17-VEH002-T1,Peliyagoda,VEH002,truck,reefer,1,Puttalam,fresh_mixed,3,2,766.4,4.073,0.1921,0.193,278.0,0.0
2026-03-17,2026-03-17-VEH003-T1,Peliyagoda,VEH003,truck,reefer,1,Matara,fresh_mixed,5,4,1467.2,7.614,0.2663,0.2884,356.0,0.0
2026-03-17,2026-03-17-VEH004-T1,Peliyagoda,VEH004,truck,reefer,1,Gampaha,fresh_mixed,10,8,3418.6,18.461,0.4998,0.5527,105.0,0.0
2026-03-17,2026-03-17-VEH005-T1,Peliyagoda,VEH005,truck,reefer,1,Kurunegala,fresh_mixed,4,2,1231.8,6.965,0.1801,0.2085,204.0,0.0
2026-03-17,2026-03-17-VEH006-T1,Peliyagoda,VEH006,truck,reefer,1,Kalutara,fresh_mixed,8,7,2859.6,15.223,0.4181,0.4558,150.0,0.0
2026-03-17,2026-03-17-VEH007-T1,Peliyagoda,VEH007,truck,reefer,1,Colombo,fresh_mixed,10,5,2887.2,16.231,0.7998,0.8366,40.0,0.0
2026-03-17,2026-03-17-VEH008-T1,Peliyagoda,VEH008,truck,ambient,1,Puttalam,fresh_dry,2,2,549.4,2.806,0.1446,0.1275,278.0,0.0
2026-03-17,2026-03-17-VEH008-T2,Peliyagoda,VEH008,truck,ambient,2,Colombo,tech,2,2,2320.7,8.072,0.6107,0.3669,28.0,0.0
2026-03-17,2026-03-17-VEH015-T1,Peliyagoda,VEH015,truck,ambient,1,Gampaha,fresh_dry,6,6,2814.3,14.939,0.7406,0.679,91.0,0.0
2026-03-17,2026-03-17-VEH016-T1,Peliyagoda,VEH016,truck,ambient,1,Kurunegala,fresh_dry,3,3,952.2,5.331,0.2506,0.2423,218.0,0.0
2026-03-17,2026-03-17-VEH017-T1,Peliyagoda,VEH017,truck,ambient,1,Kalutara,fresh_dry,6,6,1551.3,8.269,0.4082,0.3759,141.0,0.0
2026-03-17,2026-03-17-VEH018-T1,Peliyagoda,VEH018,truck,ambient,1,Matara,fresh_dry,3,3,1114.1,5.853,0.2932,0.266,344.0,0.0
2026-03-17,2026-03-17-VEH027-T1,Peliyagoda,VEH027,truck,ambient,1,Colombo,fresh_dry,2,2,1265.8,6.701,0.3331,0.3046,28.0,0.0
2026-03-17,2026-03-17-VEH035-T1,Peliyagoda,VEH035,van,reefer,1,Kurunegala,fresh_chilled,3,3,1036.5,5.821,0.9966,0.8316,218.0,0.0
2026-03-17,2026-03-17-VEH036-T1,Peliyagoda,VEH036,van,reefer,1,Colombo,fresh_mixed,6,3,931.8,4.984,0.896,0.712,32.0,0.0
2026-03-17,2026-03-17-VEH036-T2,Peliyagoda,VEH036,van,reefer,2,Gampaha,fresh_mixed,3,2,913.7,4.728,0.8786,0.6754,63.0,0.0
2026-03-17,2026-03-17-VEH037-T1,Peliyagoda,VEH037,van,ambient,1,Colombo,fresh_dry,4,4,820.2,4.445,0.7456,0.5556,36.0,0.0
2026-03-17,2026-03-17-VEH037-T2,Peliyagoda,VEH037,van,ambient,2,Matara,tech,1,1,402.0,1.186,0.3655,0.1482,320.0,0.0
2026-03-17,2026-03-17-VEH038-T1,Peliyagoda,VEH038,van,ambient,1,Galle,fresh_dry,3,3,884.3,4.778,0.7369,0.5309,260.0,0.0
2026-03-17,2026-03-17-VEH039-T1,Kandy,VEH039,truck,reefer,1,Kandy,fresh_mixed,3,2,1127.0,5.999,0.1824,0.2006,19.0,0.0
2026-03-17,2026-03-17-VEH039-T2,Kandy,VEH039,truck,reefer,2,Kegalle,fresh_mixed,2,1,585.3,3.229,0.0947,0.108,80.0,0.0
2026-03-17,2026-03-17-VEH040-T1,Kandy,VEH040,truck,reefer,1,Badulla,fresh_mixed,2,1,690.3,3.994,0.1253,0.1513,260.0,0.0
2026-03-17,2026-03-17-VEH041-T1,Kandy,VEH041,truck,reefer,1,Nuwara Eliya,fresh_mixed,5,3,1418.8,7.479,0.393,0.3855,184.0,0.0
2026-03-17,2026-03-17-VEH042-T1,Kandy,VEH042,truck,reefer,1,Matale,fresh_mixed,8,4,3080.7,16.668,0.4985,0.5575,76.0,0.0
2026-03-17,2026-03-17-VEH043-T1,Kandy,VEH043,truck,reefer,1,Nuwara Eliya,fresh_mixed,5,3,1211.4,6.428,0.2199,0.2435,184.0,0.0
2026-03-17,2026-03-17-VEH046-T1,Kandy,VEH046,truck,ambient,1,Kegalle,fresh_dry,3,3,1489.8,8.155,0.3921,0.3707,100.0,0.0
2026-03-17,2026-03-17-VEH057-T1,Kandy,VEH057,van,reefer,1,Kandy,fresh_mixed,8,5,1036.3,5.543,0.9964,0.7919,28.0,0.0
2026-03-17,2026-03-17-VEH057-T2,Kandy,VEH057,van,reefer,2,Kandy,fresh_mixed,3,2,757.9,4.056,0.7288,0.5794,19.0,0.0
2026-03-17,2026-03-17-VEH058-T1,Kandy,VEH058,van,reefer,1,Badulla,fresh_mixed,2,1,783.7,4.067,0.7536,0.581,260.0,0.0
2026-03-17,2026-03-17-VEH059-T1,Kandy,VEH059,van,ambient,1,Kandy,fresh_dry,6,6,829.7,4.486,0.6914,0.4984,31.0,0.0
2026-03-17,2026-03-17-VEH059-T2,Kandy,VEH059,van,ambient,2,Matale,fresh_dry,2,2,500.9,3.037,0.4174,0.3374,60.0,0.0
2026-03-17,2026-03-17-VEH060-T1,Kandy,VEH060,van,ambient,1,Badulla,fresh_dry,2,2,471.2,2.617,0.3927,0.2908,276.0,0.0
2026-03-18,2026-03-18-VEH001-T1,Peliyagoda,VEH001,truck,reefer,1,Kalutara,fresh_mixed,6,3,2854.3,15.182,0.518,0.5751,114.0,0.0
2026-03-18,2026-03-18-VEH002-T1,Peliyagoda,VEH002,truck,reefer,1,Kurunegala,fresh_mixed,4,3,1039.4,5.498,0.2605,0.2606,218.0,0.0
2026-03-18,2026-03-18-VEH003-T1,Peliyagoda,VEH003,truck,reefer,1,Colombo,fresh_mixed,5,5,2037.3,10.463,0.3697,0.3963,40.0,0.0
2026-03-18,2026-03-18-VEH003-T2,Peliyagoda,VEH003,truck,reefer,2,Gampaha,fresh_mixed,4,3,2268.5,12.064,0.4117,0.457,70.0,0.0
2026-03-18,2026-03-18-VEH004-T1,Peliyagoda,VEH004,truck,reefer,1,Colombo,fresh_mixed,7,4,2976.9,15.106,0.4352,0.4523,36.0,0.0
2026-03-18,2026-03-18-VEH007-T1,Peliyagoda,VEH007,truck,reefer,1,Galle,fresh_mixed,7,6,2088.3,11.323,0.5785,0.5837,290.0,0.0
2026-03-18,2026-03-18-VEH008-T1,Peliyagoda,VEH008,truck,ambient,1,Puttalam,fresh_dry,2,2,530.1,2.89,0.1395,0.1314,278.0,0.0
2026-03-18,2026-03-18-VEH008-T2,Peliyagoda,VEH008,truck,ambient,2,Gampaha,style,1,1,787.4,11.06,0.2072,0.5027,56.0,0.0
2026-03-18,2026-03-18-VEH016-T1,Peliyagoda,VEH016,truck,ambient,1,Gampaha,fresh_dry,8,8,3229.1,17.856,0.8498,0.8116,105.0,0.0
2026-03-18,2026-03-18-VEH016-T2,Peliyagoda,VEH016,truck,ambient,2,Gampaha,style,2,2,982.8,17.106,0.2586,0.7775,63.0,0.0
2026-03-18,2026-03-18-VEH017-T1,Peliyagoda,VEH017,truck,ambient,1,Matara,fresh_dry,4,4,1474.7,7.536,0.3881,0.3425,356.0,0.0
2026-03-18,2026-03-18-VEH018-T1,Peliyagoda,VEH018,truck,ambient,1,Galle,fresh_dry,5,5,1870.1,10.108,0.4921,0.4595,280.0,0.0
2026-03-18,2026-03-18-VEH025-T1,Peliyagoda,VEH025,truck,ambient,1,Kurunegala,fresh_dry,4,4,1428.0,7.682,0.3758,0.3492,232.0,0.0
2026-03-18,2026-03-18-VEH035-T1,Peliyagoda,VEH035,van,reefer,1,Colombo,fresh_mixed,6,4,971.2,5.148,0.9338,0.7354,36.0,0.0
2026-03-18,2026-03-18-VEH035-T2,Peliyagoda,VEH035,van,reefer,2,Gampaha,fresh_mixed,3,2,893.8,4.656,0.8594,0.6651,63.0,0.0
2026-03-18,2026-03-18-VEH036-T1,Peliyagoda,VEH036,van,reefer,1,Puttalam,fresh_mixed,3,2,953.7,5.539,0.917,0.7913,278.0,0.0
2026-03-18,2026-03-18-VEH037-T1,Peliyagoda,VEH037,van,ambient,1,Kalutara,fresh_dry,4,4,839.0,4.668,0.7627,0.5835,123.0,0.0
2026-03-18,2026-03-18-VEH037-T2,Peliyagoda,VEH037,van,ambient,2,Kalutara,tech,1,1,878.7,2.874,0.7988,0.3593,96.0,0.0
2026-03-18,2026-03-18-VEH038-T1,Peliyagoda,VEH038,van,ambient,1,Colombo,fresh_dry,5,5,1130.6,6.104,0.9422,0.6782,40.0,0.0
2026-03-18,2026-03-18-VEH039-T1,Kandy,VEH039,truck,reefer,1,Nuwara Eliya,fresh_mixed,5,3,1442.0,7.325,0.2333,0.245,184.0,0.0
2026-03-18,2026-03-18-VEH040-T1,Kandy,VEH040,truck,reefer,1,Matale,fresh_mixed,8,5,2882.4,15.682,0.5231,0.594,84.0,0.0
2026-03-18,2026-03-18-VEH041-T1,Kandy,VEH041,truck,reefer,1,Badulla,fresh_chilled,2,2,300.3,1.694,0.0832,0.0873,276.0,0.0
2026-03-18,2026-03-18-VEH042-T1,Kandy,VEH042,truck,reefer,1,Kandy,fresh_mixed,6,3,1763.3,9.059,0.2853,0.303,22.0,0.0
2026-03-18,2026-03-18-VEH043-T1,Kandy,VEH043,truck,reefer,1,Badulla,fresh_chilled,2,2,762.0,3.824,0.1383,0.1448,276.0,0.0
2026-03-18,2026-03-18-VEH044-T1,Kandy,VEH044,truck,ambient,1,Kegalle,fresh_dry,1,1,461.0,2.26,0.1098,0.0942,80.0,0.0
2026-03-18,2026-03-18-VEH044-T2,Kandy,VEH044,truck,ambient,2,Nuwara Eliya,fresh_dry,1,1,216.4,1.272,0.0515,0.053,156.0,0.0
2026-03-18,2026-03-18-VEH045-T1,Kandy,VEH045,truck,ambient,1,Matale,fresh_dry,2,2,744.8,4.187,0.1773,0.1745,60.0,0.0
2026-03-18,2026-03-18-VEH045-T2,Kandy,VEH045,truck,ambient,2,Kegalle,fresh_dry,3,3,1367.7,7.399,0.3256,0.3083,100.0,0.0
2026-03-18,2026-03-18-VEH046-T1,Kandy,VEH046,truck,ambient,1,Badulla,fresh_dry,2,2,777.9,4.156,0.2047,0.1889,276.0,0.0
2026-03-18,2026-03-18-VEH046-T2,Kandy,VEH046,truck,ambient,2,Kegalle,style,1,1,874.0,14.29,0.23,0.6495,80.0,0.0
2026-03-18,2026-03-18-VEH057-T1,Kandy,VEH057,van,reefer,1,Kandy,fresh_mixed,6,5,686.7,3.656,0.6603,0.5223,28.0,0.0
2026-03-18,2026-03-18-VEH057-T2,Kandy,VEH057,van,reefer,2,Kegalle,fresh_chilled,3,3,929.3,5.206,0.8936,0.7437,100.0,0.0
2026-03-18,2026-03-18-VEH058-T1,Kandy,VEH058,van,reefer,1,Nuwara Eliya,fresh_mixed,3,2,923.3,4.791,0.8878,0.6844,170.0,0.0
2026-03-18,2026-03-18-VEH059-T1,Kandy,VEH059,van,ambient,1,Kandy,fresh_dry,7,7,1081.0,5.608,0.9008,0.6231,34.0,0.0
2026-03-18,2026-03-18-VEH059-T2,Kandy,VEH059,van,ambient,2,Kandy,fresh_dry,1,1,122.3,0.648,0.1019,0.072,16.0,0.0
2026-03-18,2026-03-18-VEH060-T1,Kandy,VEH060,van,ambient,1,Badulla,fresh_dry,2,2,679.8,3.522,0.5665,0.3913,276.0,0.0
2026-03-19,2026-03-19-VEH001-T1,Peliyagoda,VEH001,truck,reefer,1,Galle,fresh_mixed,7,6,2139.5,11.111,0.3883,0.4209,290.0,0.0
2026-03-19,2026-03-19-VEH002-T1,Peliyagoda,VEH002,truck,reefer,1,Puttalam,fresh_mixed,3,2,1089.5,5.908,0.2731,0.28,278.0,0.0
2026-03-19,2026-03-19-VEH003-T1,Peliyagoda,VEH003,truck,reefer,1,Kurunegala,fresh_mixed,4,3,1588.4,8.735,0.2883,0.3309,218.0,0.0
2026-03-19,2026-03-19-VEH004-T1,Peliyagoda,VEH004,truck,reefer,1,Gampaha,fresh_mixed,3,2,1011.1,5.316,0.1478,0.1592,63.0,0.0
2026-03-19,2026-03-19-VEH005-T1,Peliyagoda,VEH005,truck,reefer,1,Kalutara,fresh_mixed,8,5,3076.4,16.473,0.4498,0.4932,132.0,0.0
2026-03-19,2026-03-19-VEH006-T1,Peliyagoda,VEH006,truck,reefer,1,Gampaha,fresh_mixed,4,2,1219.5,6.752,0.1783,0.2022,63.0,0.0
2026-03-19,2026-03-19-VEH006-T2,Peliyagoda,VEH006,truck,reefer,2,Colombo,fresh_mixed,5,4,2333.1,12.479,0.3411,0.3736,36.0,0.0
2026-03-19,2026-03-19-VEH007-T1,Peliyagoda,VEH007,truck,reefer,1,Matara,fresh_mixed,5,4,1695.1,9.388,0.4696,0.4839,356.0,0.0
2026-03-19,2026-03-19-VEH015-T1,Peliyagoda,VEH015,truck,ambient,1,Gampaha,fresh_dry,6,6,2975.5,15.752,0.783,0.716,91.0,0.0
2026-03-19,2026-03-19-VEH015-T2,Peliyagoda,VEH015,truck,ambient,2,Colombo,fresh_dry,1,1,309.8,1.725,0.0815,0.0784,24.0,0.0
2026-03-19,2026-03-19-VEH016-T1,Peliyagoda,VEH016,truck,ambient,1,Colombo,fresh_dry,8,8,3595.8,19.534,0.9463,0.8879,52.0,0.0
2026-03-19,2026-03-19-VEH017-T1,Peliyagoda,VEH017,truck,ambient,1,Kurunegala,fresh_dry,4,4,1695.8,8.641,0.4463,0.3928,232.0,0.0
2026-03-19,2026-03-19-VEH018-T1,Peliyagoda,VEH018,truck,ambient,1,Kalutara,fresh_dry,4,4,1371.5,7.43,0.3609,0.3377,123.0,0.0
2026-03-19,2026-03-19-VEH018-T2,Peliyagoda,VEH018,truck,ambient,2,Colombo,style,2,2,1297.4,20.246,0.3414,0.9203,28.0,0.0
2026-03-19,2026-03-19-VEH034-T1,Peliyagoda,VEH034,truck,ambient,1,Galle,fresh_dry,5,5,1793.8,9.934,0.4721,0.4515,280.0,0.0
2026-03-19,2026-03-19-VEH034-T2,Peliyagoda,VEH034,truck,ambient,2,Colombo,style,2,2,1131.8,20.536,0.2978,0.9335,28.0,0.0
2026-03-19,2026-03-19-VEH035-T1,Peliyagoda,VEH035,van,reefer,1,Colombo,fresh_mixed,5,4,1008.3,5.595,0.9695,0.7993,36.0,0.0
2026-03-19,2026-03-19-VEH035-T2,Peliyagoda,VEH035,van,reefer,2,Gampaha,fresh_mixed,3,2,1021.3,6.113,0.982,0.8733,63.0,0.0
2026-03-19,2026-03-19-VEH036-T1,Peliyagoda,VEH036,van,reefer,1,Colombo,fresh_mixed,7,4,1008.2,5.281,0.9694,0.7544,36.0,0.0
2026-03-19,2026-03-19-VEH037-T1,Peliyagoda,VEH037,van,ambient,1,Matara,fresh_dry,3,3,1068.3,5.899,0.9712,0.7374,344.0,0.0
2026-03-19,2026-03-19-VEH037-T2,Peliyagoda,VEH037,van,ambient,2,Colombo,style,1,1,466.1,6.889,0.4237,0.8611,24.0,0.0
2026-03-19,2026-03-19-VEH038-T1,Peliyagoda,VEH038,van,ambient,1,Puttalam,fresh_dry,2,2,581.6,3.104,0.4847,0.3449,278.0,0.0
2026-03-19,2026-03-19-VEH038-T2,Peliyagoda,VEH038,van,ambient,2,Colombo,style,1,1,531.2,8.157,0.4427,0.9063,24.0,0.0
2026-03-19,2026-03-19-VEH039-T1,Kandy,VEH039,truck,reefer,1,Nuwara Eliya,fresh_mixed,5,3,1715.3,9.251,0.2776,0.3094,184.0,0.0
2026-03-19,2026-03-19-VEH040-T1,Kandy,VEH040,truck,reefer,1,Matale,fresh_mixed,6,3,2251.2,12.797,0.4086,0.4847,68.0,0.0
2026-03-19,2026-03-19-VEH040-T2,Kandy,VEH040,truck,reefer,2,Kandy,fresh_mixed,3,2,897.9,4.876,0.163,0.1847,19.0,0.0
2026-03-19,2026-03-19-VEH041-T1,Kandy,VEH041,truck,reefer,1,Badulla,fresh_mixed,2,1,333.0,1.763,0.0922,0.0909,260.0,0.0
2026-03-19,2026-03-19-VEH042-T1,Kandy,VEH042,truck,reefer,1,Kegalle,fresh_mixed,7,4,3442.1,18.024,0.557,0.6028,110.0,0.0
2026-03-19,2026-03-19-VEH044-T1,Kandy,VEH044,truck,ambient,1,Matale,fresh_dry,3,3,1360.6,6.984,0.324,0.291,68.0,0.0
2026-03-19,2026-03-19-VEH046-T1,Kandy,VEH046,truck,ambient,1,Nuwara Eliya,fresh_dry,3,3,1043.9,5.689,0.2747,0.2586,184.0,0.0
2026-03-19,2026-03-19-VEH046-T2,Kandy,VEH046,truck,ambient,2,Kandy,style,2,2,1293.6,19.054,0.3404,0.8661,19.0,0.0
2026-03-19,2026-03-19-VEH056-T1,Kandy,VEH056,truck,ambient,1,Badulla,fresh_dry,1,1,402.8,2.192,0.106,0.0996,260.0,0.0
2026-03-19,2026-03-19-VEH056-T2,Kandy,VEH056,truck,ambient,2,Kandy,tech,1,1,1659.3,5.256,0.4367,0.2389,16.0,0.0
2026-03-19,2026-03-19-VEH057-T1,Kandy,VEH057,van,reefer,1,Kandy,fresh_mixed,8,7,960.5,5.294,0.9236,0.7563,34.0,0.0
2026-03-19,2026-03-19-VEH057-T2,Kandy,VEH057,van,reefer,2,Kandy,style,1,1,128.5,2.016,0.1236,0.288,16.0,0.0
2026-03-19,2026-03-19-VEH058-T1,Kandy,VEH058,van,reefer,1,Badulla,fresh_chilled,2,2,409.7,2.311,0.3939,0.3301,276.0,0.0
2026-03-19,2026-03-19-VEH058-T2,Kandy,VEH058,van,reefer,2,Kandy,style,1,1,312.5,5.526,0.3005,0.7894,16.0,0.0
2026-03-19,2026-03-19-VEH059-T1,Kandy,VEH059,van,ambient,1,Kandy,fresh_dry,8,8,1179.6,6.34,0.983,0.7044,37.0,0.0
2026-03-19,2026-03-19-VEH059-T2,Kandy,VEH059,van,ambient,2,Kandy,fresh_dry,2,2,689.9,3.565,0.5749,0.3961,19.0,0.0
2026-03-19,2026-03-19-VEH060-T1,Kandy,VEH060,van,ambient,1,Badulla,fresh_dry,2,2,802.7,4.494,0.6689,0.4993,276.0,0.0
2026-03-19,2026-03-19-VEH060-T2,Kandy,VEH060,van,ambient,2,Kandy,style,1,1,559.8,8.059,0.4665,0.8954,16.0,0.0
2026-03-20,2026-03-20-VEH001-T1,Peliyagoda,VEH001,truck,reefer,1,Kurunegala,fresh_mixed,4,3,1855.2,9.941,0.3367,0.3766,218.0,0.0
2026-03-20,2026-03-20-VEH002-T1,Peliyagoda,VEH002,truck,reefer,1,Puttalam,fresh_mixed,2,1,823.8,4.336,0.2065,0.2055,260.0,0.0
2026-03-20,2026-03-20-VEH003-T1,Peliyagoda,VEH003,truck,reefer,1,Colombo,fresh_mixed,9,5,4605.6,24.8,0.8359,0.9394,40.0,0.0
2026-03-20,2026-03-20-VEH004-T1,Peliyagoda,VEH004,truck,reefer,1,Kalutara,fresh_mixed,6,3,1778.6,9.169,0.26,0.2745,114.0,0.0
2026-03-20,2026-03-20-VEH006-T1,Peliyagoda,VEH006,truck,reefer,1,Gampaha,fresh_mixed,10,6,5014.3,26.611,0.7331,0.7967,91.0,0.0
2026-03-20,2026-03-20-VEH007-T1,Peliyagoda,VEH007,truck,reefer,1,Galle,fresh_mixed,6,4,2755.6,14.567,0.7633,0.7509,270.0,0.0
2026-03-20,2026-03-20-VEH008-T1,Peliyagoda,VEH008,truck,ambient,1,Galle,fresh_dry,2,2,707.5,3.541,0.1862,0.161,250.0,0.0
2026-03-20,2026-03-20-VEH008-T2,Peliyagoda,VEH008,truck,ambient,2,Colombo,tech,3,3,3222.3,10.898,0.848,0.4954,32.0,0.0
2026-03-20,2026-03-20-VEH015-T1,Peliyagoda,VEH015,truck,ambient,1,Kalutara,fresh_dry,4,4,2249.7,12.596,0.592,0.5725,123.0,0.0
2026-03-20,2026-03-20-VEH015-T2,Peliyagoda,VEH015,truck,ambient,2,Kurunegala,style,2,2,854.6,13.466,0.2249,0.6121,204.0,0.0
2026-03-20,2026-03-20-VEH016-T1,Peliyagoda,VEH016,truck,ambient,1,Gampaha,fresh_dry,6,6,2836.4,14.976,0.7464,0.6807,91.0,0.0
2026-03-20,2026-03-20-VEH017-T1,Peliyagoda,VEH017,truck,ambient,1,Kurunegala,fresh_dry,4,4,1517.2,8.684,0.3993,0.3947,232.0,0.0
2026-03-20,2026-03-20-VEH018-T1,Peliyagoda,VEH018,truck,ambient,1,Colombo,fresh_dry,6,6,2555.8,13.446,0.6726,0.6112,44.0,0.0
2026-03-20,2026-03-20-VEH018-T2,Peliyagoda,VEH018,truck,ambient,2,Galle,style,2,2,1379.5,21.491,0.363,0.9769,250.0,0.0
2026-03-20,2026-03-20-VEH025-T1,Peliyagoda,VEH025,truck,ambient,1,Puttalam,fresh_dry,2,2,610.2,3.277,0.1606,0.149,278.0,0.0
2026-03-20,2026-03-20-VEH035-T1,Peliyagoda,VEH035,van,reefer,1,Colombo,fresh_mixed,8,5,1001.4,5.418,0.9629,0.774,40.0,0.0
2026-03-20,2026-03-20-VEH035-T2,Peliyagoda,VEH035,van,reefer,2,Kurunegala,tech,1,1,736.5,2.515,0.7082,0.3593,190.0,0.0
2026-03-20,2026-03-20-VEH036-T1,Peliyagoda,VEH036,van,reefer,1,Matara,fresh_chilled,2,2,743.6,4.323,0.715,0.6176,332.0,0.0
2026-03-20,2026-03-20-VEH037-T1,Peliyagoda,VEH037,van,ambient,1,Matara,fresh_dry,2,2,865.3,4.339,0.7866,0.5424,332.0,0.0
2026-03-20,2026-03-20-VEH037-T2,Peliyagoda,VEH037,van,ambient,2,Matara,tech,1,1,520.6,1.752,0.4733,0.219,320.0,0.0
2026-03-20,2026-03-20-VEH038-T1,Peliyagoda,VEH038,van,ambient,1,Matara,fresh_dry,2,2,843.5,4.308,0.7029,0.4787,332.0,0.0
2026-03-20,2026-03-20-VEH038-T2,Peliyagoda,VEH038,van,ambient,2,Matara,style,1,1,496.8,7.603,0.414,0.8448,320.0,0.0
2026-03-20,2026-03-20-VEH039-T1,Kandy,VEH039,truck,reefer,1,Kegalle,fresh_mixed,8,4,4204.3,22.213,0.6803,0.7429,110.0,0.0
2026-03-20,2026-03-20-VEH040-T1,Kandy,VEH040,truck,reefer,1,Kandy,fresh_mixed,6,3,2059.1,11.355,0.3737,0.4301,22.0,0.0
2026-03-20,2026-03-20-VEH041-T1,Kandy,VEH041,truck,reefer,1,Nuwara Eliya,fresh_mixed,4,2,1521.6,8.22,0.4215,0.4237,170.0,0.0
2026-03-20,2026-03-20-VEH042-T1,Kandy,VEH042,truck,reefer,1,Matale,fresh_mixed,7,4,2953.8,15.549,0.478,0.52,76.0,0.0
2026-03-20,2026-03-20-VEH043-T1,Kandy,VEH043,truck,reefer,1,Badulla,fresh_mixed,2,1,472.5,2.439,0.0858,0.0924,260.0,0.0
2026-03-20,2026-03-20-VEH056-T1,Kandy,VEH056,truck,ambient,1,Nuwara Eliya,fresh_dry,3,3,1078.8,5.874,0.2839,0.267,184.0,0.0
2026-03-20,2026-03-20-VEH056-T2,Kandy,VEH056,truck,ambient,2,Badulla,tech,1,1,1967.8,6.196,0.5178,0.2816,260.0,0.0
2026-03-20,2026-03-20-VEH057-T1,Kandy,VEH057,van,reefer,1,Kandy,fresh_mixed,7,4,986.7,5.49,0.9487,0.7843,25.0,0.0
2026-03-20,2026-03-20-VEH057-T2,Kandy,VEH057,van,reefer,2,Kandy,fresh_mixed,2,1,248.1,1.238,0.2386,0.1769,16.0,0.0
2026-03-20,2026-03-20-VEH058-T1,Kandy,VEH058,van,reefer,1,Badulla,fresh_mixed,2,1,831.1,4.878,0.7991,0.6969,260.0,0.0
2026-03-20,2026-03-20-VEH059-T1,Kandy,VEH059,van,ambient,1,Matale,fresh_dry,2,2,1067.7,5.637,0.8898,0.6263,60.0,0.0
2026-03-20,2026-03-20-VEH059-T2,Kandy,VEH059,van,ambient,2,Kandy,fresh_dry,5,5,897.6,5.074,0.748,0.5638,28.0,0.0
2026-03-20,2026-03-20-VEH060-T1,Kandy,VEH060,van,ambient,1,Badulla,fresh_dry,2,2,1029.2,5.159,0.8577,0.5732,276.0,0.0
2026-03-21,2026-03-21-VEH001-T1,Peliyagoda,VEH001,truck,reefer,1,Galle,fresh_mixed,4,3,1942.8,10.414,0.3526,0.3945,260.0,0.0
2026-03-21,2026-03-21-VEH002-T1,Peliyagoda,VEH002,truck,reefer,1,Puttalam,fresh_mixed,3,2,937.3,5.02,0.2349,0.2379,278.0,0.0
2026-03-21,2026-03-21-VEH003-T1,Peliyagoda,VEH003,truck,reefer,1,Kurunegala,fresh_chilled,4,4,1651.3,8.375,0.2997,0.3172,232.0,0.0
2026-03-21,2026-03-21-VEH004-T1,Peliyagoda,VEH004,truck,reefer,1,Gampaha,fresh_mixed,6,4,3831.4,20.032,0.5601,0.5998,77.0,0.0
2026-03-21,2026-03-21-VEH004-T2,Peliyagoda,VEH004,truck,reefer,2,Colombo,fresh_mixed,3,2,2166.0,10.841,0.3167,0.3246,28.0,0.0
2026-03-21,2026-03-21-VEH005-T1,Peliyagoda,VEH005,truck,reefer,1,Kalutara,fresh_mixed,8,5,2298.1,12.737,0.336,0.3813,132.0,0.0
2026-03-21,2026-03-21-VEH006-T1,Peliyagoda,VEH006,truck,reefer,1,Gampaha,fresh_mixed,9,5,3891.3,21.098,0.5689,0.6317,84.0,0.0
2026-03-21,2026-03-21-VEH007-T1,Peliyagoda,VEH007,truck,reefer,1,Matara,fresh_mixed,5,3,1837.5,10.177,0.509,0.5246,344.0,0.0
2026-03-21,2026-03-21-VEH008-T1,Peliyagoda,VEH008,truck,ambient,1,Colombo,fresh_dry,5,5,2380.8,12.942,0.6265,0.5883,40.0,0.0
2026-03-21,2026-03-21-VEH015-T1,Peliyagoda,VEH015,truck,ambient,1,Kalutara,fresh_dry,4,4,1968.0,11.153,0.5179,0.507,123.0,0.0
2026-03-21,2026-03-21-VEH016-T1,Peliyagoda,VEH016,truck,ambient,1,Puttalam,fresh_dry,2,2,786.4,4.543,0.2069,0.2065,278.0,0.0
2026-03-21,2026-03-21-VEH017-T1,Peliyagoda,VEH017,truck,ambient,1,Kurunegala,fresh_dry,4,4,1706.4,8.905,0.4491,0.4048,232.0,0.0
2026-03-21,2026-03-21-VEH018-T1,Peliyagoda,VEH018,truck,ambient,1,Gampaha,fresh_dry,3,3,1249.3,6.738,0.3288,0.3063,70.0,0.0
2026-03-21,2026-03-21-VEH018-T2,Peliyagoda,VEH018,truck,ambient,2,Kurunegala,fresh_dry,1,1,308.7,1.717,0.0812,0.078,190.0,0.0
2026-03-21,2026-03-21-VEH035-T1,Peliyagoda,VEH035,van,reefer,1,Colombo,fresh_mixed,5,3,937.1,5.055,0.9011,0.7221,32.0,0.0
2026-03-21,2026-03-21-VEH036-T1,Peliyagoda,VEH036,van,reefer,1,Galle,fresh_mixed,4,3,1027.7,5.733,0.9882,0.819,260.0,0.0
2026-03-21,2026-03-21-VEH036-T2,Peliyagoda,VEH036,van,reefer,2,Gampaha,tech,1,1,866.6,2.727,0.8333,0.3896,56.0,0.0
2026-03-21,2026-03-21-VEH037-T1,Peliyagoda,VEH037,van,ambient,1,Colombo,fresh_dry,3,3,1087.8,6.117,0.9889,0.7646,32.0,0.0
2026-03-21,2026-03-21-VEH037-T2,Peliyagoda,VEH037,van,ambient,2,Colombo,fresh_dry,3,3,1085.4,5.674,0.9867,0.7092,32.0,0.0
2026-03-21,2026-03-21-VEH038-T1,Peliyagoda,VEH038,van,ambient,1,Matara,fresh_dry,2,2,763.5,4.169,0.6362,0.4632,332.0,0.0
2026-03-21,2026-03-21-VEH038-T2,Peliyagoda,VEH038,van,ambient,2,Kurunegala,tech,1,1,868.3,3.164,0.7236,0.3516,190.0,0.0
2026-03-21,2026-03-21-VEH039-T1,Kandy,VEH039,truck,reefer,1,Kegalle,fresh_mixed,6,4,3560.6,19.208,0.5761,0.6424,110.0,0.0
2026-03-21,2026-03-21-VEH040-T1,Kandy,VEH040,truck,reefer,1,Matale,fresh_mixed,4,2,1588.9,8.666,0.2884,0.3283,60.0,0.0
2026-03-21,2026-03-21-VEH041-T1,Kandy,VEH041,truck,reefer,1,Nuwara Eliya,fresh_mixed,5,4,1355.3,7.437,0.3754,0.3834,198.0,0.0
2026-03-21,2026-03-21-VEH042-T1,Kandy,VEH042,truck,reefer,1,Matale,fresh_mixed,8,4,3481.7,18.339,0.5634,0.6133,76.0,0.0
2026-03-21,2026-03-21-VEH044-T1,Kandy,VEH044,truck,ambient,1,Nuwara Eliya,fresh_dry,4,4,1550.5,8.982,0.3692,0.3742,198.0,0.0
2026-03-21,2026-03-21-VEH046-T1,Kandy,VEH046,truck,ambient,1,Badulla,fresh_dry,2,2,1039.5,5.612,0.2736,0.2551,276.0,0.0
2026-03-21,2026-03-21-VEH057-T1,Kandy,VEH057,van,reefer,1,Kandy,fresh_mixed,7,6,1015.8,5.423,0.9767,0.7747,31.0,0.0
2026-03-21,2026-03-21-VEH057-T2,Kandy,VEH057,van,reefer,2,Kandy,fresh_mixed,3,2,958.2,5.39,0.9213,0.77,19.0,0.0
2026-03-21,2026-03-21-VEH058-T1,Kandy,VEH058,van,reefer,1,Badulla,fresh_chilled,2,2,722.8,3.699,0.695,0.5284,276.0,0.0
2026-03-21,2026-03-21-VEH058-T2,Kandy,VEH058,van,reefer,2,Matale,tech,1,1,778.2,2.358,0.7483,0.3369,52.0,0.0
2026-03-21,2026-03-21-VEH059-T1,Kandy,VEH059,van,ambient,1,Kandy,fresh_dry,7,7,1177.9,6.276,0.9816,0.6973,34.0,0.0
2026-03-21,2026-03-21-VEH059-T2,Kandy,VEH059,van,ambient,2,Kandy,fresh_dry,3,3,892.7,4.524,0.7439,0.5027,22.0,0.0
2026-03-21,2026-03-21-VEH060-T1,Kandy,VEH060,van,ambient,1,Badulla,fresh_dry,2,2,717.4,4.065,0.5978,0.4517,276.0,0.0
2026-03-21,2026-03-21-VEH060-T2,Kandy,VEH060,van,ambient,2,Nuwara Eliya,style,1,1,369.0,6.674,0.3075,0.7416,156.0,0.0
2026-03-23,2026-03-23-VEH001-T1,Peliyagoda,VEH001,truck,reefer,1,Kalutara,fresh_mixed,8,5,3444.0,17.928,0.625,0.6791,132.0,0.0
2026-03-23,2026-03-23-VEH002-T1,Peliyagoda,VEH002,truck,reefer,1,Kurunegala,fresh_mixed,4,2,1344.7,6.895,0.337,0.3268,204.0,0.0
2026-03-23,2026-03-23-VEH003-T1,Peliyagoda,VEH003,truck,reefer,1,Gampaha,fresh_mixed,10,6,4665.3,24.677,0.8467,0.9347,91.0,0.0
2026-03-23,2026-03-23-VEH004-T1,Peliyagoda,VEH004,truck,reefer,1,Colombo,fresh_mixed,9,6,3902.3,20.841,0.5705,0.624,44.0,0.0
2026-03-23,2026-03-23-VEH005-T1,Peliyagoda,VEH005,truck,reefer,1,Colombo,fresh_mixed,7,4,2802.8,14.779,0.4098,0.4425,36.0,0.0
2026-03-23,2026-03-23-VEH007-T1,Peliyagoda,VEH007,truck,reefer,1,Galle,fresh_mixed,7,4,2212.3,12.066,0.6128,0.622,270.0,0.0
2026-03-23,2026-03-23-VEH008-T1,Peliyagoda,VEH008,truck,ambient,1,Kurunegala,fresh_dry,3,3,1123.5,6.118,0.2957,0.2781,218.0,0.0
2026-03-23,2026-03-23-VEH015-T1,Peliyagoda,VEH015,truck,ambient,1,Galle,fresh_dry,3,3,1103.9,6.008,0.2905,0.2731,260.0,0.0
2026-03-23,2026-03-23-VEH016-T1,Peliyagoda,VEH016,truck,ambient,1,Gampaha,fresh_dry,6,6,2359.4,12.671,0.6209,0.576,91.0,0.0
2026-03-23,2026-03-23-VEH017-T1,Peliyagoda,VEH017,truck,ambient,1,Kalutara,fresh_dry,4,4,1229.4,6.677,0.3235,0.3035,123.0,0.0
2026-03-23,2026-03-23-VEH018-T1,Peliyagoda,VEH018,truck,ambient,1,Puttalam,fresh_dry,3,3,842.9,4.623,0.2218,0.2101,296.0,0.0
2026-03-23,2026-03-23-VEH035-T1,Peliyagoda,VEH035,van,reefer,1,Matara,fresh_chilled,3,3,893.5,4.746,0.8591,0.678,344.0,0.0
2026-03-23,2026-03-23-VEH036-T1,Peliyagoda,VEH036,van,reefer,1,Puttalam,fresh_chilled,3,3,819.4,4.635,0.7879,0.6621,296.0,0.0
2026-03-23,2026-03-23-VEH037-T1,Peliyagoda,VEH037,van,ambient,1,Colombo,fresh_dry,5,5,1019.9,5.746,0.9272,0.7183,40.0,0.0
2026-03-23,2026-03-23-VEH037-T2,Peliyagoda,VEH037,van,ambient,2,Kalutara,style,1,1,396.2,6.102,0.3602,0.7628,96.0,0.0
2026-03-23,2026-03-23-VEH038-T1,Peliyagoda,VEH038,van,ambient,1,Matara,fresh_dry,4,4,1164.9,6.863,0.9708,0.7626,356.0,0.0
2026-03-23,2026-03-23-VEH038-T2,Peliyagoda,VEH038,van,ambient,2,Kalutara,style,1,1,543.0,8.34,0.4525,0.9267,96.0,0.0
2026-03-23,2026-03-23-VEH039-T1,Kandy,VEH039,truck,reefer,1,Nuwara Eliya,fresh_mixed,4,2,1098.4,5.782,0.1777,0.1934,170.0,0.0
2026-03-23,2026-03-23-VEH040-T1,Kandy,VEH040,truck,reefer,1,Kegalle,fresh_mixed,7,4,3009.1,17.093,0.5461,0.6475,110.0,0.0
2026-03-23,2026-03-23-VEH041-T1,Kandy,VEH041,truck,reefer,1,Badulla,fresh_mixed,2,1,373.6,1.985,0.1035,0.1023,260.0,0.0
2026-03-23,2026-03-23-VEH042-T1,Kandy,VEH042,truck,reefer,1,Kandy,fresh_mixed,3,2,934.0,5.216,0.1511,0.1744,19.0,0.0
2026-03-23,2026-03-23-VEH042-T2,Kandy,VEH042,truck,reefer,2,Matale,fresh_mixed,6,4,1857.3,10.123,0.3005,0.3386,76.0,0.0
2026-03-23,2026-03-23-VEH044-T1,Kandy,VEH044,truck,ambient,1,Matale,fresh_dry,4,4,2065.5,10.549,0.4918,0.4395,76.0,0.0
2026-03-23,2026-03-23-VEH046-T1,Kandy,VEH046,truck,ambient,1,Badulla,fresh_dry,1,1,328.1,2.007,0.0863,0.0912,260.0,0.0
2026-03-23,2026-03-23-VEH046-T2,Kandy,VEH046,truck,ambient,2,Matale,style,1,1,704.7,12.154,0.1854,0.5525,52.0,0.0
2026-03-23,2026-03-23-VEH056-T1,Kandy,VEH056,truck,ambient,1,Nuwara Eliya,fresh_dry,3,3,879.6,5.018,0.2315,0.2281,184.0,0.0
2026-03-23,2026-03-23-VEH056-T2,Kandy,VEH056,truck,ambient,2,Badulla,style,1,1,636.6,10.571,0.1675,0.4805,260.0,0.0
2026-03-23,2026-03-23-VEH057-T1,Kandy,VEH057,van,reefer,1,Kandy,fresh_mixed,7,4,870.4,4.878,0.8369,0.6969,25.0,0.0
2026-03-23,2026-03-23-VEH057-T2,Kandy,VEH057,van,reefer,2,Kandy,fresh_mixed,3,2,548.7,2.952,0.5276,0.4217,19.0,0.0
2026-03-23,2026-03-23-VEH058-T1,Kandy,VEH058,van,reefer,1,Badulla,fresh_chilled,2,2,520.2,2.883,0.5002,0.4119,276.0,0.0
2026-03-23,2026-03-23-VEH059-T1,Kandy,VEH059,van,ambient,1,Kandy,fresh_dry,6,6,1105.3,5.901,0.9211,0.6557,31.0,0.0
2026-03-23,2026-03-23-VEH060-T1,Kandy,VEH060,van,ambient,1,Badulla,fresh_dry,2,2,871.9,5.117,0.7266,0.5686,276.0,0.0
2026-03-23,2026-03-23-VEH060-T2,Kandy,VEH060,van,ambient,2,Matale,tech,1,1,654.1,2.244,0.5451,0.2493,52.0,0.0
2026-03-24,2026-03-24-VEH001-T1,Peliyagoda,VEH001,truck,reefer,1,Galle,fresh_mixed,7,4,1826.2,9.606,0.3314,0.3639,270.0,0.0
2026-03-24,2026-03-24-VEH002-T1,Peliyagoda,VEH002,truck,reefer,1,Kurunegala,fresh_mixed,3,2,932.0,5.143,0.2336,0.2437,204.0,0.0
2026-03-24,2026-03-24-VEH003-T1,Peliyagoda,VEH003,truck,reefer,1,Puttalam,fresh_mixed,3,2,647.7,3.652,0.1175,0.1383,278.0,0.0
2026-03-24,2026-03-24-VEH004-T1,Peliyagoda,VEH004,truck,reefer,1,Kalutara,fresh_mixed,8,7,2329.4,12.888,0.3406,0.3859,150.0,0.0
2026-03-24,2026-03-24-VEH005-T1,Peliyagoda,VEH005,truck,reefer,1,Colombo,fresh_mixed,6,4,2196.2,11.201,0.3211,0.3354,36.0,0.0
2026-03-24,2026-03-24-VEH005-T2,Peliyagoda,VEH005,truck,reefer,2,Gampaha,fresh_mixed,3,2,558.6,3.105,0.0817,0.093,63.0,0.0
2026-03-24,2026-03-24-VEH006-T1,Peliyagoda,VEH006,truck,reefer,1,Gampaha,fresh_mixed,10,7,4710.1,25.195,0.6886,0.7543,98.0,0.0
2026-03-24,2026-03-24-VEH007-T1,Peliyagoda,VEH007,truck,reefer,1,Kurunegala,fresh_mixed,4,3,1433.0,7.98,0.397,0.4113,218.0,0.0
2026-03-24,2026-03-24-VEH008-T1,Peliyagoda,VEH008,truck,ambient,1,Gampaha,fresh_dry,3,3,973.3,5.805,0.2561,0.2639,70.0,0.0
2026-03-24,2026-03-24-VEH008-T2,Peliyagoda,VEH008,truck,ambient,2,Colombo,fresh_dry,5,5,2683.4,14.102,0.7062,0.641,40.0,0.0
2026-03-24,2026-03-24-VEH015-T1,Peliyagoda,VEH015,truck,ambient,1,Kurunegala,fresh_dry,3,3,859.2,4.238,0.2261,0.1926,218.0,0.0
2026-03-24,2026-03-24-VEH015-T2,Peliyagoda,VEH015,truck,ambient,2,Colombo,tech,3,3,2477.0,7.715,0.6518,0.3507,32.0,0.0
2026-03-24,2026-03-24-VEH016-T1,Peliyagoda,VEH016,truck,ambient,1,Gampaha,fresh_dry,3,3,1070.0,6.113,0.2816,0.2779,70.0,0.0
2026-03-24,2026-03-24-VEH017-T1,Peliyagoda,VEH017,truck,ambient,1,Kalutara,fresh_dry,6,6,2564.5,13.803,0.6749,0.6274,141.0,0.0
2026-03-24,2026-03-24-VEH018-T1,Peliyagoda,VEH018,truck,ambient,1,Galle,fresh_dry,3,3,1079.8,5.593,0.2842,0.2542,260.0,0.0
2026-03-24,2026-03-24-VEH027-T1,Peliyagoda,VEH027,truck,ambient,1,Matara,fresh_dry,4,4,1418.0,7.433,0.3732,0.3379,356.0,0.0
2026-03-24,2026-03-24-VEH035-T1,Peliyagoda,VEH035,van,reefer,1,Colombo,fresh_mixed,6,5,1013.8,5.531,0.9748,0.7901,40.0,0.0
2026-03-24,2026-03-24-VEH036-T1,Peliyagoda,VEH036,van,reefer,1,Matara,fresh_chilled,3,3,1003.2,5.149,0.9646,0.7356,344.0,0.0
2026-03-24,2026-03-24-VEH037-T1,Peliyagoda,VEH037,van,ambient,1,Colombo,fresh_dry,5,5,1080.5,5.696,0.9823,0.712,40.0,0.0
2026-03-24,2026-03-24-VEH037-T2,Peliyagoda,VEH037,van,ambient,2,Matara,tech,1,1,454.8,1.649,0.4135,0.2061,320.0,0.0
2026-03-24,2026-03-24-VEH038-T1,Peliyagoda,VEH038,van,ambient,1,Puttalam,fresh_dry,2,2,654.3,3.531,0.5453,0.3923,278.0,0.0
2026-03-24,2026-03-24-VEH038-T2,Peliyagoda,VEH038,van,ambient,2,Kalutara,tech,1,1,971.0,3.017,0.8092,0.3352,96.0,0.0
2026-03-24,2026-03-24-VEH039-T1,Kandy,VEH039,truck,reefer,1,Matale,fresh_mixed,5,4,1962.4,11.022,0.3175,0.3686,76.0,0.0
2026-03-24,2026-03-24-VEH039-T2,Kandy,VEH039,truck,reefer,2,Kandy,fresh_mixed,4,2,1023.7,5.929,0.1656,0.1983,19.0,0.0
2026-03-24,2026-03-24-VEH040-T1,Kandy,VEH040,truck,reefer,1,Nuwara Eliya,fresh_mixed,5,4,1354.3,7.373,0.2458,0.2793,198.0,0.0
2026-03-24,2026-03-24-VEH041-T1,Kandy,VEH041,truck,reefer,1,Nuwara Eliya,fresh_mixed,5,4,1154.6,6.404,0.3198,0.3301,198.0,0.0
2026-03-24,2026-03-24-VEH042-T1,Kandy,VEH042,truck,reefer,1,Kegalle,fresh_chilled,1,1,250.6,1.376,0.0406,0.046,80.0,0.0
2026-03-24,2026-03-24-VEH044-T1,Kandy,VEH044,truck,ambient,1,Matale,fresh_dry,5,5,1968.5,10.613,0.4687,0.4422,84.0,0.0
2026-03-24,2026-03-24-VEH046-T1,Kandy,VEH046,truck,ambient,1,Badulla,fresh_dry,2,2,419.6,2.245,0.1104,0.102,276.0,0.0
2026-03-24,2026-03-24-VEH056-T1,Kandy,VEH056,truck,ambient,1,Kegalle,fresh_dry,4,4,1680.0,9.766,0.4421,0.4439,110.0,0.0
2026-03-24,2026-03-24-VEH057-T1,Kandy,VEH057,van,reefer,1,Kandy,fresh_mixed,7,4,1012.3,5.138,0.9734,0.734,25.0,0.0
2026-03-24,2026-03-24-VEH057-T2,Kandy,VEH057,van,reefer,2,Kandy,fresh_mixed,4,2,809.1,4.073,0.778,0.5819,19.0,0.0
2026-03-24,2026-03-24-VEH058-T1,Kandy,VEH058,van,reefer,1,Badulla,fresh_chilled,2,2,617.1,3.173,0.5934,0.4533,276.0,0.0
2026-03-24,2026-03-24-VEH059-T1,Kandy,VEH059,van,ambient,1,Kandy,fresh_dry,5,5,769.2,4.17,0.641,0.4633,28.0,0.0
2026-03-24,2026-03-24-VEH060-T1,Kandy,VEH060,van,ambient,1,Badulla,fresh_dry,2,2,970.3,4.857,0.8086,0.5397,276.0,0.0
2026-03-25,2026-03-25-VEH001-T1,Peliyagoda,VEH001,truck,reefer,1,Kurunegala,fresh_mixed,4,3,1332.1,7.031,0.2418,0.2663,218.0,0.0
2026-03-25,2026-03-25-VEH002-T1,Peliyagoda,VEH002,truck,reefer,1,Matara,fresh_mixed,5,4,2049.0,10.906,0.5135,0.5169,356.0,0.0
2026-03-25,2026-03-25-VEH003-T1,Peliyagoda,VEH003,truck,reefer,1,Kalutara,fresh_mixed,6,3,3370.9,18.76,0.6118,0.7106,114.0,0.0
2026-03-25,2026-03-25-VEH004-T1,Peliyagoda,VEH004,truck,reefer,1,Colombo,fresh_mixed,10,5,4937.2,26.628,0.7218,0.7972,40.0,0.0
2026-03-25,2026-03-25-VEH005-T1,Peliyagoda,VEH005,truck,reefer,1,Gampaha,fresh_mixed,9,5,6261.7,33.31,0.9155,0.9973,84.0,0.0
2026-03-25,2026-03-25-VEH006-T1,Peliyagoda,VEH006,truck,reefer,1,Galle,fresh_mixed,7,4,3223.7,17.356,0.4713,0.5196,270.0,0.0
2026-03-25,2026-03-25-VEH007-T1,Peliyagoda,VEH007,truck,reefer,1,Puttalam,fresh_mixed,3,2,876.3,4.846,0.2427,0.2498,278.0,0.0
2026-03-25,2026-03-25-VEH008-T1,Peliyagoda,VEH008,truck,ambient,1,Colombo,fresh_dry,6,6,2297.4,12.16,0.6046,0.5527,44.0,0.0
2026-03-25,2026-03-25-VEH015-T1,Peliyagoda,VEH015,truck,ambient,1,Kalutara,fresh_dry,4,4,1017.5,5.625,0.2678,0.2557,123.0,0.0
2026-03-25,2026-03-25-VEH016-T1,Peliyagoda,VEH016,truck,ambient,1,Gampaha,fresh_dry,6,6,2153.0,11.382,0.5666,0.5174,91.0,0.0
2026-03-25,2026-03-25-VEH016-T2,Peliyagoda,VEH016,truck,ambient,2,Gampaha,style,2,2,1352.9,20.212,0.356,0.9187,63.0,0.0
2026-03-25,2026-03-25-VEH017-T1,Peliyagoda,VEH017,truck,ambient,1,Kurunegala,fresh_dry,4,4,1800.6,9.454,0.4738,0.4297,232.0,0.0
2026-03-25,2026-03-25-VEH035-T1,Peliyagoda,VEH035,van,reefer,1,Colombo,fresh_mixed,7,5,954.3,5.319,0.9176,0.7599,40.0,0.0
2026-03-25,2026-03-25-VEH036-T1,Peliyagoda,VEH036,van,reefer,1,Galle,fresh_mixed,5,3,1012.9,5.283,0.9739,0.7547,260.0,0.0
2026-03-25,2026-03-25-VEH038-T1,Peliyagoda,VEH038,van,ambient,1,Puttalam,fresh_dry,2,2,508.0,2.966,0.4233,0.3296,278.0,0.0
2026-03-25,2026-03-25-VEH038-T2,Peliyagoda,VEH038,van,ambient,2,Gampaha,style,1,1,289.8,4.779,0.2415,0.531,56.0,0.0
2026-03-25,2026-03-25-VEH039-T1,Kandy,VEH039,truck,reefer,1,Nuwara Eliya,fresh_mixed,5,4,1459.7,8.02,0.2362,0.2682,198.0,0.0
2026-03-25,2026-03-25-VEH040-T1,Kandy,VEH040,truck,reefer,1,Kegalle,fresh_mixed,7,4,3365.8,18.564,0.6109,0.7032,110.0,0.0
2026-03-25,2026-03-25-VEH041-T1,Kandy,VEH041,truck,reefer,1,Badulla,fresh_chilled,2,2,677.2,3.845,0.1876,0.1982,276.0,0.0
2026-03-25,2026-03-25-VEH042-T1,Kandy,VEH042,truck,reefer,1,Kandy,fresh_mixed,6,3,1749.8,9.496,0.2831,0.3176,22.0,0.0
2026-03-25,2026-03-25-VEH043-T1,Kandy,VEH043,truck,reefer,1,Matale,fresh_mixed,7,4,3663.5,19.96,0.6649,0.7561,76.0,0.0
2026-03-25,2026-03-25-VEH044-T1,Kandy,VEH044,truck,ambient,1,Badulla,fresh_dry,2,2,693.8,3.388,0.1652,0.1412,276.0,0.0
2026-03-25,2026-03-25-VEH044-T2,Kandy,VEH044,truck,ambient,2,Kandy,tech,1,1,2225.0,6.915,0.5298,0.2881,16.0,0.0
2026-03-25,2026-03-25-VEH046-T1,Kandy,VEH046,truck,ambient,1,Badulla,tech,1,1,1891.4,5.553,0.4977,0.2524,260.0,0.0
2026-03-25,2026-03-25-VEH056-T1,Kandy,VEH056,truck,ambient,1,Nuwara Eliya,fresh_dry,4,4,1381.5,7.378,0.3636,0.3354,198.0,0.0
2026-03-25,2026-03-25-VEH056-T2,Kandy,VEH056,truck,ambient,2,Kegalle,style,1,1,729.6,10.641,0.192,0.4837,80.0,0.0
2026-03-25,2026-03-25-VEH057-T1,Kandy,VEH057,van,reefer,1,Kandy,fresh_mixed,7,5,983.6,5.571,0.9458,0.7959,28.0,0.0
2026-03-25,2026-03-25-VEH057-T2,Kandy,VEH057,van,reefer,2,Matale,fresh_mixed,3,2,946.6,5.151,0.9102,0.7359,60.0,0.0
2026-03-25,2026-03-25-VEH058-T1,Kandy,VEH058,van,reefer,1,Badulla,fresh_chilled,2,2,358.4,1.876,0.3446,0.268,276.0,0.0
2026-03-25,2026-03-25-VEH059-T1,Kandy,VEH059,van,ambient,1,Kandy,fresh_dry,7,7,1074.1,5.914,0.8951,0.6571,34.0,0.0
2026-03-25,2026-03-25-VEH059-T2,Kandy,VEH059,van,ambient,2,Kandy,tech,1,1,211.5,0.72,0.1762,0.08,16.0,0.0
2026-03-25,2026-03-25-VEH060-T1,Kandy,VEH060,van,ambient,1,Badulla,fresh_dry,2,2,658.7,3.879,0.5489,0.431,276.0,0.0
2026-03-26,2026-03-26-VEH001-T1,Peliyagoda,VEH001,truck,reefer,1,Galle,fresh_mixed,7,6,2769.4,14.876,0.5026,0.5635,290.0,0.0
2026-03-26,2026-03-26-VEH002-T1,Peliyagoda,VEH002,truck,reefer,1,Puttalam,fresh_mixed,3,2,1193.5,6.185,0.2991,0.2931,278.0,0.0
2026-03-26,2026-03-26-VEH003-T1,Peliyagoda,VEH003,truck,reefer,1,Kurunegala,fresh_mixed,4,3,1771.7,9.818,0.3215,0.3719,218.0,0.0
2026-03-26,2026-03-26-VEH004-T1,Peliyagoda,VEH004,truck,reefer,1,Colombo,fresh_mixed,10,8,4236.2,22.058,0.6193,0.6604,52.0,0.0
2026-03-26,2026-03-26-VEH005-T1,Peliyagoda,VEH005,truck,reefer,1,Kalutara,fresh_mixed,8,5,3911.9,21.101,0.5719,0.6318,132.0,0.0
2026-03-26,2026-03-26-VEH006-T1,Peliyagoda,VEH006,truck,reefer,1,Gampaha,fresh_mixed,10,6,3524.2,19.758,0.5152,0.5916,91.0,0.0
2026-03-26,2026-03-26-VEH007-T1,Peliyagoda,VEH007,truck,reefer,1,Matara,fresh_mixed,4,2,1686.6,9.575,0.4672,0.4936,332.0,0.0
2026-03-26,2026-03-26-VEH008-T1,Peliyagoda,VEH008,truck,ambient,1,Colombo,fresh_dry,6,6,3379.9,17.985,0.8894,0.8175,44.0,0.0
2026-03-26,2026-03-26-VEH008-T2,Peliyagoda,VEH008,truck,ambient,2,Colombo,style,3,3,1304.3,21.598,0.3432,0.9817,32.0,0.0
2026-03-26,2026-03-26-VEH015-T1,Peliyagoda,VEH015,truck,ambient,1,Puttalam,fresh_dry,2,2,557.1,2.843,0.1466,0.1292,278.0,0.0
2026-03-26,2026-03-26-VEH017-T1,Peliyagoda,VEH017,truck,ambient,1,Kalutara,fresh_dry,4,4,1910.8,10.284,0.5028,0.4675,123.0,0.0
2026-03-26,2026-03-26-VEH017-T2,Peliyagoda,VEH017,truck,ambient,2,Colombo,style,1,1,1079.2,15.686,0.284,0.713,24.0,0.0
2026-03-26,2026-03-26-VEH018-T1,Peliyagoda,VEH018,truck,ambient,1,Gampaha,fresh_dry,4,4,3296.2,16.511,0.8674,0.7505,77.0,0.0
2026-03-26,2026-03-26-VEH025-T1,Peliyagoda,VEH025,truck,ambient,1,Kurunegala,fresh_dry,4,4,1966.6,10.215,0.5175,0.4643,232.0,0.0
2026-03-26,2026-03-26-VEH034-T1,Peliyagoda,VEH034,truck,ambient,1,Galle,fresh_dry,5,5,2334.2,12.773,0.6143,0.5806,280.0,0.0
2026-03-26,2026-03-26-VEH034-T2,Peliyagoda,VEH034,truck,ambient,2,Colombo,style,2,2,1005.8,16.866,0.2647,0.7666,28.0,0.0
2026-03-26,2026-03-26-VEH035-T1,Peliyagoda,VEH035,van,reefer,1,Colombo,fresh_mixed,7,4,993.0,5.363,0.9548,0.7661,36.0,0.0
2026-03-26,2026-03-26-VEH036-T1,Peliyagoda,VEH036,van,reefer,1,Matara,fresh_chilled,2,2,867.3,4.203,0.8339,0.6004,332.0,0.0
2026-03-26,2026-03-26-VEH037-T1,Peliyagoda,VEH037,van,ambient,1,Colombo,fresh_dry,3,3,1058.8,5.663,0.9625,0.7079,32.0,0.0
2026-03-26,2026-03-26-VEH037-T2,Peliyagoda,VEH037,van,ambient,2,Gampaha,fresh_dry,2,2,872.3,4.605,0.793,0.5756,63.0,0.0
2026-03-26,2026-03-26-VEH038-T1,Peliyagoda,VEH038,van,ambient,1,Matara,fresh_dry,2,2,933.1,5.105,0.7776,0.5672,332.0,0.0
2026-03-26,2026-03-26-VEH039-T1,Kandy,VEH039,truck,reefer,1,Nuwara Eliya,fresh_mixed,5,3,1701.0,9.397,0.2752,0.3143,184.0,0.0
2026-03-26,2026-03-26-VEH040-T1,Kandy,VEH040,truck,reefer,1,Matale,fresh_mixed,6,3,2539.4,13.656,0.4609,0.5173,68.0,0.0
2026-03-26,2026-03-26-VEH041-T1,Kandy,VEH041,truck,reefer,1,Badulla,fresh_mixed,2,1,841.3,4.268,0.233,0.22,260.0,0.0
2026-03-26,2026-03-26-VEH042-T1,Kandy,VEH042,truck,reefer,1,Kegalle,fresh_mixed,7,4,4038.6,22.287,0.6535,0.7454,110.0,0.0
2026-03-26,2026-03-26-VEH044-T1,Kandy,VEH044,truck,ambient,1,Matale,fresh_dry,3,3,1417.3,7.422,0.3375,0.3093,68.0,0.0
2026-03-26,2026-03-26-VEH046-T1,Kandy,VEH046,truck,ambient,1,Badulla,fresh_dry,1,1,519.6,2.639,0.1367,0.12,260.0,0.0
2026-03-26,2026-03-26-VEH046-T2,Kandy,VEH046,truck,ambient,2,Kandy,style,1,1,453.0,7.112,0.1192,0.3233,16.0,0.0
2026-03-26,2026-03-26-VEH056-T1,Kandy,VEH056,truck,ambient,1,Nuwara Eliya,fresh_dry,3,3,1091.9,6.153,0.2873,0.2797,184.0,0.0
2026-03-26,2026-03-26-VEH056-T2,Kandy,VEH056,truck,ambient,2,Kandy,style,2,2,1132.9,17.044,0.2981,0.7747,19.0,0.0
2026-03-26,2026-03-26-VEH057-T1,Kandy,VEH057,van,reefer,1,Kandy,fresh_mixed,7,6,1030.1,5.501,0.9905,0.7859,31.0,0.0
2026-03-26,2026-03-26-VEH057-T2,Kandy,VEH057,van,reefer,2,Kandy,fresh_mixed,4,3,950.2,4.663,0.9137,0.6661,22.0,0.0
2026-03-26,2026-03-26-VEH058-T1,Kandy,VEH058,van,reefer,1,Badulla,fresh_chilled,2,2,414.0,2.267,0.3981,0.3239,276.0,0.0
2026-03-26,2026-03-26-VEH059-T1,Kandy,VEH059,van,ambient,1,Kandy,fresh_dry,7,7,1073.5,5.699,0.8946,0.6332,34.0,0.0
2026-03-26,2026-03-26-VEH059-T2,Kandy,VEH059,van,ambient,2,Kandy,fresh_dry,3,3,872.6,5.14,0.7272,0.5711,22.0,0.0
2026-03-26,2026-03-26-VEH060-T1,Kandy,VEH060,van,ambient,1,Badulla,fresh_dry,2,2,611.2,3.161,0.5093,0.3512,276.0,0.0
2026-03-26,2026-03-26-VEH060-T2,Kandy,VEH060,van,ambient,2,Kandy,style,2,2,535.7,8.062,0.4464,0.8958,19.0,0.0
2026-03-27,2026-03-27-VEH001-T1,Peliyagoda,VEH001,truck,reefer,1,Kurunegala,fresh_mixed,4,3,2238.4,12.275,0.4062,0.465,218.0,0.0
2026-03-27,2026-03-27-VEH002-T1,Peliyagoda,VEH002,truck,reefer,1,Galle,fresh_mixed,4,2,2027.7,11.209,0.5082,0.5312,250.0,0.0
2026-03-27,2026-03-27-VEH003-T1,Peliyagoda,VEH003,truck,reefer,1,Kalutara,fresh_mixed,6,3,2121.5,11.59,0.385,0.439,114.0,0.0
2026-03-27,2026-03-27-VEH004-T1,Peliyagoda,VEH004,truck,reefer,1,Colombo,fresh_mixed,9,5,5711.2,30.59,0.835,0.9159,40.0,0.0
2026-03-27,2026-03-27-VEH005-T1,Peliyagoda,VEH005,truck,reefer,1,Gampaha,fresh_mixed,10,6,5379.8,29.354,0.7865,0.8789,91.0,0.0
2026-03-27,2026-03-27-VEH007-T1,Peliyagoda,VEH007,truck,reefer,1,Matara,fresh_mixed,5,3,2456.8,13.41,0.6806,0.6912,344.0,0.0
2026-03-27,2026-03-27-VEH008-T1,Peliyagoda,VEH008,truck,ambient,1,Colombo,fresh_dry,7,7,3651.8,19.367,0.961,0.8803,48.0,0.0
2026-03-27,2026-03-27-VEH008-T2,Peliyagoda,VEH008,truck,ambient,2,Galle,style,1,1,1186.5,19.039,0.3122,0.8654,240.0,0.0
2026-03-27,2026-03-27-VEH016-T1,Peliyagoda,VEH016,truck,ambient,1,Gampaha,fresh_dry,6,6,3671.7,19.382,0.9662,0.881,91.0,0.0
2026-03-27,2026-03-27-VEH016-T2,Peliyagoda,VEH016,truck,ambient,2,Colombo,tech,2,2,2046.3,7.114,0.5385,0.3234,28.0,0.0
2026-03-27,2026-03-27-VEH017-T1,Peliyagoda,VEH017,truck,ambient,1,Kurunegala,fresh_dry,4,4,1807.2,10.133,0.4756,0.4606,232.0,0.0
2026-03-27,2026-03-27-VEH017-T2,Peliyagoda,VEH017,truck,ambient,2,Kurunegala,style,2,2,924.0,14.667,0.2432,0.6667,204.0,0.0
2026-03-27,2026-03-27-VEH018-T1,Peliyagoda,VEH018,truck,ambient,1,Galle,fresh_dry,4,4,1603.2,9.191,0.4219,0.4178,270.0,0.0
2026-03-27,2026-03-27-VEH018-T2,Peliyagoda,VEH018,truck,ambient,2,Galle,style,1,1,577.5,9.036,0.152,0.4107,240.0,0.0
2026-03-27,2026-03-27-VEH025-T1,Peliyagoda,VEH025,truck,ambient,1,Kalutara,fresh_dry,4,4,2278.8,11.886,0.5997,0.5403,123.0,0.0
2026-03-27,2026-03-27-VEH025-T2,Peliyagoda,VEH025,truck,ambient,2,Gampaha,tech,1,1,1725.0,6.089,0.4539,0.2768,56.0,0.0
2026-03-27,2026-03-27-VEH035-T1,Peliyagoda,VEH035,van,reefer,1,Colombo,fresh_mixed,7,4,929.4,5.256,0.8937,0.7509,36.0,0.0
2026-03-27,2026-03-27-VEH036-T1,Peliyagoda,VEH036,van,reefer,1,Puttalam,fresh_mixed,2,1,883.4,4.995,0.8494,0.7136,260.0,0.0
2026-03-27,2026-03-27-VEH037-T1,Peliyagoda,VEH037,van,ambient,1,Matara,fresh_dry,1,1,489.1,2.579,0.4446,0.3224,320.0,0.0
2026-03-27,2026-03-27-VEH038-T1,Peliyagoda,VEH038,van,ambient,1,Puttalam,fresh_dry,2,2,704.4,3.803,0.587,0.4226,278.0,0.0
2026-03-27,2026-03-27-VEH038-T2,Peliyagoda,VEH038,van,ambient,2,Matara,style,1,1,537.6,8.372,0.448,0.9302,320.0,0.0
2026-03-27,2026-03-27-VEH039-T1,Kandy,VEH039,truck,reefer,1,Kegalle,fresh_mixed,8,4,4424.5,25.044,0.7159,0.8376,110.0,0.0
2026-03-27,2026-03-27-VEH041-T1,Kandy,VEH041,truck,reefer,1,Nuwara Eliya,fresh_mixed,4,2,1433.2,8.063,0.397,0.4156,170.0,0.0
2026-03-27,2026-03-27-VEH042-T1,Kandy,VEH042,truck,reefer,1,Matale,fresh_mixed,5,3,2228.7,11.774,0.3606,0.3938,68.0,0.0
2026-03-27,2026-03-27-VEH042-T2,Kandy,VEH042,truck,reefer,2,Kandy,fresh_mixed,4,3,1693.7,8.81,0.2741,0.2946,22.0,0.0
2026-03-27,2026-03-27-VEH044-T1,Kandy,VEH044,truck,ambient,1,Matale,fresh_dry,4,4,1814.2,10.232,0.432,0.4263,76.0,0.0
2026-03-27,2026-03-27-VEH046-T1,Kandy,VEH046,truck,ambient,1,Badulla,fresh_dry,2,2,1115.8,6.173,0.2936,0.2806,276.0,0.0
2026-03-27,2026-03-27-VEH056-T1,Kandy,VEH056,truck,ambient,1,Nuwara Eliya,fresh_dry,3,3,1400.4,7.291,0.3685,0.3314,184.0,0.0
2026-03-27,2026-03-27-VEH057-T1,Kandy,VEH057,van,reefer,1,Kandy,fresh_mixed,7,5,992.6,5.39,0.9544,0.77,28.0,0.0
2026-03-27,2026-03-27-VEH058-T1,Kandy,VEH058,van,reefer,1,Badulla,fresh_chilled,2,2,643.9,3.573,0.6191,0.5104,276.0,0.0
2026-03-27,2026-03-27-VEH059-T1,Kandy,VEH059,van,ambient,1,Kandy,fresh_dry,6,6,1177.7,6.337,0.9814,0.7041,31.0,0.0
2026-03-27,2026-03-27-VEH059-T2,Kandy,VEH059,van,ambient,2,Kandy,fresh_dry,3,3,1137.5,6.156,0.9479,0.684,22.0,0.0
2026-03-27,2026-03-27-VEH060-T1,Kandy,VEH060,van,ambient,1,Badulla,fresh_dry,2,2,796.1,4.351,0.6634,0.4834,276.0,0.0
2026-03-28,2026-03-28-VEH001-T1,Peliyagoda,VEH001,truck,reefer,1,Kurunegala,fresh_chilled,4,4,1763.9,9.27,0.3201,0.3511,232.0,0.0
2026-03-28,2026-03-28-VEH002-T1,Peliyagoda,VEH002,truck,reefer,1,Galle,fresh_mixed,4,2,1657.7,8.767,0.4155,0.4155,250.0,0.0
2026-03-28,2026-03-28-VEH003-T1,Peliyagoda,VEH003,truck,reefer,1,Kalutara,fresh_mixed,8,5,2993.3,16.23,0.5432,0.6148,132.0,0.0
2026-03-28,2026-03-28-VEH004-T1,Peliyagoda,VEH004,truck,reefer,1,Colombo,fresh_mixed,10,6,4045.9,21.417,0.5915,0.6412,44.0,0.0
2026-03-28,2026-03-28-VEH005-T1,Peliyagoda,VEH005,truck,reefer,1,Gampaha,fresh_mixed,10,8,6103.5,31.227,0.8923,0.9349,105.0,0.0
2026-03-28,2026-03-28-VEH006-T1,Peliyagoda,VEH006,truck,reefer,1,Colombo,fresh_mixed,8,5,3968.9,21.766,0.5802,0.6517,40.0,0.0
2026-03-28,2026-03-28-VEH007-T1,Peliyagoda,VEH007,truck,reefer,1,Puttalam,fresh_mixed,3,2,957.1,4.885,0.2651,0.2518,278.0,0.0
2026-03-28,2026-03-28-VEH008-T1,Peliyagoda,VEH008,truck,ambient,1,Kurunegala,fresh_dry,4,4,1804.9,9.811,0.475,0.446,232.0,0.0
2026-03-28,2026-03-28-VEH008-T2,Peliyagoda,VEH008,truck,ambient,2,Kurunegala,tech,1,1,1296.9,4.391,0.3413,0.1996,190.0,0.0
2026-03-28,2026-03-28-VEH015-T1,Peliyagoda,VEH015,truck,ambient,1,Gampaha,fresh_dry,6,6,3300.2,17.547,0.8685,0.7976,91.0,0.0
2026-03-28,2026-03-28-VEH016-T1,Peliyagoda,VEH016,truck,ambient,1,Puttalam,fresh_dry,2,2,927.9,5.175,0.2442,0.2352,278.0,0.0
2026-03-28,2026-03-28-VEH017-T1,Peliyagoda,VEH017,truck,ambient,1,Kalutara,fresh_dry,4,4,1684.5,9.685,0.4433,0.4402,123.0,0.0
2026-03-28,2026-03-28-VEH025-T1,Peliyagoda,VEH025,truck,ambient,1,Galle,fresh_dry,4,4,2014.1,10.399,0.53,0.4727,270.0,0.0
2026-03-28,2026-03-28-VEH034-T1,Peliyagoda,VEH034,truck,ambient,1,Gampaha,fresh_dry,2,2,983.4,5.092,0.2588,0.2315,63.0,0.0
2026-03-28,2026-03-28-VEH034-T2,Peliyagoda,VEH034,truck,ambient,2,Kurunegala,fresh_dry,1,1,328.4,1.974,0.0864,0.0897,190.0,0.0
2026-03-28,2026-03-28-VEH035-T1,Peliyagoda,VEH035,van,reefer,1,Colombo,fresh_mixed,7,5,1040.0,5.7,1.0,0.8143,40.0,0.0
2026-03-28,2026-03-28-VEH036-T1,Peliyagoda,VEH036,van,reefer,1,Matara,fresh_chilled,3,3,1019.0,5.509,0.9798,0.787,344.0,0.0
2026-03-28,2026-03-28-VEH037-T1,Peliyagoda,VEH037,van,ambient,1,Matara,fresh_dry,3,3,1035.3,5.655,0.9412,0.7069,344.0,0.0
2026-03-28,2026-03-28-VEH037-T2,Peliyagoda,VEH037,van,ambient,2,Gampaha,tech,1,1,1034.8,3.647,0.9407,0.4559,56.0,0.0
2026-03-28,2026-03-28-VEH038-T1,Peliyagoda,VEH038,van,ambient,1,Matara,fresh_dry,1,1,463.8,2.375,0.3865,0.2639,320.0,0.0
2026-03-28,2026-03-28-VEH038-T2,Peliyagoda,VEH038,van,ambient,2,Gampaha,tech,1,1,1187.6,3.897,0.9897,0.433,56.0,0.0
2026-03-28,2026-03-28-VEH039-T1,Kandy,VEH039,truck,reefer,1,Matale,fresh_mixed,6,3,2696.3,14.195,0.4363,0.4747,68.0,0.0
2026-03-28,2026-03-28-VEH040-T1,Kandy,VEH040,truck,reefer,1,Kegalle,fresh_mixed,6,4,3557.6,19.08,0.6457,0.7227,110.0,0.0
2026-03-28,2026-03-28-VEH041-T1,Kandy,VEH041,truck,reefer,1,Nuwara Eliya,fresh_mixed,5,4,1473.4,7.792,0.4081,0.4016,198.0,0.0
2026-03-28,2026-03-28-VEH042-T1,Kandy,VEH042,truck,reefer,1,Matale,fresh_mixed,6,3,2187.8,11.37,0.354,0.3803,68.0,0.0
2026-03-28,2026-03-28-VEH042-T2,Kandy,VEH042,truck,reefer,2,Kandy,fresh_dry,2,2,524.1,2.919,0.0848,0.0976,19.0,0.0
2026-03-28,2026-03-28-VEH046-T1,Kandy,VEH046,truck,ambient,1,Badulla,fresh_dry,2,2,1092.8,5.989,0.2876,0.2722,276.0,0.0
2026-03-28,2026-03-28-VEH056-T1,Kandy,VEH056,truck,ambient,1,Nuwara Eliya,fresh_dry,4,4,1756.0,9.203,0.4621,0.4183,198.0,0.0
2026-03-28,2026-03-28-VEH057-T1,Kandy,VEH057,van,reefer,1,Kandy,fresh_mixed,8,6,1030.8,5.585,0.9912,0.7979,31.0,0.0
2026-03-28,2026-03-28-VEH057-T2,Kandy,VEH057,van,reefer,2,Kandy,fresh_mixed,3,2,916.6,5.191,0.8813,0.7416,19.0,0.0
2026-03-28,2026-03-28-VEH058-T1,Kandy,VEH058,van,reefer,1,Badulla,fresh_chilled,2,2,557.2,3.234,0.5358,0.462,276.0,0.0
2026-03-28,2026-03-28-VEH059-T1,Kandy,VEH059,van,ambient,1,Kandy,fresh_dry,7,7,1056.1,5.671,0.8801,0.6301,34.0,0.0
2026-03-28,2026-03-28-VEH059-T2,Kandy,VEH059,van,ambient,2,Matale,tech,1,1,814.5,2.383,0.6787,0.2648,52.0,0.0
2026-03-28,2026-03-28-VEH060-T1,Kandy,VEH060,van,ambient,1,Badulla,fresh_dry,2,2,433.3,2.183,0.3611,0.2426,276.0,0.0
2026-03-28,2026-03-28-VEH060-T2,Kandy,VEH060,van,ambient,2,Nuwara Eliya,style,1,1,451.7,8.095,0.3764,0.8994,156.0,0.0
