iter,current,best,destroy,repair,outcome
0,16501.831370967622,16501.831370967622,,,initial
1,16491.066939193177,16491.066939193177,worst,tw_regret,best
2,16491.00531947487,16491.00531947487,worst,regret,best
3,16491.00531947487,16491.00531947487,shaw,regret,accepted
4,16491.00531947487,16491.00531947487,random,greedy,accepted
5,15491.782018503993,15491.782018503993,shaw,greedy,best
6,15491.018129615104,15491.018129615104,random,tw_regret,best
7,15503.215726963903,15491.018129615104,shaw,greedy,accepted
8,15503.215726963903,15491.018129615104,shaw,greedy,accepted
9,15503.215726963903,15491.018129615104,shaw,greedy,accepted
10,15503.215726963903,15491.018129615104,random,regret,accepted
11,14341.183961905468,14341.183961905468,worst,greedy,best
12,14341.183961905468,14341.183961905468,random,regret,accepted
13,14281.938437608793,14281.938437608793,worst,regret,best
14,14311.140939040224,14281.938437608793,random,greedy,accepted
15,14311.140939040224,14281.938437608793,shaw,tw_regret,rejected
16,14310.75258952566,14281.938437608793,worst,regret,better
17,14310.75258952566,14281.938437608793,shaw,greedy,accepted
18,14310.75258952566,14281.938437608793,random,greedy,rejected
19,14310.75258952566,14281.938437608793,random,greedy,rejected
20,14310.75258952566,14281.938437608793,shaw,regret,rejected
21,14314.902873171983,14281.938437608793,shaw,greedy,accepted
22,14314.902873171983,14281.938437608793,worst,greedy,accepted
23,14314.51452365742,14281.938437608793,shaw,greedy,better
24,13328.969774580433,13328.969774580433,random,regret,best
25,13328.406394298743,13328.406394298743,random,regret,best
26,13328.406394298743,13328.406394298743,worst,greedy,accepted
27,13322.133572180852,13322.133572180852,worst,regret,best
28,13322.133572180852,13322.133572180852,worst,regret,accepted
29,13322.133572180852,13322.133572180852,worst,regret,accepted
30,13322.133572180852,13322.133572180852,worst,regret,accepted
31,13322.133572180852,13322.133572180852,random,tw_regret,accepted
32,13322.133572180852,13322.133572180852,random,tw_regret,rejected
33,12822.514944654826,12822.514944654826,random,tw_regret,best
34,12822.514944654826,12822.514944654826,random,regret,accepted
35,12822.514944654826,12822.514944654826,shaw,regret,accepted
36,12822.514944654826,12822.514944654826,shaw,tw_regret,accepted
37,12822.514944654826,12822.514944654826,random,regret,accepted
38,12822.514944654826,12822.514944654826,worst,tw_regret,accepted
39,12815.509433325984,12815.509433325984,worst,tw_regret,best
40,12815.509433325984,12815.509433325984,shaw,greedy,accepted
41,12815.786722058378,12815.509433325984,random,regret,accepted
42,12815.786722058378,12815.509433325984,random,greedy,rejected
43,12059.155706015597,12059.155706015597,shaw,greedy,best
44,11809.155706015597,11809.155706015597,worst,tw_regret,best
45,11809.155706015597,11809.155706015597,worst,regret,rejected
46,11816.16121734444,11809.155706015597,worst,greedy,accepted
47,11816.16121734444,11809.155706015597,random,greedy,accepted
48,11816.915657026007,11809.155706015597,shaw,regret,accepted
49,11816.915657026007,11809.155706015597,worst,greedy,accepted
50,11816.915657026007,11809.155706015597,random,regret,accepted
51,11815.92974153305,11809.155706015597,random,tw_regret,better
52,11808.73317080433,11808.73317080433,shaw,tw_regret,best
53,11808.73317080433,11808.73317080433,shaw,greedy,accepted
54,11808.73317080433,11808.73317080433,worst,regret,accepted
55,11808.73317080433,11808.73317080433,worst,tw_regret,accepted
56,11808.73317080433,11808.73317080433,shaw,greedy,accepted
57,11811.55007221278,11808.73317080433,shaw,tw_regret,accepted
58,11810.564156719822,11808.73317080433,worst,tw_regret,better
59,11807.747255311371,11807.747255311371,worst,tw_regret,best
60,11829.971087839553,11807.747255311371,worst,greedy,accepted
61,11814.020077429264,11807.747255311371,worst,regret,better
62,11807.747255311371,11807.747255311371,worst,regret,better
63,11807.747255311371,11807.747255311371,worst,tw_regret,accepted
64,11807.747255311371,11807.747255311371,shaw,tw_regret,rejected
65,11807.747255311371,11807.747255311371,random,tw_regret,accepted
66,11807.747255311371,11807.747255311371,worst,greedy,rejected
67,11807.469966578978,11807.469966578978,random,tw_regret,best
68,11857.469966578978,11807.469966578978,worst,tw_regret,accepted
69,11857.469966578978,11807.469966578978,shaw,greedy,rejected
70,11857.469966578978,11807.469966578978,worst,tw_regret,accepted
71,11857.469966578978,11807.469966578978,random,regret,rejected
72,11807.469966578978,11807.469966578978,worst,greedy,better
73,11829.971087839553,11807.469966578978,worst,greedy,accepted
74,11829.971087839553,11807.469966578978,random,tw_regret,accepted
75,11823.69826572166,11807.469966578978,worst,tw_regret,better
76,11823.69826572166,11807.469966578978,worst,tw_regret,rejected
77,11823.69826572166,11807.469966578978,shaw,greedy,accepted
78,11823.69826572166,11807.469966578978,shaw,regret,accepted
79,11823.69826572166,11807.469966578978,worst,regret,accepted
80,11823.69826572166,11807.469966578978,random,tw_regret,accepted
81,11823.69826572166,11807.469966578978,worst,regret,accepted
82,11823.69826572166,11807.469966578978,random,greedy,accepted
83,11823.69826572166,11807.469966578978,worst,tw_regret,accepted
84,11823.69826572166,11807.469966578978,worst,regret,accepted
85,11823.69826572166,11807.469966578978,random,regret,accepted
86,11823.69826572166,11807.469966578978,random,regret,accepted
87,11823.69826572166,11807.469966578978,shaw,tw_regret,rejected
88,11823.69826572166,11807.469966578978,shaw,greedy,accepted
89,11823.69826572166,11807.469966578978,shaw,greedy,accepted
90,11807.747255311371,11807.469966578978,worst,regret,better
91,11807.747255311371,11807.469966578978,shaw,tw_regret,rejected
92,11807.747255311371,11807.469966578978,random,greedy,rejected
93,11807.747255311371,11807.469966578978,shaw,tw_regret,accepted
94,11807.747255311371,11807.469966578978,random,regret,accepted
95,11782.19476827587,11782.19476827587,shaw,tw_regret,best
96,11782.19476827587,11782.19476827587,random,tw_regret,accepted
97,11783.180683768827,11782.19476827587,shaw,greedy,accepted
98,11783.180683768827,11782.19476827587,worst,regret,accepted
99,11788.809912573024,11782.19476827587,shaw,tw_regret,accepted
100,11776.68534600148,11776.68534600148,worst,regret,best
101,11776.68534600148,11776.68534600148,worst,tw_regret,accepted
102,12126.68534600148,11776.68534600148,random,greedy,accepted
103,12127.671261494439,11776.68534600148,shaw,greedy,accepted
104,11778.23464177613,11776.68534600148,worst,greedy,better
105,11778.23464177613,11776.68534600148,random,greedy,accepted
106,11777.671261494439,11776.68534600148,shaw,tw_regret,better
107,11777.671261494439,11776.68534600148,worst,tw_regret,accepted
108,11776.962634733876,11776.68534600148,shaw,tw_regret,better
109,11775.976719240918,11775.976719240918,random,greedy,best
110,11776.962634733876,11775.976719240918,random,regret,accepted
111,11776.962634733876,11775.976719240918,random,regret,accepted
112,11776.962634733876,11775.976719240918,shaw,regret,accepted
113,11775.976719240918,11775.976719240918,worst,tw_regret,better
114,11775.976719240918,11775.976719240918,shaw,tw_regret,accepted
115,11775.699430508525,11775.699430508525,random,greedy,best
116,11775.699430508525,11775.699430508525,random,tw_regret,accepted
117,11775.699430508525,11775.699430508525,shaw,greedy,rejected
118,11775.699430508525,11775.699430508525,random,tw_regret,accepted
119,11775.699430508525,11775.699430508525,shaw,greedy,accepted
120,11775.699430508525,11775.699430508525,worst,greedy,accepted
121,11775.699430508525,11775.699430508525,worst,regret,accepted
122,11775.699430508525,11775.699430508525,worst,greedy,accepted
123,11775.699430508525,11775.699430508525,shaw,tw_regret,rejected
124,11775.699430508525,11775.699430508525,worst,tw_regret,accepted
125,11775.699430508525,11775.699430508525,random,regret,accepted
126,11775.699430508525,11775.699430508525,shaw,regret,rejected
127,11775.699430508525,11775.699430508525,worst,greedy,rejected
128,11787.285899402403,11775.699430508525,shaw,tw_regret,accepted
129,11787.285899402403,11775.699430508525,random,greedy,rejected
130,11786.610364712784,11775.699430508525,random,tw_regret,better
131,11771.169571807202,11771.169571807202,worst,greedy,best
132,11771.169571807202,11771.169571807202,random,greedy,rejected
133,11775.245276032554,11771.169571807202,shaw,tw_regret,accepted
134,11775.245276032554,11771.169571807202,shaw,tw_regret,accepted
135,11775.245276032554,11771.169571807202,worst,tw_regret,accepted
136,11775.245276032554,11771.169571807202,worst,tw_regret,accepted
137,11774.967987300159,11771.169571807202,worst,tw_regret,better
138,11774.690698567765,11771.169571807202,shaw,tw_regret,better
139,11781.187942903343,11771.169571807202,worst,tw_regret,accepted
140,11826.528096356029,11771.169571807202,shaw,tw_regret,accepted
141,11809.838338242129,11771.169571807202,worst,tw_regret,better
142,11809.838338242129,11771.169571807202,shaw,regret,accepted
143,11809.838338242129,11771.169571807202,random,tw_regret,accepted
144,11809.838338242129,11771.169571807202,worst,tw_regret,rejected
145,11809.838338242129,11771.169571807202,worst,tw_regret,accepted
146,11809.838338242129,11771.169571807202,shaw,greedy,accepted
147,11809.561049509733,11771.169571807202,worst,regret,better
148,11809.838338242129,11771.169571807202,worst,tw_regret,accepted
149,11809.838338242129,11771.169571807202,worst,tw_regret,accepted
150,11809.838338242129,11771.169571807202,shaw,tw_regret,rejected
151,11809.838338242129,11771.169571807202,shaw,tw_regret,rejected
152,11809.838338242129,11771.169571807202,random,regret,accepted
153,11826.497013699125,11771.169571807202,shaw,tw_regret,accepted
154,11823.684513699125,11771.169571807202,worst,regret,better
155,11807.30153497572,11771.169571807202,shaw,regret,better
156,11814.307046304564,11771.169571807202,random,greedy,accepted
157,11814.029757572169,11771.169571807202,worst,greedy,better
158,11814.029757572169,11771.169571807202,random,greedy,rejected
159,11814.029757572169,11771.169571807202,worst,regret,accepted
160,11813.466377290479,11771.169571807202,random,regret,better
161,11813.466377290479,11771.169571807202,worst,regret,accepted
162,11813.466377290479,11771.169571807202,random,regret,accepted
163,11813.466377290479,11771.169571807202,shaw,tw_regret,rejected
164,11813.466377290479,11771.169571807202,shaw,tw_regret,rejected
165,11813.466377290479,11771.169571807202,worst,greedy,accepted
166,11813.466377290479,11771.169571807202,random,regret,accepted
167,11813.466377290479,11771.169571807202,worst,greedy,accepted
168,11813.466377290479,11771.169571807202,shaw,regret,rejected
169,11813.466377290479,11771.169571807202,shaw,tw_regret,accepted
170,11813.466377290479,11771.169571807202,worst,regret,accepted
171,11816.556166022874,11771.169571807202,shaw,tw_regret,accepted
172,11816.84384957097,11771.169571807202,shaw,regret,accepted
173,11816.566560838577,11771.169571807202,worst,tw_regret,better
174,11816.289272106182,11771.169571807202,shaw,tw_regret,better
175,11809.28376077734,11771.169571807202,worst,tw_regret,better
176,11809.28376077734,11771.169571807202,random,tw_regret,accepted
177,11807.025838242129,11771.169571807202,worst,regret,better
178,11807.025838242129,11771.169571807202,worst,tw_regret,accepted
179,11807.025838242129,11771.169571807202,shaw,greedy,rejected
180,11807.025838242129,11771.169571807202,worst,regret,accepted
181,11807.025838242129,11771.169571807202,random,regret,rejected
182,11807.025838242129,11771.169571807202,shaw,tw_regret,accepted
183,11807.025838242129,11771.169571807202,worst,tw_regret,accepted
184,11807.025838242129,11771.169571807202,random,regret,accepted
185,11807.025838242129,11771.169571807202,worst,tw_regret,accepted
186,11807.025838242129,11771.169571807202,random,greedy,accepted
187,11807.025838242129,11771.169571807202,worst,regret,accepted
188,11807.025838242129,11771.169571807202,shaw,tw_regret,accepted
189,11807.025838242129,11771.169571807202,worst,regret,accepted
190,11807.025838242129,11771.169571807202,worst,greedy,accepted
191,11807.025838242129,11771.169571807202,shaw,regret,accepted
192,11804.036015935555,11771.169571807202,worst,tw_regret,better
193,11804.036015935555,11771.169571807202,random,tw_regret,accepted
194,11804.036015935555,11771.169571807202,random,greedy,accepted
195,11804.036015935555,11771.169571807202,worst,regret,accepted
196,11805.462446861537,11771.169571807202,shaw,tw_regret,accepted
197,11804.316613528203,11771.169571807202,worst,greedy,better
198,11804.316613528203,11771.169571807202,shaw,greedy,rejected
199,11804.316613528203,11771.169571807202,shaw,tw_regret,rejected
200,11804.316613528203,11771.169571807202,random,regret,accepted
201,11804.316613528203,11771.169571807202,worst,greedy,accepted
202,11804.316613528203,11771.169571807202,worst,tw_regret,accepted
203,11804.028929980106,11771.169571807202,worst,greedy,better
204,11747.695512596005,11747.695512596005,shaw,tw_regret,best
205,11747.695512596005,11747.695512596005,worst,regret,accepted
206,11747.695512596005,11747.695512596005,shaw,regret,rejected
207,11747.695512596005,11747.695512596005,random,greedy,accepted
208,11747.695512596005,11747.695512596005,worst,tw_regret,accepted
209,11748.588001446506,11747.695512596005,shaw,tw_regret,accepted
210,11745.771100038055,11745.771100038055,worst,tw_regret,best
211,11745.483416489957,11745.483416489957,random,tw_regret,best
212,11745.483416489957,11745.483416489957,worst,tw_regret,accepted
213,11745.483416489957,11745.483416489957,shaw,regret,accepted
214,11745.483416489957,11745.483416489957,worst,regret,accepted
215,11745.483416489957,11745.483416489957,worst,regret,accepted
216,11745.483416489957,11745.483416489957,worst,regret,accepted
217,11752.4889278188,11745.483416489957,worst,greedy,accepted
218,11745.483416489957,11745.483416489957,worst,regret,better
219,11745.483416489957,11745.483416489957,worst,greedy,rejected
220,11745.483416489957,11745.483416489957,worst,regret,accepted
221,11745.483416489957,11745.483416489957,shaw,regret,accepted
222,11745.483416489957,11745.483416489957,shaw,greedy,rejected
223,11745.483416489957,11745.483416489957,shaw,regret,accepted
224,11752.201244270702,11745.483416489957,random,greedy,accepted
225,11769.984465336227,11745.483416489957,worst,regret,accepted
226,11769.984465336227,11745.483416489957,random,regret,accepted
227,11770.814678701765,11745.483416489957,shaw,regret,accepted
228,11770.814678701765,11745.483416489957,random,tw_regret,rejected
229,11752.298768425293,11745.483416489957,worst,greedy,better
230,11751.735388143603,11745.483416489957,worst,greedy,better
231,11750.488105534907,11745.483416489957,random,regret,better
232,11767.146780991903,11745.483416489957,shaw,regret,accepted
233,11001.855792255985,11001.855792255985,shaw,tw_regret,best
234,10995.582970138092,10995.582970138092,random,regret,best
235,10995.582970138092,10995.582970138092,random,regret,accepted
236,10795.582970138092,10795.582970138092,worst,greedy,best
237,10794.259440726326,10794.259440726326,random,regret,best
238,10794.259440726326,10794.259440726326,random,tw_regret,accepted
239,10794.259440726326,10794.259440726326,shaw,tw_regret,accepted
240,10794.259440726326,10794.259440726326,random,tw_regret,accepted
241,10794.259440726326,10794.259440726326,shaw,tw_regret,rejected
242,10794.259440726326,10794.259440726326,worst,tw_regret,accepted
243,10794.259440726326,10794.259440726326,worst,tw_regret,accepted
244,10800.70157177348,10794.259440726326,worst,greedy,accepted
245,10800.70157177348,10794.259440726326,worst,greedy,accepted
246,10800.70157177348,10794.259440726326,random,tw_regret,accepted
247,10793.696060444636,10793.696060444636,worst,regret,best
248,10793.696060444636,10793.696060444636,worst,regret,accepted
249,10800.70157177348,10793.696060444636,random,greedy,accepted
250,10800.70157177348,10793.696060444636,shaw,tw_regret,rejected
251,10800.70157177348,10793.696060444636,random,tw_regret,accepted
252,10800.70157177348,10793.696060444636,worst,greedy,rejected
253,10767.90745412642,10767.90745412642,worst,greedy,best
254,10767.90745412642,10767.90745412642,random,regret,accepted
255,10767.90745412642,10767.90745412642,shaw,tw_regret,rejected
256,10767.90745412642,10767.90745412642,worst,regret,accepted
257,10767.90745412642,10767.90745412642,worst,greedy,accepted
258,10767.90745412642,10767.90745412642,random,regret,rejected
259,10767.90745412642,10767.90745412642,random,tw_regret,accepted
260,10769.49836321733,10767.90745412642,worst,tw_regret,accepted
261,10760.901942797578,10760.901942797578,worst,tw_regret,best
262,10760.901942797578,10760.901942797578,worst,greedy,rejected
263,10760.901942797578,10760.901942797578,random,greedy,accepted
264,10760.901942797578,10760.901942797578,shaw,greedy,rejected
265,10760.901942797578,10760.901942797578,worst,regret,rejected
266,10760.901942797578,10760.901942797578,shaw,tw_regret,accepted
267,10760.901942797578,10760.901942797578,random,tw_regret,rejected
268,10760.901942797578,10760.901942797578,worst,greedy,rejected
269,10760.901942797578,10760.901942797578,shaw,greedy,rejected
270,10767.90745412642,10760.901942797578,worst,greedy,accepted
271,10767.90745412642,10760.901942797578,shaw,regret,accepted
272,10767.90745412642,10760.901942797578,shaw,regret,rejected
273,10767.90745412642,10760.901942797578,random,greedy,rejected
274,10767.90745412642,10760.901942797578,worst,regret,rejected
275,10767.90745412642,10760.901942797578,shaw,tw_regret,rejected
276,10767.90745412642,10760.901942797578,shaw,tw_regret,accepted
277,10767.90745412642,10760.901942797578,shaw,greedy,accepted
278,10767.90745412642,10760.901942797578,random,tw_regret,accepted
279,10767.90745412642,10760.901942797578,shaw,regret,accepted
280,10767.17476491547,10760.901942797578,shaw,regret,better
281,10767.17476491547,10760.901942797578,random,tw_regret,accepted
282,10767.17476491547,10760.901942797578,worst,tw_regret,accepted
283,10760.901942797578,10760.901942797578,worst,regret,better
284,10760.901942797578,10760.901942797578,random,greedy,accepted
285,10760.901942797578,10760.901942797578,worst,regret,accepted
286,10760.901942797578,10760.901942797578,shaw,tw_regret,rejected
287,10760.901942797578,10760.901942797578,shaw,greedy,accepted
288,10760.901942797578,10760.901942797578,random,tw_regret,accepted
289,10760.901942797578,10760.901942797578,worst,tw_regret,accepted
290,10760.901942797578,10760.901942797578,worst,regret,accepted
291,10760.901942797578,10760.901942797578,random,greedy,accepted
292,10760.901942797578,10760.901942797578,random,regret,rejected
293,10760.901942797578,10760.901942797578,shaw,greedy,rejected
294,10760.901942797578,10760.901942797578,random,greedy,accepted
295,10760.901942797578,10760.901942797578,random,tw_regret,accepted
296,10760.901942797578,10760.901942797578,shaw,tw_regret,rejected
297,10760.901942797578,10760.901942797578,shaw,tw_regret,accepted
298,10760.901942797578,10760.901942797578,worst,regret,accepted
299,10760.901942797578,10760.901942797578,worst,regret,accepted
300,10760.901942797578,10760.901942797578,worst,tw_regret,accepted
301,10760.901942797578,10760.901942797578,random,regret,accepted
302,10760.901942797578,10760.901942797578,shaw,tw_regret,accepted
303,10760.901942797578,10760.901942797578,random,tw_regret,accepted
304,10760.901942797578,10760.901942797578,worst,tw_regret,accepted
305,10760.901942797578,10760.901942797578,random,regret,rejected
306,10760.901942797578,10760.901942797578,random,tw_regret,accepted
307,10760.901942797578,10760.901942797578,random,greedy,rejected
308,10760.901942797578,10760.901942797578,worst,tw_regret,accepted
309,10760.901942797578,10760.901942797578,random,tw_regret,accepted
310,10760.901942797578,10760.901942797578,worst,regret,accepted
311,10760.901942797578,10760.901942797578,worst,regret,accepted
312,10760.901942797578,10760.901942797578,worst,tw_regret,accepted
313,10760.901942797578,10760.901942797578,random,tw_regret,accepted
314,10760.901942797578,10760.901942797578,random,greedy,accepted
315,10760.901942797578,10760.901942797578,random,tw_regret,accepted
316,10764.961725406272,10760.901942797578,shaw,tw_regret,accepted
317,10764.961725406272,10760.901942797578,shaw,greedy,rejected
318,10762.149225406272,10760.901942797578,worst,regret,better
319,10762.149225406272,10760.901942797578,shaw,greedy,accepted
320,10762.149225406272,10760.901942797578,random,regret,accepted
321,10762.149225406272,10760.901942797578,shaw,regret,accepted
322,10762.149225406272,10760.901942797578,random,greedy,accepted
323,10762.149225406272,10760.901942797578,worst,tw_regret,accepted
324,10762.149225406272,10760.901942797578,random,tw_regret,accepted
325,10762.149225406272,10760.901942797578,shaw,tw_regret,accepted
326,10762.149225406272,10760.901942797578,shaw,tw_regret,accepted
327,10762.149225406272,10760.901942797578,worst,tw_regret,accepted
328,10762.149225406272,10760.901942797578,random,regret,accepted
329,10762.149225406272,10760.901942797578,random,regret,accepted
330,10768.422047524165,10760.901942797578,worst,greedy,accepted
331,10762.149225406272,10760.901942797578,worst,tw_regret,better
332,10762.149225406272,10760.901942797578,random,regret,accepted
333,10762.149225406272,10760.901942797578,worst,tw_regret,rejected
334,10762.149225406272,10760.901942797578,shaw,regret,rejected
335,10762.149225406272,10760.901942797578,worst,tw_regret,accepted
336,10762.149225406272,10760.901942797578,random,regret,accepted
337,10762.149225406272,10760.901942797578,shaw,tw_regret,accepted
338,10762.149225406272,10760.901942797578,shaw,greedy,rejected
339,10762.149225406272,10760.901942797578,shaw,regret,accepted
340,10762.149225406272,10760.901942797578,random,greedy,accepted
341,10762.149225406272,10760.901942797578,worst,greedy,rejected
342,10762.149225406272,10760.901942797578,worst,tw_regret,accepted
343,10762.149225406272,10760.901942797578,random,greedy,rejected
344,10762.149225406272,10760.901942797578,worst,regret,accepted
345,10768.422047524165,10760.901942797578,worst,greedy,accepted
346,10768.422047524165,10760.901942797578,shaw,tw_regret,rejected
347,10767.17476491547,10760.901942797578,shaw,tw_regret,better
348,10760.901942797578,10760.901942797578,worst,tw_regret,better
349,10760.901942797578,10760.901942797578,worst,regret,accepted
350,10760.901942797578,10760.901942797578,worst,tw_regret,accepted
351,10760.901942797578,10760.901942797578,shaw,greedy,rejected
352,10760.901942797578,10760.901942797578,random,greedy,accepted
353,10760.901942797578,10760.901942797578,random,regret,accepted
354,10760.901942797578,10760.901942797578,shaw,tw_regret,rejected
355,10760.901942797578,10760.901942797578,shaw,tw_regret,rejected
356,10760.901942797578,10760.901942797578,worst,greedy,accepted
357,10760.901942797578,10760.901942797578,random,regret,accepted
358,10760.901942797578,10760.901942797578,random,regret,accepted
359,10760.901942797578,10760.901942797578,shaw,regret,accepted
360,10760.901942797578,10760.901942797578,worst,greedy,rejected
361,10760.901942797578,10760.901942797578,random,greedy,accepted
362,10760.901942797578,10760.901942797578,shaw,greedy,rejected
363,10760.901942797578,10760.901942797578,random,regret,accepted
364,10760.901942797578,10760.901942797578,worst,greedy,accepted
365,10760.901942797578,10760.901942797578,random,tw_regret,accepted
366,10760.901942797578,10760.901942797578,shaw,tw_regret,rejected
367,10760.901942797578,10760.901942797578,shaw,tw_regret,accepted
368,10760.901942797578,10760.901942797578,worst,regret,accepted
369,10760.901942797578,10760.901942797578,worst,tw_regret,accepted
370,10760.901942797578,10760.901942797578,shaw,tw_regret,accepted
371,10760.901942797578,10760.901942797578,worst,tw_regret,accepted
372,10761.577477487197,10760.901942797578,shaw,tw_regret,accepted
373,10761.577477487197,10760.901942797578,worst,greedy,accepted
374,10761.577477487197,10760.901942797578,shaw,regret,accepted
375,10761.577477487197,10760.901942797578,worst,greedy,rejected
376,10761.577477487197,10760.901942797578,worst,tw_regret,accepted
377,10761.577477487197,10760.901942797578,worst,greedy,rejected
378,10761.577477487197,10760.901942797578,random,regret,accepted
379,10767.850299605088,10760.901942797578,worst,tw_regret,accepted
380,10767.850299605088,10760.901942797578,random,greedy,rejected
381,10760.901942797578,10760.901942797578,worst,regret,better
382,10760.901942797578,10760.901942797578,random,greedy,accepted
383,10760.901942797578,10760.901942797578,random,regret,rejected
384,10760.901942797578,10760.901942797578,shaw,greedy,rejected
385,10760.901942797578,10760.901942797578,shaw,regret,accepted
386,10760.901942797578,10760.901942797578,worst,tw_regret,accepted
387,10760.901942797578,10760.901942797578,random,tw_regret,accepted
388,10760.901942797578,10760.901942797578,worst,tw_regret,accepted
389,10760.901942797578,10760.901942797578,worst,regret,accepted
390,10760.901942797578,10760.901942797578,random,regret,accepted
391,10760.901942797578,10760.901942797578,worst,tw_regret,accepted
392,10760.901942797578,10760.901942797578,shaw,greedy,rejected
393,10760.901942797578,10760.901942797578,worst,tw_regret,rejected
394,10760.901942797578,10760.901942797578,random,greedy,rejected
395,10760.901942797578,10760.901942797578,shaw,regret,accepted
396,10760.901942797578,10760.901942797578,worst,regret,accepted
397,10760.901942797578,10760.901942797578,random,tw_regret,accepted
398,10760.901942797578,10760.901942797578,worst,greedy,rejected
399,10767.90745412642,10760.901942797578,worst,greedy,accepted
400,10767.90745412642,10760.901942797578,worst,greedy,rejected
401,10767.90745412642,10760.901942797578,random,regret,accepted
402,10767.90745412642,10760.901942797578,shaw,regret,rejected
403,10767.90745412642,10760.901942797578,random,tw_regret,accepted
404,10767.90745412642,10760.901942797578,random,tw_regret,accepted
405,10767.90745412642,10760.901942797578,shaw,greedy,rejected
406,10767.90745412642,10760.901942797578,worst,greedy,accepted
407,10760.901942797578,10760.901942797578,worst,tw_regret,better
408,10760.901942797578,10760.901942797578,random,greedy,accepted
409,10760.901942797578,10760.901942797578,worst,tw_regret,accepted
410,10760.901942797578,10760.901942797578,worst,greedy,accepted
411,10760.901942797578,10760.901942797578,random,greedy,rejected
412,10760.901942797578,10760.901942797578,random,tw_regret,rejected
413,10760.901942797578,10760.901942797578,worst,regret,accepted
414,10760.901942797578,10760.901942797578,shaw,regret,accepted
415,10760.901942797578,10760.901942797578,shaw,greedy,accepted
416,10760.901942797578,10760.901942797578,random,regret,accepted
417,10760.901942797578,10760.901942797578,worst,greedy,rejected
418,10760.901942797578,10760.901942797578,shaw,tw_regret,accepted
419,10760.901942797578,10760.901942797578,worst,regret,accepted
420,10760.901942797578,10760.901942797578,shaw,greedy,rejected
421,10760.901942797578,10760.901942797578,random,regret,rejected
422,10760.901942797578,10760.901942797578,worst,tw_regret,accepted
423,10760.901942797578,10760.901942797578,worst,tw_regret,accepted
424,10760.901942797578,10760.901942797578,random,greedy,accepted
425,10760.901942797578,10760.901942797578,worst,greedy,rejected
426,10760.901942797578,10760.901942797578,shaw,tw_regret,rejected
427,10760.901942797578,10760.901942797578,random,tw_regret,accepted
428,10760.901942797578,10760.901942797578,random,tw_regret,accepted
429,10760.901942797578,10760.901942797578,random,regret,accepted
430,10760.901942797578,10760.901942797578,worst,greedy,accepted
431,10760.901942797578,10760.901942797578,worst,regret,accepted
432,10760.901942797578,10760.901942797578,worst,tw_regret,accepted
433,10760.901942797578,10760.901942797578,shaw,regret,accepted
434,10761.465323079268,10760.901942797578,random,greedy,accepted
435,10761.465323079268,10760.901942797578,shaw,greedy,rejected
436,10761.465323079268,10760.901942797578,random,tw_regret,rejected
437,10761.465323079268,10760.901942797578,shaw,regret,accepted
438,10761.465323079268,10760.901942797578,random,regret,accepted
439,10761.465323079268,10760.901942797578,worst,greedy,accepted
440,10761.465323079268,10760.901942797578,shaw,tw_regret,accepted
441,10761.465323079268,10760.901942797578,worst,regret,accepted
442,10761.465323079268,10760.901942797578,worst,regret,accepted
443,10761.465323079268,10760.901942797578,shaw,regret,accepted
444,10761.465323079268,10760.901942797578,worst,greedy,rejected
445,10761.465323079268,10760.901942797578,worst,regret,accepted
446,10761.465323079268,10760.901942797578,shaw,greedy,rejected
447,10760.901942797578,10760.901942797578,worst,regret,better
448,10760.901942797578,10760.901942797578,worst,tw_regret,rejected
449,10760.901942797578,10760.901942797578,shaw,tw_regret,rejected
450,10760.901942797578,10760.901942797578,shaw,greedy,rejected
451,10760.901942797578,10760.901942797578,random,tw_regret,accepted
452,10760.901942797578,10760.901942797578,shaw,greedy,rejected
453,10760.901942797578,10760.901942797578,random,tw_regret,accepted
454,10760.901942797578,10760.901942797578,worst,regret,accepted
455,10760.901942797578,10760.901942797578,shaw,regret,rejected
456,10760.901942797578,10760.901942797578,random,tw_regret,accepted
457,10760.901942797578,10760.901942797578,shaw,greedy,rejected
458,10760.901942797578,10760.901942797578,random,greedy,accepted
459,10760.901942797578,10760.901942797578,shaw,tw_regret,accepted
460,10760.901942797578,10760.901942797578,random,regret,accepted
461,10760.901942797578,10760.901942797578,shaw,greedy,accepted
462,10760.901942797578,10760.901942797578,worst,tw_regret,accepted
463,10760.901942797578,10760.901942797578,worst,regret,accepted
464,10760.901942797578,10760.901942797578,worst,regret,accepted
465,10760.901942797578,10760.901942797578,random,regret,accepted
466,10760.901942797578,10760.901942797578,random,regret,rejected
467,10760.901942797578,10760.901942797578,worst,greedy,accepted
468,10760.901942797578,10760.901942797578,shaw,regret,accepted
469,10760.901942797578,10760.901942797578,worst,regret,accepted
470,10760.901942797578,10760.901942797578,random,regret,accepted
471,10760.901942797578,10760.901942797578,random,regret,accepted
472,10760.901942797578,10760.901942797578,random,greedy,accepted
473,10760.901942797578,10760.901942797578,random,regret,rejected
474,10760.901942797578,10760.901942797578,worst,tw_regret,accepted
475,10760.901942797578,10760.901942797578,shaw,greedy,rejected
476,10760.901942797578,10760.901942797578,worst,tw_regret,rejected
477,10760.901942797578,10760.901942797578,random,tw_regret,accepted
478,10761.887858290534,10760.901942797578,shaw,greedy,accepted
479,10761.887858290534,10760.901942797578,random,tw_regret,accepted
480,10761.887858290534,10760.901942797578,worst,tw_regret,accepted
481,10763.2113877023,10760.901942797578,random,greedy,accepted
482,10763.2113877023,10760.901942797578,shaw,regret,accepted
483,10763.2113877023,10760.901942797578,random,greedy,rejected
484,10760.901942797578,10760.901942797578,shaw,regret,better
485,10760.901942797578,10760.901942797578,worst,tw_regret,accepted
486,10760.901942797578,10760.901942797578,worst,regret,accepted
487,10760.901942797578,10760.901942797578,worst,greedy,rejected
488,10760.901942797578,10760.901942797578,random,tw_regret,accepted
489,10760.901942797578,10760.901942797578,shaw,tw_regret,rejected
490,10760.901942797578,10760.901942797578,random,regret,rejected
491,10760.901942797578,10760.901942797578,shaw,regret,accepted
492,10760.901942797578,10760.901942797578,worst,greedy,rejected
493,10760.901942797578,10760.901942797578,worst,regret,accepted
494,10760.901942797578,10760.901942797578,random,regret,accepted
495,10760.901942797578,10760.901942797578,random,greedy,accepted
496,10760.901942797578,10760.901942797578,worst,regret,accepted
497,10760.901942797578,10760.901942797578,worst,regret,accepted
498,10760.901942797578,10760.901942797578,worst,tw_regret,accepted
499,10760.901942797578,10760.901942797578,random,greedy,accepted
500,10760.901942797578,10760.901942797578,shaw,regret,accepted
501,10760.901942797578,10760.901942797578,random,tw_regret,accepted
502,10760.901942797578,10760.901942797578,random,greedy,rejected
503,10760.901942797578,10760.901942797578,worst,greedy,accepted
504,10760.901942797578,10760.901942797578,worst,greedy,accepted
505,10760.901942797578,10760.901942797578,worst,greedy,rejected
506,10760.901942797578,10760.901942797578,worst,greedy,accepted
507,10760.901942797578,10760.901942797578,random,regret,accepted
508,10760.901942797578,10760.901942797578,worst,tw_regret,accepted
509,10760.901942797578,10760.901942797578,worst,regret,accepted
510,10767.90745412642,10760.901942797578,worst,greedy,accepted
511,10767.90745412642,10760.901942797578,random,tw_regret,accepted
512,10767.17476491547,10760.901942797578,random,tw_regret,better
513,10767.17476491547,10760.901942797578,shaw,regret,accepted
514,10767.17476491547,10760.901942797578,worst,tw_regret,accepted
515,10767.17476491547,10760.901942797578,worst,greedy,accepted
516,10767.17476491547,10760.901942797578,worst,regret,accepted
517,10767.17476491547,10760.901942797578,random,greedy,accepted
518,10767.17476491547,10760.901942797578,worst,tw_regret,rejected
519,10767.17476491547,10760.901942797578,worst,regret,accepted
520,10767.17476491547,10760.901942797578,worst,greedy,rejected
521,10767.17476491547,10760.901942797578,random,greedy,rejected
522,10767.17476491547,10760.901942797578,random,tw_regret,accepted
523,10767.17476491547,10760.901942797578,random,greedy,accepted
524,10767.17476491547,10760.901942797578,shaw,greedy,accepted
525,10767.17476491547,10760.901942797578,shaw,regret,accepted
526,10767.17476491547,10760.901942797578,random,regret,accepted
527,10767.17476491547,10760.901942797578,shaw,greedy,accepted
528,10767.17476491547,10760.901942797578,worst,regret,accepted
529,10760.901942797578,10760.901942797578,worst,regret,better
530,10760.901942797578,10760.901942797578,random,greedy,rejected
531,10760.901942797578,10760.901942797578,worst,greedy,rejected
532,10760.901942797578,10760.901942797578,shaw,tw_regret,accepted
533,10760.901942797578,10760.901942797578,shaw,regret,accepted
534,10760.901942797578,10760.901942797578,random,greedy,accepted
535,10760.901942797578,10760.901942797578,worst,regret,accepted
536,10760.901942797578,10760.901942797578,worst,regret,rejected
537,10760.901942797578,10760.901942797578,random,tw_regret,accepted
538,10760.901942797578,10760.901942797578,worst,regret,accepted
539,10760.901942797578,10760.901942797578,worst,regret,rejected
540,10760.901942797578,10760.901942797578,random,regret,accepted
541,10760.901942797578,10760.901942797578,random,greedy,accepted
542,10760.901942797578,10760.901942797578,worst,greedy,rejected
543,10760.901942797578,10760.901942797578,random,tw_regret,accepted
544,10760.901942797578,10760.901942797578,worst,regret,accepted
545,10760.901942797578,10760.901942797578,worst,greedy,accepted
546,10760.901942797578,10760.901942797578,shaw,tw_regret,rejected
547,10760.901942797578,10760.901942797578,worst,tw_regret,accepted
548,10760.901942797578,10760.901942797578,random,tw_regret,rejected
549,10760.901942797578,10760.901942797578,worst,regret,accepted
550,10760.901942797578,10760.901942797578,shaw,tw_regret,accepted
551,10762.149225406272,10760.901942797578,random,regret,accepted
552,10762.149225406272,10760.901942797578,shaw,tw_regret,rejected
553,10760.901942797578,10760.901942797578,random,tw_regret,better
554,10760.901942797578,10760.901942797578,random,greedy,accepted
555,10760.901942797578,10760.901942797578,shaw,regret,accepted
556,10760.901942797578,10760.901942797578,shaw,tw_regret,rejected
557,10760.901942797578,10760.901942797578,shaw,regret,rejected
558,10760.901942797578,10760.901942797578,worst,greedy,accepted
559,10760.901942797578,10760.901942797578,shaw,tw_regret,accepted
560,10760.901942797578,10760.901942797578,worst,tw_regret,accepted
561,10760.901942797578,10760.901942797578,shaw,tw_regret,accepted
562,10760.901942797578,10760.901942797578,random,greedy,rejected
563,10760.901942797578,10760.901942797578,worst,tw_regret,rejected
564,10760.901942797578,10760.901942797578,worst,tw_regret,rejected
565,10760.901942797578,10760.901942797578,random,greedy,rejected
566,10760.901942797578,10760.901942797578,random,greedy,rejected
567,10760.901942797578,10760.901942797578,worst,tw_regret,rejected
568,10760.901942797578,10760.901942797578,shaw,tw_regret,accepted
569,10760.901942797578,10760.901942797578,shaw,tw_regret,rejected
570,10760.901942797578,10760.901942797578,random,tw_regret,accepted
571,10760.901942797578,10760.901942797578,random,greedy,accepted
572,10760.901942797578,10760.901942797578,worst,tw_regret,accepted
573,10760.901942797578,10760.901942797578,worst,regret,accepted
574,10760.901942797578,10760.901942797578,random,tw_regret,accepted
575,10760.901942797578,10760.901942797578,random,tw_regret,accepted
576,10760.901942797578,10760.901942797578,shaw,greedy,rejected
577,10760.901942797578,10760.901942797578,worst,regret,accepted
578,10760.901942797578,10760.901942797578,worst,greedy,rejected
579,10760.901942797578,10760.901942797578,worst,regret,accepted
580,10760.901942797578,10760.901942797578,random,regret,accepted
581,10760.901942797578,10760.901942797578,shaw,tw_regret,rejected
582,10760.901942797578,10760.901942797578,shaw,greedy,rejected
583,10760.901942797578,10760.901942797578,shaw,greedy,accepted
584,10760.901942797578,10760.901942797578,random,tw_regret,accepted
585,10760.901942797578,10760.901942797578,worst,tw_regret,accepted
586,10760.901942797578,10760.901942797578,worst,tw_regret,accepted
587,10760.901942797578,10760.901942797578,worst,regret,accepted
588,10760.901942797578,10760.901942797578,random,greedy,rejected
589,10760.901942797578,10760.901942797578,random,greedy,rejected
590,10760.901942797578,10760.901942797578,worst,regret,accepted
591,10760.901942797578,10760.901942797578,worst,regret,accepted
592,10760.901942797578,10760.901942797578,shaw,regret,accepted
593,10760.901942797578,10760.901942797578,worst,greedy,rejected
594,10760.901942797578,10760.901942797578,worst,greedy,accepted
595,10767.90745412642,10760.901942797578,worst,greedy,accepted
596,10767.90745412642,10760.901942797578,shaw,greedy,accepted
597,10767.90745412642,10760.901942797578,shaw,greedy,rejected
598,10767.90745412642,10760.901942797578,random,regret,accepted
599,10760.901942797578,10760.901942797578,worst,tw_regret,better
600,10760.901942797578,10760.901942797578,shaw,regret,rejected
601,10760.901942797578,10760.901942797578,worst,tw_regret,accepted
602,10760.901942797578,10760.901942797578,worst,regret,accepted
603,10760.901942797578,10760.901942797578,random,regret,accepted
604,10760.901942797578,10760.901942797578,shaw,tw_regret,rejected
605,10760.901942797578,10760.901942797578,worst,greedy,rejected
606,10760.901942797578,10760.901942797578,random,regret,accepted
607,10760.901942797578,10760.901942797578,random,tw_regret,accepted
608,10760.901942797578,10760.901942797578,shaw,greedy,rejected
609,10760.901942797578,10760.901942797578,random,greedy,rejected
610,10784.111690818716,10760.901942797578,worst,greedy,accepted
611,10784.111690818716,10760.901942797578,random,regret,accepted
612,10784.111690818716,10760.901942797578,worst,regret,accepted
613,10783.125775325758,10760.901942797578,random,greedy,better
614,10776.852953207865,10760.901942797578,shaw,regret,better
615,10776.852953207865,10760.901942797578,shaw,regret,accepted
616,10776.852953207865,10760.901942797578,shaw,regret,rejected
617,10776.852953207865,10760.901942797578,random,regret,accepted
618,10776.852953207865,10760.901942797578,shaw,greedy,rejected
619,10776.852953207865,10760.901942797578,random,greedy,rejected
620,10776.852953207865,10760.901942797578,random,greedy,accepted
621,10776.852953207865,10760.901942797578,worst,regret,accepted
622,10776.852953207865,10760.901942797578,shaw,tw_regret,rejected
623,10776.852953207865,10760.901942797578,worst,regret,rejected
624,10760.901942797578,10760.901942797578,worst,tw_regret,better
625,10760.901942797578,10760.901942797578,shaw,greedy,rejected
626,10760.901942797578,10760.901942797578,random,regret,accepted
627,10760.901942797578,10760.901942797578,worst,tw_regret,accepted
628,10760.901942797578,10760.901942797578,random,regret,accepted
629,10760.901942797578,10760.901942797578,shaw,tw_regret,rejected
630,10760.901942797578,10760.901942797578,random,tw_regret,accepted
631,10760.901942797578,10760.901942797578,worst,greedy,accepted
632,10760.901942797578,10760.901942797578,worst,regret,accepted
633,10762.149225406272,10760.901942797578,random,regret,accepted
634,10762.149225406272,10760.901942797578,shaw,tw_regret,accepted
635,10762.149225406272,10760.901942797578,shaw,greedy,rejected
636,10762.149225406272,10760.901942797578,worst,regret,accepted
637,10762.149225406272,10760.901942797578,worst,tw_regret,accepted
638,10762.149225406272,10760.901942797578,worst,tw_regret,accepted
639,10762.149225406272,10760.901942797578,worst,tw_regret,accepted
640,10762.149225406272,10760.901942797578,shaw,regret,rejected
641,10762.149225406272,10760.901942797578,worst,tw_regret,accepted
642,10762.149225406272,10760.901942797578,shaw,regret,accepted
643,10762.149225406272,10760.901942797578,shaw,greedy,rejected
644,10762.149225406272,10760.901942797578,random,regret,accepted
645,10762.149225406272,10760.901942797578,random,tw_regret,accepted
646,10762.149225406272,10760.901942797578,random,greedy,accepted
647,10762.149225406272,10760.901942797578,worst,tw_regret,accepted
648,10762.149225406272,10760.901942797578,random,regret,accepted
649,10762.149225406272,10760.901942797578,random,greedy,accepted
650,10760.901942797578,10760.901942797578,worst,tw_regret,better
651,10760.901942797578,10760.901942797578,random,regret,accepted
652,10760.901942797578,10760.901942797578,worst,greedy,accepted
653,10760.901942797578,10760.901942797578,shaw,tw_regret,accepted
654,10760.901942797578,10760.901942797578,worst,tw_regret,accepted
655,10760.901942797578,10760.901942797578,worst,tw_regret,accepted
656,10760.901942797578,10760.901942797578,shaw,tw_regret,accepted
657,10761.577477487197,10760.901942797578,random,tw_regret,accepted
658,10761.577477487197,10760.901942797578,random,greedy,rejected
659,10761.577477487197,10760.901942797578,random,greedy,rejected
660,10761.577477487197,10760.901942797578,random,regret,rejected
661,10761.577477487197,10760.901942797578,random,greedy,rejected
662,10760.901942797578,10760.901942797578,worst,tw_regret,better
663,10760.901942797578,10760.901942797578,worst,greedy,accepted
664,10760.901942797578,10760.901942797578,worst,tw_regret,accepted
665,10760.901942797578,10760.901942797578,random,regret,rejected
666,10762.149225406272,10760.901942797578,shaw,greedy,accepted
667,10762.149225406272,10760.901942797578,random,tw_regret,accepted
668,10762.149225406272,10760.901942797578,random,greedy,accepted
669,10760.901942797578,10760.901942797578,worst,tw_regret,better
670,10760.901942797578,10760.901942797578,shaw,greedy,rejected
671,10760.901942797578,10760.901942797578,worst,regret,rejected
672,10760.901942797578,10760.901942797578,shaw,regret,rejected
673,10760.901942797578,10760.901942797578,shaw,regret,accepted
674,10760.901942797578,10760.901942797578,shaw,tw_regret,rejected
675,10760.901942797578,10760.901942797578,random,tw_regret,accepted
676,10760.901942797578,10760.901942797578,random,regret,accepted
677,10760.901942797578,10760.901942797578,random,greedy,accepted
678,10760.901942797578,10760.901942797578,worst,regret,accepted
679,10760.901942797578,10760.901942797578,random,regret,accepted
680,10760.901942797578,10760.901942797578,random,regret,accepted
681,10760.901942797578,10760.901942797578,worst,tw_regret,accepted
682,10760.901942797578,10760.901942797578,worst,regret,rejected
683,10760.901942797578,10760.901942797578,worst,tw_regret,accepted
684,10760.901942797578,10760.901942797578,shaw,tw_regret,accepted
685,10760.901942797578,10760.901942797578,worst,greedy,rejected
686,10760.901942797578,10760.901942797578,shaw,greedy,accepted
687,10760.901942797578,10760.901942797578,worst,tw_regret,accepted
688,10761.887858290534,10760.901942797578,random,greedy,accepted
689,10761.887858290534,10760.901942797578,random,greedy,rejected
690,10761.887858290534,10760.901942797578,random,tw_regret,accepted
691,10761.887858290534,10760.901942797578,worst,regret,accepted
692,10761.887858290534,10760.901942797578,worst,tw_regret,rejected
693,10760.901942797578,10760.901942797578,random,tw_regret,better
694,10760.901942797578,10760.901942797578,random,tw_regret,rejected
695,10760.901942797578,10760.901942797578,random,greedy,accepted
696,10760.901942797578,10760.901942797578,shaw,tw_regret,accepted
697,10760.901942797578,10760.901942797578,shaw,greedy,accepted
698,10760.901942797578,10760.901942797578,random,greedy,accepted
699,10760.901942797578,10760.901942797578,worst,tw_regret,accepted
700,10767.90745412642,10760.901942797578,worst,greedy,accepted
701,10767.90745412642,10760.901942797578,shaw,regret,rejected
702,10767.90745412642,10760.901942797578,random,greedy,rejected
703,10760.901942797578,10760.901942797578,worst,tw_regret,better
704,10760.901942797578,10760.901942797578,worst,greedy,rejected
705,10760.901942797578,10760.901942797578,worst,tw_regret,accepted
706,10760.901942797578,10760.901942797578,shaw,greedy,rejected
707,10760.901942797578,10760.901942797578,worst,greedy,accepted
708,10760.901942797578,10760.901942797578,random,tw_regret,accepted
709,10760.901942797578,10760.901942797578,worst,greedy,rejected
710,10760.901942797578,10760.901942797578,random,greedy,accepted
711,10760.901942797578,10760.901942797578,worst,regret,accepted
712,10760.901942797578,10760.901942797578,shaw,tw_regret,rejected
713,10760.901942797578,10760.901942797578,shaw,regret,rejected
714,10760.901942797578,10760.901942797578,worst,tw_regret,accepted
715,10760.901942797578,10760.901942797578,shaw,regret,accepted
716,10760.901942797578,10760.901942797578,random,greedy,accepted
717,10760.901942797578,10760.901942797578,random,regret,accepted
718,10760.901942797578,10760.901942797578,worst,regret,accepted
719,10760.901942797578,10760.901942797578,shaw,greedy,rejected
720,10760.901942797578,10760.901942797578,random,greedy,accepted
721,10760.901942797578,10760.901942797578,shaw,greedy,rejected
722,10760.901942797578,10760.901942797578,random,regret,accepted
723,10760.901942797578,10760.901942797578,shaw,tw_regret,accepted
724,10760.901942797578,10760.901942797578,worst,regret,accepted
725,10760.901942797578,10760.901942797578,shaw,greedy,rejected
726,10760.901942797578,10760.901942797578,worst,regret,rejected
727,10760.901942797578,10760.901942797578,random,tw_regret,accepted
728,10760.901942797578,10760.901942797578,worst,tw_regret,accepted
729,10760.901942797578,10760.901942797578,worst,tw_regret,accepted
730,10760.901942797578,10760.901942797578,random,regret,accepted
731,10760.901942797578,10760.901942797578,random,greedy,accepted
732,10760.901942797578,10760.901942797578,worst,greedy,rejected
733,10766.186241180467,10760.901942797578,worst,tw_regret,accepted
734,10766.186241180467,10760.901942797578,worst,regret,accepted
735,10766.186241180467,10760.901942797578,shaw,regret,accepted
736,10766.186241180467,10760.901942797578,worst,greedy,rejected
737,10766.186241180467,10760.901942797578,random,regret,accepted
738,10766.186241180467,10760.901942797578,shaw,regret,accepted
739,10766.186241180467,10760.901942797578,random,greedy,rejected
740,10766.186241180467,10760.901942797578,random,regret,accepted
741,10766.186241180467,10760.901942797578,random,greedy,rejected
742,10761.577477487197,10760.901942797578,worst,greedy,better
743,10761.577477487197,10760.901942797578,random,tw_regret,accepted
744,10762.140857768887,10760.901942797578,worst,greedy,accepted
745,10761.577477487197,10760.901942797578,random,greedy,better
746,10761.577477487197,10760.901942797578,worst,greedy,accepted
747,10761.577477487197,10760.901942797578,shaw,tw_regret,accepted
748,10760.901942797578,10760.901942797578,random,regret,better
749,10760.901942797578,10760.901942797578,random,regret,accepted
750,10760.901942797578,10760.901942797578,worst,greedy,accepted
751,10760.901942797578,10760.901942797578,worst,regret,accepted
752,10760.901942797578,10760.901942797578,worst,greedy,accepted
753,10760.901942797578,10760.901942797578,worst,greedy,accepted
754,10760.901942797578,10760.901942797578,random,tw_regret,rejected
755,10760.901942797578,10760.901942797578,shaw,tw_regret,accepted
756,10760.901942797578,10760.901942797578,shaw,greedy,rejected
757,10760.901942797578,10760.901942797578,random,tw_regret,accepted
758,10760.901942797578,10760.901942797578,random,tw_regret,accepted
759,10760.901942797578,10760.901942797578,worst,greedy,rejected
760,10760.901942797578,10760.901942797578,shaw,greedy,accepted
761,10760.901942797578,10760.901942797578,random,greedy,accepted
762,10760.901942797578,10760.901942797578,worst,tw_regret,accepted
763,10760.901942797578,10760.901942797578,worst,tw_regret,accepted
764,10760.901942797578,10760.901942797578,random,regret,rejected
765,10760.901942797578,10760.901942797578,random,greedy,accepted
766,10760.901942797578,10760.901942797578,shaw,tw_regret,rejected
767,10760.901942797578,10760.901942797578,worst,tw_regret,rejected
768,10760.901942797578,10760.901942797578,random,tw_regret,rejected
769,10760.901942797578,10760.901942797578,worst,regret,accepted
770,10760.901942797578,10760.901942797578,random,regret,rejected
771,10760.901942797578,10760.901942797578,shaw,regret,rejected
772,10760.901942797578,10760.901942797578,shaw,regret,accepted
773,10760.901942797578,10760.901942797578,worst,regret,accepted
774,10760.901942797578,10760.901942797578,random,tw_regret,rejected
775,10760.901942797578,10760.901942797578,shaw,greedy,rejected
776,10760.901942797578,10760.901942797578,worst,greedy,rejected
777,10760.901942797578,10760.901942797578,random,greedy,accepted
778,10760.901942797578,10760.901942797578,random,tw_regret,accepted
779,10760.901942797578,10760.901942797578,worst,tw_regret,accepted
780,10760.901942797578,10760.901942797578,random,tw_regret,accepted
781,10760.901942797578,10760.901942797578,worst,greedy,accepted
782,10760.901942797578,10760.901942797578,random,regret,rejected
783,10760.901942797578,10760.901942797578,shaw,greedy,rejected
784,10760.901942797578,10760.901942797578,worst,tw_regret,accepted
785,10760.901942797578,10760.901942797578,random,tw_regret,accepted
786,10760.901942797578,10760.901942797578,random,greedy,accepted
787,10760.901942797578,10760.901942797578,worst,tw_regret,accepted
788,10760.901942797578,10760.901942797578,worst,tw_regret,accepted
789,10760.901942797578,10760.901942797578,random,regret,accepted
790,10760.901942797578,10760.901942797578,worst,tw_regret,rejected
791,10760.901942797578,10760.901942797578,worst,greedy,accepted
792,10760.901942797578,10760.901942797578,shaw,greedy,rejected
793,10760.901942797578,10760.901942797578,shaw,tw_regret,accepted
794,10760.901942797578,10760.901942797578,worst,tw_regret,accepted
795,10760.901942797578,10760.901942797578,worst,tw_regret,accepted
796,10760.901942797578,10760.901942797578,shaw,greedy,rejected
797,10760.901942797578,10760.901942797578,random,greedy,rejected
798,10760.901942797578,10760.901942797578,worst,tw_regret,accepted
799,10760.901942797578,10760.901942797578,shaw,greedy,accepted
800,10760.901942797578,10760.901942797578,shaw,regret,rejected
801,10760.901942797578,10760.901942797578,worst,tw_regret,accepted
802,10760.901942797578,10760.901942797578,worst,regret,accepted
803,10760.901942797578,10760.901942797578,worst,tw_regret,accepted
804,10760.901942797578,10760.901942797578,shaw,tw_regret,rejected
805,10760.901942797578,10760.901942797578,worst,greedy,rejected
806,10760.901942797578,10760.901942797578,random,greedy,rejected
807,10760.901942797578,10760.901942797578,shaw,greedy,accepted
808,10760.901942797578,10760.901942797578,worst,regret,accepted
809,10760.901942797578,10760.901942797578,random,tw_regret,rejected
810,10760.901942797578,10760.901942797578,worst,tw_regret,accepted
811,10760.901942797578,10760.901942797578,random,regret,accepted
812,10760.901942797578,10760.901942797578,worst,regret,accepted
813,10760.901942797578,10760.901942797578,worst,greedy,rejected
814,10760.901942797578,10760.901942797578,worst,greedy,rejected
815,10760.901942797578,10760.901942797578,random,greedy,rejected
816,10760.901942797578,10760.901942797578,random,greedy,rejected
817,10760.901942797578,10760.901942797578,worst,regret,rejected
818,10760.901942797578,10760.901942797578,random,greedy,accepted
819,10760.901942797578,10760.901942797578,worst,greedy,accepted
820,10760.901942797578,10760.901942797578,shaw,regret,rejected
821,10760.901942797578,10760.901942797578,random,regret,accepted
822,10760.901942797578,10760.901942797578,random,regret,accepted
823,10760.901942797578,10760.901942797578,random,tw_regret,accepted
824,10760.901942797578,10760.901942797578,worst,regret,rejected
825,10760.901942797578,10760.901942797578,worst,regret,accepted
826,10760.901942797578,10760.901942797578,worst,regret,accepted
827,10762.149225406272,10760.901942797578,shaw,regret,accepted
828,10762.149225406272,10760.901942797578,shaw,greedy,accepted
829,10762.149225406272,10760.901942797578,worst,greedy,accepted
830,10762.149225406272,10760.901942797578,shaw,tw_regret,accepted
831,10762.149225406272,10760.901942797578,worst,tw_regret,accepted
832,10762.149225406272,10760.901942797578,random,tw_regret,rejected
833,10762.149225406272,10760.901942797578,random,tw_regret,accepted
834,10762.149225406272,10760.901942797578,random,tw_regret,accepted
835,10762.149225406272,10760.901942797578,random,greedy,rejected
836,10760.901942797578,10760.901942797578,random,tw_regret,better
837,10760.901942797578,10760.901942797578,worst,tw_regret,accepted
838,10760.901942797578,10760.901942797578,worst,tw_regret,accepted
839,10760.901942797578,10760.901942797578,worst,greedy,accepted
840,10760.901942797578,10760.901942797578,shaw,greedy,accepted
841,10760.901942797578,10760.901942797578,shaw,greedy,rejected
842,10760.901942797578,10760.901942797578,worst,tw_regret,accepted
843,10760.901942797578,10760.901942797578,random,tw_regret,accepted
844,10760.901942797578,10760.901942797578,shaw,regret,accepted
845,10760.901942797578,10760.901942797578,worst,regret,accepted
846,10760.901942797578,10760.901942797578,shaw,tw_regret,rejected
847,10760.901942797578,10760.901942797578,worst,tw_regret,rejected
848,10760.901942797578,10760.901942797578,random,tw_regret,accepted
849,10760.901942797578,10760.901942797578,random,greedy,rejected
850,10760.901942797578,10760.901942797578,shaw,greedy,rejected
851,10760.901942797578,10760.901942797578,worst,regret,accepted
852,10760.901942797578,10760.901942797578,worst,tw_regret,accepted
853,10760.901942797578,10760.901942797578,random,regret,rejected
854,10760.901942797578,10760.901942797578,random,tw_regret,rejected
855,10760.901942797578,10760.901942797578,random,tw_regret,accepted
856,10761.577477487197,10760.901942797578,random,regret,accepted
857,10761.577477487197,10760.901942797578,worst,regret,rejected
858,10761.577477487197,10760.901942797578,worst,tw_regret,accepted
859,10761.577477487197,10760.901942797578,random,greedy,accepted
860,10761.577477487197,10760.901942797578,worst,regret,rejected
861,10761.577477487197,10760.901942797578,worst,regret,accepted
862,10761.577477487197,10760.901942797578,random,tw_regret,rejected
863,10761.577477487197,10760.901942797578,worst,greedy,rejected
864,10761.577477487197,10760.901942797578,shaw,tw_regret,rejected
865,10761.577477487197,10760.901942797578,worst,greedy,rejected
866,10761.577477487197,10760.901942797578,shaw,regret,accepted
867,10761.577477487197,10760.901942797578,random,regret,accepted
868,10761.577477487197,10760.901942797578,worst,tw_regret,accepted
869,10761.577477487197,10760.901942797578,worst,regret,accepted
870,10761.577477487197,10760.901942797578,shaw,tw_regret,accepted
871,10760.901942797578,10760.901942797578,random,tw_regret,better
872,10760.901942797578,10760.901942797578,shaw,tw_regret,accepted
873,10760.901942797578,10760.901942797578,random,tw_regret,accepted
874,10760.901942797578,10760.901942797578,random,regret,accepted
875,10760.901942797578,10760.901942797578,worst,greedy,rejected
876,10760.901942797578,10760.901942797578,shaw,regret,accepted
877,10760.901942797578,10760.901942797578,random,greedy,rejected
878,10760.901942797578,10760.901942797578,random,tw_regret,accepted
879,10760.901942797578,10760.901942797578,random,regret,accepted
880,10760.901942797578,10760.901942797578,random,regret,accepted
881,10760.901942797578,10760.901942797578,shaw,tw_regret,accepted
882,10760.901942797578,10760.901942797578,random,greedy,rejected
883,10760.901942797578,10760.901942797578,random,regret,accepted
884,10760.901942797578,10760.901942797578,shaw,greedy,rejected
885,10760.901942797578,10760.901942797578,worst,greedy,accepted
886,10760.901942797578,10760.901942797578,random,regret,accepted
887,10760.901942797578,10760.901942797578,random,greedy,accepted
888,10760.901942797578,10760.901942797578,shaw,tw_regret,accepted
889,10760.901942797578,10760.901942797578,worst,regret,accepted
890,10760.901942797578,10760.901942797578,worst,tw_regret,accepted
891,10760.901942797578,10760.901942797578,worst,tw_regret,accepted
892,10760.901942797578,10760.901942797578,random,regret,rejected
893,10760.901942797578,10760.901942797578,worst,regret,accepted
894,10760.901942797578,10760.901942797578,random,tw_regret,accepted
895,10760.901942797578,10760.901942797578,random,regret,accepted
896,10760.901942797578,10760.901942797578,shaw,regret,accepted
897,10760.901942797578,10760.901942797578,worst,tw_regret,accepted
898,10760.901942797578,10760.901942797578,random,tw_regret,accepted
899,10760.901942797578,10760.901942797578,worst,greedy,rejected
900,10760.901942797578,10760.901942797578,random,tw_regret,accepted
901,10760.901942797578,10760.901942797578,worst,tw_regret,accepted
902,10760.901942797578,10760.901942797578,worst,greedy,accepted
903,10760.901942797578,10760.901942797578,worst,tw_regret,accepted
904,10760.901942797578,10760.901942797578,worst,tw_regret,accepted
905,10760.901942797578,10760.901942797578,worst,greedy,accepted
906,10760.901942797578,10760.901942797578,random,tw_regret,accepted
907,10760.901942797578,10760.901942797578,random,tw_regret,rejected
908,10760.901942797578,10760.901942797578,shaw,greedy,rejected
909,10760.901942797578,10760.901942797578,shaw,greedy,accepted
910,10760.901942797578,10760.901942797578,worst,regret,accepted
911,10760.901942797578,10760.901942797578,random,regret,rejected
912,10760.901942797578,10760.901942797578,worst,regret,accepted
913,10760.901942797578,10760.901942797578,shaw,regret,rejected
914,10760.901942797578,10760.901942797578,worst,regret,accepted
915,10760.901942797578,10760.901942797578,random,greedy,accepted
916,10760.901942797578,10760.901942797578,random,greedy,accepted
917,10760.901942797578,10760.901942797578,worst,regret,accepted
918,10760.901942797578,10760.901942797578,worst,regret,rejected
919,10760.901942797578,10760.901942797578,shaw,greedy,accepted
920,10760.901942797578,10760.901942797578,shaw,tw_regret,accepted
921,10760.901942797578,10760.901942797578,worst,tw_regret,accepted
922,10760.901942797578,10760.901942797578,random,greedy,accepted
923,10760.901942797578,10760.901942797578,worst,regret,accepted
924,10760.901942797578,10760.901942797578,worst,regret,accepted
925,10760.901942797578,10760.901942797578,worst,regret,accepted
926,10760.901942797578,10760.901942797578,random,regret,accepted
927,10760.901942797578,10760.901942797578,random,tw_regret,accepted
928,10760.901942797578,10760.901942797578,shaw,tw_regret,accepted
929,10760.901942797578,10760.901942797578,random,tw_regret,rejected
930,10760.901942797578,10760.901942797578,worst,tw_regret,accepted
931,10760.901942797578,10760.901942797578,shaw,greedy,rejected
932,10760.901942797578,10760.901942797578,shaw,tw_regret,accepted
933,10760.901942797578,10760.901942797578,random,tw_regret,accepted
934,10760.901942797578,10760.901942797578,shaw,regret,accepted
935,10760.901942797578,10760.901942797578,worst,greedy,rejected
936,10760.901942797578,10760.901942797578,random,greedy,accepted
937,10744.899457296335,10744.899457296335,shaw,greedy,best
938,10744.899457296335,10744.899457296335,shaw,regret,accepted
939,10744.899457296335,10744.899457296335,random,greedy,rejected
940,10744.899457296335,10744.899457296335,shaw,greedy,rejected
941,10744.899457296335,10744.899457296335,random,regret,accepted
942,10744.899457296335,10744.899457296335,random,greedy,accepted
943,10744.899457296335,10744.899457296335,worst,greedy,accepted
944,10743.867974280593,10743.867974280593,worst,regret,best
945,10743.867974280593,10743.867974280593,shaw,greedy,accepted
946,10743.867974280593,10743.867974280593,random,tw_regret,rejected
947,10743.867974280593,10743.867974280593,random,tw_regret,accepted
948,10743.867974280593,10743.867974280593,worst,tw_regret,accepted
949,10742.424312308762,10742.424312308762,shaw,greedy,best
950,10742.424312308762,10742.424312308762,random,regret,accepted
951,10742.424312308762,10742.424312308762,worst,regret,accepted
952,10742.424312308762,10742.424312308762,worst,tw_regret,accepted
953,10742.424312308762,10742.424312308762,worst,greedy,rejected
954,10742.424312308762,10742.424312308762,random,tw_regret,rejected
955,10742.424312308762,10742.424312308762,shaw,tw_regret,rejected
956,10742.424312308762,10742.424312308762,worst,regret,accepted
957,10742.424312308762,10742.424312308762,random,tw_regret,accepted
958,10742.424312308762,10742.424312308762,random,greedy,rejected
959,10742.424312308762,10742.424312308762,shaw,greedy,rejected
960,10741.100782896998,10741.100782896998,random,greedy,best
961,10741.100782896998,10741.100782896998,shaw,regret,accepted
962,10741.100782896998,10741.100782896998,random,regret,accepted
963,10741.100782896998,10741.100782896998,shaw,tw_regret,accepted
964,10741.100782896998,10741.100782896998,random,greedy,accepted
965,10741.100782896998,10741.100782896998,worst,greedy,rejected
966,10741.100782896998,10741.100782896998,random,greedy,accepted
967,10741.100782896998,10741.100782896998,worst,greedy,rejected
968,10741.100782896998,10741.100782896998,random,tw_regret,accepted
969,10741.100782896998,10741.100782896998,shaw,tw_regret,accepted
970,10741.100782896998,10741.100782896998,random,tw_regret,accepted
971,10741.100782896998,10741.100782896998,random,tw_regret,rejected
972,10741.100782896998,10741.100782896998,shaw,tw_regret,accepted
973,10741.100782896998,10741.100782896998,worst,regret,rejected
974,10741.100782896998,10741.100782896998,random,tw_regret,accepted
975,10741.100782896998,10741.100782896998,random,regret,accepted
976,10741.100782896998,10741.100782896998,random,greedy,accepted
977,10738.283881488547,10738.283881488547,worst,tw_regret,best
978,10739.134945318334,10738.283881488547,shaw,tw_regret,accepted
979,10739.134945318334,10738.283881488547,random,tw_regret,accepted
980,10739.134945318334,10738.283881488547,shaw,regret,accepted
981,10739.134945318334,10738.283881488547,worst,regret,rejected
982,10739.134945318334,10738.283881488547,shaw,tw_regret,accepted
983,10739.134945318334,10738.283881488547,shaw,tw_regret,accepted
984,10739.134945318334,10738.283881488547,random,greedy,rejected
985,10739.134945318334,10738.283881488547,random,tw_regret,rejected
986,10739.134945318334,10738.283881488547,shaw,greedy,rejected
987,10739.134945318334,10738.283881488547,shaw,regret,accepted
988,10739.134945318334,10738.283881488547,worst,regret,accepted
989,10739.134945318334,10738.283881488547,shaw,tw_regret,accepted
990,10739.134945318334,10738.283881488547,random,tw_regret,rejected
991,10739.134945318334,10738.283881488547,random,regret,accepted
992,10739.134945318334,10738.283881488547,worst,regret,accepted
993,10740.38222792703,10738.283881488547,worst,regret,accepted
994,10740.38222792703,10738.283881488547,shaw,greedy,rejected
995,10738.847261770237,10738.283881488547,random,tw_regret,better
996,10738.847261770237,10738.283881488547,shaw,greedy,rejected
997,10738.847261770237,10738.283881488547,worst,greedy,accepted
998,10738.283881488547,10738.283881488547,random,tw_regret,better
999,10738.283881488547,10738.283881488547,random,regret,accepted
1000,10738.283881488547,10738.283881488547,random,greedy,accepted
1001,10738.283881488547,10738.283881488547,worst,tw_regret,rejected
1002,10738.283881488547,10738.283881488547,shaw,tw_regret,accepted
1003,10738.283881488547,10738.283881488547,shaw,tw_regret,accepted
1004,10738.283881488547,10738.283881488547,shaw,greedy,rejected
1005,10738.283881488547,10738.283881488547,shaw,tw_regret,accepted
1006,10738.283881488547,10738.283881488547,worst,greedy,rejected
1007,10739.531164097243,10738.283881488547,random,greedy,accepted
1008,10739.531164097243,10738.283881488547,random,greedy,accepted
1009,10739.531164097243,10738.283881488547,shaw,greedy,accepted
1010,10739.531164097243,10738.283881488547,shaw,greedy,rejected
1011,10739.531164097243,10738.283881488547,random,regret,accepted
1012,10739.531164097243,10738.283881488547,worst,regret,accepted
1013,10739.531164097243,10738.283881488547,worst,greedy,rejected
1014,10739.531164097243,10738.283881488547,random,regret,rejected
1015,10739.531164097243,10738.283881488547,random,tw_regret,accepted
1016,10739.531164097243,10738.283881488547,worst,tw_regret,accepted
1017,10739.531164097243,10738.283881488547,shaw,greedy,rejected
1018,10739.531164097243,10738.283881488547,worst,tw_regret,accepted
1019,10739.531164097243,10738.283881488547,shaw,tw_regret,accepted
1020,10739.531164097243,10738.283881488547,random,tw_regret,accepted
1021,10739.531164097243,10738.283881488547,worst,tw_regret,rejected
1022,10739.531164097243,10738.283881488547,worst,greedy,accepted
1023,10739.531164097243,10738.283881488547,worst,regret,accepted
1024,10739.531164097243,10738.283881488547,random,regret,accepted
1025,10739.531164097243,10738.283881488547,worst,tw_regret,accepted
1026,10739.531164097243,10738.283881488547,shaw,tw_regret,rejected
1027,10739.531164097243,10738.283881488547,worst,regret,accepted
1028,10739.531164097243,10738.283881488547,random,greedy,accepted
1029,10739.531164097243,10738.283881488547,shaw,greedy,rejected
1030,10738.283881488547,10738.283881488547,worst,regret,better
1031,10738.283881488547,10738.283881488547,random,tw_regret,accepted
1032,10738.283881488547,10738.283881488547,random,tw_regret,accepted
1033,10738.283881488547,10738.283881488547,worst,greedy,accepted
1034,10738.283881488547,10738.283881488547,shaw,regret,accepted
1035,10738.283881488547,10738.283881488547,worst,regret,rejected
1036,10738.283881488547,10738.283881488547,shaw,greedy,rejected
1037,10738.283881488547,10738.283881488547,shaw,tw_regret,rejected
1038,10738.283881488547,10738.283881488547,worst,tw_regret,accepted
1039,10738.283881488547,10738.283881488547,worst,regret,accepted
1040,10738.283881488547,10738.283881488547,random,greedy,rejected
1041,10738.283881488547,10738.283881488547,worst,tw_regret,accepted
1042,10738.283881488547,10738.283881488547,shaw,regret,rejected
1043,10738.283881488547,10738.283881488547,worst,greedy,rejected
1044,10738.283881488547,10738.283881488547,shaw,greedy,rejected
1045,10738.283881488547,10738.283881488547,worst,regret,accepted
1046,10738.959416178166,10738.283881488547,shaw,regret,accepted
1047,10738.959416178166,10738.283881488547,shaw,regret,accepted
1048,10738.283881488547,10738.283881488547,worst,regret,better
1049,10738.283881488547,10738.283881488547,random,regret,accepted
1050,10738.283881488547,10738.283881488547,shaw,greedy,rejected
1051,10738.283881488547,10738.283881488547,random,tw_regret,accepted
1052,10738.283881488547,10738.283881488547,shaw,regret,accepted
1053,10738.283881488547,10738.283881488547,worst,greedy,accepted
1054,10738.283881488547,10738.283881488547,shaw,regret,rejected
1055,10738.283881488547,10738.283881488547,shaw,regret,accepted
1056,10738.283881488547,10738.283881488547,worst,regret,accepted
1057,10738.283881488547,10738.283881488547,worst,tw_regret,accepted
1058,10738.283881488547,10738.283881488547,worst,greedy,accepted
1059,10738.283881488547,10738.283881488547,worst,greedy,accepted
1060,10738.283881488547,10738.283881488547,worst,regret,accepted
1061,10738.283881488547,10738.283881488547,random,greedy,accepted
1062,10738.283881488547,10738.283881488547,random,tw_regret,accepted
1063,10738.283881488547,10738.283881488547,shaw,tw_regret,rejected
1064,10738.283881488547,10738.283881488547,shaw,greedy,accepted
1065,10738.283881488547,10738.283881488547,random,regret,accepted
1066,10738.283881488547,10738.283881488547,random,greedy,rejected
1067,10738.283881488547,10738.283881488547,worst,regret,rejected
1068,10738.283881488547,10738.283881488547,worst,regret,accepted
1069,10738.283881488547,10738.283881488547,worst,regret,accepted
1070,10738.283881488547,10738.283881488547,shaw,regret,rejected
1071,10738.283881488547,10738.283881488547,shaw,tw_regret,accepted
1072,10738.283881488547,10738.283881488547,random,greedy,rejected
1073,10738.283881488547,10738.283881488547,random,regret,accepted
1074,10738.283881488547,10738.283881488547,worst,greedy,rejected
1075,10738.283881488547,10738.283881488547,random,tw_regret,accepted
1076,10738.283881488547,10738.283881488547,shaw,regret,accepted
1077,10738.283881488547,10738.283881488547,worst,regret,accepted
1078,10738.283881488547,10738.283881488547,shaw,tw_regret,rejected
1079,10738.283881488547,10738.283881488547,shaw,regret,rejected
1080,10738.283881488547,10738.283881488547,shaw,greedy,rejected
1081,10738.283881488547,10738.283881488547,random,tw_regret,rejected
1082,10738.283881488547,10738.283881488547,worst,regret,accepted
1083,10738.283881488547,10738.283881488547,worst,regret,accepted
1084,10738.283881488547,10738.283881488547,shaw,tw_regret,rejected
1085,10738.283881488547,10738.283881488547,shaw,regret,accepted
1086,10738.283881488547,10738.283881488547,random,tw_regret,rejected
1087,10738.283881488547,10738.283881488547,worst,tw_regret,rejected
1088,10738.283881488547,10738.283881488547,shaw,greedy,rejected
1089,10738.283881488547,10738.283881488547,random,regret,accepted
1090,10738.283881488547,10738.283881488547,worst,tw_regret,accepted
1091,10738.847261770237,10738.283881488547,shaw,greedy,accepted
1092,10738.847261770237,10738.283881488547,random,tw_regret,accepted
1093,10738.847261770237,10738.283881488547,random,greedy,accepted
1094,10738.847261770237,10738.283881488547,random,tw_regret,accepted
1095,10738.847261770237,10738.283881488547,worst,regret,rejected
1096,10738.847261770237,10738.283881488547,shaw,regret,accepted
1097,10738.847261770237,10738.283881488547,shaw,tw_regret,rejected
1098,10738.847261770237,10738.283881488547,random,greedy,accepted
1099,10738.283881488547,10738.283881488547,random,tw_regret,better
1100,10738.283881488547,10738.283881488547,shaw,tw_regret,accepted
1101,10738.283881488547,10738.283881488547,worst,greedy,rejected
1102,10738.283881488547,10738.283881488547,random,tw_regret,rejected
1103,10738.283881488547,10738.283881488547,shaw,regret,accepted
1104,10738.283881488547,10738.283881488547,random,tw_regret,rejected
1105,10738.283881488547,10738.283881488547,shaw,regret,accepted
1106,10738.283881488547,10738.283881488547,shaw,regret,accepted
1107,10738.283881488547,10738.283881488547,worst,regret,accepted
1108,10738.283881488547,10738.283881488547,shaw,regret,accepted
1109,10738.283881488547,10738.283881488547,random,regret,rejected
1110,10738.283881488547,10738.283881488547,worst,tw_regret,accepted
1111,10738.283881488547,10738.283881488547,random,tw_regret,accepted
1112,10738.283881488547,10738.283881488547,random,regret,rejected
1113,10738.283881488547,10738.283881488547,worst,regret,accepted
1114,10738.283881488547,10738.283881488547,shaw,regret,accepted
1115,10738.283881488547,10738.283881488547,worst,tw_regret,accepted
1116,10738.283881488547,10738.283881488547,random,greedy,accepted
1117,10738.283881488547,10738.283881488547,random,greedy,accepted
1118,10738.283881488547,10738.283881488547,shaw,tw_regret,accepted
1119,10738.283881488547,10738.283881488547,worst,tw_regret,accepted
1120,10738.283881488547,10738.283881488547,random,regret,accepted
1121,10738.283881488547,10738.283881488547,worst,greedy,rejected
1122,10738.283881488547,10738.283881488547,shaw,regret,accepted
1123,10738.283881488547,10738.283881488547,shaw,tw_regret,accepted
1124,10738.283881488547,10738.283881488547,random,greedy,rejected
1125,10738.283881488547,10738.283881488547,random,regret,accepted
1126,10738.283881488547,10738.283881488547,random,regret,rejected
1127,10738.283881488547,10738.283881488547,random,regret,accepted
1128,10738.283881488547,10738.283881488547,random,regret,accepted
1129,10738.283881488547,10738.283881488547,shaw,tw_regret,rejected
1130,10738.283881488547,10738.283881488547,shaw,tw_regret,accepted
1131,10738.283881488547,10738.283881488547,random,tw_regret,accepted
1132,10738.283881488547,10738.283881488547,worst,greedy,rejected
1133,10738.283881488547,10738.283881488547,random,regret,accepted
1134,10738.283881488547,10738.283881488547,shaw,greedy,rejected
1135,10738.283881488547,10738.283881488547,random,tw_regret,accepted
1136,10738.283881488547,10738.283881488547,random,regret,accepted
1137,10738.283881488547,10738.283881488547,random,tw_regret,accepted
1138,10738.283881488547,10738.283881488547,worst,tw_regret,accepted
1139,10738.283881488547,10738.283881488547,random,regret,rejected
1140,10738.283881488547,10738.283881488547,random,greedy,accepted
1141,10738.283881488547,10738.283881488547,shaw,regret,rejected
1142,10738.283881488547,10738.283881488547,worst,tw_regret,accepted
1143,10738.283881488547,10738.283881488547,shaw,tw_regret,rejected
1144,10738.283881488547,10738.283881488547,worst,regret,rejected
1145,10738.283881488547,10738.283881488547,random,greedy,accepted
1146,10738.283881488547,10738.283881488547,worst,regret,rejected
1147,10738.283881488547,10738.283881488547,shaw,regret,rejected
1148,10738.283881488547,10738.283881488547,worst,regret,accepted
1149,10738.283881488547,10738.283881488547,worst,regret,accepted
1150,10738.283881488547,10738.283881488547,shaw,regret,accepted
1151,10738.283881488547,10738.283881488547,random,regret,accepted
1152,10738.283881488547,10738.283881488547,random,tw_regret,rejected
1153,10738.283881488547,10738.283881488547,worst,tw_regret,accepted
1154,10738.283881488547,10738.283881488547,shaw,regret,accepted
1155,10738.283881488547,10738.283881488547,worst,greedy,accepted
1156,10738.283881488547,10738.283881488547,shaw,greedy,accepted
1157,10738.283881488547,10738.283881488547,random,regret,accepted
1158,10738.283881488547,10738.283881488547,shaw,regret,rejected
1159,10738.283881488547,10738.283881488547,worst,tw_regret,rejected
1160,10738.283881488547,10738.283881488547,random,regret,accepted
1161,10738.283881488547,10738.283881488547,shaw,greedy,rejected
1162,10738.283881488547,10738.283881488547,random,greedy,accepted
1163,10738.283881488547,10738.283881488547,random,regret,accepted
1164,10738.283881488547,10738.283881488547,random,tw_regret,accepted
1165,10738.283881488547,10738.283881488547,random,regret,accepted
1166,10738.283881488547,10738.283881488547,random,regret,accepted
1167,10738.283881488547,10738.283881488547,shaw,regret,accepted
1168,10738.283881488547,10738.283881488547,worst,tw_regret,accepted
1169,10738.283881488547,10738.283881488547,worst,tw_regret,accepted
1170,10738.283881488547,10738.283881488547,random,regret,rejected
1171,10738.283881488547,10738.283881488547,worst,regret,accepted
1172,10738.283881488547,10738.283881488547,shaw,tw_regret,accepted
1173,10738.283881488547,10738.283881488547,shaw,greedy,accepted
1174,10738.283881488547,10738.283881488547,worst,regret,accepted
1175,10738.283881488547,10738.283881488547,shaw,tw_regret,rejected
1176,10738.283881488547,10738.283881488547,random,tw_regret,accepted
1177,10738.283881488547,10738.283881488547,random,tw_regret,accepted
1178,10738.283881488547,10738.283881488547,random,greedy,rejected
1179,10738.283881488547,10738.283881488547,random,tw_regret,accepted
1180,10738.283881488547,10738.283881488547,shaw,regret,rejected
1181,10738.283881488547,10738.283881488547,worst,regret,accepted
1182,10738.283881488547,10738.283881488547,worst,regret,accepted
1183,10738.283881488547,10738.283881488547,shaw,tw_regret,accepted
1184,10738.283881488547,10738.283881488547,shaw,tw_regret,rejected
1185,10738.283881488547,10738.283881488547,shaw,regret,rejected
1186,10738.283881488547,10738.283881488547,random,regret,accepted
1187,10738.283881488547,10738.283881488547,shaw,regret,rejected
1188,10738.283881488547,10738.283881488547,shaw,tw_regret,accepted
1189,10738.283881488547,10738.283881488547,random,greedy,rejected
1190,10738.283881488547,10738.283881488547,shaw,tw_regret,rejected
1191,10738.283881488547,10738.283881488547,worst,regret,accepted
1192,10738.283881488547,10738.283881488547,worst,regret,accepted
1193,10738.283881488547,10738.283881488547,worst,regret,accepted
1194,10738.283881488547,10738.283881488547,worst,greedy,accepted
1195,10738.283881488547,10738.283881488547,shaw,tw_regret,rejected
1196,10738.283881488547,10738.283881488547,worst,regret,accepted
1197,10738.283881488547,10738.283881488547,shaw,tw_regret,accepted
1198,10738.283881488547,10738.283881488547,random,regret,accepted
1199,10738.283881488547,10738.283881488547,worst,greedy,accepted
1200,10738.283881488547,10738.283881488547,worst,regret,accepted
1201,10738.283881488547,10738.283881488547,worst,tw_regret,accepted
1202,10738.283881488547,10738.283881488547,random,greedy,accepted
1203,10738.283881488547,10738.283881488547,random,regret,accepted
1204,10738.283881488547,10738.283881488547,shaw,tw_regret,accepted
1205,10738.283881488547,10738.283881488547,worst,regret,accepted
1206,10738.283881488547,10738.283881488547,worst,tw_regret,rejected
1207,10738.283881488547,10738.283881488547,shaw,greedy,accepted
1208,10738.283881488547,10738.283881488547,shaw,greedy,rejected
1209,10738.283881488547,10738.283881488547,random,regret,accepted
1210,10738.283881488547,10738.283881488547,shaw,greedy,accepted
1211,10738.283881488547,10738.283881488547,worst,tw_regret,accepted
1212,10738.283881488547,10738.283881488547,worst,regret,accepted
1213,10738.283881488547,10738.283881488547,random,tw_regret,accepted
1214,10738.283881488547,10738.283881488547,worst,tw_regret,accepted
1215,10738.283881488547,10738.283881488547,worst,tw_regret,accepted
1216,10738.283881488547,10738.283881488547,random,greedy,accepted
1217,10738.283881488547,10738.283881488547,worst,greedy,rejected
1218,10738.283881488547,10738.283881488547,worst,regret,accepted
1219,10738.283881488547,10738.283881488547,worst,regret,accepted
1220,10738.283881488547,10738.283881488547,random,tw_regret,rejected
1221,10738.283881488547,10738.283881488547,worst,tw_regret,accepted
1222,10738.283881488547,10738.283881488547,shaw,regret,accepted
1223,10738.283881488547,10738.283881488547,random,greedy,rejected
1224,10738.283881488547,10738.283881488547,worst,greedy,rejected
1225,10738.283881488547,10738.283881488547,random,regret,accepted
1226,10738.283881488547,10738.283881488547,worst,regret,accepted
1227,10738.283881488547,10738.283881488547,worst,regret,accepted
1228,10738.283881488547,10738.283881488547,random,regret,accepted
1229,10738.283881488547,10738.283881488547,worst,greedy,rejected
1230,10738.283881488547,10738.283881488547,random,greedy,accepted
1231,10738.283881488547,10738.283881488547,shaw,tw_regret,accepted
1232,10738.283881488547,10738.283881488547,random,tw_regret,accepted
1233,10738.283881488547,10738.283881488547,worst,greedy,rejected
1234,10738.283881488547,10738.283881488547,worst,tw_regret,accepted
1235,10738.283881488547,10738.283881488547,random,tw_regret,rejected
1236,10738.283881488547,10738.283881488547,worst,tw_regret,accepted
1237,10738.283881488547,10738.283881488547,shaw,tw_regret,accepted
1238,10738.283881488547,10738.283881488547,shaw,tw_regret,accepted
1239,10738.283881488547,10738.283881488547,shaw,regret,accepted
1240,10738.283881488547,10738.283881488547,random,tw_regret,accepted
1241,10738.283881488547,10738.283881488547,worst,regret,accepted
1242,10738.283881488547,10738.283881488547,worst,regret,accepted
1243,10738.283881488547,10738.283881488547,random,regret,accepted
1244,10738.283881488547,10738.283881488547,worst,tw_regret,accepted
1245,10738.283881488547,10738.283881488547,shaw,regret,rejected
1246,10738.283881488547,10738.283881488547,shaw,tw_regret,rejected
1247,10738.283881488547,10738.283881488547,worst,tw_regret,accepted
1248,10738.283881488547,10738.283881488547,worst,tw_regret,accepted
1249,10738.283881488547,10738.283881488547,random,tw_regret,accepted
1250,10738.283881488547,10738.283881488547,random,greedy,accepted
1251,10738.283881488547,10738.283881488547,random,greedy,rejected
1252,10738.283881488547,10738.283881488547,worst,regret,accepted
1253,10738.283881488547,10738.283881488547,shaw,greedy,rejected
1254,10738.283881488547,10738.283881488547,random,regret,rejected
1255,10738.283881488547,10738.283881488547,worst,regret,accepted
1256,10738.283881488547,10738.283881488547,shaw,tw_regret,accepted
1257,10738.283881488547,10738.283881488547,random,tw_regret,rejected
1258,10738.283881488547,10738.283881488547,worst,tw_regret,accepted
1259,10738.283881488547,10738.283881488547,worst,regret,accepted
1260,10738.283881488547,10738.283881488547,random,regret,rejected
1261,10738.283881488547,10738.283881488547,worst,regret,accepted
1262,10738.283881488547,10738.283881488547,worst,tw_regret,accepted
1263,10738.283881488547,10738.283881488547,shaw,tw_regret,accepted
1264,10738.283881488547,10738.283881488547,worst,greedy,accepted
1265,10738.283881488547,10738.283881488547,random,regret,accepted
1266,10738.283881488547,10738.283881488547,random,tw_regret,accepted
1267,10738.283881488547,10738.283881488547,worst,regret,accepted
1268,10738.283881488547,10738.283881488547,shaw,tw_regret,rejected
1269,10738.283881488547,10738.283881488547,random,tw_regret,accepted
1270,10738.283881488547,10738.283881488547,random,regret,accepted
1271,10738.283881488547,10738.283881488547,shaw,regret,accepted
1272,10738.283881488547,10738.283881488547,shaw,regret,accepted
1273,10738.283881488547,10738.283881488547,worst,regret,accepted
1274,10738.283881488547,10738.283881488547,shaw,tw_regret,rejected
1275,10738.283881488547,10738.283881488547,random,tw_regret,accepted
1276,10738.283881488547,10738.283881488547,worst,tw_regret,accepted
1277,10738.283881488547,10738.283881488547,random,greedy,rejected
1278,10738.283881488547,10738.283881488547,worst,regret,accepted
1279,10738.283881488547,10738.283881488547,random,regret,accepted
1280,10738.283881488547,10738.283881488547,random,greedy,accepted
1281,10738.283881488547,10738.283881488547,random,tw_regret,accepted
1282,10738.283881488547,10738.283881488547,worst,regret,accepted
1283,10738.283881488547,10738.283881488547,random,regret,accepted
1284,10738.283881488547,10738.283881488547,worst,greedy,rejected
1285,10738.283881488547,10738.283881488547,shaw,tw_regret,rejected
1286,10738.283881488547,10738.283881488547,random,tw_regret,rejected
1287,10738.283881488547,10738.283881488547,random,regret,accepted
1288,10738.283881488547,10738.283881488547,random,greedy,accepted
1289,10738.283881488547,10738.283881488547,random,tw_regret,accepted
1290,10738.283881488547,10738.283881488547,random,regret,rejected
1291,10738.283881488547,10738.283881488547,worst,regret,accepted
1292,10738.283881488547,10738.283881488547,worst,greedy,accepted
1293,10738.283881488547,10738.283881488547,shaw,greedy,accepted
1294,10738.283881488547,10738.283881488547,random,tw_regret,accepted
1295,10738.283881488547,10738.283881488547,shaw,tw_regret,accepted
1296,10738.283881488547,10738.283881488547,random,regret,accepted
1297,10738.283881488547,10738.283881488547,random,regret,accepted
1298,10738.283881488547,10738.283881488547,random,tw_regret,accepted
1299,10738.283881488547,10738.283881488547,worst,regret,accepted
1300,10738.283881488547,10738.283881488547,random,greedy,rejected
1301,10738.283881488547,10738.283881488547,worst,greedy,rejected
1302,10738.283881488547,10738.283881488547,random,regret,accepted
1303,10738.283881488547,10738.283881488547,shaw,regret,accepted
1304,10738.283881488547,10738.283881488547,shaw,regret,rejected
1305,10738.283881488547,10738.283881488547,worst,greedy,rejected
1306,10738.283881488547,10738.283881488547,random,regret,accepted
1307,10738.283881488547,10738.283881488547,shaw,regret,accepted
1308,10738.283881488547,10738.283881488547,random,regret,accepted
1309,10738.283881488547,10738.283881488547,random,regret,rejected
1310,10738.283881488547,10738.283881488547,random,tw_regret,accepted
1311,10738.283881488547,10738.283881488547,worst,regret,accepted
1312,10738.283881488547,10738.283881488547,shaw,regret,rejected
1313,10738.283881488547,10738.283881488547,random,greedy,rejected
1314,10738.283881488547,10738.283881488547,random,tw_regret,accepted
1315,10738.283881488547,10738.283881488547,random,tw_regret,accepted
1316,10738.283881488547,10738.283881488547,worst,regret,rejected
1317,10738.283881488547,10738.283881488547,shaw,tw_regret,accepted
1318,10738.283881488547,10738.283881488547,random,greedy,rejected
1319,10738.283881488547,10738.283881488547,random,tw_regret,accepted
1320,10738.283881488547,10738.283881488547,random,greedy,accepted
1321,10738.283881488547,10738.283881488547,random,regret,accepted
1322,10738.283881488547,10738.283881488547,random,tw_regret,accepted
1323,10738.283881488547,10738.283881488547,worst,greedy,rejected
1324,10738.283881488547,10738.283881488547,worst,regret,rejected
1325,10738.283881488547,10738.283881488547,random,tw_regret,accepted
1326,10738.283881488547,10738.283881488547,worst,regret,accepted
1327,10738.283881488547,10738.283881488547,random,tw_regret,accepted
1328,10738.283881488547,10738.283881488547,worst,greedy,rejected
1329,10738.283881488547,10738.283881488547,random,regret,accepted
1330,10738.283881488547,10738.283881488547,random,regret,accepted
1331,10738.283881488547,10738.283881488547,random,greedy,rejected
1332,10738.283881488547,10738.283881488547,worst,regret,accepted
1333,10738.283881488547,10738.283881488547,random,tw_regret,accepted
1334,10738.283881488547,10738.283881488547,worst,tw_regret,accepted
1335,10738.283881488547,10738.283881488547,random,greedy,rejected
1336,10738.283881488547,10738.283881488547,random,tw_regret,accepted
1337,10738.283881488547,10738.283881488547,worst,tw_regret,accepted
1338,10738.283881488547,10738.283881488547,shaw,tw_regret,rejected
1339,10738.283881488547,10738.283881488547,random,tw_regret,accepted
1340,10738.283881488547,10738.283881488547,random,regret,accepted
1341,10738.283881488547,10738.283881488547,shaw,tw_regret,rejected
1342,10738.283881488547,10738.283881488547,random,regret,rejected
1343,10738.283881488547,10738.283881488547,worst,tw_regret,accepted
1344,10738.283881488547,10738.283881488547,random,greedy,accepted
1345,10738.283881488547,10738.283881488547,worst,regret,rejected
1346,10738.283881488547,10738.283881488547,random,regret,accepted
1347,10738.283881488547,10738.283881488547,worst,regret,accepted
1348,10738.283881488547,10738.283881488547,shaw,regret,rejected
1349,10738.283881488547,10738.283881488547,shaw,regret,accepted
1350,10738.283881488547,10738.283881488547,random,regret,accepted
1351,10738.283881488547,10738.283881488547,random,greedy,accepted
1352,10738.283881488547,10738.283881488547,random,regret,accepted
1353,10738.283881488547,10738.283881488547,random,tw_regret,rejected
1354,10738.283881488547,10738.283881488547,shaw,greedy,accepted
1355,10738.283881488547,10738.283881488547,shaw,greedy,rejected
1356,10738.283881488547,10738.283881488547,worst,tw_regret,accepted
1357,10738.283881488547,10738.283881488547,random,greedy,rejected
1358,10738.283881488547,10738.283881488547,shaw,tw_regret,accepted
1359,10738.283881488547,10738.283881488547,worst,greedy,rejected
1360,10738.283881488547,10738.283881488547,shaw,tw_regret,accepted
1361,10738.283881488547,10738.283881488547,random,greedy,accepted
1362,10738.283881488547,10738.283881488547,shaw,tw_regret,accepted
1363,10738.283881488547,10738.283881488547,shaw,tw_regret,accepted
1364,10738.283881488547,10738.283881488547,random,regret,accepted
1365,10738.283881488547,10738.283881488547,worst,regret,accepted
1366,10738.283881488547,10738.283881488547,random,regret,accepted
1367,10738.283881488547,10738.283881488547,worst,greedy,accepted
1368,10738.283881488547,10738.283881488547,random,tw_regret,accepted
1369,10738.283881488547,10738.283881488547,random,greedy,accepted
1370,10738.283881488547,10738.283881488547,worst,regret,accepted
1371,10738.283881488547,10738.283881488547,random,regret,accepted
1372,10738.283881488547,10738.283881488547,random,tw_regret,accepted
1373,10738.283881488547,10738.283881488547,random,regret,accepted
1374,10738.283881488547,10738.283881488547,random,regret,accepted
1375,10738.283881488547,10738.283881488547,worst,greedy,rejected
1376,10738.283881488547,10738.283881488547,shaw,greedy,rejected
1377,10738.283881488547,10738.283881488547,random,regret,accepted
1378,10738.283881488547,10738.283881488547,worst,tw_regret,rejected
1379,10738.283881488547,10738.283881488547,random,regret,accepted
1380,10738.283881488547,10738.283881488547,worst,tw_regret,accepted
1381,10738.283881488547,10738.283881488547,random,tw_regret,accepted
1382,10738.283881488547,10738.283881488547,random,regret,rejected
1383,10738.283881488547,10738.283881488547,worst,tw_regret,accepted
1384,10738.283881488547,10738.283881488547,random,greedy,accepted
1385,10738.283881488547,10738.283881488547,worst,regret,accepted
1386,10738.283881488547,10738.283881488547,shaw,greedy,rejected
1387,10738.283881488547,10738.283881488547,worst,regret,accepted
1388,10738.283881488547,10738.283881488547,worst,tw_regret,rejected
1389,10738.283881488547,10738.283881488547,shaw,greedy,rejected
1390,10738.283881488547,10738.283881488547,worst,greedy,rejected
1391,10738.283881488547,10738.283881488547,worst,tw_regret,rejected
1392,10738.283881488547,10738.283881488547,random,tw_regret,accepted
1393,10738.283881488547,10738.283881488547,random,greedy,accepted
1394,10738.283881488547,10738.283881488547,random,regret,accepted
1395,10738.283881488547,10738.283881488547,worst,greedy,rejected
1396,10738.283881488547,10738.283881488547,random,greedy,rejected
1397,10738.283881488547,10738.283881488547,random,regret,rejected
1398,10738.283881488547,10738.283881488547,shaw,tw_regret,rejected
1399,10738.283881488547,10738.283881488547,worst,greedy,rejected
1400,10738.283881488547,10738.283881488547,random,tw_regret,accepted
1401,10738.283881488547,10738.283881488547,shaw,tw_regret,accepted
1402,10738.283881488547,10738.283881488547,random,regret,accepted
1403,10738.283881488547,10738.283881488547,worst,tw_regret,accepted
1404,10738.283881488547,10738.283881488547,worst,greedy,rejected
1405,10738.283881488547,10738.283881488547,worst,regret,accepted
1406,10738.283881488547,10738.283881488547,random,tw_regret,accepted
1407,10738.283881488547,10738.283881488547,shaw,greedy,rejected
1408,10738.283881488547,10738.283881488547,worst,greedy,rejected
1409,10738.283881488547,10738.283881488547,shaw,regret,accepted
1410,10738.283881488547,10738.283881488547,shaw,regret,rejected
1411,10738.283881488547,10738.283881488547,random,regret,accepted
1412,10738.283881488547,10738.283881488547,random,tw_regret,accepted
1413,10738.283881488547,10738.283881488547,random,regret,accepted
1414,10738.283881488547,10738.283881488547,random,greedy,rejected
1415,10738.283881488547,10738.283881488547,random,tw_regret,accepted
1416,10738.283881488547,10738.283881488547,shaw,tw_regret,rejected
1417,10738.283881488547,10738.283881488547,worst,greedy,accepted
1418,10738.283881488547,10738.283881488547,random,tw_regret,accepted
1419,10738.283881488547,10738.283881488547,worst,greedy,rejected
1420,10738.283881488547,10738.283881488547,random,regret,accepted
1421,10738.283881488547,10738.283881488547,random,tw_regret,accepted
1422,10738.283881488547,10738.283881488547,worst,regret,rejected
1423,10738.283881488547,10738.283881488547,shaw,regret,accepted
1424,10738.283881488547,10738.283881488547,worst,tw_regret,rejected
1425,10738.283881488547,10738.283881488547,worst,tw_regret,accepted
1426,10738.283881488547,10738.283881488547,random,tw_regret,rejected
1427,10738.283881488547,10738.283881488547,worst,greedy,rejected
1428,10738.283881488547,10738.283881488547,random,regret,accepted
1429,10738.283881488547,10738.283881488547,shaw,regret,rejected
1430,10738.283881488547,10738.283881488547,shaw,tw_regret,accepted
1431,10738.283881488547,10738.283881488547,random,tw_regret,rejected
1432,10738.283881488547,10738.283881488547,random,tw_regret,accepted
1433,10738.283881488547,10738.283881488547,worst,regret,rejected
1434,10738.283881488547,10738.283881488547,worst,regret,accepted
1435,10738.283881488547,10738.283881488547,worst,regret,accepted
1436,10738.283881488547,10738.283881488547,shaw,regret,rejected
1437,10738.283881488547,10738.283881488547,random,greedy,rejected
1438,10738.283881488547,10738.283881488547,shaw,tw_regret,rejected
1439,10738.283881488547,10738.283881488547,random,tw_regret,rejected
1440,10738.283881488547,10738.283881488547,worst,regret,accepted
1441,10738.283881488547,10738.283881488547,worst,tw_regret,accepted
1442,10738.283881488547,10738.283881488547,worst,greedy,rejected
1443,10738.283881488547,10738.283881488547,random,regret,accepted
1444,10738.283881488547,10738.283881488547,random,regret,accepted
1445,10738.283881488547,10738.283881488547,random,regret,accepted
1446,10738.283881488547,10738.283881488547,worst,tw_regret,rejected
1447,10738.283881488547,10738.283881488547,shaw,regret,rejected
1448,10738.283881488547,10738.283881488547,worst,greedy,rejected
1449,10738.283881488547,10738.283881488547,shaw,regret,accepted
1450,10738.283881488547,10738.283881488547,worst,tw_regret,accepted
1451,10738.283881488547,10738.283881488547,worst,tw_regret,rejected
1452,10738.283881488547,10738.283881488547,shaw,regret,accepted
1453,10738.283881488547,10738.283881488547,random,regret,rejected
1454,10738.283881488547,10738.283881488547,worst,tw_regret,rejected
1455,10738.283881488547,10738.283881488547,worst,regret,accepted
1456,10738.283881488547,10738.283881488547,worst,greedy,rejected
1457,10738.283881488547,10738.283881488547,worst,regret,accepted
1458,10738.283881488547,10738.283881488547,worst,tw_regret,accepted
1459,10738.283881488547,10738.283881488547,shaw,regret,rejected
1460,10738.283881488547,10738.283881488547,shaw,greedy,accepted
1461,10738.283881488547,10738.283881488547,shaw,regret,rejected
1462,10738.283881488547,10738.283881488547,random,regret,accepted
1463,10738.283881488547,10738.283881488547,random,tw_regret,rejected
1464,10738.283881488547,10738.283881488547,random,regret,accepted
1465,10738.283881488547,10738.283881488547,random,tw_regret,accepted
1466,10738.283881488547,10738.283881488547,random,greedy,accepted
1467,10738.283881488547,10738.283881488547,worst,regret,accepted
1468,10738.283881488547,10738.283881488547,random,regret,accepted
1469,10738.283881488547,10738.283881488547,random,greedy,accepted
1470,10738.283881488547,10738.283881488547,random,regret,accepted
1471,10738.283881488547,10738.283881488547,worst,regret,accepted
1472,10738.283881488547,10738.283881488547,worst,tw_regret,accepted
1473,10738.283881488547,10738.283881488547,worst,tw_regret,accepted
1474,10738.283881488547,10738.283881488547,shaw,greedy,rejected
1475,10738.283881488547,10738.283881488547,worst,tw_regret,accepted
1476,10738.283881488547,10738.283881488547,shaw,tw_regret,accepted
1477,10738.283881488547,10738.283881488547,worst,tw_regret,accepted
1478,10738.283881488547,10738.283881488547,shaw,regret,accepted
1479,10738.283881488547,10738.283881488547,random,regret,accepted
1480,10738.283881488547,10738.283881488547,shaw,greedy,accepted
1481,10738.283881488547,10738.283881488547,random,regret,accepted
1482,10738.283881488547,10738.283881488547,worst,greedy,rejected
1483,10738.283881488547,10738.283881488547,random,greedy,accepted
1484,10738.283881488547,10738.283881488547,random,regret,accepted
1485,10738.283881488547,10738.283881488547,random,tw_regret,accepted
1486,10738.283881488547,10738.283881488547,worst,tw_regret,accepted
1487,10738.283881488547,10738.283881488547,random,regret,accepted
1488,10738.283881488547,10738.283881488547,worst,tw_regret,accepted
1489,10738.283881488547,10738.283881488547,worst,regret,rejected
1490,10738.283881488547,10738.283881488547,shaw,tw_regret,accepted
1491,10738.283881488547,10738.283881488547,random,regret,accepted
1492,10738.283881488547,10738.283881488547,shaw,regret,rejected
1493,10738.283881488547,10738.283881488547,shaw,regret,rejected
1494,10738.283881488547,10738.283881488547,worst,greedy,accepted
1495,10738.283881488547,10738.283881488547,random,regret,accepted
1496,10738.283881488547,10738.283881488547,worst,regret,accepted
1497,10738.283881488547,10738.283881488547,shaw,tw_regret,accepted
1498,10738.283881488547,10738.283881488547,shaw,tw_regret,rejected
1499,10738.283881488547,10738.283881488547,worst,greedy,rejected
1500,10738.283881488547,10738.283881488547,random,tw_regret,accepted
1501,10738.283881488547,10738.283881488547,shaw,regret,accepted
1502,10738.283881488547,10738.283881488547,random,tw_regret,accepted
1503,10738.283881488547,10738.283881488547,shaw,regret,accepted
1504,10738.283881488547,10738.283881488547,random,regret,accepted
1505,10738.283881488547,10738.283881488547,worst,tw_regret,accepted
1506,10738.283881488547,10738.283881488547,shaw,tw_regret,accepted
1507,10738.283881488547,10738.283881488547,worst,regret,accepted
1508,10738.283881488547,10738.283881488547,random,greedy,accepted
1509,10738.283881488547,10738.283881488547,worst,tw_regret,rejected
1510,10738.283881488547,10738.283881488547,worst,tw_regret,accepted
1511,10738.283881488547,10738.283881488547,shaw,tw_regret,accepted
1512,10738.283881488547,10738.283881488547,shaw,tw_regret,rejected
1513,10738.283881488547,10738.283881488547,random,tw_regret,rejected
1514,10738.283881488547,10738.283881488547,shaw,tw_regret,rejected
1515,10738.283881488547,10738.283881488547,random,tw_regret,accepted
1516,10738.283881488547,10738.283881488547,shaw,regret,rejected
1517,10738.283881488547,10738.283881488547,random,greedy,accepted
1518,10738.283881488547,10738.283881488547,shaw,regret,accepted
1519,10738.283881488547,10738.283881488547,shaw,tw_regret,rejected
1520,10738.283881488547,10738.283881488547,shaw,greedy,accepted
1521,10738.283881488547,10738.283881488547,worst,tw_regret,accepted
1522,10738.283881488547,10738.283881488547,worst,greedy,rejected
1523,10738.283881488547,10738.283881488547,random,tw_regret,accepted
1524,10738.283881488547,10738.283881488547,random,tw_regret,accepted
1525,10738.283881488547,10738.283881488547,random,greedy,rejected
1526,10738.283881488547,10738.283881488547,random,tw_regret,accepted
1527,10738.283881488547,10738.283881488547,random,tw_regret,accepted
1528,10738.283881488547,10738.283881488547,worst,regret,accepted
1529,10738.283881488547,10738.283881488547,shaw,tw_regret,accepted
1530,10738.283881488547,10738.283881488547,random,tw_regret,accepted
1531,10738.283881488547,10738.283881488547,worst,regret,accepted
1532,10738.283881488547,10738.283881488547,worst,tw_regret,accepted
1533,10738.283881488547,10738.283881488547,random,greedy,accepted
1534,10738.283881488547,10738.283881488547,random,greedy,accepted
1535,10738.283881488547,10738.283881488547,shaw,regret,accepted
1536,10738.283881488547,10738.283881488547,random,greedy,accepted
1537,10738.283881488547,10738.283881488547,worst,regret,accepted
1538,10738.283881488547,10738.283881488547,shaw,regret,accepted
1539,10738.283881488547,10738.283881488547,random,tw_regret,accepted
1540,10738.283881488547,10738.283881488547,shaw,greedy,accepted
1541,10738.283881488547,10738.283881488547,random,regret,rejected
1542,10738.283881488547,10738.283881488547,worst,tw_regret,accepted
1543,10738.283881488547,10738.283881488547,shaw,greedy,rejected
1544,10738.283881488547,10738.283881488547,random,regret,accepted
1545,10738.283881488547,10738.283881488547,random,greedy,accepted
1546,10738.283881488547,10738.283881488547,random,greedy,accepted
1547,10738.283881488547,10738.283881488547,random,regret,accepted
1548,10738.283881488547,10738.283881488547,shaw,regret,accepted
1549,10738.283881488547,10738.283881488547,shaw,tw_regret,accepted
1550,10738.283881488547,10738.283881488547,random,regret,accepted
1551,10738.283881488547,10738.283881488547,random,regret,accepted
1552,10738.283881488547,10738.283881488547,random,regret,accepted
1553,10738.283881488547,10738.283881488547,worst,greedy,rejected
1554,10738.283881488547,10738.283881488547,worst,tw_regret,rejected
1555,10738.283881488547,10738.283881488547,random,tw_regret,accepted
1556,10738.283881488547,10738.283881488547,worst,tw_regret,accepted
1557,10738.283881488547,10738.283881488547,worst,greedy,accepted
1558,10738.283881488547,10738.283881488547,worst,regret,accepted
1559,10738.283881488547,10738.283881488547,shaw,regret,rejected
1560,10738.283881488547,10738.283881488547,shaw,regret,accepted
1561,10738.283881488547,10738.283881488547,shaw,greedy,accepted
1562,10738.283881488547,10738.283881488547,worst,regret,accepted
1563,10738.283881488547,10738.283881488547,worst,greedy,rejected
1564,10738.283881488547,10738.283881488547,shaw,greedy,accepted
1565,10738.283881488547,10738.283881488547,shaw,tw_regret,rejected
1566,10738.283881488547,10738.283881488547,random,tw_regret,accepted
1567,10738.283881488547,10738.283881488547,worst,regret,accepted
1568,10738.283881488547,10738.283881488547,random,regret,accepted
1569,10738.283881488547,10738.283881488547,shaw,regret,accepted
1570,10738.283881488547,10738.283881488547,shaw,regret,accepted
1571,10738.283881488547,10738.283881488547,worst,regret,accepted
1572,10738.283881488547,10738.283881488547,random,regret,accepted
1573,10738.283881488547,10738.283881488547,worst,regret,accepted
1574,10738.283881488547,10738.283881488547,shaw,tw_regret,accepted
1575,10738.283881488547,10738.283881488547,worst,greedy,accepted
1576,10738.283881488547,10738.283881488547,worst,greedy,accepted
1577,10738.283881488547,10738.283881488547,random,greedy,accepted
1578,10738.283881488547,10738.283881488547,worst,greedy,rejected
1579,10738.283881488547,10738.283881488547,shaw,tw_regret,accepted
1580,10738.283881488547,10738.283881488547,shaw,tw_regret,accepted
1581,10738.283881488547,10738.283881488547,random,regret,accepted
1582,10738.283881488547,10738.283881488547,shaw,regret,rejected
1583,10738.283881488547,10738.283881488547,shaw,regret,rejected
1584,10738.283881488547,10738.283881488547,random,tw_regret,accepted
1585,10738.283881488547,10738.283881488547,worst,greedy,rejected
1586,10738.283881488547,10738.283881488547,shaw,regret,accepted
1587,10738.283881488547,10738.283881488547,random,tw_regret,accepted
1588,10738.283881488547,10738.283881488547,random,regret,accepted
1589,10738.283881488547,10738.283881488547,random,tw_regret,accepted
1590,10738.283881488547,10738.283881488547,shaw,tw_regret,rejected
1591,10738.283881488547,10738.283881488547,worst,regret,accepted
1592,10738.283881488547,10738.283881488547,worst,tw_regret,accepted
1593,10738.283881488547,10738.283881488547,worst,regret,accepted
1594,10738.283881488547,10738.283881488547,random,greedy,rejected
1595,10738.283881488547,10738.283881488547,worst,regret,rejected
1596,10738.283881488547,10738.283881488547,worst,regret,accepted
1597,10738.283881488547,10738.283881488547,random,regret,accepted
1598,10738.283881488547,10738.283881488547,shaw,tw_regret,accepted
1599,10738.283881488547,10738.283881488547,random,greedy,rejected
1600,10738.283881488547,10738.283881488547,worst,tw_regret,accepted
1601,10738.283881488547,10738.283881488547,shaw,regret,accepted
1602,10738.283881488547,10738.283881488547,worst,tw_regret,rejected
1603,10738.283881488547,10738.283881488547,random,tw_regret,accepted
1604,10738.283881488547,10738.283881488547,worst,tw_regret,accepted
1605,10738.283881488547,10738.283881488547,random,greedy,accepted
1606,10738.283881488547,10738.283881488547,worst,regret,accepted
1607,10738.283881488547,10738.283881488547,worst,regret,accepted
1608,10738.283881488547,10738.283881488547,worst,regret,accepted
1609,10738.283881488547,10738.283881488547,random,regret,accepted
1610,10738.283881488547,10738.283881488547,random,tw_regret,accepted
1611,10738.283881488547,10738.283881488547,shaw,regret,accepted
1612,10738.283881488547,10738.283881488547,worst,tw_regret,accepted
1613,10738.283881488547,10738.283881488547,shaw,regret,rejected
1614,10738.283881488547,10738.283881488547,shaw,tw_regret,accepted
1615,10738.283881488547,10738.283881488547,random,tw_regret,accepted
1616,10738.283881488547,10738.283881488547,random,regret,accepted
1617,10738.283881488547,10738.283881488547,worst,regret,accepted
1618,10738.283881488547,10738.283881488547,shaw,regret,accepted
1619,10738.283881488547,10738.283881488547,worst,regret,accepted
1620,10738.283881488547,10738.283881488547,random,regret,rejected
1621,10738.283881488547,10738.283881488547,random,regret,accepted
1622,10738.283881488547,10738.283881488547,worst,tw_regret,rejected
1623,10738.283881488547,10738.283881488547,shaw,greedy,accepted
1624,10738.283881488547,10738.283881488547,random,regret,accepted
1625,10738.283881488547,10738.283881488547,worst,regret,accepted
1626,10738.283881488547,10738.283881488547,random,tw_regret,accepted
1627,10738.283881488547,10738.283881488547,shaw,tw_regret,accepted
1628,10738.283881488547,10738.283881488547,random,greedy,accepted
1629,10738.283881488547,10738.283881488547,shaw,regret,accepted
1630,10738.283881488547,10738.283881488547,random,regret,rejected
1631,10738.283881488547,10738.283881488547,random,regret,rejected
1632,10738.283881488547,10738.283881488547,worst,greedy,accepted
1633,10738.283881488547,10738.283881488547,worst,tw_regret,accepted
1634,10738.283881488547,10738.283881488547,random,tw_regret,rejected
1635,10738.283881488547,10738.283881488547,worst,greedy,accepted
1636,10738.283881488547,10738.283881488547,worst,greedy,rejected
1637,10738.283881488547,10738.283881488547,shaw,tw_regret,rejected
1638,10738.283881488547,10738.283881488547,worst,greedy,rejected
1639,10738.283881488547,10738.283881488547,worst,tw_regret,accepted
1640,10738.283881488547,10738.283881488547,random,regret,accepted
1641,10738.283881488547,10738.283881488547,random,tw_regret,accepted
1642,10738.283881488547,10738.283881488547,worst,regret,accepted
1643,10738.283881488547,10738.283881488547,shaw,tw_regret,accepted
1644,10738.283881488547,10738.283881488547,worst,regret,accepted
1645,10738.283881488547,10738.283881488547,worst,regret,rejected
1646,10738.283881488547,10738.283881488547,worst,greedy,accepted
1647,10738.283881488547,10738.283881488547,shaw,regret,accepted
1648,10738.283881488547,10738.283881488547,random,greedy,accepted
1649,10738.283881488547,10738.283881488547,worst,tw_regret,rejected
1650,10738.283881488547,10738.283881488547,random,regret,accepted
1651,10738.283881488547,10738.283881488547,worst,tw_regret,accepted
1652,10738.283881488547,10738.283881488547,shaw,greedy,rejected
1653,10738.283881488547,10738.283881488547,worst,greedy,accepted
1654,10738.283881488547,10738.283881488547,random,regret,accepted
1655,10738.283881488547,10738.283881488547,worst,greedy,accepted
1656,10738.283881488547,10738.283881488547,random,tw_regret,accepted
1657,10738.283881488547,10738.283881488547,worst,tw_regret,accepted
1658,10738.283881488547,10738.283881488547,worst,regret,accepted
1659,10738.283881488547,10738.283881488547,random,tw_regret,accepted
1660,10738.283881488547,10738.283881488547,random,tw_regret,rejected
1661,10738.283881488547,10738.283881488547,random,regret,accepted
1662,10738.283881488547,10738.283881488547,shaw,tw_regret,accepted
1663,10738.283881488547,10738.283881488547,random,greedy,accepted
1664,10738.283881488547,10738.283881488547,random,greedy,accepted
1665,10738.283881488547,10738.283881488547,random,tw_regret,accepted
1666,10738.283881488547,10738.283881488547,random,greedy,rejected
1667,10738.283881488547,10738.283881488547,shaw,regret,rejected
1668,10738.283881488547,10738.283881488547,random,tw_regret,accepted
1669,10738.283881488547,10738.283881488547,worst,regret,accepted
1670,10738.283881488547,10738.283881488547,shaw,tw_regret,accepted
1671,10738.283881488547,10738.283881488547,random,greedy,rejected
1672,10738.283881488547,10738.283881488547,random,regret,accepted
1673,10738.283881488547,10738.283881488547,shaw,tw_regret,accepted
1674,10738.283881488547,10738.283881488547,shaw,regret,rejected
1675,10738.283881488547,10738.283881488547,shaw,regret,accepted
1676,10738.283881488547,10738.283881488547,shaw,regret,accepted
1677,10738.283881488547,10738.283881488547,shaw,regret,rejected
1678,10738.283881488547,10738.283881488547,random,regret,accepted
1679,10738.283881488547,10738.283881488547,shaw,tw_regret,rejected
1680,10738.283881488547,10738.283881488547,shaw,greedy,accepted
1681,10738.283881488547,10738.283881488547,shaw,greedy,rejected
1682,10738.283881488547,10738.283881488547,worst,tw_regret,accepted
1683,10738.283881488547,10738.283881488547,worst,greedy,rejected
1684,10738.283881488547,10738.283881488547,shaw,tw_regret,rejected
1685,10738.283881488547,10738.283881488547,random,regret,accepted
1686,10738.283881488547,10738.283881488547,worst,tw_regret,accepted
1687,10738.283881488547,10738.283881488547,worst,greedy,accepted
1688,10738.283881488547,10738.283881488547,shaw,regret,accepted
1689,10738.283881488547,10738.283881488547,random,regret,accepted
1690,10738.283881488547,10738.283881488547,random,tw_regret,accepted
1691,10738.283881488547,10738.283881488547,random,greedy,rejected
1692,10738.283881488547,10738.283881488547,shaw,tw_regret,accepted
1693,10738.283881488547,10738.283881488547,worst,tw_regret,accepted
1694,10738.283881488547,10738.283881488547,worst,greedy,rejected
1695,10738.283881488547,10738.283881488547,worst,regret,accepted
1696,10738.283881488547,10738.283881488547,worst,tw_regret,accepted
1697,10738.283881488547,10738.283881488547,random,tw_regret,accepted
1698,10738.283881488547,10738.283881488547,shaw,tw_regret,accepted
1699,10738.283881488547,10738.283881488547,random,regret,accepted
1700,10738.283881488547,10738.283881488547,shaw,greedy,rejected
1701,10738.283881488547,10738.283881488547,random,regret,accepted
1702,10738.283881488547,10738.283881488547,worst,tw_regret,accepted
1703,10738.283881488547,10738.283881488547,random,greedy,rejected
1704,10738.283881488547,10738.283881488547,random,greedy,accepted
1705,10738.283881488547,10738.283881488547,shaw,regret,rejected
1706,10738.283881488547,10738.283881488547,random,greedy,accepted
1707,10738.283881488547,10738.283881488547,random,tw_regret,accepted
1708,10738.283881488547,10738.283881488547,random,regret,accepted
1709,10738.283881488547,10738.283881488547,shaw,tw_regret,accepted
1710,10738.283881488547,10738.283881488547,worst,regret,accepted
1711,10738.283881488547,10738.283881488547,random,tw_regret,accepted
1712,10738.283881488547,10738.283881488547,random,regret,accepted
1713,10738.283881488547,10738.283881488547,random,tw_regret,rejected
1714,10738.283881488547,10738.283881488547,worst,tw_regret,accepted
1715,10738.283881488547,10738.283881488547,worst,tw_regret,rejected
1716,10738.283881488547,10738.283881488547,random,regret,rejected
1717,10738.283881488547,10738.283881488547,worst,tw_regret,accepted
1718,10738.283881488547,10738.283881488547,random,greedy,rejected
1719,10738.283881488547,10738.283881488547,random,regret,accepted
1720,10738.283881488547,10738.283881488547,worst,greedy,accepted
1721,10738.283881488547,10738.283881488547,random,tw_regret,accepted
1722,10738.283881488547,10738.283881488547,worst,regret,accepted
1723,10738.283881488547,10738.283881488547,random,tw_regret,accepted
1724,10738.283881488547,10738.283881488547,random,tw_regret,rejected
1725,10738.283881488547,10738.283881488547,random,tw_regret,accepted
1726,10738.283881488547,10738.283881488547,worst,regret,accepted
1727,10738.283881488547,10738.283881488547,random,tw_regret,accepted
1728,10738.283881488547,10738.283881488547,random,greedy,accepted
1729,10738.283881488547,10738.283881488547,random,tw_regret,rejected
1730,10738.283881488547,10738.283881488547,worst,tw_regret,accepted
1731,10738.283881488547,10738.283881488547,random,tw_regret,rejected
1732,10738.283881488547,10738.283881488547,random,regret,accepted
1733,10738.283881488547,10738.283881488547,random,regret,accepted
1734,10738.283881488547,10738.283881488547,worst,regret,rejected
1735,10738.283881488547,10738.283881488547,worst,regret,accepted
1736,10738.283881488547,10738.283881488547,worst,tw_regret,accepted
1737,10738.283881488547,10738.283881488547,worst,tw_regret,rejected
1738,10738.283881488547,10738.283881488547,random,greedy,accepted
1739,10738.283881488547,10738.283881488547,worst,tw_regret,accepted
1740,10738.283881488547,10738.283881488547,shaw,regret,accepted
1741,10738.283881488547,10738.283881488547,worst,tw_regret,accepted
1742,10738.283881488547,10738.283881488547,shaw,tw_regret,accepted
1743,10738.283881488547,10738.283881488547,shaw,tw_regret,rejected
1744,10738.283881488547,10738.283881488547,worst,regret,accepted
1745,10738.283881488547,10738.283881488547,worst,regret,accepted
1746,10738.283881488547,10738.283881488547,worst,tw_regret,accepted
1747,10738.283881488547,10738.283881488547,worst,tw_regret,rejected
1748,10738.283881488547,10738.283881488547,shaw,greedy,rejected
1749,10738.283881488547,10738.283881488547,shaw,tw_regret,accepted
1750,10738.283881488547,10738.283881488547,worst,regret,accepted
1751,10738.283881488547,10738.283881488547,random,tw_regret,accepted
1752,10738.283881488547,10738.283881488547,random,greedy,accepted
1753,10738.283881488547,10738.283881488547,random,tw_regret,accepted
1754,10738.283881488547,10738.283881488547,shaw,tw_regret,accepted
1755,10738.283881488547,10738.283881488547,random,regret,accepted
1756,10738.283881488547,10738.283881488547,shaw,greedy,accepted
1757,10738.283881488547,10738.283881488547,worst,tw_regret,accepted
1758,10738.283881488547,10738.283881488547,random,tw_regret,accepted
1759,10738.283881488547,10738.283881488547,worst,regret,accepted
1760,10738.283881488547,10738.283881488547,worst,greedy,rejected
1761,10738.283881488547,10738.283881488547,shaw,regret,accepted
1762,10738.283881488547,10738.283881488547,worst,regret,accepted
1763,10738.283881488547,10738.283881488547,random,tw_regret,accepted
1764,10738.283881488547,10738.283881488547,random,regret,accepted
1765,10738.283881488547,10738.283881488547,random,regret,accepted
1766,10738.283881488547,10738.283881488547,worst,tw_regret,accepted
1767,10738.283881488547,10738.283881488547,shaw,tw_regret,accepted
1768,10738.283881488547,10738.283881488547,shaw,regret,accepted
1769,10738.283881488547,10738.283881488547,worst,tw_regret,accepted
1770,10738.283881488547,10738.283881488547,shaw,regret,rejected
1771,10738.283881488547,10738.283881488547,worst,tw_regret,accepted
1772,10738.283881488547,10738.283881488547,worst,greedy,rejected
1773,10738.283881488547,10738.283881488547,random,regret,accepted
1774,10738.283881488547,10738.283881488547,random,tw_regret,rejected
1775,10738.283881488547,10738.283881488547,worst,regret,accepted
1776,10738.283881488547,10738.283881488547,worst,greedy,accepted
1777,10738.283881488547,10738.283881488547,random,tw_regret,rejected
1778,10738.283881488547,10738.283881488547,shaw,regret,accepted
1779,10738.283881488547,10738.283881488547,worst,tw_regret,rejected
1780,10738.283881488547,10738.283881488547,random,regret,accepted
1781,10738.283881488547,10738.283881488547,shaw,greedy,accepted
1782,10738.283881488547,10738.283881488547,shaw,tw_regret,rejected
1783,10738.283881488547,10738.283881488547,random,regret,accepted
1784,10738.283881488547,10738.283881488547,shaw,tw_regret,accepted
1785,10738.283881488547,10738.283881488547,random,regret,accepted
1786,10738.283881488547,10738.283881488547,shaw,regret,rejected
1787,10738.283881488547,10738.283881488547,shaw,greedy,accepted
1788,10738.283881488547,10738.283881488547,shaw,tw_regret,rejected
1789,10738.283881488547,10738.283881488547,worst,greedy,rejected
1790,10738.283881488547,10738.283881488547,random,tw_regret,accepted
1791,10738.283881488547,10738.283881488547,shaw,tw_regret,rejected
1792,10738.283881488547,10738.283881488547,worst,greedy,rejected
1793,10738.283881488547,10738.283881488547,worst,tw_regret,accepted
1794,10738.283881488547,10738.283881488547,worst,regret,accepted
1795,10738.283881488547,10738.283881488547,shaw,regret,rejected
1796,10738.283881488547,10738.283881488547,random,regret,accepted
1797,10738.283881488547,10738.283881488547,worst,greedy,rejected
1798,10738.283881488547,10738.283881488547,shaw,greedy,rejected
1799,10738.283881488547,10738.283881488547,random,greedy,accepted
1800,10738.283881488547,10738.283881488547,random,tw_regret,accepted
1801,10738.283881488547,10738.283881488547,worst,regret,accepted
1802,10738.283881488547,10738.283881488547,worst,greedy,accepted
1803,10738.283881488547,10738.283881488547,worst,regret,rejected
1804,10738.283881488547,10738.283881488547,random,regret,accepted
1805,10738.283881488547,10738.283881488547,worst,tw_regret,rejected
1806,10738.283881488547,10738.283881488547,worst,regret,accepted
1807,10738.283881488547,10738.283881488547,random,greedy,accepted
1808,10738.283881488547,10738.283881488547,shaw,regret,accepted
1809,10738.283881488547,10738.283881488547,shaw,regret,accepted
1810,10738.283881488547,10738.283881488547,worst,regret,accepted
1811,10738.283881488547,10738.283881488547,random,regret,accepted
1812,10738.283881488547,10738.283881488547,random,regret,rejected
1813,10738.283881488547,10738.283881488547,random,regret,accepted
1814,10738.283881488547,10738.283881488547,random,tw_regret,accepted
1815,10738.283881488547,10738.283881488547,worst,tw_regret,accepted
1816,10738.283881488547,10738.283881488547,shaw,tw_regret,rejected
1817,10738.283881488547,10738.283881488547,shaw,regret,accepted
1818,10738.283881488547,10738.283881488547,worst,tw_regret,accepted
1819,10738.283881488547,10738.283881488547,random,tw_regret,rejected
1820,10738.283881488547,10738.283881488547,random,greedy,accepted
1821,10738.283881488547,10738.283881488547,random,regret,accepted
1822,10738.283881488547,10738.283881488547,shaw,greedy,rejected
1823,10738.283881488547,10738.283881488547,random,tw_regret,accepted
1824,10738.283881488547,10738.283881488547,worst,tw_regret,accepted
1825,10738.283881488547,10738.283881488547,worst,regret,accepted
1826,10738.283881488547,10738.283881488547,random,regret,accepted
1827,10738.283881488547,10738.283881488547,worst,regret,accepted
1828,10738.283881488547,10738.283881488547,worst,regret,accepted
1829,10738.283881488547,10738.283881488547,random,tw_regret,accepted
1830,10738.283881488547,10738.283881488547,worst,tw_regret,accepted
1831,10738.283881488547,10738.283881488547,random,regret,accepted
1832,10738.283881488547,10738.283881488547,random,regret,accepted
1833,10738.283881488547,10738.283881488547,shaw,regret,rejected
1834,10738.283881488547,10738.283881488547,worst,regret,accepted
1835,10738.283881488547,10738.283881488547,random,regret,rejected
1836,10738.283881488547,10738.283881488547,shaw,regret,rejected
1837,10738.283881488547,10738.283881488547,random,regret,accepted
1838,10738.283881488547,10738.283881488547,worst,regret,accepted
1839,10738.283881488547,10738.283881488547,shaw,tw_regret,accepted
1840,10738.283881488547,10738.283881488547,shaw,regret,rejected
1841,10738.283881488547,10738.283881488547,worst,greedy,rejected
1842,10738.283881488547,10738.283881488547,shaw,greedy,accepted
1843,10738.283881488547,10738.283881488547,shaw,greedy,rejected
1844,10738.283881488547,10738.283881488547,random,tw_regret,accepted
1845,10738.283881488547,10738.283881488547,worst,tw_regret,accepted
1846,10738.283881488547,10738.283881488547,shaw,regret,rejected
1847,10738.283881488547,10738.283881488547,random,regret,accepted
1848,10738.283881488547,10738.283881488547,random,greedy,accepted
1849,10738.283881488547,10738.283881488547,random,regret,accepted
1850,10738.283881488547,10738.283881488547,worst,greedy,rejected
1851,10738.283881488547,10738.283881488547,worst,regret,rejected
1852,10738.283881488547,10738.283881488547,worst,tw_regret,accepted
1853,10738.283881488547,10738.283881488547,worst,tw_regret,accepted
1854,10738.283881488547,10738.283881488547,shaw,tw_regret,accepted
1855,10738.283881488547,10738.283881488547,worst,greedy,accepted
1856,10738.283881488547,10738.283881488547,worst,regret,accepted
1857,10738.283881488547,10738.283881488547,random,tw_regret,rejected
1858,10738.283881488547,10738.283881488547,shaw,greedy,rejected
1859,10738.283881488547,10738.283881488547,worst,regret,rejected
1860,10738.283881488547,10738.283881488547,worst,regret,accepted
1861,10738.283881488547,10738.283881488547,worst,regret,accepted
1862,10738.283881488547,10738.283881488547,random,regret,accepted
1863,10738.283881488547,10738.283881488547,shaw,regret,rejected
1864,10738.283881488547,10738.283881488547,shaw,regret,rejected
1865,10738.283881488547,10738.283881488547,random,greedy,accepted
1866,10738.283881488547,10738.283881488547,random,regret,accepted
1867,10738.283881488547,10738.283881488547,worst,regret,accepted
1868,10738.283881488547,10738.283881488547,worst,regret,accepted
1869,10738.283881488547,10738.283881488547,worst,tw_regret,accepted
1870,10738.283881488547,10738.283881488547,random,greedy,accepted
1871,10738.283881488547,10738.283881488547,random,tw_regret,accepted
1872,10738.283881488547,10738.283881488547,worst,regret,accepted
1873,10738.283881488547,10738.283881488547,worst,regret,accepted
1874,10738.283881488547,10738.283881488547,random,regret,accepted
1875,10738.283881488547,10738.283881488547,random,regret,rejected
1876,10738.283881488547,10738.283881488547,random,greedy,rejected
1877,10738.283881488547,10738.283881488547,random,greedy,accepted
1878,10738.283881488547,10738.283881488547,random,tw_regret,accepted
1879,10738.283881488547,10738.283881488547,worst,tw_regret,rejected
1880,10738.283881488547,10738.283881488547,worst,greedy,rejected
1881,10738.283881488547,10738.283881488547,random,greedy,rejected
1882,10738.283881488547,10738.283881488547,random,regret,accepted
1883,10738.283881488547,10738.283881488547,shaw,regret,rejected
1884,10738.283881488547,10738.283881488547,shaw,greedy,accepted
1885,10738.283881488547,10738.283881488547,shaw,tw_regret,accepted
1886,10738.283881488547,10738.283881488547,worst,tw_regret,rejected
1887,10738.283881488547,10738.283881488547,worst,regret,accepted
1888,10738.283881488547,10738.283881488547,worst,regret,accepted
1889,10738.283881488547,10738.283881488547,worst,greedy,rejected
1890,10738.283881488547,10738.283881488547,worst,regret,rejected
1891,10738.283881488547,10738.283881488547,shaw,tw_regret,accepted
1892,10738.283881488547,10738.283881488547,worst,regret,accepted
1893,10738.283881488547,10738.283881488547,shaw,regret,accepted
1894,10738.283881488547,10738.283881488547,shaw,tw_regret,rejected
1895,10738.283881488547,10738.283881488547,random,regret,rejected
1896,10738.283881488547,10738.283881488547,worst,greedy,accepted
1897,10738.283881488547,10738.283881488547,random,greedy,rejected
1898,10738.283881488547,10738.283881488547,shaw,greedy,rejected
1899,10738.283881488547,10738.283881488547,shaw,tw_regret,rejected
1900,10738.283881488547,10738.283881488547,worst,tw_regret,accepted
1901,10738.283881488547,10738.283881488547,worst,tw_regret,rejected
1902,10738.283881488547,10738.283881488547,shaw,tw_regret,rejected
1903,10738.283881488547,10738.283881488547,worst,tw_regret,accepted
1904,10738.283881488547,10738.283881488547,shaw,regret,accepted
1905,10738.283881488547,10738.283881488547,worst,regret,rejected
1906,10738.283881488547,10738.283881488547,shaw,regret,accepted
1907,10738.283881488547,10738.283881488547,random,tw_regret,accepted
1908,10738.283881488547,10738.283881488547,random,tw_regret,accepted
1909,10738.283881488547,10738.283881488547,random,greedy,accepted
1910,10738.283881488547,10738.283881488547,shaw,regret,rejected
1911,10738.283881488547,10738.283881488547,worst,regret,accepted
1912,10738.283881488547,10738.283881488547,shaw,tw_regret,accepted
1913,10738.283881488547,10738.283881488547,shaw,regret,rejected
1914,10738.283881488547,10738.283881488547,random,tw_regret,rejected
1915,10738.283881488547,10738.283881488547,shaw,regret,accepted
1916,10738.283881488547,10738.283881488547,shaw,tw_regret,accepted
1917,10738.283881488547,10738.283881488547,random,regret,accepted
1918,10738.283881488547,10738.283881488547,random,tw_regret,accepted
1919,10738.283881488547,10738.283881488547,random,greedy,rejected
1920,10738.283881488547,10738.283881488547,random,greedy,accepted
1921,10738.283881488547,10738.283881488547,shaw,regret,accepted
1922,10738.283881488547,10738.283881488547,worst,greedy,accepted
1923,10738.283881488547,10738.283881488547,worst,regret,accepted
1924,10738.283881488547,10738.283881488547,random,regret,accepted
1925,10738.283881488547,10738.283881488547,worst,greedy,rejected
1926,10738.283881488547,10738.283881488547,shaw,tw_regret,accepted
1927,10738.283881488547,10738.283881488547,shaw,greedy,rejected
1928,10738.283881488547,10738.283881488547,shaw,regret,accepted
1929,10738.283881488547,10738.283881488547,worst,regret,accepted
1930,10738.283881488547,10738.283881488547,shaw,tw_regret,accepted
1931,10738.283881488547,10738.283881488547,shaw,tw_regret,accepted
1932,10738.283881488547,10738.283881488547,shaw,tw_regret,rejected
1933,10738.283881488547,10738.283881488547,worst,tw_regret,accepted
1934,10738.283881488547,10738.283881488547,shaw,tw_regret,accepted
1935,10738.283881488547,10738.283881488547,shaw,greedy,rejected
1936,10738.283881488547,10738.283881488547,shaw,regret,accepted
1937,10738.283881488547,10738.283881488547,random,tw_regret,accepted
1938,10738.283881488547,10738.283881488547,worst,tw_regret,accepted
1939,10738.283881488547,10738.283881488547,shaw,regret,rejected
1940,10738.283881488547,10738.283881488547,random,tw_regret,accepted
1941,10738.283881488547,10738.283881488547,worst,regret,rejected
1942,10738.283881488547,10738.283881488547,random,regret,accepted
1943,10738.283881488547,10738.283881488547,worst,regret,accepted
1944,10738.283881488547,10738.283881488547,random,tw_regret,accepted
1945,10738.283881488547,10738.283881488547,shaw,regret,accepted
1946,10738.283881488547,10738.283881488547,shaw,tw_regret,rejected
1947,10738.283881488547,10738.283881488547,random,tw_regret,rejected
1948,10738.283881488547,10738.283881488547,random,tw_regret,accepted
1949,10738.283881488547,10738.283881488547,random,regret,accepted
1950,10738.283881488547,10738.283881488547,shaw,tw_regret,accepted
1951,10738.283881488547,10738.283881488547,random,regret,accepted
1952,10738.283881488547,10738.283881488547,random,regret,accepted
1953,10738.283881488547,10738.283881488547,random,tw_regret,accepted
1954,10738.283881488547,10738.283881488547,random,tw_regret,accepted
1955,10738.283881488547,10738.283881488547,shaw,regret,rejected
1956,10738.283881488547,10738.283881488547,worst,tw_regret,accepted
1957,10738.283881488547,10738.283881488547,worst,regret,accepted
1958,10738.283881488547,10738.283881488547,random,tw_regret,accepted
1959,10738.283881488547,10738.283881488547,shaw,regret,accepted
1960,10738.283881488547,10738.283881488547,shaw,regret,accepted
1961,10738.283881488547,10738.283881488547,random,tw_regret,accepted
1962,10738.283881488547,10738.283881488547,random,greedy,rejected
1963,10738.283881488547,10738.283881488547,worst,tw_regret,accepted
1964,10738.283881488547,10738.283881488547,shaw,regret,accepted
1965,10738.283881488547,10738.283881488547,random,tw_regret,accepted
1966,10738.283881488547,10738.283881488547,worst,regret,accepted
1967,10738.283881488547,10738.283881488547,random,greedy,accepted
1968,10738.283881488547,10738.283881488547,shaw,greedy,accepted
1969,10738.283881488547,10738.283881488547,random,tw_regret,accepted
1970,10738.283881488547,10738.283881488547,worst,tw_regret,accepted
1971,10738.283881488547,10738.283881488547,worst,greedy,rejected
1972,10738.283881488547,10738.283881488547,shaw,tw_regret,rejected
1973,10738.283881488547,10738.283881488547,shaw,regret,rejected
1974,10738.283881488547,10738.283881488547,random,regret,accepted
1975,10738.283881488547,10738.283881488547,random,greedy,accepted
1976,10738.283881488547,10738.283881488547,worst,tw_regret,accepted
1977,10738.283881488547,10738.283881488547,random,regret,accepted
1978,10738.283881488547,10738.283881488547,random,regret,rejected
1979,10738.283881488547,10738.283881488547,shaw,regret,accepted
1980,10738.283881488547,10738.283881488547,random,greedy,rejected
1981,10738.283881488547,10738.283881488547,shaw,regret,accepted
1982,10738.283881488547,10738.283881488547,shaw,greedy,accepted
1983,10738.283881488547,10738.283881488547,random,regret,rejected
1984,10738.283881488547,10738.283881488547,shaw,tw_regret,accepted
1985,10738.283881488547,10738.283881488547,worst,tw_regret,accepted
1986,10738.283881488547,10738.283881488547,shaw,greedy,accepted
1987,10738.283881488547,10738.283881488547,worst,regret,rejected
1988,10738.283881488547,10738.283881488547,worst,tw_regret,accepted
1989,10738.283881488547,10738.283881488547,worst,greedy,accepted
1990,10738.283881488547,10738.283881488547,shaw,greedy,rejected
1991,10738.283881488547,10738.283881488547,shaw,tw_regret,accepted
1992,10738.283881488547,10738.283881488547,random,regret,rejected
1993,10738.283881488547,10738.283881488547,random,regret,accepted
1994,10738.283881488547,10738.283881488547,shaw,greedy,rejected
1995,10738.283881488547,10738.283881488547,worst,tw_regret,accepted
1996,10738.283881488547,10738.283881488547,shaw,tw_regret,accepted
1997,10738.283881488547,10738.283881488547,shaw,regret,rejected
1998,10738.283881488547,10738.283881488547,worst,greedy,rejected
1999,10738.283881488547,10738.283881488547,random,tw_regret,rejected
2000,10738.283881488547,10738.283881488547,worst,greedy,accepted
