plan_date,delivery_id,order_date,outlet_id,brand,category,district,depot,van_only,weight_kg,volume_m3,times_deferred_before,p,decision,vehicle_id,trip_id,route_id,late_min
2026-02-16,ORD0092308,2026-02-16,OUT001,Fresh,fresh_dry,Colombo,Peliyagoda,True,92.1,0.501,0,0,served,VEH037,1,2026-02-16-VEH037-T1,0.0
2026-02-16,ORD0092309,2026-02-16,OUT002,Fresh,fresh_dry,Colombo,Peliyagoda,True,96.2,0.539,0,0,served,VEH037,1,2026-02-16-VEH037-T1,0.0
2026-02-16,ORD0092310,2026-02-16,OUT003,Fresh,fresh_dry,Colombo,Peliyagoda,True,89.8,0.472,0,0,served,VEH037,1,2026-02-16-VEH037-T1,0.0
2026-02-16,ORD0092311,2026-02-16,OUT004,Fresh,fresh_dry,Colombo,Peliyagoda,False,216.4,1.193,0,0,served,VEH018,1,2026-02-16-VEH018-T1,0.0
2026-02-16,ORD0092312,2026-02-16,OUT005,Fresh,fresh_dry,Colombo,Peliyagoda,False,467.1,2.687,0,0,served,VEH018,1,2026-02-16-VEH018-T1,0.0
2026-02-16,ORD0092313,2026-02-16,OUT006,Fresh,fresh_dry,Colombo,Peliyagoda,False,368.5,1.943,0,0,served,VEH004,1,2026-02-16-VEH004-T1,0.0
2026-02-16,ORD0092314,2026-02-16,OUT006,Fresh,fresh_chilled,Colombo,Peliyagoda,False,574.3,2.904,0,0,served,VEH004,1,2026-02-16-VEH004-T1,0.0
2026-02-16,ORD0092315,2026-02-16,OUT007,Fresh,fresh_dry,Colombo,Peliyagoda,False,764.3,3.819,0,0,served,VEH018,1,2026-02-16-VEH018-T1,0.0
2026-02-16,ORD0092316,2026-02-16,OUT007,Fresh,fresh_chilled,Colombo,Peliyagoda,False,654.7,3.432,0,0,served,VEH004,1,2026-02-16-VEH004-T1,0.0
2026-02-16,ORD0092317,2026-02-16,OUT008,Fresh,fresh_dry,Colombo,Peliyagoda,False,356.9,1.913,0,0,served,VEH037,1,2026-02-16-VEH037-T1,0.0
2026-02-16,ORD0092318,2026-02-16,OUT008,Fresh,fresh_chilled,Colombo,Peliyagoda,False,237.1,1.223,0,0,served,VEH004,1,2026-02-16-VEH004-T1,0.0
2026-02-16,ORD0092319,2026-02-16,OUT009,Fresh,fresh_dry,Colombo,Peliyagoda,False,263.8,1.428,0,0,served,VEH018,1,2026-02-16-VEH018-T1,0.0
2026-02-16,ORD0092320,2026-02-16,OUT010,Fresh,fresh_dry,Colombo,Peliyagoda,False,366.9,2.088,0,0,served,VEH018,1,2026-02-16-VEH018-T1,0.0
2026-02-16,ORD0092321,2026-02-16,OUT010,Fresh,fresh_chilled,Colombo,Peliyagoda,False,214.9,1.222,0,0,served,VEH004,1,2026-02-16-VEH004-T1,0.0
2026-02-16,ORD0092322,2026-02-16,OUT011,Fresh,fresh_dry,Colombo,Peliyagoda,False,342.4,1.769,0,0,served,VEH004,1,2026-02-16-VEH004-T1,0.0
2026-02-16,ORD0092323,2026-02-16,OUT011,Fresh,fresh_chilled,Colombo,Peliyagoda,False,286.2,1.437,0,0,served,VEH004,1,2026-02-16-VEH004-T1,0.0
2026-02-16,ORD0092324,2026-02-16,OUT012,Fresh,fresh_dry,Colombo,Peliyagoda,False,321.4,1.758,0,0,served,VEH037,1,2026-02-16-VEH037-T1,0.0
2026-02-16,ORD0092325,2026-02-16,OUT012,Fresh,fresh_chilled,Colombo,Peliyagoda,False,154.6,0.856,0,0,served,VEH004,1,2026-02-16-VEH004-T1,0.0
2026-02-16,ORD0092326,2026-02-16,OUT013,Fresh,fresh_dry,Colombo,Peliyagoda,False,795.3,4.454,0,0,served,VEH018,1,2026-02-16-VEH018-T1,0.0
2026-02-16,ORD0092327,2026-02-16,OUT014,Fresh,fresh_dry,Colombo,Peliyagoda,False,218.3,1.215,0,0,served,VEH004,1,2026-02-16-VEH004-T1,0.0
2026-02-16,ORD0092328,2026-02-16,OUT014,Fresh,fresh_chilled,Colombo,Peliyagoda,False,318.0,1.724,0,0,served,VEH004,1,2026-02-16-VEH004-T1,0.0
2026-02-16,ORD0092329,2026-02-16,OUT025,Fresh,fresh_dry,Gampaha,Peliyagoda,False,202.7,1.244,0,0,served,VEH001,1,2026-02-16-VEH001-T1,0.0
2026-02-16,ORD0092330,2026-02-16,OUT025,Fresh,fresh_chilled,Gampaha,Peliyagoda,False,141.3,0.764,0,0,served,VEH001,1,2026-02-16-VEH001-T1,0.0
2026-02-16,ORD0092331,2026-02-16,OUT026,Fresh,fresh_dry,Gampaha,Peliyagoda,False,226.8,1.211,0,0,served,VEH017,1,2026-02-16-VEH017-T1,0.0
2026-02-16,ORD0092332,2026-02-16,OUT027,Fresh,fresh_dry,Gampaha,Peliyagoda,False,415.9,2.244,0,0,served,VEH001,1,2026-02-16-VEH001-T1,0.0
2026-02-16,ORD0092333,2026-02-16,OUT027,Fresh,fresh_chilled,Gampaha,Peliyagoda,False,234.3,1.093,0,0,served,VEH001,1,2026-02-16-VEH001-T1,0.0
2026-02-16,ORD0092334,2026-02-16,OUT028,Fresh,fresh_dry,Gampaha,Peliyagoda,False,424.5,2.256,0,0,served,VEH017,1,2026-02-16-VEH017-T1,0.0
2026-02-16,ORD0092335,2026-02-16,OUT029,Fresh,fresh_dry,Gampaha,Peliyagoda,False,356.6,1.804,0,0,served,VEH017,1,2026-02-16-VEH017-T1,0.0
2026-02-16,ORD0092336,2026-02-16,OUT029,Fresh,fresh_chilled,Gampaha,Peliyagoda,False,300.0,1.557,0,0,served,VEH001,1,2026-02-16-VEH001-T1,0.0
2026-02-16,ORD0092337,2026-02-16,OUT030,Fresh,fresh_dry,Gampaha,Peliyagoda,False,356.8,1.878,0,0,served,VEH001,1,2026-02-16-VEH001-T1,0.0
2026-02-16,ORD0092338,2026-02-16,OUT030,Fresh,fresh_chilled,Gampaha,Peliyagoda,False,396.2,2.169,0,0,served,VEH001,1,2026-02-16-VEH001-T1,0.0
2026-02-16,ORD0092339,2026-02-16,OUT031,Fresh,fresh_dry,Gampaha,Peliyagoda,False,799.2,4.772,0,0,served,VEH017,1,2026-02-16-VEH017-T1,0.0
2026-02-16,ORD0092340,2026-02-16,OUT031,Fresh,fresh_chilled,Gampaha,Peliyagoda,False,943.9,4.6,0,0,served,VEH001,1,2026-02-16-VEH001-T1,0.0
2026-02-16,ORD0092341,2026-02-16,OUT032,Fresh,fresh_dry,Gampaha,Peliyagoda,False,685.8,3.414,0,0,served,VEH017,1,2026-02-16-VEH017-T1,0.0
2026-02-16,ORD0092342,2026-02-16,OUT033,Fresh,fresh_dry,Gampaha,Peliyagoda,False,426.9,2.129,0,0,served,VEH001,1,2026-02-16-VEH001-T1,0.0
2026-02-16,ORD0092343,2026-02-16,OUT033,Fresh,fresh_chilled,Gampaha,Peliyagoda,False,303.0,1.718,0,0,served,VEH001,1,2026-02-16-VEH001-T1,0.0
2026-02-16,ORD0092344,2026-02-16,OUT034,Fresh,fresh_dry,Gampaha,Peliyagoda,False,358.7,1.796,0,0,served,VEH017,1,2026-02-16-VEH017-T1,0.0
2026-02-16,ORD0092345,2026-02-16,OUT040,Fresh,fresh_dry,Kalutara,Peliyagoda,False,712.4,3.494,0,0,served,VEH003,1,2026-02-16-VEH003-T1,0.0
2026-02-16,ORD0092346,2026-02-16,OUT040,Fresh,fresh_chilled,Kalutara,Peliyagoda,False,335.9,1.82,0,0,served,VEH003,1,2026-02-16-VEH003-T1,0.0
2026-02-16,ORD0092347,2026-02-16,OUT041,Fresh,fresh_dry,Kalutara,Peliyagoda,False,420.5,2.112,0,0,served,VEH015,1,2026-02-16-VEH015-T1,0.0
2026-02-16,ORD0092348,2026-02-16,OUT042,Fresh,fresh_dry,Kalutara,Peliyagoda,False,730.6,3.665,0,0,served,VEH015,1,2026-02-16-VEH015-T1,0.0
2026-02-16,ORD0092349,2026-02-16,OUT042,Fresh,fresh_chilled,Kalutara,Peliyagoda,False,499.6,2.761,0,0,served,VEH003,1,2026-02-16-VEH003-T1,0.0
2026-02-16,ORD0092350,2026-02-16,OUT043,Fresh,fresh_dry,Kalutara,Peliyagoda,False,194.2,0.997,0,0,served,VEH015,1,2026-02-16-VEH015-T1,0.0
2026-02-16,ORD0092351,2026-02-16,OUT043,Fresh,fresh_chilled,Kalutara,Peliyagoda,False,240.1,1.268,0,0,served,VEH003,1,2026-02-16-VEH003-T1,0.0
2026-02-16,ORD0092352,2026-02-16,OUT044,Fresh,fresh_dry,Kalutara,Peliyagoda,False,370.7,1.993,0,0,served,VEH003,1,2026-02-16-VEH003-T1,0.0
2026-02-16,ORD0092353,2026-02-16,OUT044,Fresh,fresh_chilled,Kalutara,Peliyagoda,False,161.6,0.874,0,0,served,VEH003,1,2026-02-16-VEH003-T1,0.0
2026-02-16,ORD0092354,2026-02-16,OUT045,Fresh,fresh_dry,Kalutara,Peliyagoda,False,245.3,1.487,0,0,served,VEH015,1,2026-02-16-VEH015-T1,0.0
2026-02-16,ORD0092355,2026-02-16,OUT045,Fresh,fresh_chilled,Kalutara,Peliyagoda,False,218.3,1.194,0,0,served,VEH003,1,2026-02-16-VEH003-T1,0.0
2026-02-16,ORD0092356,2026-02-16,OUT046,Fresh,fresh_dry,Kalutara,Peliyagoda,False,214.2,1.267,0,0,served,VEH015,1,2026-02-16-VEH015-T1,0.0
2026-02-16,ORD0092357,2026-02-16,OUT047,Style,style,Kalutara,Peliyagoda,False,663.8,10.378,0,0,served,VEH025,2,2026-02-16-VEH025-T2,0.0
2026-02-16,ORD0092358,2026-02-16,OUT048,Style,style,Kalutara,Peliyagoda,False,318.9,5.529,0,0,served,VEH025,2,2026-02-16-VEH025-T2,0.0
2026-02-16,ORD0092359,2026-02-16,OUT050,Fresh,fresh_dry,Galle,Peliyagoda,False,221.5,1.428,0,0,served,VEH007,1,2026-02-16-VEH007-T1,0.0
2026-02-16,ORD0092360,2026-02-16,OUT050,Fresh,fresh_chilled,Galle,Peliyagoda,False,438.5,2.082,0,0,served,VEH007,1,2026-02-16-VEH007-T1,0.0
2026-02-16,ORD0092361,2026-02-16,OUT051,Fresh,fresh_dry,Galle,Peliyagoda,False,197.2,1.027,0,0,served,VEH038,1,2026-02-16-VEH038-T1,0.0
2026-02-16,ORD0092362,2026-02-16,OUT051,Fresh,fresh_chilled,Galle,Peliyagoda,False,96.5,0.622,0,0,served,VEH007,1,2026-02-16-VEH007-T1,0.0
2026-02-16,ORD0092363,2026-02-16,OUT052,Fresh,fresh_dry,Galle,Peliyagoda,False,507.5,2.676,0,0,served,VEH038,1,2026-02-16-VEH038-T1,0.0
2026-02-16,ORD0092364,2026-02-16,OUT053,Fresh,fresh_dry,Galle,Peliyagoda,False,169.8,0.974,0,0,served,VEH007,1,2026-02-16-VEH007-T1,0.0
2026-02-16,ORD0092365,2026-02-16,OUT053,Fresh,fresh_chilled,Galle,Peliyagoda,False,179.6,0.935,0,0,served,VEH007,1,2026-02-16-VEH007-T1,0.0
2026-02-16,ORD0092366,2026-02-16,OUT054,Fresh,fresh_dry,Galle,Peliyagoda,False,695.3,3.452,0,0,served,VEH007,1,2026-02-16-VEH007-T1,0.0
2026-02-16,ORD0092367,2026-02-16,OUT054,Fresh,fresh_chilled,Galle,Peliyagoda,False,661.3,3.453,0,0,served,VEH007,1,2026-02-16-VEH007-T1,0.0
2026-02-16,ORD0092368,2026-02-16,OUT055,Fresh,fresh_dry,Galle,Peliyagoda,False,296.1,1.8,0,0,served,VEH038,1,2026-02-16-VEH038-T1,0.0
2026-02-16,ORD0092369,2026-02-16,OUT058,Tech,tech,Galle,Peliyagoda,False,302.6,0.961,0,0,served,VEH037,2,2026-02-16-VEH037-T2,0.0
2026-02-16,ORD0092370,2026-02-16,OUT059,Fresh,fresh_dry,Matara,Peliyagoda,False,272.9,1.428,0,0,served,VEH025,1,2026-02-16-VEH025-T1,0.0
2026-02-16,ORD0092371,2026-02-16,OUT059,Fresh,fresh_chilled,Matara,Peliyagoda,False,368.8,2.019,0,0,served,VEH035,1,2026-02-16-VEH035-T1,0.0
2026-02-16,ORD0092372,2026-02-16,OUT060,Fresh,fresh_dry,Matara,Peliyagoda,False,316.0,1.62,0,0,served,VEH025,1,2026-02-16-VEH025-T1,0.0
2026-02-16,ORD0092373,2026-02-16,OUT061,Fresh,fresh_dry,Matara,Peliyagoda,False,382.9,2.081,0,0,served,VEH025,1,2026-02-16-VEH025-T1,0.0
2026-02-16,ORD0092374,2026-02-16,OUT061,Fresh,fresh_chilled,Matara,Peliyagoda,False,194.4,1.008,0,0,served,VEH035,1,2026-02-16-VEH035-T1,0.0
2026-02-16,ORD0092375,2026-02-16,OUT062,Fresh,fresh_dry,Matara,Peliyagoda,False,398.1,2.086,0,0,served,VEH025,1,2026-02-16-VEH025-T1,0.0
2026-02-16,ORD0092376,2026-02-16,OUT062,Fresh,fresh_chilled,Matara,Peliyagoda,False,303.9,1.637,0,0,served,VEH035,1,2026-02-16-VEH035-T1,0.0
2026-02-16,ORD0092377,2026-02-16,OUT065,Fresh,fresh_dry,Kurunegala,Peliyagoda,False,498.7,2.52,0,0,served,VEH008,1,2026-02-16-VEH008-T1,0.0
2026-02-16,ORD0092378,2026-02-16,OUT066,Fresh,fresh_dry,Kurunegala,Peliyagoda,False,348.7,1.993,0,0,served,VEH008,1,2026-02-16-VEH008-T1,0.0
2026-02-16,ORD0092379,2026-02-16,OUT067,Fresh,fresh_dry,Kurunegala,Peliyagoda,False,367.1,1.754,0,0,served,VEH008,1,2026-02-16-VEH008-T1,0.0
2026-02-16,ORD0092380,2026-02-16,OUT068,Fresh,fresh_dry,Kurunegala,Peliyagoda,False,330.9,1.717,0,0,served,VEH002,1,2026-02-16-VEH002-T1,0.0
2026-02-16,ORD0092381,2026-02-16,OUT068,Fresh,fresh_chilled,Kurunegala,Peliyagoda,False,397.5,2.026,0,0,served,VEH002,1,2026-02-16-VEH002-T1,0.0
2026-02-16,ORD0092382,2026-02-16,OUT069,Fresh,fresh_dry,Kurunegala,Peliyagoda,False,419.5,2.162,0,0,served,VEH002,1,2026-02-16-VEH002-T1,0.0
2026-02-16,ORD0092383,2026-02-16,OUT069,Fresh,fresh_chilled,Kurunegala,Peliyagoda,False,244.7,1.287,0,0,served,VEH002,1,2026-02-16-VEH002-T1,0.0
2026-02-16,ORD0092384,2026-02-16,OUT073,Fresh,fresh_dry,Puttalam,Peliyagoda,False,279.5,1.552,0,0,served,VEH006,1,2026-02-16-VEH006-T1,0.0
2026-02-16,ORD0092385,2026-02-16,OUT073,Fresh,fresh_chilled,Puttalam,Peliyagoda,False,358.5,1.844,0,0,served,VEH006,1,2026-02-16-VEH006-T1,0.0
2026-02-16,ORD0092386,2026-02-16,OUT074,Fresh,fresh_dry,Puttalam,Peliyagoda,False,414.4,2.042,0,0,served,VEH036,1,2026-02-16-VEH036-T1,0.0
2026-02-16,ORD0092387,2026-02-16,OUT074,Fresh,fresh_chilled,Puttalam,Peliyagoda,False,366.0,1.917,0,0,served,VEH036,1,2026-02-16-VEH036-T1,0.0
2026-02-16,ORD0092388,2026-02-16,OUT075,Fresh,fresh_dry,Puttalam,Peliyagoda,False,151.0,0.873,0,0,served,VEH006,1,2026-02-16-VEH006-T1,0.0
2026-02-16,ORD0092389,2026-02-16,OUT075,Fresh,fresh_chilled,Puttalam,Peliyagoda,False,175.7,0.999,0,0,served,VEH036,1,2026-02-16-VEH036-T1,0.0
2026-02-16,ORD0092390,2026-02-16,OUT076,Fresh,fresh_dry,Kandy,Kandy,True,132.7,0.794,0,0,served,VEH059,1,2026-02-16-VEH059-T1,0.0
2026-02-16,ORD0092391,2026-02-16,OUT077,Fresh,fresh_dry,Kandy,Kandy,True,106.1,0.56,0,0,served,VEH058,1,2026-02-16-VEH058-T1,0.0
2026-02-16,ORD0092392,2026-02-16,OUT077,Fresh,fresh_chilled,Kandy,Kandy,True,75.4,0.448,0,0,served,VEH058,1,2026-02-16-VEH058-T1,0.0
2026-02-16,ORD0092393,2026-02-16,OUT078,Fresh,fresh_dry,Kandy,Kandy,True,162.7,0.795,0,0,served,VEH058,1,2026-02-16-VEH058-T1,0.0
2026-02-16,ORD0092394,2026-02-16,OUT078,Fresh,fresh_chilled,Kandy,Kandy,True,131.8,0.768,0,0,served,VEH058,1,2026-02-16-VEH058-T1,0.0
2026-02-16,ORD0092395,2026-02-16,OUT079,Fresh,fresh_dry,Kandy,Kandy,True,176.6,0.929,0,0,served,VEH058,1,2026-02-16-VEH058-T1,0.0
2026-02-16,ORD0092396,2026-02-16,OUT079,Fresh,fresh_chilled,Kandy,Kandy,True,99.0,0.535,0,0,served,VEH058,1,2026-02-16-VEH058-T1,0.0
2026-02-16,ORD0092397,2026-02-16,OUT080,Fresh,fresh_dry,Kandy,Kandy,True,152.6,0.881,0,0,served,VEH059,1,2026-02-16-VEH059-T1,0.0
2026-02-16,ORD0092398,2026-02-16,OUT081,Fresh,fresh_dry,Kandy,Kandy,True,150.0,0.783,0,0,served,VEH059,1,2026-02-16-VEH059-T1,0.0
2026-02-16,ORD0092399,2026-02-16,OUT082,Fresh,fresh_dry,Kandy,Kandy,True,123.8,0.672,0,0,served,VEH058,1,2026-02-16-VEH058-T1,0.0
2026-02-16,ORD0092400,2026-02-16,OUT082,Fresh,fresh_chilled,Kandy,Kandy,True,74.4,0.421,0,0,served,VEH058,1,2026-02-16-VEH058-T1,0.0
2026-02-16,ORD0092401,2026-02-16,OUT083,Fresh,fresh_dry,Kandy,Kandy,True,91.2,0.452,0,0,served,VEH059,1,2026-02-16-VEH059-T1,0.0
2026-02-16,ORD0092402,2026-02-16,OUT084,Fresh,fresh_dry,Kandy,Kandy,False,246.9,1.227,0,0,served,VEH059,1,2026-02-16-VEH059-T1,0.0
2026-02-16,ORD0092403,2026-02-16,OUT085,Fresh,fresh_dry,Kandy,Kandy,False,308.2,1.734,0,0,served,VEH043,2,2026-02-16-VEH043-T2,0.0
2026-02-16,ORD0092404,2026-02-16,OUT085,Fresh,fresh_chilled,Kandy,Kandy,False,472.4,2.681,0,0,served,VEH043,2,2026-02-16-VEH043-T2,0.0
2026-02-16,ORD0092405,2026-02-16,OUT086,Fresh,fresh_dry,Kandy,Kandy,False,248.8,1.242,0,0,served,VEH043,2,2026-02-16-VEH043-T2,0.0
2026-02-16,ORD0092406,2026-02-16,OUT086,Fresh,fresh_chilled,Kandy,Kandy,False,369.6,2.077,0,0,served,VEH043,2,2026-02-16-VEH043-T2,0.0
2026-02-16,ORD0092407,2026-02-16,OUT087,Fresh,fresh_dry,Kandy,Kandy,False,335.6,1.944,0,0,served,VEH043,2,2026-02-16-VEH043-T2,0.0
2026-02-16,ORD0092408,2026-02-16,OUT087,Fresh,fresh_chilled,Kandy,Kandy,False,194.3,0.98,0,0,served,VEH043,2,2026-02-16-VEH043-T2,0.0
2026-02-16,ORD0092409,2026-02-16,OUT096,Fresh,fresh_dry,Matale,Kandy,False,238.8,1.388,0,0,served,VEH040,1,2026-02-16-VEH040-T1,0.0
2026-02-16,ORD0092410,2026-02-16,OUT096,Fresh,fresh_chilled,Matale,Kandy,False,125.4,0.751,0,0,served,VEH040,1,2026-02-16-VEH040-T1,0.0
2026-02-16,ORD0092411,2026-02-16,OUT097,Fresh,fresh_dry,Matale,Kandy,False,377.6,1.867,0,0,served,VEH040,1,2026-02-16-VEH040-T1,0.0
2026-02-16,ORD0092412,2026-02-16,OUT098,Fresh,fresh_dry,Matale,Kandy,False,330.9,1.875,0,0,served,VEH043,1,2026-02-16-VEH043-T1,0.0
2026-02-16,ORD0092413,2026-02-16,OUT098,Fresh,fresh_chilled,Matale,Kandy,False,395.5,2.098,0,0,served,VEH043,1,2026-02-16-VEH043-T1,0.0
2026-02-16,ORD0092414,2026-02-16,OUT099,Fresh,fresh_dry,Matale,Kandy,False,419.2,2.024,0,0,served,VEH040,1,2026-02-16-VEH040-T1,0.0
2026-02-16,ORD0092415,2026-02-16,OUT099,Fresh,fresh_chilled,Matale,Kandy,False,230.1,1.386,0,0,served,VEH040,1,2026-02-16-VEH040-T1,0.0
2026-02-16,ORD0092416,2026-02-16,OUT100,Fresh,fresh_dry,Matale,Kandy,False,444.6,2.531,0,0,served,VEH043,1,2026-02-16-VEH043-T1,0.0
2026-02-16,ORD0092417,2026-02-16,OUT101,Fresh,fresh_dry,Matale,Kandy,False,331.3,1.56,0,0,served,VEH040,1,2026-02-16-VEH040-T1,0.0
2026-02-16,ORD0092418,2026-02-16,OUT101,Fresh,fresh_chilled,Matale,Kandy,False,345.3,1.878,0,0,served,VEH040,1,2026-02-16-VEH040-T1,0.0
2026-02-16,ORD0092419,2026-02-16,OUT102,Style,style,Matale,Kandy,False,944.0,16.17,0,0,served,VEH046,2,2026-02-16-VEH046-T2,0.0
2026-02-16,ORD0092420,2026-02-16,OUT103,Tech,tech,Matale,Kandy,False,787.9,2.709,0,0,served,VEH059,2,2026-02-16-VEH059-T2,0.0
2026-02-16,ORD0092421,2026-02-16,OUT104,Fresh,fresh_dry,Nuwara Eliya,Kandy,False,421.0,2.036,0,0,served,VEH046,1,2026-02-16-VEH046-T1,0.0
2026-02-16,ORD0092422,2026-02-16,OUT105,Fresh,fresh_dry,Nuwara Eliya,Kandy,False,345.6,1.7,0,0,served,VEH039,1,2026-02-16-VEH039-T1,0.0
2026-02-16,ORD0092423,2026-02-16,OUT105,Fresh,fresh_chilled,Nuwara Eliya,Kandy,False,168.4,0.922,0,0,served,VEH039,1,2026-02-16-VEH039-T1,0.0
2026-02-16,ORD0092424,2026-02-16,OUT106,Fresh,fresh_dry,Nuwara Eliya,Kandy,False,307.8,1.774,0,0,served,VEH046,1,2026-02-16-VEH046-T1,0.0
2026-02-16,ORD0092425,2026-02-16,OUT107,Fresh,fresh_dry,Nuwara Eliya,Kandy,False,367.9,1.707,0,0,served,VEH046,1,2026-02-16-VEH046-T1,0.0
2026-02-16,ORD0092426,2026-02-16,OUT108,Fresh,fresh_dry,Nuwara Eliya,Kandy,False,318.1,1.861,0,0,served,VEH039,1,2026-02-16-VEH039-T1,0.0
2026-02-16,ORD0092427,2026-02-16,OUT108,Fresh,fresh_chilled,Nuwara Eliya,Kandy,False,249.3,1.438,0,0,served,VEH039,1,2026-02-16-VEH039-T1,0.0
2026-02-16,ORD0092428,2026-02-16,OUT110,Fresh,fresh_dry,Badulla,Kandy,False,263.8,1.444,0,0,served,VEH060,1,2026-02-16-VEH060-T1,0.0
2026-02-16,ORD0092429,2026-02-16,OUT110,Fresh,fresh_chilled,Badulla,Kandy,False,188.9,1.064,0,0,served,VEH057,1,2026-02-16-VEH057-T1,0.0
2026-02-16,ORD0092430,2026-02-16,OUT111,Fresh,fresh_dry,Badulla,Kandy,False,187.7,0.923,0,0,served,VEH056,1,2026-02-16-VEH056-T1,0.0
2026-02-16,ORD0092431,2026-02-16,OUT111,Fresh,fresh_chilled,Badulla,Kandy,False,108.0,0.572,0,0,served,VEH057,1,2026-02-16-VEH057-T1,0.0
2026-02-16,ORD0092432,2026-02-16,OUT112,Fresh,fresh_dry,Badulla,Kandy,False,470.1,2.63,0,0,served,VEH056,1,2026-02-16-VEH056-T1,0.0
2026-02-16,ORD0092433,2026-02-16,OUT113,Fresh,fresh_dry,Badulla,Kandy,False,461.0,2.67,0,0,served,VEH041,1,2026-02-16-VEH041-T1,0.0
2026-02-16,ORD0092434,2026-02-16,OUT113,Fresh,fresh_chilled,Badulla,Kandy,False,405.3,2.436,0,0,served,VEH041,1,2026-02-16-VEH041-T1,0.0
2026-02-16,ORD0092435,2026-02-16,OUT114,Style,style,Badulla,Kandy,False,485.9,8.523,0,0,served,VEH060,2,2026-02-16-VEH060-T2,0.0
2026-02-16,ORD0092436,2026-02-16,OUT116,Fresh,fresh_dry,Kegalle,Kandy,False,468.2,2.729,0,0,served,VEH042,1,2026-02-16-VEH042-T1,0.0
2026-02-16,ORD0092437,2026-02-16,OUT116,Fresh,fresh_chilled,Kegalle,Kandy,False,203.7,1.078,0,0,served,VEH042,1,2026-02-16-VEH042-T1,0.0
2026-02-16,ORD0092438,2026-02-16,OUT117,Fresh,fresh_dry,Kegalle,Kandy,False,497.4,2.642,0,0,served,VEH042,1,2026-02-16-VEH042-T1,0.0
2026-02-16,ORD0092439,2026-02-16,OUT118,Fresh,fresh_dry,Kegalle,Kandy,False,580.2,3.384,0,0,served,VEH042,1,2026-02-16-VEH042-T1,0.0
2026-02-16,ORD0092440,2026-02-16,OUT118,Fresh,fresh_chilled,Kegalle,Kandy,False,473.0,2.434,0,0,served,VEH042,1,2026-02-16-VEH042-T1,0.0
2026-02-16,ORD0092441,2026-02-16,OUT119,Fresh,fresh_dry,Kegalle,Kandy,False,272.0,1.541,0,0,served,VEH042,1,2026-02-16-VEH042-T1,0.0
2026-02-16,ORD0092442,2026-02-16,OUT119,Fresh,fresh_chilled,Kegalle,Kandy,False,392.3,1.878,0,0,served,VEH042,1,2026-02-16-VEH042-T1,0.0
2026-02-17,ORD0092443,2026-02-17,OUT001,Fresh,fresh_dry,Colombo,Peliyagoda,True,80.5,0.445,0,0,served,VEH037,1,2026-02-17-VEH037-T1,0.0
2026-02-17,ORD0092444,2026-02-17,OUT001,Fresh,fresh_chilled,Colombo,Peliyagoda,True,77.0,0.43,0,0,served,VEH036,1,2026-02-17-VEH036-T1,0.0
2026-02-17,ORD0092445,2026-02-17,OUT002,Fresh,fresh_dry,Colombo,Peliyagoda,True,97.0,0.551,0,0,served,VEH037,1,2026-02-17-VEH037-T1,0.0
2026-02-17,ORD0092446,2026-02-17,OUT002,Fresh,fresh_chilled,Colombo,Peliyagoda,True,73.8,0.434,0,0,served,VEH036,2,2026-02-17-VEH036-T2,0.0
2026-02-17,ORD0092447,2026-02-17,OUT003,Fresh,fresh_dry,Colombo,Peliyagoda,True,111.9,0.613,0,0,served,VEH037,1,2026-02-17-VEH037-T1,0.0
2026-02-17,ORD0092448,2026-02-17,OUT004,Fresh,fresh_dry,Colombo,Peliyagoda,False,206.0,1.095,0,0,served,VEH018,1,2026-02-17-VEH018-T1,0.0
2026-02-17,ORD0092449,2026-02-17,OUT005,Fresh,fresh_dry,Colombo,Peliyagoda,False,458.4,2.372,0,0,served,VEH018,1,2026-02-17-VEH018-T1,0.0
2026-02-17,ORD0092450,2026-02-17,OUT006,Fresh,fresh_dry,Colombo,Peliyagoda,False,430.1,2.521,0,0,served,VEH018,1,2026-02-17-VEH018-T1,0.0
2026-02-17,ORD0092451,2026-02-17,OUT006,Fresh,fresh_chilled,Colombo,Peliyagoda,False,378.7,2.05,0,0,served,VEH036,2,2026-02-17-VEH036-T2,0.0
2026-02-17,ORD0092452,2026-02-17,OUT007,Fresh,fresh_dry,Colombo,Peliyagoda,False,745.6,3.602,0,0,served,VEH018,1,2026-02-17-VEH018-T1,0.0
2026-02-17,ORD0092453,2026-02-17,OUT008,Fresh,fresh_dry,Colombo,Peliyagoda,False,295.1,1.685,0,0,served,VEH018,1,2026-02-17-VEH018-T1,0.0
2026-02-17,ORD0092454,2026-02-17,OUT008,Fresh,fresh_chilled,Colombo,Peliyagoda,False,171.1,0.898,0,0,served,VEH036,1,2026-02-17-VEH036-T1,0.0
2026-02-17,ORD0092455,2026-02-17,OUT009,Fresh,fresh_dry,Colombo,Peliyagoda,False,208.9,0.993,0,0,served,VEH037,1,2026-02-17-VEH037-T1,0.0
2026-02-17,ORD0092456,2026-02-17,OUT009,Fresh,fresh_chilled,Colombo,Peliyagoda,False,208.7,1.253,0,0,served,VEH036,1,2026-02-17-VEH036-T1,0.0
2026-02-17,ORD0092457,2026-02-17,OUT010,Fresh,fresh_dry,Colombo,Peliyagoda,False,350.8,1.997,0,0,served,VEH037,1,2026-02-17-VEH037-T1,0.0
2026-02-17,ORD0092458,2026-02-17,OUT010,Fresh,fresh_chilled,Colombo,Peliyagoda,False,314.6,1.817,0,0,served,VEH036,1,2026-02-17-VEH036-T1,0.0
2026-02-17,ORD0092459,2026-02-17,OUT011,Fresh,fresh_dry,Colombo,Peliyagoda,False,393.9,2.159,0,0,served,VEH018,1,2026-02-17-VEH018-T1,0.0
2026-02-17,ORD0092460,2026-02-17,OUT011,Fresh,fresh_chilled,Colombo,Peliyagoda,False,277.3,1.336,0,0,served,VEH036,2,2026-02-17-VEH036-T2,0.0
2026-02-17,ORD0092461,2026-02-17,OUT012,Fresh,fresh_dry,Colombo,Peliyagoda,False,248.8,1.425,0,0,served,VEH037,1,2026-02-17-VEH037-T1,0.0
2026-02-17,ORD0092462,2026-02-17,OUT012,Fresh,fresh_chilled,Colombo,Peliyagoda,False,243.7,1.243,0,0,served,VEH036,1,2026-02-17-VEH036-T1,0.0
2026-02-17,ORD0092463,2026-02-17,OUT013,Fresh,fresh_dry,Colombo,Peliyagoda,False,550.6,2.988,0,0,served,VEH018,1,2026-02-17-VEH018-T1,0.0
2026-02-17,ORD0092464,2026-02-17,OUT014,Fresh,fresh_dry,Colombo,Peliyagoda,False,223.8,1.199,0,0,served,VEH018,1,2026-02-17-VEH018-T1,0.0
2026-02-17,ORD0092465,2026-02-17,OUT022,Tech,tech,Colombo,Peliyagoda,False,882.8,2.778,0,0,served,VEH037,2,2026-02-17-VEH037-T2,0.0
2026-02-17,ORD0092466,2026-02-17,OUT023,Tech,tech,Colombo,Peliyagoda,False,1021.6,3.126,0,0,served,VEH038,2,2026-02-17-VEH038-T2,0.0
2026-02-17,ORD0092467,2026-02-17,OUT025,Fresh,fresh_dry,Gampaha,Peliyagoda,False,242.2,1.287,0,0,served,VEH025,1,2026-02-17-VEH025-T1,0.0
2026-02-17,ORD0092468,2026-02-17,OUT025,Fresh,fresh_chilled,Gampaha,Peliyagoda,False,142.2,0.772,0,0,served,VEH004,1,2026-02-17-VEH004-T1,0.0
2026-02-17,ORD0092469,2026-02-17,OUT026,Fresh,fresh_dry,Gampaha,Peliyagoda,False,317.2,1.708,0,0,served,VEH025,1,2026-02-17-VEH025-T1,0.0
2026-02-17,ORD0092470,2026-02-17,OUT026,Fresh,fresh_chilled,Gampaha,Peliyagoda,False,208.5,1.053,0,0,served,VEH004,1,2026-02-17-VEH004-T1,0.0
2026-02-17,ORD0092471,2026-02-17,OUT027,Fresh,fresh_dry,Gampaha,Peliyagoda,False,300.7,1.631,0,0,served,VEH025,1,2026-02-17-VEH025-T1,0.0
2026-02-17,ORD0092472,2026-02-17,OUT027,Fresh,fresh_chilled,Gampaha,Peliyagoda,False,245.7,1.478,0,0,served,VEH004,1,2026-02-17-VEH004-T1,0.0
2026-02-17,ORD0092473,2026-02-17,OUT028,Fresh,fresh_dry,Gampaha,Peliyagoda,False,381.7,2.132,0,0,served,VEH025,1,2026-02-17-VEH025-T1,0.0
2026-02-17,ORD0092474,2026-02-17,OUT028,Fresh,fresh_chilled,Gampaha,Peliyagoda,False,256.6,1.337,0,0,served,VEH004,1,2026-02-17-VEH004-T1,0.0
2026-02-17,ORD0092475,2026-02-17,OUT029,Fresh,fresh_dry,Gampaha,Peliyagoda,False,356.8,2.041,0,0,served,VEH025,1,2026-02-17-VEH025-T1,0.0
2026-02-17,ORD0092476,2026-02-17,OUT029,Fresh,fresh_chilled,Gampaha,Peliyagoda,False,296.7,1.499,0,0,served,VEH004,1,2026-02-17-VEH004-T1,0.0
2026-02-17,ORD0092477,2026-02-17,OUT030,Fresh,fresh_dry,Gampaha,Peliyagoda,False,385.2,2.35,0,0,served,VEH025,1,2026-02-17-VEH025-T1,0.0
2026-02-17,ORD0092478,2026-02-17,OUT030,Fresh,fresh_chilled,Gampaha,Peliyagoda,False,438.8,2.202,0,0,served,VEH004,1,2026-02-17-VEH004-T1,0.0
2026-02-17,ORD0092479,2026-02-17,OUT031,Fresh,fresh_dry,Gampaha,Peliyagoda,False,718.2,3.654,0,0,served,VEH025,1,2026-02-17-VEH025-T1,0.0
2026-02-17,ORD0092480,2026-02-17,OUT031,Fresh,fresh_chilled,Gampaha,Peliyagoda,False,736.1,4.557,0,0,served,VEH004,1,2026-02-17-VEH004-T1,0.0
2026-02-17,ORD0092481,2026-02-17,OUT032,Fresh,fresh_dry,Gampaha,Peliyagoda,False,701.0,3.785,0,0,served,VEH025,1,2026-02-17-VEH025-T1,0.0
2026-02-17,ORD0092482,2026-02-17,OUT032,Fresh,fresh_chilled,Gampaha,Peliyagoda,False,660.1,3.736,0,0,served,VEH004,1,2026-02-17-VEH004-T1,0.0
2026-02-17,ORD0092483,2026-02-17,OUT033,Fresh,fresh_dry,Gampaha,Peliyagoda,False,336.6,1.764,0,0,served,VEH025,1,2026-02-17-VEH025-T1,0.0
2026-02-17,ORD0092484,2026-02-17,OUT034,Fresh,fresh_dry,Gampaha,Peliyagoda,False,321.3,1.724,0,0,served,VEH004,1,2026-02-17-VEH004-T1,0.0
2026-02-17,ORD0092485,2026-02-17,OUT034,Fresh,fresh_chilled,Gampaha,Peliyagoda,False,324.6,1.606,0,0,served,VEH004,1,2026-02-17-VEH004-T1,0.0
2026-02-17,ORD0092486,2026-02-17,OUT040,Fresh,fresh_dry,Kalutara,Peliyagoda,False,533.4,2.67,0,0,served,VEH027,1,2026-02-17-VEH027-T1,0.0
2026-02-17,ORD0092487,2026-02-17,OUT040,Fresh,fresh_chilled,Kalutara,Peliyagoda,False,353.7,2.05,0,0,served,VEH006,1,2026-02-17-VEH006-T1,0.0
2026-02-17,ORD0092488,2026-02-17,OUT041,Fresh,fresh_dry,Kalutara,Peliyagoda,False,218.6,1.351,0,0,served,VEH027,1,2026-02-17-VEH027-T1,0.0
2026-02-17,ORD0092489,2026-02-17,OUT041,Fresh,fresh_chilled,Kalutara,Peliyagoda,False,271.2,1.505,0,0,served,VEH006,1,2026-02-17-VEH006-T1,0.0
2026-02-17,ORD0092490,2026-02-17,OUT042,Fresh,fresh_dry,Kalutara,Peliyagoda,False,956.8,4.962,0,0,served,VEH027,1,2026-02-17-VEH027-T1,0.0
2026-02-17,ORD0092491,2026-02-17,OUT042,Fresh,fresh_chilled,Kalutara,Peliyagoda,False,785.5,4.322,0,0,served,VEH006,1,2026-02-17-VEH006-T1,0.0
2026-02-17,ORD0092492,2026-02-17,OUT043,Fresh,fresh_dry,Kalutara,Peliyagoda,False,281.9,1.544,0,0,served,VEH027,1,2026-02-17-VEH027-T1,0.0
2026-02-17,ORD0092493,2026-02-17,OUT043,Fresh,fresh_chilled,Kalutara,Peliyagoda,False,214.1,1.22,0,0,served,VEH006,1,2026-02-17-VEH006-T1,0.0
2026-02-17,ORD0092494,2026-02-17,OUT044,Fresh,fresh_dry,Kalutara,Peliyagoda,False,221.8,1.368,0,0,served,VEH006,1,2026-02-17-VEH006-T1,0.0
2026-02-17,ORD0092495,2026-02-17,OUT044,Fresh,fresh_chilled,Kalutara,Peliyagoda,False,137.7,0.772,0,0,served,VEH006,1,2026-02-17-VEH006-T1,0.0
2026-02-17,ORD0092496,2026-02-17,OUT045,Fresh,fresh_dry,Kalutara,Peliyagoda,False,207.0,1.247,0,0,served,VEH027,1,2026-02-17-VEH027-T1,0.0
2026-02-17,ORD0092497,2026-02-17,OUT045,Fresh,fresh_chilled,Kalutara,Peliyagoda,False,239.0,1.311,0,0,served,VEH006,1,2026-02-17-VEH006-T1,0.0
2026-02-17,ORD0092498,2026-02-17,OUT046,Fresh,fresh_dry,Kalutara,Peliyagoda,False,179.0,0.944,0,0,served,VEH027,1,2026-02-17-VEH027-T1,0.0
2026-02-17,ORD0092499,2026-02-17,OUT046,Fresh,fresh_chilled,Kalutara,Peliyagoda,False,208.8,1.053,0,0,served,VEH006,1,2026-02-17-VEH006-T1,0.0
2026-02-17,ORD0092500,2026-02-17,OUT050,Fresh,fresh_dry,Galle,Peliyagoda,False,346.9,1.929,0,0,served,VEH005,1,2026-02-17-VEH005-T1,0.0
2026-02-17,ORD0092501,2026-02-17,OUT050,Fresh,fresh_chilled,Galle,Peliyagoda,False,336.4,1.761,0,0,served,VEH005,1,2026-02-17-VEH005-T1,0.0
2026-02-17,ORD0092502,2026-02-17,OUT051,Fresh,fresh_dry,Galle,Peliyagoda,False,169.2,0.97,0,0,served,VEH005,1,2026-02-17-VEH005-T1,0.0
2026-02-17,ORD0092503,2026-02-17,OUT051,Fresh,fresh_chilled,Galle,Peliyagoda,False,149.8,0.735,0,0,served,VEH005,1,2026-02-17-VEH005-T1,0.0
2026-02-17,ORD0092504,2026-02-17,OUT052,Fresh,fresh_dry,Galle,Peliyagoda,False,412.6,2.102,0,0,served,VEH005,1,2026-02-17-VEH005-T1,0.0
2026-02-17,ORD0092505,2026-02-17,OUT052,Fresh,fresh_chilled,Galle,Peliyagoda,False,314.9,1.65,0,0,served,VEH005,1,2026-02-17-VEH005-T1,0.0
2026-02-17,ORD0092506,2026-02-17,OUT053,Fresh,fresh_dry,Galle,Peliyagoda,False,155.5,0.737,0,0,served,VEH038,1,2026-02-17-VEH038-T1,0.0
2026-02-17,ORD0092507,2026-02-17,OUT054,Fresh,fresh_dry,Galle,Peliyagoda,False,626.9,3.542,0,0,served,VEH038,1,2026-02-17-VEH038-T1,0.0
2026-02-17,ORD0092508,2026-02-17,OUT055,Fresh,fresh_dry,Galle,Peliyagoda,False,294.9,1.852,0,0,served,VEH038,1,2026-02-17-VEH038-T1,0.0
2026-02-17,ORD0092509,2026-02-17,OUT055,Fresh,fresh_chilled,Galle,Peliyagoda,False,233.9,1.205,0,0,served,VEH005,1,2026-02-17-VEH005-T1,0.0
2026-02-17,ORD0092510,2026-02-17,OUT059,Fresh,fresh_dry,Matara,Peliyagoda,False,380.7,2.116,0,0,served,VEH007,1,2026-02-17-VEH007-T1,0.0
2026-02-17,ORD0092511,2026-02-17,OUT059,Fresh,fresh_chilled,Matara,Peliyagoda,False,318.9,1.617,0,0,served,VEH007,1,2026-02-17-VEH007-T1,0.0
2026-02-17,ORD0092512,2026-02-17,OUT060,Fresh,fresh_dry,Matara,Peliyagoda,False,331.1,1.66,0,0,served,VEH007,1,2026-02-17-VEH007-T1,0.0
2026-02-17,ORD0092513,2026-02-17,OUT060,Fresh,fresh_chilled,Matara,Peliyagoda,False,386.3,1.865,0,0,served,VEH007,1,2026-02-17-VEH007-T1,0.0
2026-02-17,ORD0092514,2026-02-17,OUT061,Fresh,fresh_dry,Matara,Peliyagoda,False,371.5,2.017,0,0,served,VEH035,1,2026-02-17-VEH035-T1,0.0
2026-02-17,ORD0092515,2026-02-17,OUT061,Fresh,fresh_chilled,Matara,Peliyagoda,False,181.1,1.036,0,0,served,VEH035,1,2026-02-17-VEH035-T1,0.0
2026-02-17,ORD0092516,2026-02-17,OUT062,Fresh,fresh_dry,Matara,Peliyagoda,False,325.9,1.964,0,0,served,VEH007,1,2026-02-17-VEH007-T1,0.0
2026-02-17,ORD0092517,2026-02-17,OUT062,Fresh,fresh_chilled,Matara,Peliyagoda,False,287.2,1.547,0,0,served,VEH035,1,2026-02-17-VEH035-T1,0.0
2026-02-17,ORD0092518,2026-02-17,OUT065,Fresh,fresh_dry,Kurunegala,Peliyagoda,False,386.7,2.309,0,0,served,VEH001,1,2026-02-17-VEH001-T1,0.0
2026-02-17,ORD0092519,2026-02-17,OUT065,Fresh,fresh_chilled,Kurunegala,Peliyagoda,False,591.7,3.138,0,0,served,VEH001,1,2026-02-17-VEH001-T1,0.0
2026-02-17,ORD0092520,2026-02-17,OUT066,Fresh,fresh_dry,Kurunegala,Peliyagoda,False,324.3,1.661,0,0,served,VEH015,1,2026-02-17-VEH015-T1,0.0
2026-02-17,ORD0092521,2026-02-17,OUT066,Fresh,fresh_chilled,Kurunegala,Peliyagoda,False,228.4,1.24,0,0,served,VEH001,1,2026-02-17-VEH001-T1,0.0
2026-02-17,ORD0092522,2026-02-17,OUT067,Fresh,fresh_dry,Kurunegala,Peliyagoda,False,322.0,1.613,0,0,served,VEH003,1,2026-02-17-VEH003-T1,0.0
2026-02-17,ORD0092523,2026-02-17,OUT067,Fresh,fresh_chilled,Kurunegala,Peliyagoda,False,386.0,2.179,0,0,served,VEH003,1,2026-02-17-VEH003-T1,0.0
2026-02-17,ORD0092524,2026-02-17,OUT068,Fresh,fresh_dry,Kurunegala,Peliyagoda,False,274.8,1.672,0,0,served,VEH015,1,2026-02-17-VEH015-T1,0.0
2026-02-17,ORD0092525,2026-02-17,OUT068,Fresh,fresh_chilled,Kurunegala,Peliyagoda,False,343.8,1.739,0,0,served,VEH001,1,2026-02-17-VEH001-T1,0.0
2026-02-17,ORD0092526,2026-02-17,OUT069,Fresh,fresh_dry,Kurunegala,Peliyagoda,False,254.5,1.436,0,0,served,VEH015,1,2026-02-17-VEH015-T1,0.0
2026-02-17,ORD0092527,2026-02-17,OUT069,Fresh,fresh_chilled,Kurunegala,Peliyagoda,False,181.6,1.041,0,0,served,VEH003,1,2026-02-17-VEH003-T1,0.0
2026-02-17,ORD0092528,2026-02-17,OUT073,Fresh,fresh_dry,Puttalam,Peliyagoda,False,343.4,1.775,0,0,served,VEH002,1,2026-02-17-VEH002-T1,0.0
2026-02-17,ORD0092529,2026-02-17,OUT073,Fresh,fresh_chilled,Puttalam,Peliyagoda,False,395.9,2.105,0,0,served,VEH002,1,2026-02-17-VEH002-T1,0.0
2026-02-17,ORD0092530,2026-02-17,OUT074,Fresh,fresh_dry,Puttalam,Peliyagoda,False,320.6,1.615,0,0,served,VEH016,1,2026-02-17-VEH016-T1,0.0
2026-02-17,ORD0092531,2026-02-17,OUT075,Fresh,fresh_dry,Puttalam,Peliyagoda,False,186.1,0.97,0,0,served,VEH016,1,2026-02-17-VEH016-T1,0.0
2026-02-17,ORD0092532,2026-02-17,OUT075,Fresh,fresh_chilled,Puttalam,Peliyagoda,False,203.9,1.128,0,0,served,VEH002,1,2026-02-17-VEH002-T1,0.0
2026-02-17,ORD0092533,2026-02-17,OUT076,Fresh,fresh_dry,Kandy,Kandy,True,144.6,0.907,0,0,served,VEH060,1,2026-02-17-VEH060-T1,0.0
2026-02-17,ORD0092534,2026-02-17,OUT077,Fresh,fresh_dry,Kandy,Kandy,True,74.7,0.439,0,0,served,VEH060,1,2026-02-17-VEH060-T1,0.0
2026-02-17,ORD0092535,2026-02-17,OUT078,Fresh,fresh_dry,Kandy,Kandy,True,197.5,1.063,0,0,served,VEH058,1,2026-02-17-VEH058-T1,0.0
2026-02-17,ORD0092536,2026-02-17,OUT078,Fresh,fresh_chilled,Kandy,Kandy,True,132.3,0.829,0,0,served,VEH058,1,2026-02-17-VEH058-T1,0.0
2026-02-17,ORD0092537,2026-02-17,OUT079,Fresh,fresh_dry,Kandy,Kandy,True,117.8,0.67,0,0,served,VEH060,1,2026-02-17-VEH060-T1,0.0
2026-02-17,ORD0092538,2026-02-17,OUT079,Fresh,fresh_chilled,Kandy,Kandy,True,123.0,0.657,0,0,served,VEH058,1,2026-02-17-VEH058-T1,0.0
2026-02-17,ORD0092539,2026-02-17,OUT080,Fresh,fresh_dry,Kandy,Kandy,True,85.5,0.455,0,0,served,VEH060,1,2026-02-17-VEH060-T1,0.0
2026-02-17,ORD0092540,2026-02-17,OUT080,Fresh,fresh_chilled,Kandy,Kandy,True,118.1,0.668,0,0,served,VEH058,1,2026-02-17-VEH058-T1,0.0
2026-02-17,ORD0092541,2026-02-17,OUT081,Fresh,fresh_dry,Kandy,Kandy,True,157.4,0.824,0,0,served,VEH058,1,2026-02-17-VEH058-T1,0.0
2026-02-17,ORD0092542,2026-02-17,OUT081,Fresh,fresh_chilled,Kandy,Kandy,True,134.1,0.811,0,0,served,VEH058,1,2026-02-17-VEH058-T1,0.0
2026-02-17,ORD0092543,2026-02-17,OUT082,Fresh,fresh_dry,Kandy,Kandy,True,126.0,0.722,0,0,served,VEH060,1,2026-02-17-VEH060-T1,0.0
2026-02-17,ORD0092544,2026-02-17,OUT083,Fresh,fresh_dry,Kandy,Kandy,True,115.0,0.628,0,0,served,VEH060,1,2026-02-17-VEH060-T1,0.0
2026-02-17,ORD0092545,2026-02-17,OUT083,Fresh,fresh_chilled,Kandy,Kandy,True,136.4,0.734,0,0,served,VEH058,1,2026-02-17-VEH058-T1,0.0
2026-02-17,ORD0092546,2026-02-17,OUT084,Fresh,fresh_dry,Kandy,Kandy,False,268.9,1.428,0,0,served,VEH042,2,2026-02-17-VEH042-T2,0.0
2026-02-17,ORD0092547,2026-02-17,OUT084,Fresh,fresh_chilled,Kandy,Kandy,False,224.9,1.167,0,0,served,VEH042,2,2026-02-17-VEH042-T2,0.0
2026-02-17,ORD0092548,2026-02-17,OUT085,Fresh,fresh_dry,Kandy,Kandy,False,234.9,1.306,0,0,served,VEH042,2,2026-02-17-VEH042-T2,0.0
2026-02-17,ORD0092549,2026-02-17,OUT085,Fresh,fresh_chilled,Kandy,Kandy,False,389.1,1.892,0,0,served,VEH042,2,2026-02-17-VEH042-T2,0.0
2026-02-17,ORD0092550,2026-02-17,OUT086,Fresh,fresh_dry,Kandy,Kandy,False,153.5,0.883,0,0,served,VEH060,1,2026-02-17-VEH060-T1,0.0
2026-02-17,ORD0092551,2026-02-17,OUT086,Fresh,fresh_chilled,Kandy,Kandy,False,272.4,1.456,0,0,served,VEH058,2,2026-02-17-VEH058-T2,0.0
2026-02-17,ORD0092552,2026-02-17,OUT087,Fresh,fresh_dry,Kandy,Kandy,False,248.1,1.415,0,0,served,VEH058,2,2026-02-17-VEH058-T2,0.0
2026-02-17,ORD0092553,2026-02-17,OUT096,Fresh,fresh_dry,Matale,Kandy,False,176.9,1.077,0,0,served,VEH048,2,2026-02-17-VEH048-T2,0.0
2026-02-17,ORD0092554,2026-02-17,OUT097,Fresh,fresh_dry,Matale,Kandy,False,407.0,2.253,0,0,served,VEH043,1,2026-02-17-VEH043-T1,0.0
2026-02-17,ORD0092555,2026-02-17,OUT097,Fresh,fresh_chilled,Matale,Kandy,False,389.7,2.647,0,0,served,VEH043,1,2026-02-17-VEH043-T1,0.0
2026-02-17,ORD0092556,2026-02-17,OUT098,Fresh,fresh_dry,Matale,Kandy,False,436.3,2.497,0,0,served,VEH043,1,2026-02-17-VEH043-T1,0.0
2026-02-17,ORD0092557,2026-02-17,OUT098,Fresh,fresh_chilled,Matale,Kandy,False,402.5,1.999,0,0,served,VEH043,1,2026-02-17-VEH043-T1,0.0
2026-02-17,ORD0092558,2026-02-17,OUT099,Fresh,fresh_dry,Matale,Kandy,False,413.3,2.054,0,0,served,VEH048,2,2026-02-17-VEH048-T2,0.0
2026-02-17,ORD0092559,2026-02-17,OUT099,Fresh,fresh_chilled,Matale,Kandy,False,227.6,1.237,0,0,served,VEH043,1,2026-02-17-VEH043-T1,0.0
2026-02-17,ORD0092560,2026-02-17,OUT100,Fresh,fresh_dry,Matale,Kandy,False,471.7,2.499,0,0,served,VEH048,2,2026-02-17-VEH048-T2,0.0
2026-02-17,ORD0092561,2026-02-17,OUT100,Fresh,fresh_chilled,Matale,Kandy,False,664.0,3.5,0,0,served,VEH043,1,2026-02-17-VEH043-T1,0.0
2026-02-17,ORD0092562,2026-02-17,OUT101,Fresh,fresh_dry,Matale,Kandy,False,307.7,1.873,0,0,served,VEH048,2,2026-02-17-VEH048-T2,0.0
2026-02-17,ORD0092563,2026-02-17,OUT104,Fresh,fresh_dry,Nuwara Eliya,Kandy,False,336.8,1.816,0,0,served,VEH039,1,2026-02-17-VEH039-T1,0.0
2026-02-17,ORD0092564,2026-02-17,OUT104,Fresh,fresh_chilled,Nuwara Eliya,Kandy,False,177.4,0.979,0,0,served,VEH041,1,2026-02-17-VEH041-T1,0.0
2026-02-17,ORD0092565,2026-02-17,OUT105,Fresh,fresh_dry,Nuwara Eliya,Kandy,False,290.3,1.596,0,0,served,VEH039,1,2026-02-17-VEH039-T1,0.0
2026-02-17,ORD0092566,2026-02-17,OUT105,Fresh,fresh_chilled,Nuwara Eliya,Kandy,False,228.9,1.174,0,0,served,VEH039,1,2026-02-17-VEH039-T1,0.0
2026-02-17,ORD0092567,2026-02-17,OUT106,Fresh,fresh_dry,Nuwara Eliya,Kandy,False,371.4,2.017,0,0,served,VEH041,1,2026-02-17-VEH041-T1,0.0
2026-02-17,ORD0092568,2026-02-17,OUT106,Fresh,fresh_chilled,Nuwara Eliya,Kandy,False,201.5,1.089,0,0,served,VEH041,1,2026-02-17-VEH041-T1,0.0
2026-02-17,ORD0092569,2026-02-17,OUT107,Fresh,fresh_dry,Nuwara Eliya,Kandy,False,395.5,2.222,0,0,served,VEH041,1,2026-02-17-VEH041-T1,0.0
2026-02-17,ORD0092570,2026-02-17,OUT107,Fresh,fresh_chilled,Nuwara Eliya,Kandy,False,261.2,1.486,0,0,served,VEH041,1,2026-02-17-VEH041-T1,0.0
2026-02-17,ORD0092571,2026-02-17,OUT108,Fresh,fresh_dry,Nuwara Eliya,Kandy,False,442.0,2.16,0,0,served,VEH039,1,2026-02-17-VEH039-T1,0.0
2026-02-17,ORD0092572,2026-02-17,OUT108,Fresh,fresh_chilled,Nuwara Eliya,Kandy,False,275.4,1.464,0,0,served,VEH039,1,2026-02-17-VEH039-T1,0.0
2026-02-17,ORD0092573,2026-02-17,OUT110,Fresh,fresh_dry,Badulla,Kandy,False,239.8,1.093,0,0,served,VEH059,1,2026-02-17-VEH059-T1,0.0
2026-02-17,ORD0092574,2026-02-17,OUT111,Fresh,fresh_dry,Badulla,Kandy,False,153.3,0.765,0,0,served,VEH059,1,2026-02-17-VEH059-T1,0.0
2026-02-17,ORD0092575,2026-02-17,OUT112,Fresh,fresh_dry,Badulla,Kandy,False,371.2,2.199,0,0,served,VEH056,1,2026-02-17-VEH056-T1,0.0
2026-02-17,ORD0092576,2026-02-17,OUT112,Fresh,fresh_chilled,Badulla,Kandy,False,307.1,1.769,0,0,served,VEH057,1,2026-02-17-VEH057-T1,0.0
2026-02-17,ORD0092577,2026-02-17,OUT113,Fresh,fresh_dry,Badulla,Kandy,False,519.1,2.748,0,0,served,VEH056,1,2026-02-17-VEH056-T1,0.0
2026-02-17,ORD0092578,2026-02-17,OUT113,Fresh,fresh_chilled,Badulla,Kandy,False,229.3,1.348,0,0,served,VEH057,1,2026-02-17-VEH057-T1,0.0
2026-02-17,ORD0092579,2026-02-17,OUT116,Fresh,fresh_dry,Kegalle,Kandy,False,413.2,2.043,0,0,served,VEH042,1,2026-02-17-VEH042-T1,0.0
2026-02-17,ORD0092580,2026-02-17,OUT116,Fresh,fresh_chilled,Kegalle,Kandy,False,240.5,1.207,0,0,served,VEH042,1,2026-02-17-VEH042-T1,0.0
2026-02-17,ORD0092581,2026-02-17,OUT117,Fresh,fresh_dry,Kegalle,Kandy,False,569.1,2.95,0,0,served,VEH048,1,2026-02-17-VEH048-T1,0.0
2026-02-17,ORD0092582,2026-02-17,OUT118,Fresh,fresh_dry,Kegalle,Kandy,False,735.7,4.134,0,0,served,VEH048,1,2026-02-17-VEH048-T1,0.0
2026-02-17,ORD0092583,2026-02-17,OUT119,Fresh,fresh_dry,Kegalle,Kandy,False,235.4,1.394,0,0,served,VEH042,1,2026-02-17-VEH042-T1,0.0
2026-02-18,ORD0092584,2026-02-18,OUT001,Fresh,fresh_dry,Colombo,Peliyagoda,True,83.0,0.432,0,0,served,VEH036,1,2026-02-18-VEH036-T1,0.0
2026-02-18,ORD0092585,2026-02-18,OUT001,Fresh,fresh_chilled,Colombo,Peliyagoda,True,75.0,0.431,0,0,served,VEH036,1,2026-02-18-VEH036-T1,0.0
2026-02-18,ORD0092586,2026-02-18,OUT002,Fresh,fresh_dry,Colombo,Peliyagoda,True,113.9,0.607,0,0,served,VEH036,1,2026-02-18-VEH036-T1,0.0
2026-02-18,ORD0092587,2026-02-18,OUT003,Fresh,fresh_dry,Colombo,Peliyagoda,True,110.4,0.648,0,0,served,VEH036,1,2026-02-18-VEH036-T1,0.0
2026-02-18,ORD0092588,2026-02-18,OUT003,Fresh,fresh_chilled,Colombo,Peliyagoda,True,54.5,0.312,0,0,served,VEH036,1,2026-02-18-VEH036-T1,0.0
2026-02-18,ORD0092589,2026-02-18,OUT004,Fresh,fresh_dry,Colombo,Peliyagoda,False,159.9,0.899,0,0,served,VEH004,1,2026-02-18-VEH004-T1,0.0
2026-02-18,ORD0092590,2026-02-18,OUT004,Fresh,fresh_chilled,Colombo,Peliyagoda,False,93.5,0.521,0,0,served,VEH001,2,2026-02-18-VEH001-T2,0.0
2026-02-18,ORD0092591,2026-02-18,OUT005,Fresh,fresh_dry,Colombo,Peliyagoda,False,349.0,1.809,0,0,served,VEH004,1,2026-02-18-VEH004-T1,0.0
2026-02-18,ORD0092592,2026-02-18,OUT005,Fresh,fresh_chilled,Colombo,Peliyagoda,False,456.1,2.478,0,0,served,VEH004,1,2026-02-18-VEH004-T1,0.0
2026-02-18,ORD0092593,2026-02-18,OUT006,Fresh,fresh_dry,Colombo,Peliyagoda,False,493.4,2.656,0,0,served,VEH004,1,2026-02-18-VEH004-T1,0.0
2026-02-18,ORD0092594,2026-02-18,OUT007,Fresh,fresh_dry,Colombo,Peliyagoda,False,693.2,3.786,0,0,served,VEH036,2,2026-02-18-VEH036-T2,0.0
2026-02-18,ORD0092595,2026-02-18,OUT007,Fresh,fresh_chilled,Colombo,Peliyagoda,False,495.6,2.666,0,0,served,VEH001,2,2026-02-18-VEH001-T2,0.0
2026-02-18,ORD0092596,2026-02-18,OUT008,Fresh,fresh_dry,Colombo,Peliyagoda,False,320.8,1.774,0,0,served,VEH036,1,2026-02-18-VEH036-T1,0.0
2026-02-18,ORD0092597,2026-02-18,OUT009,Fresh,fresh_dry,Colombo,Peliyagoda,False,268.2,1.443,0,0,served,VEH004,1,2026-02-18-VEH004-T1,0.0
2026-02-18,ORD0092598,2026-02-18,OUT010,Fresh,fresh_dry,Colombo,Peliyagoda,False,288.5,1.528,0,0,served,VEH004,1,2026-02-18-VEH004-T1,0.0
2026-02-18,ORD0092599,2026-02-18,OUT011,Fresh,fresh_dry,Colombo,Peliyagoda,False,385.8,2.108,0,0,served,VEH004,1,2026-02-18-VEH004-T1,0.0
2026-02-18,ORD0092600,2026-02-18,OUT011,Fresh,fresh_chilled,Colombo,Peliyagoda,False,231.8,1.204,0,0,served,VEH036,1,2026-02-18-VEH036-T1,0.0
2026-02-18,ORD0092601,2026-02-18,OUT012,Fresh,fresh_dry,Colombo,Peliyagoda,False,285.9,1.661,0,0,served,VEH004,1,2026-02-18-VEH004-T1,0.0
2026-02-18,ORD0092602,2026-02-18,OUT012,Fresh,fresh_chilled,Colombo,Peliyagoda,False,250.8,1.373,0,0,served,VEH001,2,2026-02-18-VEH001-T2,0.0
2026-02-18,ORD0092603,2026-02-18,OUT013,Fresh,fresh_dry,Colombo,Peliyagoda,False,703.2,3.433,0,0,served,VEH001,2,2026-02-18-VEH001-T2,0.0
2026-02-18,ORD0092604,2026-02-18,OUT013,Fresh,fresh_chilled,Colombo,Peliyagoda,False,497.4,2.511,0,0,served,VEH004,1,2026-02-18-VEH004-T1,0.0
2026-02-18,ORD0092605,2026-02-18,OUT014,Fresh,fresh_dry,Colombo,Peliyagoda,False,224.3,1.181,0,0,served,VEH004,1,2026-02-18-VEH004-T1,0.0
2026-02-18,ORD0092606,2026-02-18,OUT014,Fresh,fresh_chilled,Colombo,Peliyagoda,False,383.7,1.866,0,0,served,VEH001,2,2026-02-18-VEH001-T2,0.0
2026-02-18,ORD0092607,2026-02-18,OUT025,Fresh,fresh_dry,Gampaha,Peliyagoda,False,150.0,0.871,0,0,served,VEH005,1,2026-02-18-VEH005-T1,0.0
2026-02-18,ORD0092608,2026-02-18,OUT025,Fresh,fresh_chilled,Gampaha,Peliyagoda,False,194.4,1.008,0,0,served,VEH005,1,2026-02-18-VEH005-T1,0.0
2026-02-18,ORD0092609,2026-02-18,OUT026,Fresh,fresh_dry,Gampaha,Peliyagoda,False,302.9,1.628,0,0,served,VEH016,1,2026-02-18-VEH016-T1,0.0
2026-02-18,ORD0092610,2026-02-18,OUT027,Fresh,fresh_dry,Gampaha,Peliyagoda,False,341.2,1.958,0,0,served,VEH005,1,2026-02-18-VEH005-T1,0.0
2026-02-18,ORD0092611,2026-02-18,OUT028,Fresh,fresh_dry,Gampaha,Peliyagoda,False,391.0,2.214,0,0,served,VEH005,1,2026-02-18-VEH005-T1,0.0
2026-02-18,ORD0092612,2026-02-18,OUT028,Fresh,fresh_chilled,Gampaha,Peliyagoda,False,288.3,1.602,0,0,served,VEH001,1,2026-02-18-VEH001-T1,0.0
2026-02-18,ORD0092613,2026-02-18,OUT029,Fresh,fresh_dry,Gampaha,Peliyagoda,False,338.2,1.883,0,0,served,VEH005,1,2026-02-18-VEH005-T1,0.0
2026-02-18,ORD0092614,2026-02-18,OUT030,Fresh,fresh_dry,Gampaha,Peliyagoda,False,413.8,2.194,0,0,served,VEH005,1,2026-02-18-VEH005-T1,0.0
2026-02-18,ORD0092615,2026-02-18,OUT031,Fresh,fresh_dry,Gampaha,Peliyagoda,False,857.9,5.218,0,0,served,VEH005,1,2026-02-18-VEH005-T1,0.0
2026-02-18,ORD0092616,2026-02-18,OUT031,Fresh,fresh_chilled,Gampaha,Peliyagoda,False,992.0,5.175,0,0,served,VEH001,1,2026-02-18-VEH001-T1,0.0
2026-02-18,ORD0092617,2026-02-18,OUT032,Fresh,fresh_dry,Gampaha,Peliyagoda,False,740.8,3.775,0,0,served,VEH016,1,2026-02-18-VEH016-T1,0.0
2026-02-18,ORD0092618,2026-02-18,OUT032,Fresh,fresh_chilled,Gampaha,Peliyagoda,False,613.1,3.359,0,0,served,VEH001,1,2026-02-18-VEH001-T1,0.0
2026-02-18,ORD0092619,2026-02-18,OUT033,Fresh,fresh_dry,Gampaha,Peliyagoda,False,408.4,2.191,0,0,served,VEH005,1,2026-02-18-VEH005-T1,0.0
2026-02-18,ORD0092620,2026-02-18,OUT033,Fresh,fresh_chilled,Gampaha,Peliyagoda,False,368.0,1.89,0,0,served,VEH005,1,2026-02-18-VEH005-T1,0.0
2026-02-18,ORD0092621,2026-02-18,OUT034,Fresh,fresh_dry,Gampaha,Peliyagoda,False,325.0,1.82,0,0,served,VEH005,1,2026-02-18-VEH005-T1,0.0
2026-02-18,ORD0092622,2026-02-18,OUT035,Style,style,Gampaha,Peliyagoda,False,527.7,8.428,0,0,served,VEH038,2,2026-02-18-VEH038-T2,0.0
2026-02-18,ORD0092623,2026-02-18,OUT036,Style,style,Gampaha,Peliyagoda,False,699.0,10.572,0,0,served,VEH017,2,2026-02-18-VEH017-T2,0.0
2026-02-18,ORD0092624,2026-02-18,OUT037,Style,style,Gampaha,Peliyagoda,False,430.0,6.586,0,0,served,VEH017,2,2026-02-18-VEH017-T2,0.0
2026-02-18,ORD0092625,2026-02-18,OUT040,Fresh,fresh_dry,Kalutara,Peliyagoda,False,389.5,2.267,0,0,served,VEH003,1,2026-02-18-VEH003-T1,0.0
2026-02-18,ORD0092626,2026-02-18,OUT040,Fresh,fresh_chilled,Kalutara,Peliyagoda,False,314.4,1.906,0,0,served,VEH003,1,2026-02-18-VEH003-T1,0.0
2026-02-18,ORD0092627,2026-02-18,OUT041,Fresh,fresh_dry,Kalutara,Peliyagoda,False,279.6,1.564,0,0,served,VEH003,1,2026-02-18-VEH003-T1,0.0
2026-02-18,ORD0092628,2026-02-18,OUT041,Fresh,fresh_chilled,Kalutara,Peliyagoda,False,266.4,1.323,0,0,served,VEH003,1,2026-02-18-VEH003-T1,0.0
2026-02-18,ORD0092629,2026-02-18,OUT042,Fresh,fresh_dry,Kalutara,Peliyagoda,False,767.8,3.947,0,0,served,VEH003,1,2026-02-18-VEH003-T1,0.0
2026-02-18,ORD0092630,2026-02-18,OUT042,Fresh,fresh_chilled,Kalutara,Peliyagoda,False,551.9,3.073,0,0,served,VEH003,1,2026-02-18-VEH003-T1,0.0
2026-02-18,ORD0092631,2026-02-18,OUT043,Fresh,fresh_dry,Kalutara,Peliyagoda,False,224.6,1.009,0,0,served,VEH037,1,2026-02-18-VEH037-T1,0.0
2026-02-18,ORD0092632,2026-02-18,OUT044,Fresh,fresh_dry,Kalutara,Peliyagoda,False,287.0,1.521,0,0,served,VEH037,1,2026-02-18-VEH037-T1,0.0
2026-02-18,ORD0092633,2026-02-18,OUT045,Fresh,fresh_dry,Kalutara,Peliyagoda,False,171.6,0.921,0,0,served,VEH037,1,2026-02-18-VEH037-T1,0.0
2026-02-18,ORD0092634,2026-02-18,OUT046,Fresh,fresh_dry,Kalutara,Peliyagoda,False,251.9,1.254,0,0,served,VEH037,1,2026-02-18-VEH037-T1,0.0
2026-02-18,ORD0092635,2026-02-18,OUT049,Tech,tech,Kalutara,Peliyagoda,False,800.1,2.877,0,0,served,VEH037,2,2026-02-18-VEH037-T2,0.0
2026-02-18,ORD0092636,2026-02-18,OUT050,Fresh,fresh_dry,Galle,Peliyagoda,False,247.6,1.341,0,0,served,VEH025,1,2026-02-18-VEH025-T1,0.0
2026-02-18,ORD0092637,2026-02-18,OUT050,Fresh,fresh_chilled,Galle,Peliyagoda,False,431.2,2.192,0,0,served,VEH007,1,2026-02-18-VEH007-T1,0.0
2026-02-18,ORD0092638,2026-02-18,OUT051,Fresh,fresh_dry,Galle,Peliyagoda,False,133.3,0.776,0,0,served,VEH025,1,2026-02-18-VEH025-T1,0.0
2026-02-18,ORD0092639,2026-02-18,OUT051,Fresh,fresh_chilled,Galle,Peliyagoda,False,75.6,0.425,0,0,served,VEH007,1,2026-02-18-VEH007-T1,0.0
2026-02-18,ORD0092640,2026-02-18,OUT052,Fresh,fresh_dry,Galle,Peliyagoda,False,540.6,2.798,0,0,served,VEH025,1,2026-02-18-VEH025-T1,0.0
2026-02-18,ORD0092641,2026-02-18,OUT052,Fresh,fresh_chilled,Galle,Peliyagoda,False,315.9,1.814,0,0,served,VEH007,1,2026-02-18-VEH007-T1,0.0
2026-02-18,ORD0092642,2026-02-18,OUT053,Fresh,fresh_dry,Galle,Peliyagoda,False,172.1,0.868,0,0,served,VEH007,1,2026-02-18-VEH007-T1,0.0
2026-02-18,ORD0092643,2026-02-18,OUT053,Fresh,fresh_chilled,Galle,Peliyagoda,False,154.3,0.866,0,0,served,VEH007,1,2026-02-18-VEH007-T1,0.0
2026-02-18,ORD0092644,2026-02-18,OUT054,Fresh,fresh_dry,Galle,Peliyagoda,False,602.3,3.599,0,0,served,VEH025,1,2026-02-18-VEH025-T1,0.0
2026-02-18,ORD0092645,2026-02-18,OUT054,Fresh,fresh_chilled,Galle,Peliyagoda,False,678.0,3.477,0,0,served,VEH007,1,2026-02-18-VEH007-T1,0.0
2026-02-18,ORD0092646,2026-02-18,OUT055,Fresh,fresh_dry,Galle,Peliyagoda,False,399.4,2.044,0,0,served,VEH025,1,2026-02-18-VEH025-T1,0.0
2026-02-18,ORD0092647,2026-02-18,OUT055,Fresh,fresh_chilled,Galle,Peliyagoda,False,208.9,1.065,0,0,served,VEH007,1,2026-02-18-VEH007-T1,0.0
2026-02-18,ORD0092648,2026-02-18,OUT059,Fresh,fresh_dry,Matara,Peliyagoda,False,428.8,2.253,0,0,served,VEH038,1,2026-02-18-VEH038-T1,0.0
2026-02-18,ORD0092649,2026-02-18,OUT060,Fresh,fresh_dry,Matara,Peliyagoda,False,304.3,1.348,0,0,served,VEH016,2,2026-02-18-VEH016-T2,0.0
2026-02-18,ORD0092650,2026-02-18,OUT061,Fresh,fresh_dry,Matara,Peliyagoda,False,399.4,1.956,0,0,served,VEH038,1,2026-02-18-VEH038-T1,0.0
2026-02-18,ORD0092651,2026-02-18,OUT062,Fresh,fresh_dry,Matara,Peliyagoda,False,363.1,2.003,0,0,served,VEH038,1,2026-02-18-VEH038-T1,0.0
2026-02-18,ORD0092652,2026-02-18,OUT065,Fresh,fresh_dry,Kurunegala,Peliyagoda,False,503.4,2.548,0,0,served,VEH015,1,2026-02-18-VEH015-T1,0.0
2026-02-18,ORD0092653,2026-02-18,OUT066,Fresh,fresh_dry,Kurunegala,Peliyagoda,False,379.8,1.766,0,0,served,VEH015,1,2026-02-18-VEH015-T1,0.0
2026-02-18,ORD0092654,2026-02-18,OUT067,Fresh,fresh_dry,Kurunegala,Peliyagoda,False,328.6,1.915,0,0,served,VEH015,1,2026-02-18-VEH015-T1,0.0
2026-02-18,ORD0092655,2026-02-18,OUT067,Fresh,fresh_chilled,Kurunegala,Peliyagoda,False,362.9,1.919,0,0,served,VEH002,1,2026-02-18-VEH002-T1,0.0
2026-02-18,ORD0092656,2026-02-18,OUT068,Fresh,fresh_dry,Kurunegala,Peliyagoda,False,333.9,1.859,0,0,served,VEH002,1,2026-02-18-VEH002-T1,0.0
2026-02-18,ORD0092657,2026-02-18,OUT068,Fresh,fresh_chilled,Kurunegala,Peliyagoda,False,263.4,1.362,0,0,served,VEH002,1,2026-02-18-VEH002-T1,0.0
2026-02-18,ORD0092658,2026-02-18,OUT069,Fresh,fresh_dry,Kurunegala,Peliyagoda,False,375.2,1.995,0,0,served,VEH015,1,2026-02-18-VEH015-T1,0.0
2026-02-18,ORD0092659,2026-02-18,OUT069,Fresh,fresh_chilled,Kurunegala,Peliyagoda,False,257.4,1.417,0,0,served,VEH002,1,2026-02-18-VEH002-T1,0.0
2026-02-18,ORD0092660,2026-02-18,OUT073,Fresh,fresh_dry,Puttalam,Peliyagoda,False,358.3,1.907,0,0,served,VEH017,1,2026-02-18-VEH017-T1,0.0
2026-02-18,ORD0092661,2026-02-18,OUT073,Fresh,fresh_chilled,Puttalam,Peliyagoda,False,428.3,2.487,0,0,served,VEH035,1,2026-02-18-VEH035-T1,0.0
2026-02-18,ORD0092662,2026-02-18,OUT074,Fresh,fresh_dry,Puttalam,Peliyagoda,False,367.0,1.895,0,0,served,VEH017,1,2026-02-18-VEH017-T1,0.0
2026-02-18,ORD0092663,2026-02-18,OUT075,Fresh,fresh_dry,Puttalam,Peliyagoda,False,158.2,0.872,0,0,served,VEH035,1,2026-02-18-VEH035-T1,0.0
2026-02-18,ORD0092664,2026-02-18,OUT075,Fresh,fresh_chilled,Puttalam,Peliyagoda,False,185.9,0.954,0,0,served,VEH035,1,2026-02-18-VEH035-T1,0.0
2026-02-18,ORD0092665,2026-02-18,OUT076,Fresh,fresh_dry,Kandy,Kandy,True,187.0,0.972,0,0,served,VEH058,1,2026-02-18-VEH058-T1,0.0
2026-02-18,ORD0092666,2026-02-18,OUT076,Fresh,fresh_chilled,Kandy,Kandy,True,113.2,0.639,0,0,served,VEH058,1,2026-02-18-VEH058-T1,0.0
2026-02-18,ORD0092667,2026-02-18,OUT077,Fresh,fresh_dry,Kandy,Kandy,True,105.8,0.584,0,0,served,VEH059,1,2026-02-18-VEH059-T1,0.0
2026-02-18,ORD0092668,2026-02-18,OUT078,Fresh,fresh_dry,Kandy,Kandy,True,108.5,0.688,0,0,served,VEH059,1,2026-02-18-VEH059-T1,0.0
2026-02-18,ORD0092669,2026-02-18,OUT079,Fresh,fresh_dry,Kandy,Kandy,True,132.8,0.734,0,0,served,VEH058,2,2026-02-18-VEH058-T2,0.0
2026-02-18,ORD0092670,2026-02-18,OUT080,Fresh,fresh_dry,Kandy,Kandy,True,94.2,0.499,0,0,served,VEH059,1,2026-02-18-VEH059-T1,0.0
2026-02-18,ORD0092671,2026-02-18,OUT080,Fresh,fresh_chilled,Kandy,Kandy,True,121.8,0.604,0,0,served,VEH058,1,2026-02-18-VEH058-T1,0.0
2026-02-18,ORD0092672,2026-02-18,OUT081,Fresh,fresh_dry,Kandy,Kandy,True,125.9,0.715,0,0,served,VEH059,1,2026-02-18-VEH059-T1,0.0
2026-02-18,ORD0092673,2026-02-18,OUT081,Fresh,fresh_chilled,Kandy,Kandy,True,150.5,0.835,0,0,served,VEH058,1,2026-02-18-VEH058-T1,0.0
2026-02-18,ORD0092674,2026-02-18,OUT082,Fresh,fresh_dry,Kandy,Kandy,True,111.5,0.609,0,0,served,VEH059,1,2026-02-18-VEH059-T1,0.0
2026-02-18,ORD0092675,2026-02-18,OUT082,Fresh,fresh_chilled,Kandy,Kandy,True,80.9,0.47,0,0,served,VEH058,1,2026-02-18-VEH058-T1,0.0
2026-02-18,ORD0092676,2026-02-18,OUT083,Fresh,fresh_dry,Kandy,Kandy,True,83.0,0.459,0,0,served,VEH059,1,2026-02-18-VEH059-T1,0.0
2026-02-18,ORD0092677,2026-02-18,OUT083,Fresh,fresh_chilled,Kandy,Kandy,True,101.3,0.517,0,0,served,VEH058,1,2026-02-18-VEH058-T1,0.0
2026-02-18,ORD0092678,2026-02-18,OUT084,Fresh,fresh_dry,Kandy,Kandy,False,216.1,1.163,0,0,served,VEH046,1,2026-02-18-VEH046-T1,0.0
2026-02-18,ORD0092679,2026-02-18,OUT084,Fresh,fresh_chilled,Kandy,Kandy,False,194.7,1.119,0,0,served,VEH058,2,2026-02-18-VEH058-T2,0.0
2026-02-18,ORD0092680,2026-02-18,OUT085,Fresh,fresh_dry,Kandy,Kandy,False,261.4,1.412,0,0,served,VEH046,1,2026-02-18-VEH046-T1,0.0
2026-02-18,ORD0092681,2026-02-18,OUT085,Fresh,fresh_chilled,Kandy,Kandy,False,374.8,1.956,0,0,served,VEH058,2,2026-02-18-VEH058-T2,0.0
2026-02-18,ORD0092682,2026-02-18,OUT086,Fresh,fresh_dry,Kandy,Kandy,False,263.0,1.376,0,0,served,VEH046,1,2026-02-18-VEH046-T1,0.0
2026-02-18,ORD0092683,2026-02-18,OUT087,Fresh,fresh_dry,Kandy,Kandy,False,440.6,2.036,0,0,served,VEH059,1,2026-02-18-VEH059-T1,0.0
2026-02-18,ORD0092684,2026-02-18,OUT087,Fresh,fresh_chilled,Kandy,Kandy,False,180.1,1.011,0,0,served,VEH058,1,2026-02-18-VEH058-T1,0.0
2026-02-18,ORD0092685,2026-02-18,OUT093,Tech,tech,Kandy,Kandy,True,176.3,0.545,0,0,served,VEH060,2,2026-02-18-VEH060-T2,0.0
2026-02-18,ORD0092686,2026-02-18,OUT095,Tech,tech,Kandy,Kandy,False,955.5,3.415,0,0,served,VEH060,2,2026-02-18-VEH060-T2,0.0
2026-02-18,ORD0092687,2026-02-18,OUT096,Fresh,fresh_dry,Matale,Kandy,False,184.7,0.949,0,0,served,VEH059,2,2026-02-18-VEH059-T2,0.0
2026-02-18,ORD0092688,2026-02-18,OUT097,Fresh,fresh_dry,Matale,Kandy,False,473.9,2.372,0,0,served,VEH042,1,2026-02-18-VEH042-T1,0.0
2026-02-18,ORD0092689,2026-02-18,OUT097,Fresh,fresh_chilled,Matale,Kandy,False,383.8,2.004,0,0,served,VEH042,1,2026-02-18-VEH042-T1,0.0
2026-02-18,ORD0092690,2026-02-18,OUT098,Fresh,fresh_dry,Matale,Kandy,False,409.9,2.134,0,0,served,VEH059,2,2026-02-18-VEH059-T2,0.0
2026-02-18,ORD0092691,2026-02-18,OUT099,Fresh,fresh_dry,Matale,Kandy,False,469.4,2.443,0,0,served,VEH042,1,2026-02-18-VEH042-T1,0.0
2026-02-18,ORD0092692,2026-02-18,OUT099,Fresh,fresh_chilled,Matale,Kandy,False,224.5,1.204,0,0,served,VEH042,1,2026-02-18-VEH042-T1,0.0
2026-02-18,ORD0092693,2026-02-18,OUT100,Fresh,fresh_dry,Matale,Kandy,False,556.7,3.031,0,0,served,VEH042,1,2026-02-18-VEH042-T1,0.0
2026-02-18,ORD0092694,2026-02-18,OUT100,Fresh,fresh_chilled,Matale,Kandy,False,540.3,2.797,0,0,served,VEH042,1,2026-02-18-VEH042-T1,0.0
2026-02-18,ORD0092695,2026-02-18,OUT101,Fresh,fresh_dry,Matale,Kandy,False,346.8,1.89,0,0,served,VEH042,1,2026-02-18-VEH042-T1,0.0
2026-02-18,ORD0092696,2026-02-18,OUT101,Fresh,fresh_chilled,Matale,Kandy,False,276.6,1.384,0,0,served,VEH042,1,2026-02-18-VEH042-T1,0.0
2026-02-18,ORD0092697,2026-02-18,OUT104,Fresh,fresh_dry,Nuwara Eliya,Kandy,False,327.8,1.623,0,0,served,VEH052,1,2026-02-18-VEH052-T1,0.0
2026-02-18,ORD0092698,2026-02-18,OUT104,Fresh,fresh_chilled,Nuwara Eliya,Kandy,False,175.7,0.887,0,0,served,VEH039,1,2026-02-18-VEH039-T1,0.0
2026-02-18,ORD0092699,2026-02-18,OUT105,Fresh,fresh_dry,Nuwara Eliya,Kandy,False,302.7,1.697,0,0,served,VEH039,1,2026-02-18-VEH039-T1,0.0
2026-02-18,ORD0092700,2026-02-18,OUT105,Fresh,fresh_chilled,Nuwara Eliya,Kandy,False,207.9,1.063,0,0,served,VEH039,1,2026-02-18-VEH039-T1,0.0
2026-02-18,ORD0092701,2026-02-18,OUT106,Fresh,fresh_dry,Nuwara Eliya,Kandy,False,423.4,2.27,0,0,served,VEH052,1,2026-02-18-VEH052-T1,0.0
2026-02-18,ORD0092702,2026-02-18,OUT106,Fresh,fresh_chilled,Nuwara Eliya,Kandy,False,231.6,1.28,0,0,served,VEH039,1,2026-02-18-VEH039-T1,0.0
2026-02-18,ORD0092703,2026-02-18,OUT107,Fresh,fresh_dry,Nuwara Eliya,Kandy,False,358.2,1.992,0,0,served,VEH052,1,2026-02-18-VEH052-T1,0.0
2026-02-18,ORD0092704,2026-02-18,OUT107,Fresh,fresh_chilled,Nuwara Eliya,Kandy,False,341.9,1.795,0,0,served,VEH039,1,2026-02-18-VEH039-T1,0.0
2026-02-18,ORD0092705,2026-02-18,OUT108,Fresh,fresh_dry,Nuwara Eliya,Kandy,False,368.7,2.22,0,0,served,VEH052,1,2026-02-18-VEH052-T1,0.0
2026-02-18,ORD0092706,2026-02-18,OUT110,Fresh,fresh_dry,Badulla,Kandy,False,240.9,1.32,0,0,served,VEH060,1,2026-02-18-VEH060-T1,0.0
2026-02-18,ORD0092707,2026-02-18,OUT110,Fresh,fresh_chilled,Badulla,Kandy,False,178.0,0.921,0,0,served,VEH041,1,2026-02-18-VEH041-T1,0.0
2026-02-18,ORD0092708,2026-02-18,OUT111,Fresh,fresh_dry,Badulla,Kandy,False,157.1,0.907,0,0,served,VEH060,1,2026-02-18-VEH060-T1,0.0
2026-02-18,ORD0092709,2026-02-18,OUT111,Fresh,fresh_chilled,Badulla,Kandy,False,99.7,0.563,0,0,served,VEH041,1,2026-02-18-VEH041-T1,0.0
2026-02-18,ORD0092710,2026-02-18,OUT112,Fresh,fresh_dry,Badulla,Kandy,False,365.9,2.107,0,0,served,VEH056,1,2026-02-18-VEH056-T1,0.0
2026-02-18,ORD0092711,2026-02-18,OUT112,Fresh,fresh_chilled,Badulla,Kandy,False,278.8,1.429,0,0,served,VEH057,1,2026-02-18-VEH057-T1,0.0
2026-02-18,ORD0092712,2026-02-18,OUT113,Fresh,fresh_dry,Badulla,Kandy,False,581.2,2.852,0,0,served,VEH056,1,2026-02-18-VEH056-T1,0.0
2026-02-18,ORD0092713,2026-02-18,OUT113,Fresh,fresh_chilled,Badulla,Kandy,False,369.5,1.96,0,0,served,VEH057,1,2026-02-18-VEH057-T1,0.0
2026-02-18,ORD0092714,2026-02-18,OUT116,Fresh,fresh_dry,Kegalle,Kandy,False,377.5,2.013,0,0,served,VEH040,1,2026-02-18-VEH040-T1,0.0
2026-02-18,ORD0092715,2026-02-18,OUT116,Fresh,fresh_chilled,Kegalle,Kandy,False,245.1,1.287,0,0,served,VEH040,1,2026-02-18-VEH040-T1,0.0
2026-02-18,ORD0092716,2026-02-18,OUT117,Fresh,fresh_dry,Kegalle,Kandy,False,560.8,2.702,0,0,served,VEH040,1,2026-02-18-VEH040-T1,0.0
2026-02-18,ORD0092717,2026-02-18,OUT117,Fresh,fresh_chilled,Kegalle,Kandy,False,455.2,2.302,0,0,served,VEH040,1,2026-02-18-VEH040-T1,0.0
2026-02-18,ORD0092718,2026-02-18,OUT118,Fresh,fresh_dry,Kegalle,Kandy,False,742.7,3.458,0,0,served,VEH040,1,2026-02-18-VEH040-T1,0.0
2026-02-18,ORD0092719,2026-02-18,OUT119,Fresh,fresh_dry,Kegalle,Kandy,False,226.7,1.307,0,0,served,VEH040,1,2026-02-18-VEH040-T1,0.0
2026-02-18,ORD0092720,2026-02-18,OUT119,Fresh,fresh_chilled,Kegalle,Kandy,False,289.9,1.484,0,0,served,VEH040,1,2026-02-18-VEH040-T1,0.0
2026-02-18,ORD0092721,2026-02-18,OUT120,Style,style,Kegalle,Kandy,False,665.1,12.197,0,0,served,VEH056,2,2026-02-18-VEH056-T2,0.0
2026-02-19,ORD0092722,2026-02-19,OUT001,Fresh,fresh_dry,Colombo,Peliyagoda,True,97.7,0.518,0,0,served,VEH036,1,2026-02-19-VEH036-T1,0.0
2026-02-19,ORD0092723,2026-02-19,OUT001,Fresh,fresh_chilled,Colombo,Peliyagoda,True,102.3,0.539,0,0,served,VEH036,1,2026-02-19-VEH036-T1,0.0
2026-02-19,ORD0092724,2026-02-19,OUT002,Fresh,fresh_dry,Colombo,Peliyagoda,True,119.9,0.649,0,0,served,VEH037,1,2026-02-19-VEH037-T1,0.0
2026-02-19,ORD0092725,2026-02-19,OUT002,Fresh,fresh_chilled,Colombo,Peliyagoda,True,90.0,0.478,0,0,served,VEH036,1,2026-02-19-VEH036-T1,0.0
2026-02-19,ORD0092726,2026-02-19,OUT003,Fresh,fresh_dry,Colombo,Peliyagoda,True,111.7,0.67,0,0,served,VEH037,1,2026-02-19-VEH037-T1,0.0
2026-02-19,ORD0092727,2026-02-19,OUT003,Fresh,fresh_chilled,Colombo,Peliyagoda,True,75.3,0.457,0,0,served,VEH036,1,2026-02-19-VEH036-T1,0.0
2026-02-19,ORD0092728,2026-02-19,OUT004,Fresh,fresh_dry,Colombo,Peliyagoda,False,226.9,1.249,0,0,served,VEH015,1,2026-02-19-VEH015-T1,0.0
2026-02-19,ORD0092729,2026-02-19,OUT004,Fresh,fresh_chilled,Colombo,Peliyagoda,False,143.1,0.76,0,0,served,VEH004,1,2026-02-19-VEH004-T1,0.0
2026-02-19,ORD0092730,2026-02-19,OUT005,Fresh,fresh_dry,Colombo,Peliyagoda,False,653.3,3.194,0,0,served,VEH015,1,2026-02-19-VEH015-T1,0.0
2026-02-19,ORD0092731,2026-02-19,OUT005,Fresh,fresh_chilled,Colombo,Peliyagoda,False,565.1,3.229,0,0,served,VEH036,2,2026-02-19-VEH036-T2,0.0
2026-02-19,ORD0092732,2026-02-19,OUT006,Fresh,fresh_dry,Colombo,Peliyagoda,False,448.9,2.465,0,0,served,VEH037,1,2026-02-19-VEH037-T1,0.0
2026-02-19,ORD0092733,2026-02-19,OUT006,Fresh,fresh_chilled,Colombo,Peliyagoda,False,596.2,2.905,0,0,served,VEH036,1,2026-02-19-VEH036-T1,0.0
2026-02-19,ORD0092734,2026-02-19,OUT007,Fresh,fresh_dry,Colombo,Peliyagoda,False,696.8,3.669,0,0,served,VEH015,1,2026-02-19-VEH015-T1,0.0
2026-02-19,ORD0092735,2026-02-19,OUT008,Fresh,fresh_dry,Colombo,Peliyagoda,False,223.2,1.299,0,0,served,VEH037,1,2026-02-19-VEH037-T1,0.0
2026-02-19,ORD0092736,2026-02-19,OUT008,Fresh,fresh_chilled,Colombo,Peliyagoda,False,194.7,1.11,0,0,served,VEH036,2,2026-02-19-VEH036-T2,0.0
2026-02-19,ORD0092737,2026-02-19,OUT009,Fresh,fresh_dry,Colombo,Peliyagoda,False,280.6,1.538,0,0,served,VEH004,1,2026-02-19-VEH004-T1,0.0
2026-02-19,ORD0092738,2026-02-19,OUT009,Fresh,fresh_chilled,Colombo,Peliyagoda,False,272.0,1.41,0,0,served,VEH004,1,2026-02-19-VEH004-T1,0.0
2026-02-19,ORD0092739,2026-02-19,OUT010,Fresh,fresh_dry,Colombo,Peliyagoda,False,313.1,1.939,0,0,served,VEH004,1,2026-02-19-VEH004-T1,0.0
2026-02-19,ORD0092740,2026-02-19,OUT010,Fresh,fresh_chilled,Colombo,Peliyagoda,False,245.5,1.459,0,0,served,VEH004,1,2026-02-19-VEH004-T1,0.0
2026-02-19,ORD0092741,2026-02-19,OUT011,Fresh,fresh_dry,Colombo,Peliyagoda,False,338.1,1.704,0,0,served,VEH004,1,2026-02-19-VEH004-T1,0.0
2026-02-19,ORD0092742,2026-02-19,OUT011,Fresh,fresh_chilled,Colombo,Peliyagoda,False,230.8,1.28,0,0,served,VEH004,1,2026-02-19-VEH004-T1,0.0
2026-02-19,ORD0092743,2026-02-19,OUT012,Fresh,fresh_dry,Colombo,Peliyagoda,False,346.7,1.764,0,0,served,VEH015,1,2026-02-19-VEH015-T1,0.0
2026-02-19,ORD0092744,2026-02-19,OUT013,Fresh,fresh_dry,Colombo,Peliyagoda,False,722.3,4.229,0,0,served,VEH015,1,2026-02-19-VEH015-T1,0.0
2026-02-19,ORD0092745,2026-02-19,OUT013,Fresh,fresh_chilled,Colombo,Peliyagoda,False,517.0,2.548,0,0,served,VEH004,1,2026-02-19-VEH004-T1,0.0
2026-02-19,ORD0092746,2026-02-19,OUT014,Fresh,fresh_dry,Colombo,Peliyagoda,False,217.3,1.265,0,0,served,VEH004,1,2026-02-19-VEH004-T1,0.0
2026-02-19,ORD0092747,2026-02-19,OUT014,Fresh,fresh_chilled,Colombo,Peliyagoda,False,329.6,1.766,0,0,served,VEH004,1,2026-02-19-VEH004-T1,0.0
2026-02-19,ORD0092748,2026-02-19,OUT015,Style,style,Colombo,Peliyagoda,False,302.7,4.814,0,0,served,VEH025,2,2026-02-19-VEH025-T2,0.0
2026-02-19,ORD0092749,2026-02-19,OUT016,Style,style,Colombo,Peliyagoda,False,308.2,4.587,0,0,served,VEH025,2,2026-02-19-VEH025-T2,0.0
2026-02-19,ORD0092750,2026-02-19,OUT017,Style,style,Colombo,Peliyagoda,False,533.3,8.988,0,0,served,VEH015,2,2026-02-19-VEH015-T2,0.0
2026-02-19,ORD0092751,2026-02-19,OUT018,Style,style,Colombo,Peliyagoda,False,566.4,8.663,0,0,served,VEH038,2,2026-02-19-VEH038-T2,0.0
2026-02-19,ORD0092752,2026-02-19,OUT019,Style,style,Colombo,Peliyagoda,False,504.1,9.488,0,0,served,VEH015,2,2026-02-19-VEH015-T2,0.0
2026-02-19,ORD0092753,2026-02-19,OUT020,Style,style,Colombo,Peliyagoda,False,656.4,11.571,0,0,served,VEH025,2,2026-02-19-VEH025-T2,0.0
2026-02-19,ORD0092754,2026-02-19,OUT025,Fresh,fresh_dry,Gampaha,Peliyagoda,False,246.2,1.156,0,0,served,VEH003,1,2026-02-19-VEH003-T1,0.0
2026-02-19,ORD0092755,2026-02-19,OUT025,Fresh,fresh_chilled,Gampaha,Peliyagoda,False,164.8,0.908,0,0,served,VEH003,1,2026-02-19-VEH003-T1,0.0
2026-02-19,ORD0092756,2026-02-19,OUT026,Fresh,fresh_dry,Gampaha,Peliyagoda,False,237.4,1.345,0,0,served,VEH018,1,2026-02-19-VEH018-T1,0.0
2026-02-19,ORD0092757,2026-02-19,OUT026,Fresh,fresh_chilled,Gampaha,Peliyagoda,False,192.0,1.12,0,0,served,VEH003,1,2026-02-19-VEH003-T1,0.0
2026-02-19,ORD0092758,2026-02-19,OUT027,Fresh,fresh_dry,Gampaha,Peliyagoda,False,544.3,2.717,0,0,served,VEH018,1,2026-02-19-VEH018-T1,0.0
2026-02-19,ORD0092759,2026-02-19,OUT027,Fresh,fresh_chilled,Gampaha,Peliyagoda,False,225.1,1.208,0,0,served,VEH003,1,2026-02-19-VEH003-T1,0.0
2026-02-19,ORD0092760,2026-02-19,OUT028,Fresh,fresh_dry,Gampaha,Peliyagoda,False,452.8,2.48,0,0,served,VEH018,1,2026-02-19-VEH018-T1,0.0
2026-02-19,ORD0092761,2026-02-19,OUT029,Fresh,fresh_dry,Gampaha,Peliyagoda,False,443.0,2.529,0,0,served,VEH018,1,2026-02-19-VEH018-T1,0.0
2026-02-19,ORD0092762,2026-02-19,OUT030,Fresh,fresh_dry,Gampaha,Peliyagoda,False,460.8,2.514,0,0,served,VEH003,1,2026-02-19-VEH003-T1,0.0
2026-02-19,ORD0092763,2026-02-19,OUT030,Fresh,fresh_chilled,Gampaha,Peliyagoda,False,355.8,2.024,0,0,served,VEH003,1,2026-02-19-VEH003-T1,0.0
2026-02-19,ORD0092764,2026-02-19,OUT031,Fresh,fresh_dry,Gampaha,Peliyagoda,False,1061.5,5.219,0,0,served,VEH018,1,2026-02-19-VEH018-T1,0.0
2026-02-19,ORD0092765,2026-02-19,OUT032,Fresh,fresh_dry,Gampaha,Peliyagoda,False,546.6,2.847,0,0,served,VEH018,1,2026-02-19-VEH018-T1,0.0
2026-02-19,ORD0092766,2026-02-19,OUT033,Fresh,fresh_dry,Gampaha,Peliyagoda,False,352.0,1.979,0,0,served,VEH018,1,2026-02-19-VEH018-T1,0.0
2026-02-19,ORD0092767,2026-02-19,OUT033,Fresh,fresh_chilled,Gampaha,Peliyagoda,False,425.8,2.526,0,0,served,VEH003,1,2026-02-19-VEH003-T1,0.0
2026-02-19,ORD0092768,2026-02-19,OUT034,Fresh,fresh_dry,Gampaha,Peliyagoda,False,291.7,1.741,0,0,served,VEH003,1,2026-02-19-VEH003-T1,0.0
2026-02-19,ORD0092769,2026-02-19,OUT034,Fresh,fresh_chilled,Gampaha,Peliyagoda,False,388.7,2.08,0,0,served,VEH003,1,2026-02-19-VEH003-T1,0.0
2026-02-19,ORD0092770,2026-02-19,OUT040,Fresh,fresh_dry,Kalutara,Peliyagoda,False,524.5,2.884,0,0,served,VEH034,1,2026-02-19-VEH034-T1,0.0
2026-02-19,ORD0092771,2026-02-19,OUT041,Fresh,fresh_dry,Kalutara,Peliyagoda,False,422.2,2.088,0,0,served,VEH034,1,2026-02-19-VEH034-T1,0.0
2026-02-19,ORD0092772,2026-02-19,OUT041,Fresh,fresh_chilled,Kalutara,Peliyagoda,False,292.1,1.585,0,0,served,VEH006,1,2026-02-19-VEH006-T1,0.0
2026-02-19,ORD0092773,2026-02-19,OUT042,Fresh,fresh_dry,Kalutara,Peliyagoda,False,1035.1,5.876,0,0,served,VEH034,1,2026-02-19-VEH034-T1,0.0
2026-02-19,ORD0092774,2026-02-19,OUT042,Fresh,fresh_chilled,Kalutara,Peliyagoda,False,621.3,3.786,0,0,served,VEH006,1,2026-02-19-VEH006-T1,0.0
2026-02-19,ORD0092775,2026-02-19,OUT043,Fresh,fresh_dry,Kalutara,Peliyagoda,False,269.6,1.352,0,0,served,VEH034,1,2026-02-19-VEH034-T1,0.0
2026-02-19,ORD0092776,2026-02-19,OUT043,Fresh,fresh_chilled,Kalutara,Peliyagoda,False,139.4,0.818,0,0,served,VEH006,1,2026-02-19-VEH006-T1,0.0
2026-02-19,ORD0092777,2026-02-19,OUT044,Fresh,fresh_dry,Kalutara,Peliyagoda,False,402.3,1.926,0,0,served,VEH034,1,2026-02-19-VEH034-T1,0.0
2026-02-19,ORD0092778,2026-02-19,OUT045,Fresh,fresh_dry,Kalutara,Peliyagoda,False,284.4,1.488,0,0,served,VEH006,1,2026-02-19-VEH006-T1,0.0
2026-02-19,ORD0092779,2026-02-19,OUT045,Fresh,fresh_chilled,Kalutara,Peliyagoda,False,321.3,1.753,0,0,served,VEH006,1,2026-02-19-VEH006-T1,0.0
2026-02-19,ORD0092780,2026-02-19,OUT046,Fresh,fresh_dry,Kalutara,Peliyagoda,False,260.3,1.488,0,0,served,VEH006,1,2026-02-19-VEH006-T1,0.0
2026-02-19,ORD0092781,2026-02-19,OUT046,Fresh,fresh_chilled,Kalutara,Peliyagoda,False,170.3,0.976,0,0,served,VEH006,1,2026-02-19-VEH006-T1,0.0
2026-02-19,ORD0092782,2026-02-19,OUT050,Fresh,fresh_dry,Galle,Peliyagoda,False,345.4,1.77,0,0,served,VEH025,1,2026-02-19-VEH025-T1,0.0
2026-02-19,ORD0092783,2026-02-19,OUT050,Fresh,fresh_chilled,Galle,Peliyagoda,False,409.2,1.958,0,0,served,VEH005,1,2026-02-19-VEH005-T1,0.0
2026-02-19,ORD0092784,2026-02-19,OUT051,Fresh,fresh_dry,Galle,Peliyagoda,False,164.0,0.919,0,0,served,VEH005,1,2026-02-19-VEH005-T1,0.0
2026-02-19,ORD0092785,2026-02-19,OUT051,Fresh,fresh_chilled,Galle,Peliyagoda,False,112.9,0.566,0,0,served,VEH005,1,2026-02-19-VEH005-T1,0.0
2026-02-19,ORD0092786,2026-02-19,OUT052,Fresh,fresh_dry,Galle,Peliyagoda,False,510.5,2.635,0,0,served,VEH025,1,2026-02-19-VEH025-T1,0.0
2026-02-19,ORD0092787,2026-02-19,OUT052,Fresh,fresh_chilled,Galle,Peliyagoda,False,317.8,1.998,0,0,served,VEH005,1,2026-02-19-VEH005-T1,0.0
2026-02-19,ORD0092788,2026-02-19,OUT053,Fresh,fresh_dry,Galle,Peliyagoda,False,188.6,0.905,0,0,served,VEH025,1,2026-02-19-VEH025-T1,0.0
2026-02-19,ORD0092789,2026-02-19,OUT053,Fresh,fresh_chilled,Galle,Peliyagoda,False,136.8,0.778,0,0,served,VEH005,1,2026-02-19-VEH005-T1,0.0
2026-02-19,ORD0092790,2026-02-19,OUT054,Fresh,fresh_dry,Galle,Peliyagoda,False,660.0,3.384,0,0,served,VEH025,1,2026-02-19-VEH025-T1,0.0
2026-02-19,ORD0092791,2026-02-19,OUT054,Fresh,fresh_chilled,Galle,Peliyagoda,False,625.3,3.334,0,0,served,VEH005,1,2026-02-19-VEH005-T1,0.0
2026-02-19,ORD0092792,2026-02-19,OUT055,Fresh,fresh_dry,Galle,Peliyagoda,False,332.8,1.976,0,0,served,VEH025,1,2026-02-19-VEH025-T1,0.0
2026-02-19,ORD0092793,2026-02-19,OUT055,Fresh,fresh_chilled,Galle,Peliyagoda,False,300.7,1.429,0,0,served,VEH005,1,2026-02-19-VEH005-T1,0.0
2026-02-19,ORD0092794,2026-02-19,OUT059,Fresh,fresh_dry,Matara,Peliyagoda,False,431.0,2.344,0,0,served,VEH007,1,2026-02-19-VEH007-T1,0.0
2026-02-19,ORD0092795,2026-02-19,OUT059,Fresh,fresh_chilled,Matara,Peliyagoda,False,287.3,1.545,0,0,served,VEH007,1,2026-02-19-VEH007-T1,0.0
2026-02-19,ORD0092796,2026-02-19,OUT060,Fresh,fresh_dry,Matara,Peliyagoda,False,307.7,1.478,0,0,served,VEH007,1,2026-02-19-VEH007-T1,0.0
2026-02-19,ORD0092797,2026-02-19,OUT060,Fresh,fresh_chilled,Matara,Peliyagoda,False,399.9,2.098,0,0,served,VEH007,1,2026-02-19-VEH007-T1,0.0
2026-02-19,ORD0092798,2026-02-19,OUT061,Fresh,fresh_dry,Matara,Peliyagoda,False,352.9,2.058,0,0,served,VEH035,1,2026-02-19-VEH035-T1,0.0
2026-02-19,ORD0092799,2026-02-19,OUT061,Fresh,fresh_chilled,Matara,Peliyagoda,False,258.3,1.258,0,0,served,VEH035,1,2026-02-19-VEH035-T1,0.0
2026-02-19,ORD0092800,2026-02-19,OUT062,Fresh,fresh_dry,Matara,Peliyagoda,False,440.9,2.219,0,0,served,VEH007,1,2026-02-19-VEH007-T1,0.0
2026-02-19,ORD0092801,2026-02-19,OUT062,Fresh,fresh_chilled,Matara,Peliyagoda,False,357.5,2.021,0,0,served,VEH035,1,2026-02-19-VEH035-T1,0.0
2026-02-19,ORD0092802,2026-02-19,OUT065,Fresh,fresh_dry,Kurunegala,Peliyagoda,False,513.8,2.701,0,0,served,VEH016,1,2026-02-19-VEH016-T1,0.0
2026-02-19,ORD0092803,2026-02-19,OUT065,Fresh,fresh_chilled,Kurunegala,Peliyagoda,False,574.0,3.094,0,0,served,VEH001,1,2026-02-19-VEH001-T1,0.0
2026-02-19,ORD0092804,2026-02-19,OUT066,Fresh,fresh_dry,Kurunegala,Peliyagoda,False,321.1,1.839,0,0,served,VEH001,1,2026-02-19-VEH001-T1,0.0
2026-02-19,ORD0092805,2026-02-19,OUT066,Fresh,fresh_chilled,Kurunegala,Peliyagoda,False,331.9,1.689,0,0,served,VEH001,1,2026-02-19-VEH001-T1,0.0
2026-02-19,ORD0092806,2026-02-19,OUT067,Fresh,fresh_dry,Kurunegala,Peliyagoda,False,313.3,1.714,0,0,served,VEH016,1,2026-02-19-VEH016-T1,0.0
2026-02-19,ORD0092807,2026-02-19,OUT067,Fresh,fresh_chilled,Kurunegala,Peliyagoda,False,422.8,2.522,0,0,served,VEH001,1,2026-02-19-VEH001-T1,0.0
2026-02-19,ORD0092808,2026-02-19,OUT068,Fresh,fresh_dry,Kurunegala,Peliyagoda,False,229.5,1.248,0,0,served,VEH016,1,2026-02-19-VEH016-T1,0.0
2026-02-19,ORD0092809,2026-02-19,OUT069,Fresh,fresh_dry,Kurunegala,Peliyagoda,False,489.7,2.629,0,0,served,VEH016,1,2026-02-19-VEH016-T1,0.0
2026-02-19,ORD0092810,2026-02-19,OUT073,Fresh,fresh_dry,Puttalam,Peliyagoda,False,402.6,2.096,0,0,served,VEH002,1,2026-02-19-VEH002-T1,0.0
2026-02-19,ORD0092811,2026-02-19,OUT073,Fresh,fresh_chilled,Puttalam,Peliyagoda,False,326.9,1.681,0,0,served,VEH002,1,2026-02-19-VEH002-T1,0.0
2026-02-19,ORD0092812,2026-02-19,OUT074,Fresh,fresh_dry,Puttalam,Peliyagoda,False,348.9,2.045,0,0,served,VEH038,1,2026-02-19-VEH038-T1,0.0
2026-02-19,ORD0092813,2026-02-19,OUT074,Fresh,fresh_chilled,Puttalam,Peliyagoda,False,330.1,1.786,0,0,served,VEH002,1,2026-02-19-VEH002-T1,0.0
2026-02-19,ORD0092814,2026-02-19,OUT075,Fresh,fresh_dry,Puttalam,Peliyagoda,False,216.4,1.182,0,0,served,VEH038,1,2026-02-19-VEH038-T1,0.0
2026-02-19,ORD0092815,2026-02-19,OUT076,Fresh,fresh_dry,Kandy,Kandy,True,136.0,0.772,0,0,served,VEH058,1,2026-02-19-VEH058-T1,0.0
2026-02-19,ORD0092816,2026-02-19,OUT076,Fresh,fresh_chilled,Kandy,Kandy,True,113.7,0.613,0,0,served,VEH058,1,2026-02-19-VEH058-T1,0.0
2026-02-19,ORD0092817,2026-02-19,OUT077,Fresh,fresh_dry,Kandy,Kandy,True,93.3,0.531,0,0,served,VEH058,1,2026-02-19-VEH058-T1,0.0
2026-02-19,ORD0092818,2026-02-19,OUT077,Fresh,fresh_chilled,Kandy,Kandy,True,102.6,0.474,0,0,served,VEH058,1,2026-02-19-VEH058-T1,0.0
2026-02-19,ORD0092819,2026-02-19,OUT078,Fresh,fresh_dry,Kandy,Kandy,True,144.7,0.728,0,0,served,VEH059,1,2026-02-19-VEH059-T1,0.0
2026-02-19,ORD0092820,2026-02-19,OUT078,Fresh,fresh_chilled,Kandy,Kandy,True,165.7,0.922,0,0,served,VEH058,1,2026-02-19-VEH058-T1,0.0
2026-02-19,ORD0092821,2026-02-19,OUT079,Fresh,fresh_dry,Kandy,Kandy,True,134.7,0.762,0,0,served,VEH059,1,2026-02-19-VEH059-T1,0.0
2026-02-19,ORD0092822,2026-02-19,OUT079,Fresh,fresh_chilled,Kandy,Kandy,True,144.1,0.72,0,0,served,VEH058,1,2026-02-19-VEH058-T1,0.0
2026-02-19,ORD0092823,2026-02-19,OUT080,Fresh,fresh_dry,Kandy,Kandy,True,112.4,0.609,0,0,served,VEH059,1,2026-02-19-VEH059-T1,0.0
2026-02-19,ORD0092824,2026-02-19,OUT080,Fresh,fresh_chilled,Kandy,Kandy,True,104.9,0.635,0,0,served,VEH058,1,2026-02-19-VEH058-T1,0.0
2026-02-19,ORD0092825,2026-02-19,OUT081,Fresh,fresh_dry,Kandy,Kandy,True,149.0,0.871,0,0,served,VEH059,1,2026-02-19-VEH059-T1,0.0
2026-02-19,ORD0092826,2026-02-19,OUT081,Fresh,fresh_chilled,Kandy,Kandy,True,160.5,0.918,0,0,served,VEH058,2,2026-02-19-VEH058-T2,0.0
2026-02-19,ORD0092827,2026-02-19,OUT082,Fresh,fresh_dry,Kandy,Kandy,True,138.1,0.706,0,0,served,VEH059,1,2026-02-19-VEH059-T1,0.0
2026-02-19,ORD0092828,2026-02-19,OUT082,Fresh,fresh_chilled,Kandy,Kandy,True,85.8,0.484,0,0,served,VEH058,1,2026-02-19-VEH058-T1,0.0
2026-02-19,ORD0092829,2026-02-19,OUT083,Fresh,fresh_dry,Kandy,Kandy,True,88.7,0.428,0,0,served,VEH059,1,2026-02-19-VEH059-T1,0.0
2026-02-19,ORD0092830,2026-02-19,OUT084,Fresh,fresh_dry,Kandy,Kandy,False,264.1,1.404,0,0,served,VEH040,2,2026-02-19-VEH040-T2,0.0
2026-02-19,ORD0092831,2026-02-19,OUT084,Fresh,fresh_chilled,Kandy,Kandy,False,237.2,1.244,0,0,served,VEH040,2,2026-02-19-VEH040-T2,0.0
2026-02-19,ORD0092832,2026-02-19,OUT085,Fresh,fresh_dry,Kandy,Kandy,False,371.6,1.856,0,0,served,VEH058,2,2026-02-19-VEH058-T2,0.0
2026-02-19,ORD0092833,2026-02-19,OUT086,Fresh,fresh_dry,Kandy,Kandy,False,211.8,1.252,0,0,served,VEH059,1,2026-02-19-VEH059-T1,0.0
2026-02-19,ORD0092834,2026-02-19,OUT087,Fresh,fresh_dry,Kandy,Kandy,False,278.1,1.578,0,0,served,VEH058,2,2026-02-19-VEH058-T2,0.0
2026-02-19,ORD0092835,2026-02-19,OUT087,Fresh,fresh_chilled,Kandy,Kandy,False,331.6,1.555,0,0,served,VEH040,2,2026-02-19-VEH040-T2,0.0
2026-02-19,ORD0092836,2026-02-19,OUT088,Style,style,Kandy,Kandy,True,143.4,2.4,0,0,served,VEH059,2,2026-02-19-VEH059-T2,0.0
2026-02-19,ORD0092837,2026-02-19,OUT089,Style,style,Kandy,Kandy,False,517.5,7.106,0,0,served,VEH056,2,2026-02-19-VEH056-T2,0.0
2026-02-19,ORD0092838,2026-02-19,OUT090,Style,style,Kandy,Kandy,False,587.7,7.646,0,0,served,VEH046,2,2026-02-19-VEH046-T2,0.0
2026-02-19,ORD0092839,2026-02-19,OUT091,Style,style,Kandy,Kandy,False,328.3,5.007,0,0,served,VEH059,2,2026-02-19-VEH059-T2,0.0
2026-02-19,ORD0092840,2026-02-19,OUT092,Style,style,Kandy,Kandy,False,449.9,7.153,0,0,served,VEH046,2,2026-02-19-VEH046-T2,0.0
2026-02-19,ORD0092841,2026-02-19,OUT093,Tech,tech,Kandy,Kandy,True,154.8,0.476,0,0,served,VEH060,2,2026-02-19-VEH060-T2,0.0
2026-02-19,ORD0092842,2026-02-19,OUT096,Fresh,fresh_dry,Matale,Kandy,False,192.3,1.059,0,0,served,VEH040,1,2026-02-19-VEH040-T1,0.0
2026-02-19,ORD0092843,2026-02-19,OUT096,Fresh,fresh_chilled,Matale,Kandy,False,133.1,0.676,0,0,served,VEH040,1,2026-02-19-VEH040-T1,0.0
2026-02-19,ORD0092844,2026-02-19,OUT097,Fresh,fresh_dry,Matale,Kandy,False,480.5,2.592,0,0,served,VEH040,1,2026-02-19-VEH040-T1,0.0
2026-02-19,ORD0092845,2026-02-19,OUT097,Fresh,fresh_chilled,Matale,Kandy,False,540.3,2.657,0,0,served,VEH040,1,2026-02-19-VEH040-T1,0.0
2026-02-19,ORD0092846,2026-02-19,OUT098,Fresh,fresh_dry,Matale,Kandy,False,326.7,1.959,0,0,served,VEH048,1,2026-02-19-VEH048-T1,0.0
2026-02-19,ORD0092847,2026-02-19,OUT099,Fresh,fresh_dry,Matale,Kandy,False,412.0,2.223,0,0,served,VEH048,1,2026-02-19-VEH048-T1,0.0
2026-02-19,ORD0092848,2026-02-19,OUT100,Fresh,fresh_dry,Matale,Kandy,False,427.9,2.488,0,0,served,VEH040,1,2026-02-19-VEH040-T1,0.0
2026-02-19,ORD0092849,2026-02-19,OUT100,Fresh,fresh_chilled,Matale,Kandy,False,560.3,2.861,0,0,served,VEH040,1,2026-02-19-VEH040-T1,0.0
2026-02-19,ORD0092850,2026-02-19,OUT101,Fresh,fresh_dry,Matale,Kandy,False,322.8,1.62,0,0,served,VEH048,1,2026-02-19-VEH048-T1,0.0
2026-02-19,ORD0092851,2026-02-19,OUT104,Fresh,fresh_dry,Nuwara Eliya,Kandy,False,307.4,1.843,0,0,served,VEH060,1,2026-02-19-VEH060-T1,0.0
2026-02-19,ORD0092852,2026-02-19,OUT105,Fresh,fresh_dry,Nuwara Eliya,Kandy,False,180.7,1.16,0,0,served,VEH060,1,2026-02-19-VEH060-T1,0.0
2026-02-19,ORD0092853,2026-02-19,OUT106,Fresh,fresh_dry,Nuwara Eliya,Kandy,False,434.6,2.284,0,0,served,VEH060,1,2026-02-19-VEH060-T1,0.0
2026-02-19,ORD0092854,2026-02-19,OUT106,Fresh,fresh_chilled,Nuwara Eliya,Kandy,False,255.8,1.402,0,0,served,VEH039,1,2026-02-19-VEH039-T1,0.0
2026-02-19,ORD0092855,2026-02-19,OUT107,Fresh,fresh_dry,Nuwara Eliya,Kandy,False,472.9,2.575,0,0,served,VEH039,1,2026-02-19-VEH039-T1,0.0
2026-02-19,ORD0092856,2026-02-19,OUT107,Fresh,fresh_chilled,Nuwara Eliya,Kandy,False,217.9,1.229,0,0,served,VEH039,1,2026-02-19-VEH039-T1,0.0
2026-02-19,ORD0092857,2026-02-19,OUT108,Fresh,fresh_dry,Nuwara Eliya,Kandy,False,428.3,2.258,0,0,served,VEH039,1,2026-02-19-VEH039-T1,0.0
2026-02-19,ORD0092858,2026-02-19,OUT108,Fresh,fresh_chilled,Nuwara Eliya,Kandy,False,222.8,1.229,0,0,served,VEH039,1,2026-02-19-VEH039-T1,0.0
2026-02-19,ORD0092859,2026-02-19,OUT110,Fresh,fresh_dry,Badulla,Kandy,False,271.8,1.443,0,0,served,VEH046,1,2026-02-19-VEH046-T1,0.0
2026-02-19,ORD0092860,2026-02-19,OUT110,Fresh,fresh_chilled,Badulla,Kandy,False,242.4,1.396,0,0,served,VEH041,1,2026-02-19-VEH041-T1,0.0
2026-02-19,ORD0092861,2026-02-19,OUT111,Fresh,fresh_dry,Badulla,Kandy,False,236.5,1.223,0,0,served,VEH046,1,2026-02-19-VEH046-T1,0.0
2026-02-19,ORD0092862,2026-02-19,OUT111,Fresh,fresh_chilled,Badulla,Kandy,False,111.0,0.656,0,0,served,VEH041,1,2026-02-19-VEH041-T1,0.0
2026-02-19,ORD0092863,2026-02-19,OUT112,Fresh,fresh_dry,Badulla,Kandy,False,410.5,2.238,0,0,served,VEH056,1,2026-02-19-VEH056-T1,0.0
2026-02-19,ORD0092864,2026-02-19,OUT113,Fresh,fresh_dry,Badulla,Kandy,False,396.6,2.381,0,0,served,VEH057,1,2026-02-19-VEH057-T1,0.0
2026-02-19,ORD0092865,2026-02-19,OUT113,Fresh,fresh_chilled,Badulla,Kandy,False,274.1,1.608,0,0,served,VEH057,1,2026-02-19-VEH057-T1,0.0
2026-02-19,ORD0092866,2026-02-19,OUT116,Fresh,fresh_dry,Kegalle,Kandy,False,402.8,1.897,0,0,served,VEH042,1,2026-02-19-VEH042-T1,0.0
2026-02-19,ORD0092867,2026-02-19,OUT117,Fresh,fresh_dry,Kegalle,Kandy,False,532.7,2.664,0,0,served,VEH042,1,2026-02-19-VEH042-T1,0.0
2026-02-19,ORD0092868,2026-02-19,OUT117,Fresh,fresh_chilled,Kegalle,Kandy,False,580.6,3.06,0,0,served,VEH042,1,2026-02-19-VEH042-T1,0.0
2026-02-19,ORD0092869,2026-02-19,OUT118,Fresh,fresh_dry,Kegalle,Kandy,False,635.8,3.836,0,0,served,VEH042,1,2026-02-19-VEH042-T1,0.0
2026-02-19,ORD0092870,2026-02-19,OUT118,Fresh,fresh_chilled,Kegalle,Kandy,False,682.5,3.636,0,0,served,VEH042,1,2026-02-19-VEH042-T1,0.0
2026-02-19,ORD0092871,2026-02-19,OUT119,Fresh,fresh_dry,Kegalle,Kandy,False,237.8,1.215,0,0,served,VEH042,1,2026-02-19-VEH042-T1,0.0
2026-02-19,ORD0092872,2026-02-19,OUT119,Fresh,fresh_chilled,Kegalle,Kandy,False,326.3,1.58,0,0,served,VEH042,1,2026-02-19-VEH042-T1,0.0
2026-02-20,ORD0092873,2026-02-20,OUT001,Fresh,fresh_dry,Colombo,Peliyagoda,True,101.2,0.563,0,0,served,VEH036,1,2026-02-20-VEH036-T1,0.0
2026-02-20,ORD0092874,2026-02-20,OUT001,Fresh,fresh_chilled,Colombo,Peliyagoda,True,143.5,0.771,0,0,served,VEH036,1,2026-02-20-VEH036-T1,0.0
2026-02-20,ORD0092875,2026-02-20,OUT002,Fresh,fresh_dry,Colombo,Peliyagoda,True,144.3,0.724,0,0,served,VEH036,1,2026-02-20-VEH036-T1,0.0
2026-02-20,ORD0092876,2026-02-20,OUT002,Fresh,fresh_chilled,Colombo,Peliyagoda,True,87.0,0.508,0,0,served,VEH036,1,2026-02-20-VEH036-T1,0.0
2026-02-20,ORD0092877,2026-02-20,OUT003,Fresh,fresh_dry,Colombo,Peliyagoda,True,85.7,0.532,0,0,served,VEH036,1,2026-02-20-VEH036-T1,0.0
2026-02-20,ORD0092878,2026-02-20,OUT003,Fresh,fresh_chilled,Colombo,Peliyagoda,True,96.0,0.498,0,0,served,VEH036,1,2026-02-20-VEH036-T1,0.0
2026-02-20,ORD0092879,2026-02-20,OUT004,Fresh,fresh_dry,Colombo,Peliyagoda,False,202.7,1.183,0,0,served,VEH004,1,2026-02-20-VEH004-T1,0.0
2026-02-20,ORD0092880,2026-02-20,OUT004,Fresh,fresh_chilled,Colombo,Peliyagoda,False,146.4,0.822,0,0,served,VEH004,1,2026-02-20-VEH004-T1,0.0
2026-02-20,ORD0092881,2026-02-20,OUT005,Fresh,fresh_dry,Colombo,Peliyagoda,False,555.2,3.072,0,0,served,VEH004,1,2026-02-20-VEH004-T1,0.0
2026-02-20,ORD0092882,2026-02-20,OUT005,Fresh,fresh_chilled,Colombo,Peliyagoda,False,443.7,2.37,0,0,served,VEH004,1,2026-02-20-VEH004-T1,0.0
2026-02-20,ORD0092883,2026-02-20,OUT006,Fresh,fresh_dry,Colombo,Peliyagoda,False,552.6,3.028,0,0,served,VEH004,1,2026-02-20-VEH004-T1,0.0
2026-02-20,ORD0092884,2026-02-20,OUT007,Fresh,fresh_dry,Colombo,Peliyagoda,False,609.9,3.43,0,0,served,VEH006,2,2026-02-20-VEH006-T2,0.0
2026-02-20,ORD0092885,2026-02-20,OUT007,Fresh,fresh_chilled,Colombo,Peliyagoda,False,556.4,2.763,0,0,served,VEH006,2,2026-02-20-VEH006-T2,0.0
2026-02-20,ORD0092886,2026-02-20,OUT008,Fresh,fresh_dry,Colombo,Peliyagoda,False,472.6,2.486,0,0,served,VEH004,1,2026-02-20-VEH004-T1,0.0
2026-02-20,ORD0092887,2026-02-20,OUT008,Fresh,fresh_chilled,Colombo,Peliyagoda,False,308.4,1.66,0,0,served,VEH036,1,2026-02-20-VEH036-T1,0.0
2026-02-20,ORD0092888,2026-02-20,OUT009,Fresh,fresh_dry,Colombo,Peliyagoda,False,253.8,1.463,0,0,served,VEH004,1,2026-02-20-VEH004-T1,0.0
2026-02-20,ORD0092889,2026-02-20,OUT009,Fresh,fresh_chilled,Colombo,Peliyagoda,False,273.6,1.482,0,0,served,VEH004,1,2026-02-20-VEH004-T1,0.0
2026-02-20,ORD0092890,2026-02-20,OUT010,Fresh,fresh_dry,Colombo,Peliyagoda,False,373.1,1.968,0,0,served,VEH038,1,2026-02-20-VEH038-T1,0.0
2026-02-20,ORD0092891,2026-02-20,OUT011,Fresh,fresh_dry,Colombo,Peliyagoda,False,303.2,1.901,0,0,served,VEH004,1,2026-02-20-VEH004-T1,0.0
2026-02-20,ORD0092892,2026-02-20,OUT012,Fresh,fresh_dry,Colombo,Peliyagoda,False,377.0,2.219,0,0,served,VEH038,1,2026-02-20-VEH038-T1,0.0
2026-02-20,ORD0092893,2026-02-20,OUT013,Fresh,fresh_dry,Colombo,Peliyagoda,False,954.3,5.462,0,0,served,VEH004,1,2026-02-20-VEH004-T1,0.0
2026-02-20,ORD0092894,2026-02-20,OUT013,Fresh,fresh_chilled,Colombo,Peliyagoda,False,516.8,2.662,0,0,served,VEH006,2,2026-02-20-VEH006-T2,0.0
2026-02-20,ORD0092895,2026-02-20,OUT014,Fresh,fresh_dry,Colombo,Peliyagoda,False,272.5,1.637,0,0,served,VEH038,1,2026-02-20-VEH038-T1,0.0
2026-02-20,ORD0092896,2026-02-20,OUT022,Tech,tech,Colombo,Peliyagoda,False,562.1,1.665,0,0,served,VEH038,2,2026-02-20-VEH038-T2,0.0
2026-02-20,ORD0092897,2026-02-20,OUT024,Tech,tech,Colombo,Peliyagoda,False,692.7,2.112,0,0,served,VEH035,2,2026-02-20-VEH035-T2,0.0
2026-02-20,ORD0092898,2026-02-20,OUT025,Fresh,fresh_dry,Gampaha,Peliyagoda,False,323.0,1.582,0,0,served,VEH005,1,2026-02-20-VEH005-T1,0.0
2026-02-20,ORD0092899,2026-02-20,OUT026,Fresh,fresh_dry,Gampaha,Peliyagoda,False,246.8,1.355,0,0,served,VEH005,1,2026-02-20-VEH005-T1,0.0
2026-02-20,ORD0092900,2026-02-20,OUT026,Fresh,fresh_chilled,Gampaha,Peliyagoda,False,383.4,1.944,0,0,served,VEH005,1,2026-02-20-VEH005-T1,0.0
2026-02-20,ORD0092901,2026-02-20,OUT027,Fresh,fresh_dry,Gampaha,Peliyagoda,False,498.1,2.624,0,0,served,VEH006,1,2026-02-20-VEH006-T1,0.0
2026-02-20,ORD0092902,2026-02-20,OUT028,Fresh,fresh_dry,Gampaha,Peliyagoda,False,515.4,2.596,0,0,served,VEH006,1,2026-02-20-VEH006-T1,0.0
2026-02-20,ORD0092903,2026-02-20,OUT028,Fresh,fresh_chilled,Gampaha,Peliyagoda,False,388.6,2.058,0,0,served,VEH006,1,2026-02-20-VEH006-T1,0.0
2026-02-20,ORD0092904,2026-02-20,OUT029,Fresh,fresh_dry,Gampaha,Peliyagoda,False,404.6,2.058,0,0,served,VEH005,1,2026-02-20-VEH005-T1,0.0
2026-02-20,ORD0092905,2026-02-20,OUT029,Fresh,fresh_chilled,Gampaha,Peliyagoda,False,362.6,2.039,0,0,served,VEH005,1,2026-02-20-VEH005-T1,0.0
2026-02-20,ORD0092906,2026-02-20,OUT030,Fresh,fresh_dry,Gampaha,Peliyagoda,False,330.3,1.958,0,0,served,VEH006,1,2026-02-20-VEH006-T1,0.0
2026-02-20,ORD0092907,2026-02-20,OUT030,Fresh,fresh_chilled,Gampaha,Peliyagoda,False,493.4,2.643,0,0,served,VEH006,1,2026-02-20-VEH006-T1,0.0
2026-02-20,ORD0092908,2026-02-20,OUT031,Fresh,fresh_dry,Gampaha,Peliyagoda,False,1147.3,6.392,0,0,served,VEH005,1,2026-02-20-VEH005-T1,0.0
2026-02-20,ORD0092909,2026-02-20,OUT032,Fresh,fresh_dry,Gampaha,Peliyagoda,False,900.7,4.278,0,0,served,VEH005,1,2026-02-20-VEH005-T1,0.0
2026-02-20,ORD0092910,2026-02-20,OUT032,Fresh,fresh_chilled,Gampaha,Peliyagoda,False,775.5,4.481,0,0,served,VEH005,1,2026-02-20-VEH005-T1,0.0
2026-02-20,ORD0092911,2026-02-20,OUT033,Fresh,fresh_dry,Gampaha,Peliyagoda,False,403.9,2.114,0,0,served,VEH006,1,2026-02-20-VEH006-T1,0.0
2026-02-20,ORD0092912,2026-02-20,OUT034,Fresh,fresh_dry,Gampaha,Peliyagoda,False,578.5,3.179,0,0,served,VEH005,1,2026-02-20-VEH005-T1,0.0
2026-02-20,ORD0092913,2026-02-20,OUT034,Fresh,fresh_chilled,Gampaha,Peliyagoda,False,539.9,2.846,0,0,served,VEH005,1,2026-02-20-VEH005-T1,0.0
2026-02-20,ORD0092914,2026-02-20,OUT040,Fresh,fresh_dry,Kalutara,Peliyagoda,False,777.7,4.194,0,0,served,VEH008,1,2026-02-20-VEH008-T1,0.0
2026-02-20,ORD0092915,2026-02-20,OUT041,Fresh,fresh_dry,Kalutara,Peliyagoda,False,327.9,2.048,0,0,served,VEH008,1,2026-02-20-VEH008-T1,0.0
2026-02-20,ORD0092916,2026-02-20,OUT042,Fresh,fresh_dry,Kalutara,Peliyagoda,False,636.4,3.171,0,0,served,VEH008,1,2026-02-20-VEH008-T1,0.0
2026-02-20,ORD0092917,2026-02-20,OUT043,Fresh,fresh_dry,Kalutara,Peliyagoda,False,214.5,1.21,0,0,served,VEH035,1,2026-02-20-VEH035-T1,0.0
2026-02-20,ORD0092918,2026-02-20,OUT043,Fresh,fresh_chilled,Kalutara,Peliyagoda,False,243.0,1.313,0,0,served,VEH035,1,2026-02-20-VEH035-T1,0.0
2026-02-20,ORD0092919,2026-02-20,OUT044,Fresh,fresh_dry,Kalutara,Peliyagoda,False,420.4,2.149,0,0,served,VEH008,1,2026-02-20-VEH008-T1,0.0
2026-02-20,ORD0092920,2026-02-20,OUT044,Fresh,fresh_chilled,Kalutara,Peliyagoda,False,204.1,1.089,0,0,served,VEH035,1,2026-02-20-VEH035-T1,0.0
2026-02-20,ORD0092921,2026-02-20,OUT045,Fresh,fresh_dry,Kalutara,Peliyagoda,False,222.6,1.187,0,0,served,VEH008,1,2026-02-20-VEH008-T1,0.0
2026-02-20,ORD0092922,2026-02-20,OUT046,Fresh,fresh_dry,Kalutara,Peliyagoda,False,355.6,1.829,0,0,served,VEH008,1,2026-02-20-VEH008-T1,0.0
2026-02-20,ORD0092923,2026-02-20,OUT046,Fresh,fresh_chilled,Kalutara,Peliyagoda,False,237.8,1.261,0,0,served,VEH035,1,2026-02-20-VEH035-T1,0.0
2026-02-20,ORD0092924,2026-02-20,OUT050,Fresh,fresh_dry,Galle,Peliyagoda,False,277.0,1.461,0,0,served,VEH015,1,2026-02-20-VEH015-T1,0.0
2026-02-20,ORD0092925,2026-02-20,OUT051,Fresh,fresh_dry,Galle,Peliyagoda,False,221.7,1.216,0,0,served,VEH015,1,2026-02-20-VEH015-T1,0.0
2026-02-20,ORD0092926,2026-02-20,OUT052,Fresh,fresh_dry,Galle,Peliyagoda,False,487.3,2.731,0,0,served,VEH015,1,2026-02-20-VEH015-T1,0.0
2026-02-20,ORD0092927,2026-02-20,OUT053,Fresh,fresh_dry,Galle,Peliyagoda,False,215.6,1.225,0,0,served,VEH002,1,2026-02-20-VEH002-T1,0.0
2026-02-20,ORD0092928,2026-02-20,OUT053,Fresh,fresh_chilled,Galle,Peliyagoda,False,152.1,0.877,0,0,served,VEH002,1,2026-02-20-VEH002-T1,0.0
2026-02-20,ORD0092929,2026-02-20,OUT054,Fresh,fresh_dry,Galle,Peliyagoda,False,759.0,4.02,0,0,served,VEH002,1,2026-02-20-VEH002-T1,0.0
2026-02-20,ORD0092930,2026-02-20,OUT054,Fresh,fresh_chilled,Galle,Peliyagoda,False,682.7,3.64,0,0,served,VEH002,1,2026-02-20-VEH002-T1,0.0
2026-02-20,ORD0092931,2026-02-20,OUT055,Fresh,fresh_dry,Galle,Peliyagoda,False,332.6,1.997,0,0,served,VEH015,1,2026-02-20-VEH015-T1,0.0
2026-02-20,ORD0092932,2026-02-20,OUT056,Style,style,Galle,Peliyagoda,False,331.4,5.382,0,0,served,VEH015,2,2026-02-20-VEH015-T2,0.0
2026-02-20,ORD0092933,2026-02-20,OUT057,Style,style,Galle,Peliyagoda,False,933.2,14.444,0,0,served,VEH015,2,2026-02-20-VEH015-T2,0.0
2026-02-20,ORD0092934,2026-02-20,OUT059,Fresh,fresh_dry,Matara,Peliyagoda,False,477.9,2.504,0,0,served,VEH016,1,2026-02-20-VEH016-T1,0.0
2026-02-20,ORD0092935,2026-02-20,OUT060,Fresh,fresh_dry,Matara,Peliyagoda,False,433.5,2.104,0,0,served,VEH007,1,2026-02-20-VEH007-T1,0.0
2026-02-20,ORD0092936,2026-02-20,OUT060,Fresh,fresh_chilled,Matara,Peliyagoda,False,353.7,2.178,0,0,served,VEH007,1,2026-02-20-VEH007-T1,0.0
2026-02-20,ORD0092937,2026-02-20,OUT061,Fresh,fresh_dry,Matara,Peliyagoda,False,576.1,2.963,0,0,served,VEH007,1,2026-02-20-VEH007-T1,0.0
2026-02-20,ORD0092938,2026-02-20,OUT062,Fresh,fresh_dry,Matara,Peliyagoda,False,396.4,2.441,0,0,served,VEH007,1,2026-02-20-VEH007-T1,0.0
2026-02-20,ORD0092939,2026-02-20,OUT062,Fresh,fresh_chilled,Matara,Peliyagoda,False,320.9,1.833,0,0,served,VEH007,1,2026-02-20-VEH007-T1,0.0
2026-02-20,ORD0092940,2026-02-20,OUT063,Style,style,Matara,Peliyagoda,False,443.6,7.148,0,0,served,VEH037,2,2026-02-20-VEH037-T2,0.0
2026-02-20,ORD0092941,2026-02-20,OUT065,Fresh,fresh_dry,Kurunegala,Peliyagoda,False,504.6,2.856,0,0,served,VEH018,1,2026-02-20-VEH018-T1,0.0
2026-02-20,ORD0092942,2026-02-20,OUT065,Fresh,fresh_chilled,Kurunegala,Peliyagoda,False,573.7,3.696,0,0,served,VEH003,1,2026-02-20-VEH003-T1,0.0
2026-02-20,ORD0092943,2026-02-20,OUT066,Fresh,fresh_dry,Kurunegala,Peliyagoda,False,602.8,3.129,0,0,served,VEH003,1,2026-02-20-VEH003-T1,0.0
2026-02-20,ORD0092944,2026-02-20,OUT066,Fresh,fresh_chilled,Kurunegala,Peliyagoda,False,468.4,2.424,0,0,served,VEH003,1,2026-02-20-VEH003-T1,0.0
2026-02-20,ORD0092945,2026-02-20,OUT067,Fresh,fresh_dry,Kurunegala,Peliyagoda,False,312.7,1.991,0,0,served,VEH018,1,2026-02-20-VEH018-T1,0.0
2026-02-20,ORD0092946,2026-02-20,OUT067,Fresh,fresh_chilled,Kurunegala,Peliyagoda,False,273.7,1.804,0,0,served,VEH003,1,2026-02-20-VEH003-T1,0.0
2026-02-20,ORD0092947,2026-02-20,OUT068,Fresh,fresh_dry,Kurunegala,Peliyagoda,False,511.0,2.706,0,0,served,VEH018,1,2026-02-20-VEH018-T1,0.0
2026-02-20,ORD0092948,2026-02-20,OUT069,Fresh,fresh_dry,Kurunegala,Peliyagoda,False,381.6,2.017,0,0,served,VEH018,1,2026-02-20-VEH018-T1,0.0
2026-02-20,ORD0092949,2026-02-20,OUT070,Style,style,Kurunegala,Peliyagoda,False,395.2,6.107,0,0,served,VEH018,2,2026-02-20-VEH018-T2,0.0
2026-02-20,ORD0092950,2026-02-20,OUT071,Style,style,Kurunegala,Peliyagoda,False,745.3,12.938,0,0,served,VEH018,2,2026-02-20-VEH018-T2,0.0
2026-02-20,ORD0092951,2026-02-20,OUT073,Fresh,fresh_dry,Puttalam,Peliyagoda,False,439.2,2.075,0,0,served,VEH037,1,2026-02-20-VEH037-T1,0.0
2026-02-20,ORD0092952,2026-02-20,OUT074,Fresh,fresh_dry,Puttalam,Peliyagoda,False,371.4,2.038,0,0,served,VEH001,1,2026-02-20-VEH001-T1,0.0
2026-02-20,ORD0092953,2026-02-20,OUT074,Fresh,fresh_chilled,Puttalam,Peliyagoda,False,462.3,2.452,0,0,served,VEH001,1,2026-02-20-VEH001-T1,0.0
2026-02-20,ORD0092954,2026-02-20,OUT075,Fresh,fresh_dry,Puttalam,Peliyagoda,False,217.4,1.09,0,0,served,VEH037,1,2026-02-20-VEH037-T1,0.0
2026-02-20,ORD0092955,2026-02-20,OUT076,Fresh,fresh_dry,Kandy,Kandy,True,184.5,1.051,0,0,served,VEH059,2,2026-02-20-VEH059-T2,0.0
2026-02-20,ORD0092956,2026-02-20,OUT076,Fresh,fresh_chilled,Kandy,Kandy,True,170.8,0.953,0,0,served,VEH058,1,2026-02-20-VEH058-T1,0.0
2026-02-20,ORD0092957,2026-02-20,OUT077,Fresh,fresh_dry,Kandy,Kandy,True,100.8,0.59,0,0,served,VEH058,1,2026-02-20-VEH058-T1,0.0
2026-02-20,ORD0092958,2026-02-20,OUT077,Fresh,fresh_chilled,Kandy,Kandy,True,120.3,0.7,0,0,served,VEH058,1,2026-02-20-VEH058-T1,0.0
2026-02-20,ORD0092959,2026-02-20,OUT078,Fresh,fresh_dry,Kandy,Kandy,True,234.0,1.356,0,0,served,VEH059,2,2026-02-20-VEH059-T2,0.0
2026-02-20,ORD0092960,2026-02-20,OUT079,Fresh,fresh_dry,Kandy,Kandy,True,145.2,0.758,0,0,served,VEH059,2,2026-02-20-VEH059-T2,0.0
2026-02-20,ORD0092961,2026-02-20,OUT080,Fresh,fresh_dry,Kandy,Kandy,True,109.6,0.635,0,0,served,VEH059,2,2026-02-20-VEH059-T2,0.0
2026-02-20,ORD0092962,2026-02-20,OUT080,Fresh,fresh_chilled,Kandy,Kandy,True,130.5,0.664,0,0,served,VEH058,1,2026-02-20-VEH058-T1,0.0
2026-02-20,ORD0092963,2026-02-20,OUT081,Fresh,fresh_dry,Kandy,Kandy,True,168.1,0.911,0,0,served,VEH059,2,2026-02-20-VEH059-T2,0.0
2026-02-20,ORD0092964,2026-02-20,OUT082,Fresh,fresh_dry,Kandy,Kandy,True,177.7,0.814,0,0,served,VEH058,1,2026-02-20-VEH058-T1,0.0
2026-02-20,ORD0092965,2026-02-20,OUT082,Fresh,fresh_chilled,Kandy,Kandy,True,100.8,0.525,0,0,served,VEH058,1,2026-02-20-VEH058-T1,0.0
2026-02-20,ORD0092966,2026-02-20,OUT083,Fresh,fresh_dry,Kandy,Kandy,True,101.6,0.632,0,0,served,VEH058,1,2026-02-20-VEH058-T1,0.0
2026-02-20,ORD0092967,2026-02-20,OUT083,Fresh,fresh_chilled,Kandy,Kandy,True,133.3,0.734,0,0,served,VEH058,1,2026-02-20-VEH058-T1,0.0
2026-02-20,ORD0092968,2026-02-20,OUT084,Fresh,fresh_dry,Kandy,Kandy,False,385.3,2.016,0,0,served,VEH039,1,2026-02-20-VEH039-T1,0.0
2026-02-20,ORD0092969,2026-02-20,OUT084,Fresh,fresh_chilled,Kandy,Kandy,False,276.4,1.531,0,0,served,VEH039,1,2026-02-20-VEH039-T1,0.0
2026-02-20,ORD0092970,2026-02-20,OUT085,Fresh,fresh_dry,Kandy,Kandy,False,471.4,2.616,0,0,served,VEH039,1,2026-02-20-VEH039-T1,0.0
2026-02-20,ORD0092971,2026-02-20,OUT085,Fresh,fresh_chilled,Kandy,Kandy,False,411.7,2.208,0,0,served,VEH039,1,2026-02-20-VEH039-T1,0.0
2026-02-20,ORD0092972,2026-02-20,OUT086,Fresh,fresh_dry,Kandy,Kandy,False,321.4,1.795,0,0,served,VEH039,1,2026-02-20-VEH039-T1,0.0
2026-02-20,ORD0092973,2026-02-20,OUT086,Fresh,fresh_chilled,Kandy,Kandy,False,295.2,1.599,0,0,served,VEH039,1,2026-02-20-VEH039-T1,0.0
2026-02-20,ORD0092974,2026-02-20,OUT087,Fresh,fresh_dry,Kandy,Kandy,False,362.1,2.049,0,0,served,VEH039,1,2026-02-20-VEH039-T1,0.0
2026-02-20,ORD0092975,2026-02-20,OUT096,Fresh,fresh_dry,Matale,Kandy,False,213.5,1.143,0,0,served,VEH043,1,2026-02-20-VEH043-T1,0.0
2026-02-20,ORD0092976,2026-02-20,OUT096,Fresh,fresh_chilled,Matale,Kandy,False,180.7,0.972,0,0,served,VEH043,1,2026-02-20-VEH043-T1,0.0
2026-02-20,ORD0092977,2026-02-20,OUT097,Fresh,fresh_dry,Matale,Kandy,False,480.0,2.584,0,0,served,VEH043,1,2026-02-20-VEH043-T1,0.0
2026-02-20,ORD0092978,2026-02-20,OUT098,Fresh,fresh_dry,Matale,Kandy,False,462.0,2.742,0,0,served,VEH043,1,2026-02-20-VEH043-T1,0.0
2026-02-20,ORD0092979,2026-02-20,OUT098,Fresh,fresh_chilled,Matale,Kandy,False,303.9,1.714,0,0,served,VEH043,1,2026-02-20-VEH043-T1,0.0
2026-02-20,ORD0092980,2026-02-20,OUT099,Fresh,fresh_dry,Matale,Kandy,False,471.7,2.385,0,0,served,VEH059,1,2026-02-20-VEH059-T1,0.0
2026-02-20,ORD0092981,2026-02-20,OUT100,Fresh,fresh_dry,Matale,Kandy,False,580.6,3.419,0,0,served,VEH059,1,2026-02-20-VEH059-T1,0.0
2026-02-20,ORD0092982,2026-02-20,OUT101,Fresh,fresh_dry,Matale,Kandy,False,384.9,2.039,0,0,served,VEH043,1,2026-02-20-VEH043-T1,0.0
2026-02-20,ORD0092983,2026-02-20,OUT101,Fresh,fresh_chilled,Matale,Kandy,False,382.0,2.051,0,0,served,VEH043,1,2026-02-20-VEH043-T1,0.0
2026-02-20,ORD0092984,2026-02-20,OUT104,Fresh,fresh_dry,Nuwara Eliya,Kandy,False,353.9,1.788,0,0,served,VEH041,1,2026-02-20-VEH041-T1,0.0
2026-02-20,ORD0092985,2026-02-20,OUT104,Fresh,fresh_chilled,Nuwara Eliya,Kandy,False,205.3,1.118,0,0,served,VEH041,1,2026-02-20-VEH041-T1,0.0
2026-02-20,ORD0092986,2026-02-20,OUT105,Fresh,fresh_dry,Nuwara Eliya,Kandy,False,343.1,2.112,0,0,served,VEH056,1,2026-02-20-VEH056-T1,0.0
2026-02-20,ORD0092987,2026-02-20,OUT106,Fresh,fresh_dry,Nuwara Eliya,Kandy,False,366.2,1.992,0,0,served,VEH056,1,2026-02-20-VEH056-T1,0.0
2026-02-20,ORD0092988,2026-02-20,OUT107,Fresh,fresh_dry,Nuwara Eliya,Kandy,False,464.9,2.487,0,0,served,VEH041,1,2026-02-20-VEH041-T1,0.0
2026-02-20,ORD0092989,2026-02-20,OUT107,Fresh,fresh_chilled,Nuwara Eliya,Kandy,False,411.8,2.058,0,0,served,VEH041,1,2026-02-20-VEH041-T1,0.0
2026-02-20,ORD0092990,2026-02-20,OUT108,Fresh,fresh_dry,Nuwara Eliya,Kandy,False,311.7,1.662,0,0,served,VEH056,1,2026-02-20-VEH056-T1,0.0
2026-02-20,ORD0092991,2026-02-20,OUT110,Fresh,fresh_dry,Badulla,Kandy,False,258.6,1.421,0,0,served,VEH046,1,2026-02-20-VEH046-T1,0.0
2026-02-20,ORD0092992,2026-02-20,OUT111,Fresh,fresh_dry,Badulla,Kandy,False,233.6,1.25,0,0,served,VEH046,1,2026-02-20-VEH046-T1,0.0
2026-02-20,ORD0092993,2026-02-20,OUT111,Fresh,fresh_chilled,Badulla,Kandy,False,97.5,0.619,0,0,served,VEH057,1,2026-02-20-VEH057-T1,0.0
2026-02-20,ORD0092994,2026-02-20,OUT112,Fresh,fresh_dry,Badulla,Kandy,False,525.2,2.991,0,0,served,VEH060,1,2026-02-20-VEH060-T1,0.0
2026-02-20,ORD0092995,2026-02-20,OUT112,Fresh,fresh_chilled,Badulla,Kandy,False,323.5,1.759,0,0,served,VEH057,1,2026-02-20-VEH057-T1,0.0
2026-02-20,ORD0092996,2026-02-20,OUT113,Fresh,fresh_dry,Badulla,Kandy,False,633.9,3.43,0,0,served,VEH060,1,2026-02-20-VEH060-T1,0.0
2026-02-20,ORD0092997,2026-02-20,OUT116,Fresh,fresh_dry,Kegalle,Kandy,False,644.8,3.088,0,0,served,VEH042,1,2026-02-20-VEH042-T1,0.0
2026-02-20,ORD0092998,2026-02-20,OUT116,Fresh,fresh_chilled,Kegalle,Kandy,False,230.2,1.33,0,0,served,VEH042,1,2026-02-20-VEH042-T1,0.0
2026-02-20,ORD0092999,2026-02-20,OUT117,Fresh,fresh_dry,Kegalle,Kandy,False,659.8,3.547,0,0,served,VEH042,1,2026-02-20-VEH042-T1,0.0
2026-02-20,ORD0093000,2026-02-20,OUT117,Fresh,fresh_chilled,Kegalle,Kandy,False,651.7,3.641,0,0,served,VEH042,1,2026-02-20-VEH042-T1,0.0
2026-02-20,ORD0093001,2026-02-20,OUT118,Fresh,fresh_dry,Kegalle,Kandy,False,664.1,3.746,0,0,served,VEH042,1,2026-02-20-VEH042-T1,0.0
2026-02-20,ORD0093002,2026-02-20,OUT118,Fresh,fresh_chilled,Kegalle,Kandy,False,620.6,3.455,0,0,served,VEH042,1,2026-02-20-VEH042-T1,0.0
2026-02-20,ORD0093003,2026-02-20,OUT119,Fresh,fresh_dry,Kegalle,Kandy,False,384.1,2.028,0,0,served,VEH042,1,2026-02-20-VEH042-T1,0.0
2026-02-20,ORD0093004,2026-02-20,OUT119,Fresh,fresh_chilled,Kegalle,Kandy,False,510.0,2.597,0,0,served,VEH042,1,2026-02-20-VEH042-T1,0.0
2026-02-21,ORD0093005,2026-02-21,OUT001,Fresh,fresh_dry,Colombo,Peliyagoda,True,98.2,0.522,0,0,served,VEH037,2,2026-02-21-VEH037-T2,0.0
2026-02-21,ORD0093006,2026-02-21,OUT002,Fresh,fresh_dry,Colombo,Peliyagoda,True,129.0,0.672,0,0,served,VEH036,2,2026-02-21-VEH036-T2,0.0
2026-02-21,ORD0093007,2026-02-21,OUT002,Fresh,fresh_chilled,Colombo,Peliyagoda,True,125.9,0.697,0,0,served,VEH036,2,2026-02-21-VEH036-T2,0.0
2026-02-21,ORD0093008,2026-02-21,OUT003,Fresh,fresh_dry,Colombo,Peliyagoda,True,104.8,0.524,0,0,served,VEH036,2,2026-02-21-VEH036-T2,0.0
2026-02-21,ORD0093009,2026-02-21,OUT003,Fresh,fresh_chilled,Colombo,Peliyagoda,True,90.9,0.459,0,0,served,VEH036,2,2026-02-21-VEH036-T2,0.0
2026-02-21,ORD0093010,2026-02-21,OUT004,Fresh,fresh_dry,Colombo,Peliyagoda,False,199.1,1.099,0,0,served,VEH037,2,2026-02-21-VEH037-T2,0.0
2026-02-21,ORD0093011,2026-02-21,OUT004,Fresh,fresh_chilled,Colombo,Peliyagoda,False,142.7,0.794,0,0,served,VEH036,2,2026-02-21-VEH036-T2,0.0
2026-02-21,ORD0093012,2026-02-21,OUT005,Fresh,fresh_dry,Colombo,Peliyagoda,False,585.9,3.299,0,0,served,VEH005,1,2026-02-21-VEH005-T1,0.0
2026-02-21,ORD0093013,2026-02-21,OUT005,Fresh,fresh_chilled,Colombo,Peliyagoda,False,427.4,2.386,0,0,served,VEH005,1,2026-02-21-VEH005-T1,0.0
2026-02-21,ORD0093014,2026-02-21,OUT006,Fresh,fresh_dry,Colombo,Peliyagoda,False,479.6,2.808,0,0,served,VEH037,2,2026-02-21-VEH037-T2,0.0
2026-02-21,ORD0093015,2026-02-21,OUT006,Fresh,fresh_chilled,Colombo,Peliyagoda,False,367.4,1.913,0,0,served,VEH005,1,2026-02-21-VEH005-T1,0.0
2026-02-21,ORD0093016,2026-02-21,OUT007,Fresh,fresh_dry,Colombo,Peliyagoda,False,788.4,4.112,0,0,served,VEH005,1,2026-02-21-VEH005-T1,0.0
2026-02-21,ORD0093017,2026-02-21,OUT007,Fresh,fresh_chilled,Colombo,Peliyagoda,False,436.8,2.571,0,0,served,VEH005,1,2026-02-21-VEH005-T1,0.0
2026-02-21,ORD0093018,2026-02-21,OUT008,Fresh,fresh_dry,Colombo,Peliyagoda,False,437.7,2.471,0,0,served,VEH015,2,2026-02-21-VEH015-T2,0.0
2026-02-21,ORD0093019,2026-02-21,OUT009,Fresh,fresh_dry,Colombo,Peliyagoda,False,324.5,1.778,0,0,served,VEH005,1,2026-02-21-VEH005-T1,0.0
2026-02-21,ORD0093021,2026-02-21,OUT010,Fresh,fresh_dry,Colombo,Peliyagoda,False,377.5,1.943,0,0,served,VEH038,1,2026-02-21-VEH038-T1,0.0
2026-02-21,ORD0093023,2026-02-21,OUT011,Fresh,fresh_dry,Colombo,Peliyagoda,False,423.3,2.277,0,0,served,VEH038,1,2026-02-21-VEH038-T1,0.0
2026-02-21,ORD0093024,2026-02-21,OUT012,Fresh,fresh_dry,Colombo,Peliyagoda,False,368.6,1.924,0,0,served,VEH015,2,2026-02-21-VEH015-T2,0.0
2026-02-21,ORD0093025,2026-02-21,OUT012,Fresh,fresh_chilled,Colombo,Peliyagoda,False,220.5,1.209,0,0,served,VEH005,1,2026-02-21-VEH005-T1,0.0
2026-02-21,ORD0093026,2026-02-21,OUT013,Fresh,fresh_dry,Colombo,Peliyagoda,False,799.2,4.062,0,0,served,VEH005,1,2026-02-21-VEH005-T1,0.0
2026-02-21,ORD0093027,2026-02-21,OUT013,Fresh,fresh_chilled,Colombo,Peliyagoda,False,500.5,2.545,0,0,served,VEH005,1,2026-02-21-VEH005-T1,0.0
2026-02-21,ORD0093028,2026-02-21,OUT014,Fresh,fresh_dry,Colombo,Peliyagoda,False,313.7,1.637,0,0,served,VEH015,2,2026-02-21-VEH015-T2,0.0
2026-02-21,ORD0093030,2026-02-21,OUT025,Fresh,fresh_dry,Gampaha,Peliyagoda,False,285.1,1.423,0,0,served,VEH037,1,2026-02-21-VEH037-T1,0.0
2026-02-21,ORD0093031,2026-02-21,OUT026,Fresh,fresh_dry,Gampaha,Peliyagoda,False,299.7,1.683,0,0,served,VEH015,1,2026-02-21-VEH015-T1,0.0
2026-02-21,ORD0093032,2026-02-21,OUT026,Fresh,fresh_chilled,Gampaha,Peliyagoda,False,210.5,1.207,0,0,served,VEH036,1,2026-02-21-VEH036-T1,0.0
2026-02-21,ORD0093033,2026-02-21,OUT027,Fresh,fresh_dry,Gampaha,Peliyagoda,False,368.1,2.01,0,0,served,VEH006,1,2026-02-21-VEH006-T1,0.0
2026-02-21,ORD0093034,2026-02-21,OUT027,Fresh,fresh_chilled,Gampaha,Peliyagoda,False,293.3,1.525,0,0,served,VEH006,1,2026-02-21-VEH006-T1,0.0
2026-02-21,ORD0093035,2026-02-21,OUT028,Fresh,fresh_dry,Gampaha,Peliyagoda,False,412.6,2.04,0,0,served,VEH037,1,2026-02-21-VEH037-T1,0.0
2026-02-21,ORD0093036,2026-02-21,OUT028,Fresh,fresh_chilled,Gampaha,Peliyagoda,False,278.2,1.542,0,0,served,VEH036,1,2026-02-21-VEH036-T1,0.0
2026-02-21,ORD0093037,2026-02-21,OUT029,Fresh,fresh_dry,Gampaha,Peliyagoda,False,290.1,1.486,0,0,served,VEH006,1,2026-02-21-VEH006-T1,0.0
2026-02-21,ORD0093038,2026-02-21,OUT029,Fresh,fresh_chilled,Gampaha,Peliyagoda,False,406.1,1.91,0,0,served,VEH006,1,2026-02-21-VEH006-T1,0.0
2026-02-21,ORD0093039,2026-02-21,OUT030,Fresh,fresh_dry,Gampaha,Peliyagoda,False,459.4,2.414,0,0,served,VEH015,1,2026-02-21-VEH015-T1,0.0
2026-02-21,ORD0093040,2026-02-21,OUT031,Fresh,fresh_dry,Gampaha,Peliyagoda,False,917.1,5.436,0,0,served,VEH015,1,2026-02-21-VEH015-T1,0.0
2026-02-21,ORD0093041,2026-02-21,OUT031,Fresh,fresh_chilled,Gampaha,Peliyagoda,False,1443.4,6.788,0,0,served,VEH006,1,2026-02-21-VEH006-T1,0.0
2026-02-21,ORD0093042,2026-02-21,OUT032,Fresh,fresh_dry,Gampaha,Peliyagoda,False,792.2,3.943,0,0,served,VEH006,1,2026-02-21-VEH006-T1,0.0
2026-02-21,ORD0093043,2026-02-21,OUT032,Fresh,fresh_chilled,Gampaha,Peliyagoda,False,1003.3,4.608,0,0,served,VEH006,1,2026-02-21-VEH006-T1,0.0
2026-02-21,ORD0093044,2026-02-21,OUT033,Fresh,fresh_dry,Gampaha,Peliyagoda,False,431.3,2.413,0,0,served,VEH006,1,2026-02-21-VEH006-T1,0.0
2026-02-21,ORD0093045,2026-02-21,OUT033,Fresh,fresh_chilled,Gampaha,Peliyagoda,False,496.0,2.563,0,0,served,VEH006,1,2026-02-21-VEH006-T1,0.0
2026-02-21,ORD0093046,2026-02-21,OUT034,Fresh,fresh_dry,Gampaha,Peliyagoda,False,348.2,1.92,0,0,served,VEH037,1,2026-02-21-VEH037-T1,0.0
2026-02-21,ORD0093047,2026-02-21,OUT034,Fresh,fresh_chilled,Gampaha,Peliyagoda,False,410.7,2.237,0,0,served,VEH036,1,2026-02-21-VEH036-T1,0.0
2026-02-21,ORD0093048,2026-02-21,OUT038,Tech,tech,Gampaha,Peliyagoda,False,1459.2,5.215,0,0,served,VEH027,2,2026-02-21-VEH027-T2,0.0
2026-02-21,ORD0093049,2026-02-21,OUT039,Tech,tech,Gampaha,Peliyagoda,False,651.0,2.412,0,0,served,VEH027,2,2026-02-21-VEH027-T2,0.0
2026-02-21,ORD0093050,2026-02-21,OUT040,Fresh,fresh_dry,Kalutara,Peliyagoda,False,779.7,4.143,0,0,served,VEH003,1,2026-02-21-VEH003-T1,0.0
2026-02-21,ORD0093051,2026-02-21,OUT040,Fresh,fresh_chilled,Kalutara,Peliyagoda,False,539.8,2.957,0,0,served,VEH003,1,2026-02-21-VEH003-T1,0.0
2026-02-21,ORD0093052,2026-02-21,OUT041,Fresh,fresh_dry,Kalutara,Peliyagoda,False,463.8,2.199,0,0,served,VEH027,1,2026-02-21-VEH027-T1,0.0
2026-02-21,ORD0093053,2026-02-21,OUT041,Fresh,fresh_chilled,Kalutara,Peliyagoda,False,291.1,1.57,0,0,served,VEH003,1,2026-02-21-VEH003-T1,0.0
2026-02-21,ORD0093054,2026-02-21,OUT042,Fresh,fresh_dry,Kalutara,Peliyagoda,False,796.1,4.374,0,0,served,VEH027,1,2026-02-21-VEH027-T1,0.0
2026-02-21,ORD0093055,2026-02-21,OUT043,Fresh,fresh_dry,Kalutara,Peliyagoda,False,166.4,0.887,0,0,served,VEH027,1,2026-02-21-VEH027-T1,0.0
2026-02-21,ORD0093056,2026-02-21,OUT044,Fresh,fresh_dry,Kalutara,Peliyagoda,False,355.0,1.974,0,0,served,VEH027,1,2026-02-21-VEH027-T1,0.0
2026-02-21,ORD0093057,2026-02-21,OUT044,Fresh,fresh_chilled,Kalutara,Peliyagoda,False,166.5,0.812,0,0,served,VEH003,1,2026-02-21-VEH003-T1,0.0
2026-02-21,ORD0093058,2026-02-21,OUT045,Fresh,fresh_dry,Kalutara,Peliyagoda,False,171.6,1.095,0,0,served,VEH003,1,2026-02-21-VEH003-T1,0.0
2026-02-21,ORD0093059,2026-02-21,OUT045,Fresh,fresh_chilled,Kalutara,Peliyagoda,False,293.1,1.437,0,0,served,VEH003,1,2026-02-21-VEH003-T1,0.0
2026-02-21,ORD0093060,2026-02-21,OUT046,Fresh,fresh_dry,Kalutara,Peliyagoda,False,268.6,1.385,0,0,served,VEH003,1,2026-02-21-VEH003-T1,0.0
2026-02-21,ORD0093061,2026-02-21,OUT046,Fresh,fresh_chilled,Kalutara,Peliyagoda,False,296.6,1.425,0,0,served,VEH003,1,2026-02-21-VEH003-T1,0.0
2026-02-21,ORD0093062,2026-02-21,OUT050,Fresh,fresh_dry,Galle,Peliyagoda,False,313.6,1.73,0,0,served,VEH004,1,2026-02-21-VEH004-T1,0.0
2026-02-21,ORD0093063,2026-02-21,OUT051,Fresh,fresh_dry,Galle,Peliyagoda,False,164.8,1.073,0,0,served,VEH004,1,2026-02-21-VEH004-T1,0.0
2026-02-21,ORD0093064,2026-02-21,OUT052,Fresh,fresh_dry,Galle,Peliyagoda,False,385.1,2.209,0,0,served,VEH004,1,2026-02-21-VEH004-T1,0.0
2026-02-21,ORD0093065,2026-02-21,OUT052,Fresh,fresh_chilled,Galle,Peliyagoda,False,351.2,1.991,0,0,served,VEH004,1,2026-02-21-VEH004-T1,0.0
2026-02-21,ORD0093066,2026-02-21,OUT053,Fresh,fresh_dry,Galle,Peliyagoda,False,210.3,1.179,0,0,served,VEH004,1,2026-02-21-VEH004-T1,0.0
2026-02-21,ORD0093067,2026-02-21,OUT054,Fresh,fresh_dry,Galle,Peliyagoda,False,761.4,4.176,0,0,served,VEH038,2,2026-02-21-VEH038-T2,0.0
2026-02-21,ORD0093068,2026-02-21,OUT055,Fresh,fresh_dry,Galle,Peliyagoda,False,492.2,2.534,0,0,served,VEH004,1,2026-02-21-VEH004-T1,0.0
2026-02-21,ORD0093069,2026-02-21,OUT055,Fresh,fresh_chilled,Galle,Peliyagoda,False,330.7,1.797,0,0,served,VEH004,1,2026-02-21-VEH004-T1,0.0
2026-02-21,ORD0093070,2026-02-21,OUT059,Fresh,fresh_dry,Matara,Peliyagoda,False,397.9,2.549,0,0,served,VEH007,1,2026-02-21-VEH007-T1,0.0
2026-02-21,ORD0093071,2026-02-21,OUT059,Fresh,fresh_chilled,Matara,Peliyagoda,False,504.3,2.561,0,0,served,VEH007,1,2026-02-21-VEH007-T1,0.0
2026-02-21,ORD0093072,2026-02-21,OUT060,Fresh,fresh_dry,Matara,Peliyagoda,False,353.9,1.997,0,0,served,VEH007,1,2026-02-21-VEH007-T1,0.0
2026-02-21,ORD0093073,2026-02-21,OUT060,Fresh,fresh_chilled,Matara,Peliyagoda,False,431.2,2.335,0,0,served,VEH007,1,2026-02-21-VEH007-T1,0.0
2026-02-21,ORD0093074,2026-02-21,OUT061,Fresh,fresh_dry,Matara,Peliyagoda,False,413.6,2.18,0,0,served,VEH035,1,2026-02-21-VEH035-T1,0.0
2026-02-21,ORD0093075,2026-02-21,OUT061,Fresh,fresh_chilled,Matara,Peliyagoda,False,240.4,1.364,0,0,served,VEH007,1,2026-02-21-VEH007-T1,0.0
2026-02-21,ORD0093076,2026-02-21,OUT062,Fresh,fresh_dry,Matara,Peliyagoda,False,529.0,2.956,0,0,served,VEH035,1,2026-02-21-VEH035-T1,0.0
2026-02-21,ORD0093077,2026-02-21,OUT065,Fresh,fresh_dry,Kurunegala,Peliyagoda,False,597.2,3.207,0,0,served,VEH025,1,2026-02-21-VEH025-T1,0.0
2026-02-21,ORD0093078,2026-02-21,OUT065,Fresh,fresh_chilled,Kurunegala,Peliyagoda,False,638.9,3.098,0,0,served,VEH001,1,2026-02-21-VEH001-T1,0.0
2026-02-21,ORD0093079,2026-02-21,OUT066,Fresh,fresh_dry,Kurunegala,Peliyagoda,False,440.1,2.255,0,0,served,VEH017,1,2026-02-21-VEH017-T1,0.0
2026-02-21,ORD0093080,2026-02-21,OUT066,Fresh,fresh_chilled,Kurunegala,Peliyagoda,False,465.3,2.473,0,0,served,VEH001,1,2026-02-21-VEH001-T1,0.0
2026-02-21,ORD0093081,2026-02-21,OUT067,Fresh,fresh_dry,Kurunegala,Peliyagoda,False,338.6,1.853,0,0,served,VEH025,1,2026-02-21-VEH025-T1,0.0
2026-02-21,ORD0093082,2026-02-21,OUT068,Fresh,fresh_dry,Kurunegala,Peliyagoda,False,389.1,2.0,0,0,served,VEH017,1,2026-02-21-VEH017-T1,0.0
2026-02-21,ORD0093083,2026-02-21,OUT068,Fresh,fresh_chilled,Kurunegala,Peliyagoda,False,291.2,1.62,0,0,served,VEH001,1,2026-02-21-VEH001-T1,0.0
2026-02-21,ORD0093084,2026-02-21,OUT069,Fresh,fresh_dry,Kurunegala,Peliyagoda,False,315.6,1.931,0,0,served,VEH017,1,2026-02-21-VEH017-T1,0.0
2026-02-21,ORD0093085,2026-02-21,OUT069,Fresh,fresh_chilled,Kurunegala,Peliyagoda,False,287.6,1.543,0,0,served,VEH001,1,2026-02-21-VEH001-T1,0.0
2026-02-21,ORD0093086,2026-02-21,OUT072,Tech,tech,Kurunegala,Peliyagoda,False,639.4,2.107,0,0,served,VEH035,2,2026-02-21-VEH035-T2,0.0
2026-02-21,ORD0093087,2026-02-21,OUT073,Fresh,fresh_dry,Puttalam,Peliyagoda,False,342.3,2.191,0,0,served,VEH034,1,2026-02-21-VEH034-T1,0.0
2026-02-21,ORD0093088,2026-02-21,OUT074,Fresh,fresh_dry,Puttalam,Peliyagoda,False,414.7,2.375,0,0,served,VEH034,1,2026-02-21-VEH034-T1,0.0
2026-02-21,ORD0093089,2026-02-21,OUT074,Fresh,fresh_chilled,Puttalam,Peliyagoda,False,415.8,2.549,0,0,served,VEH002,1,2026-02-21-VEH002-T1,0.0
2026-02-21,ORD0093090,2026-02-21,OUT075,Fresh,fresh_dry,Puttalam,Peliyagoda,False,255.3,1.245,0,0,served,VEH002,1,2026-02-21-VEH002-T1,0.0
2026-02-21,ORD0093091,2026-02-21,OUT075,Fresh,fresh_chilled,Puttalam,Peliyagoda,False,182.9,0.944,0,0,served,VEH002,1,2026-02-21-VEH002-T1,0.0
2026-02-21,ORD0093092,2026-02-21,OUT076,Fresh,fresh_dry,Kandy,Kandy,True,158.8,0.885,0,0,served,VEH059,1,2026-02-21-VEH059-T1,0.0
2026-02-21,ORD0093093,2026-02-21,OUT076,Fresh,fresh_chilled,Kandy,Kandy,True,158.6,0.791,0,0,served,VEH058,1,2026-02-21-VEH058-T1,0.0
2026-02-21,ORD0093094,2026-02-21,OUT077,Fresh,fresh_dry,Kandy,Kandy,True,85.8,0.472,0,0,served,VEH058,1,2026-02-21-VEH058-T1,0.0
2026-02-21,ORD0093095,2026-02-21,OUT077,Fresh,fresh_chilled,Kandy,Kandy,True,88.5,0.532,0,0,served,VEH058,1,2026-02-21-VEH058-T1,0.0
2026-02-21,ORD0093096,2026-02-21,OUT078,Fresh,fresh_dry,Kandy,Kandy,True,164.7,0.944,0,0,served,VEH058,1,2026-02-21-VEH058-T1,0.0
2026-02-21,ORD0093097,2026-02-21,OUT078,Fresh,fresh_chilled,Kandy,Kandy,True,161.5,0.875,0,0,served,VEH058,1,2026-02-21-VEH058-T1,0.0
2026-02-21,ORD0093098,2026-02-21,OUT079,Fresh,fresh_dry,Kandy,Kandy,True,102.8,0.471,0,0,served,VEH059,1,2026-02-21-VEH059-T1,0.0
2026-02-21,ORD0093099,2026-02-21,OUT079,Fresh,fresh_chilled,Kandy,Kandy,True,84.7,0.509,0,0,served,VEH058,1,2026-02-21-VEH058-T1,0.0
2026-02-21,ORD0093100,2026-02-21,OUT080,Fresh,fresh_dry,Kandy,Kandy,True,155.9,0.865,0,0,served,VEH059,1,2026-02-21-VEH059-T1,0.0
2026-02-21,ORD0093101,2026-02-21,OUT081,Fresh,fresh_dry,Kandy,Kandy,True,168.9,0.858,0,0,served,VEH059,1,2026-02-21-VEH059-T1,0.0
2026-02-21,ORD0093102,2026-02-21,OUT081,Fresh,fresh_chilled,Kandy,Kandy,True,129.0,0.715,0,0,served,VEH058,1,2026-02-21-VEH058-T1,0.0
2026-02-21,ORD0093103,2026-02-21,OUT082,Fresh,fresh_dry,Kandy,Kandy,True,206.4,1.064,0,0,served,VEH059,1,2026-02-21-VEH059-T1,0.0
2026-02-21,ORD0093104,2026-02-21,OUT083,Fresh,fresh_dry,Kandy,Kandy,True,101.7,0.541,0,0,served,VEH059,1,2026-02-21-VEH059-T1,0.0
2026-02-21,ORD0093105,2026-02-21,OUT083,Fresh,fresh_chilled,Kandy,Kandy,True,151.7,0.871,0,0,served,VEH058,1,2026-02-21-VEH058-T1,0.0
2026-02-21,ORD0093106,2026-02-21,OUT084,Fresh,fresh_dry,Kandy,Kandy,False,264.8,1.487,0,0,served,VEH056,1,2026-02-21-VEH056-T1,0.0
2026-02-21,ORD0093107,2026-02-21,OUT085,Fresh,fresh_dry,Kandy,Kandy,False,367.7,2.104,0,0,served,VEH056,1,2026-02-21-VEH056-T1,0.0
2026-02-21,ORD0093108,2026-02-21,OUT086,Fresh,fresh_dry,Kandy,Kandy,False,259.6,1.369,0,0,served,VEH042,2,2026-02-21-VEH042-T2,0.0
2026-02-21,ORD0093109,2026-02-21,OUT086,Fresh,fresh_chilled,Kandy,Kandy,False,337.9,1.748,0,0,served,VEH042,2,2026-02-21-VEH042-T2,0.0
2026-02-21,ORD0093110,2026-02-21,OUT087,Fresh,fresh_dry,Kandy,Kandy,False,294.3,1.693,0,0,served,VEH056,1,2026-02-21-VEH056-T1,0.0
2026-02-21,ORD0093111,2026-02-21,OUT087,Fresh,fresh_chilled,Kandy,Kandy,False,217.1,1.198,0,0,served,VEH042,2,2026-02-21-VEH042-T2,0.0
2026-02-21,ORD0093112,2026-02-21,OUT096,Fresh,fresh_dry,Matale,Kandy,False,252.1,1.483,0,0,served,VEH059,2,2026-02-21-VEH059-T2,0.0
2026-02-21,ORD0093113,2026-02-21,OUT096,Fresh,fresh_chilled,Matale,Kandy,False,175.6,0.965,0,0,served,VEH042,1,2026-02-21-VEH042-T1,0.0
2026-02-21,ORD0093114,2026-02-21,OUT097,Fresh,fresh_dry,Matale,Kandy,False,428.5,2.358,0,0,served,VEH042,1,2026-02-21-VEH042-T1,0.0
2026-02-21,ORD0093115,2026-02-21,OUT097,Fresh,fresh_chilled,Matale,Kandy,False,458.0,2.727,0,0,served,VEH042,1,2026-02-21-VEH042-T1,0.0
2026-02-21,ORD0093116,2026-02-21,OUT098,Fresh,fresh_dry,Matale,Kandy,False,448.4,2.374,0,0,served,VEH056,2,2026-02-21-VEH056-T2,0.0
2026-02-21,ORD0093117,2026-02-21,OUT098,Fresh,fresh_chilled,Matale,Kandy,False,417.4,2.21,0,0,served,VEH058,2,2026-02-21-VEH058-T2,0.0
2026-02-21,ORD0093118,2026-02-21,OUT099,Fresh,fresh_dry,Matale,Kandy,False,483.9,2.373,0,0,served,VEH059,2,2026-02-21-VEH059-T2,0.0
2026-02-21,ORD0093119,2026-02-21,OUT099,Fresh,fresh_chilled,Matale,Kandy,False,213.2,1.187,0,0,served,VEH058,2,2026-02-21-VEH058-T2,0.0
2026-02-21,ORD0093120,2026-02-21,OUT100,Fresh,fresh_dry,Matale,Kandy,False,658.0,2.95,0,0,served,VEH056,2,2026-02-21-VEH056-T2,0.0
2026-02-21,ORD0093121,2026-02-21,OUT100,Fresh,fresh_chilled,Matale,Kandy,False,669.3,3.537,0,0,served,VEH042,1,2026-02-21-VEH042-T1,0.0
2026-02-21,ORD0093122,2026-02-21,OUT101,Fresh,fresh_dry,Matale,Kandy,False,364.6,2.108,0,0,served,VEH042,1,2026-02-21-VEH042-T1,0.0
2026-02-21,ORD0093123,2026-02-21,OUT101,Fresh,fresh_chilled,Matale,Kandy,False,500.9,2.679,0,0,served,VEH042,1,2026-02-21-VEH042-T1,0.0
2026-02-21,ORD0093124,2026-02-21,OUT103,Tech,tech,Matale,Kandy,False,751.8,2.439,0,0,served,VEH057,2,2026-02-21-VEH057-T2,0.0
2026-02-21,ORD0093125,2026-02-21,OUT104,Fresh,fresh_dry,Nuwara Eliya,Kandy,False,279.9,1.597,0,0,served,VEH052,1,2026-02-21-VEH052-T1,0.0
2026-02-21,ORD0093126,2026-02-21,OUT104,Fresh,fresh_chilled,Nuwara Eliya,Kandy,False,199.3,1.054,0,0,served,VEH041,1,2026-02-21-VEH041-T1,0.0
2026-02-21,ORD0093127,2026-02-21,OUT105,Fresh,fresh_dry,Nuwara Eliya,Kandy,False,265.1,1.421,0,0,served,VEH052,1,2026-02-21-VEH052-T1,0.0
2026-02-21,ORD0093128,2026-02-21,OUT105,Fresh,fresh_chilled,Nuwara Eliya,Kandy,False,247.7,1.231,0,0,served,VEH041,1,2026-02-21-VEH041-T1,0.0
2026-02-21,ORD0093129,2026-02-21,OUT106,Fresh,fresh_dry,Nuwara Eliya,Kandy,False,514.1,2.549,0,0,served,VEH052,1,2026-02-21-VEH052-T1,0.0
2026-02-21,ORD0093130,2026-02-21,OUT106,Fresh,fresh_chilled,Nuwara Eliya,Kandy,False,301.0,1.585,0,0,served,VEH041,1,2026-02-21-VEH041-T1,0.0
2026-02-21,ORD0093131,2026-02-21,OUT107,Fresh,fresh_dry,Nuwara Eliya,Kandy,False,503.8,2.552,0,0,served,VEH052,1,2026-02-21-VEH052-T1,0.0
2026-02-21,ORD0093132,2026-02-21,OUT108,Fresh,fresh_dry,Nuwara Eliya,Kandy,False,507.3,2.761,0,0,served,VEH041,1,2026-02-21-VEH041-T1,0.0
2026-02-21,ORD0093133,2026-02-21,OUT108,Fresh,fresh_chilled,Nuwara Eliya,Kandy,False,339.9,1.984,0,0,served,VEH041,1,2026-02-21-VEH041-T1,0.0
2026-02-21,ORD0093134,2026-02-21,OUT109,Style,style,Nuwara Eliya,Kandy,False,453.6,8.181,0,0,served,VEH060,2,2026-02-21-VEH060-T2,0.0
2026-02-21,ORD0093135,2026-02-21,OUT110,Fresh,fresh_dry,Badulla,Kandy,False,332.9,1.783,0,0,served,VEH060,1,2026-02-21-VEH060-T1,0.0
2026-02-21,ORD0093136,2026-02-21,OUT110,Fresh,fresh_chilled,Badulla,Kandy,False,221.6,1.102,0,0,served,VEH057,1,2026-02-21-VEH057-T1,0.0
2026-02-21,ORD0093137,2026-02-21,OUT111,Fresh,fresh_dry,Badulla,Kandy,False,238.5,1.184,0,0,served,VEH060,1,2026-02-21-VEH060-T1,0.0
2026-02-21,ORD0093138,2026-02-21,OUT112,Fresh,fresh_dry,Badulla,Kandy,False,540.9,3.155,0,0,served,VEH046,1,2026-02-21-VEH046-T1,0.0
2026-02-21,ORD0093139,2026-02-21,OUT112,Fresh,fresh_chilled,Badulla,Kandy,False,404.3,2.143,0,0,served,VEH057,1,2026-02-21-VEH057-T1,0.0
2026-02-21,ORD0093140,2026-02-21,OUT113,Fresh,fresh_dry,Badulla,Kandy,False,652.5,3.703,0,0,served,VEH046,1,2026-02-21-VEH046-T1,0.0
2026-02-21,ORD0093141,2026-02-21,OUT116,Fresh,fresh_dry,Kegalle,Kandy,False,409.7,2.178,0,0,served,VEH039,1,2026-02-21-VEH039-T1,0.0
2026-02-21,ORD0093142,2026-02-21,OUT117,Fresh,fresh_dry,Kegalle,Kandy,False,736.9,3.43,0,0,served,VEH039,1,2026-02-21-VEH039-T1,0.0
2026-02-21,ORD0093143,2026-02-21,OUT117,Fresh,fresh_chilled,Kegalle,Kandy,False,647.7,3.396,0,0,served,VEH039,1,2026-02-21-VEH039-T1,0.0
2026-02-21,ORD0093144,2026-02-21,OUT118,Fresh,fresh_dry,Kegalle,Kandy,False,785.8,4.526,0,0,served,VEH039,1,2026-02-21-VEH039-T1,0.0
2026-02-21,ORD0093145,2026-02-21,OUT118,Fresh,fresh_chilled,Kegalle,Kandy,False,486.9,2.817,0,0,served,VEH039,1,2026-02-21-VEH039-T1,0.0
2026-02-21,ORD0093146,2026-02-21,OUT119,Fresh,fresh_dry,Kegalle,Kandy,False,310.0,1.476,0,0,served,VEH039,1,2026-02-21-VEH039-T1,0.0
2026-02-23,ORD0093147,2026-02-23,OUT001,Fresh,fresh_dry,Colombo,Peliyagoda,True,77.3,0.437,0,0,served,VEH037,1,2026-02-23-VEH037-T1,0.0
2026-02-23,ORD0093148,2026-02-23,OUT002,Fresh,fresh_dry,Colombo,Peliyagoda,True,132.9,0.801,0,0,served,VEH037,1,2026-02-23-VEH037-T1,0.0
2026-02-23,ORD0093149,2026-02-23,OUT003,Fresh,fresh_dry,Colombo,Peliyagoda,True,97.3,0.571,0,0,served,VEH037,1,2026-02-23-VEH037-T1,0.0
2026-02-23,ORD0093150,2026-02-23,OUT004,Fresh,fresh_dry,Colombo,Peliyagoda,False,262.6,1.504,0,0,served,VEH017,1,2026-02-23-VEH017-T1,0.0
2026-02-23,ORD0093151,2026-02-23,OUT005,Fresh,fresh_dry,Colombo,Peliyagoda,False,513.3,2.657,0,0,served,VEH017,1,2026-02-23-VEH017-T1,0.0
2026-02-23,ORD0093152,2026-02-23,OUT006,Fresh,fresh_dry,Colombo,Peliyagoda,False,505.9,2.484,0,0,served,VEH001,1,2026-02-23-VEH001-T1,0.0
2026-02-23,ORD0093153,2026-02-23,OUT006,Fresh,fresh_chilled,Colombo,Peliyagoda,False,647.2,3.201,0,0,served,VEH001,1,2026-02-23-VEH001-T1,0.0
2026-02-23,ORD0093154,2026-02-23,OUT007,Fresh,fresh_dry,Colombo,Peliyagoda,False,719.2,3.689,0,0,served,VEH017,1,2026-02-23-VEH017-T1,0.0
2026-02-23,ORD0093155,2026-02-23,OUT007,Fresh,fresh_chilled,Colombo,Peliyagoda,False,415.1,2.288,0,0,served,VEH001,1,2026-02-23-VEH001-T1,0.0
2026-02-23,ORD0093156,2026-02-23,OUT008,Fresh,fresh_dry,Colombo,Peliyagoda,False,392.3,2.119,0,0,served,VEH017,1,2026-02-23-VEH017-T1,0.0
2026-02-23,ORD0093157,2026-02-23,OUT008,Fresh,fresh_chilled,Colombo,Peliyagoda,False,271.0,1.398,0,0,served,VEH001,1,2026-02-23-VEH001-T1,0.0
2026-02-23,ORD0093158,2026-02-23,OUT009,Fresh,fresh_dry,Colombo,Peliyagoda,False,272.9,1.293,0,0,served,VEH017,1,2026-02-23-VEH017-T1,0.0
2026-02-23,ORD0093159,2026-02-23,OUT010,Fresh,fresh_dry,Colombo,Peliyagoda,False,368.3,1.927,0,0,served,VEH037,1,2026-02-23-VEH037-T1,0.0
2026-02-23,ORD0093160,2026-02-23,OUT010,Fresh,fresh_chilled,Colombo,Peliyagoda,False,254.7,1.41,0,0,served,VEH001,1,2026-02-23-VEH001-T1,0.0
2026-02-23,ORD0093161,2026-02-23,OUT011,Fresh,fresh_dry,Colombo,Peliyagoda,False,457.3,2.421,0,0,served,VEH001,1,2026-02-23-VEH001-T1,0.0
2026-02-23,ORD0093162,2026-02-23,OUT011,Fresh,fresh_chilled,Colombo,Peliyagoda,False,272.2,1.406,0,0,served,VEH001,1,2026-02-23-VEH001-T1,0.0
2026-02-23,ORD0093163,2026-02-23,OUT012,Fresh,fresh_dry,Colombo,Peliyagoda,False,383.5,2.054,0,0,served,VEH017,1,2026-02-23-VEH017-T1,0.0
2026-02-23,ORD0093164,2026-02-23,OUT012,Fresh,fresh_chilled,Colombo,Peliyagoda,False,248.6,1.457,0,0,served,VEH001,1,2026-02-23-VEH001-T1,0.0
2026-02-23,ORD0093165,2026-02-23,OUT013,Fresh,fresh_dry,Colombo,Peliyagoda,False,906.0,4.382,0,0,served,VEH001,1,2026-02-23-VEH001-T1,0.0
2026-02-23,ORD0093166,2026-02-23,OUT014,Fresh,fresh_dry,Colombo,Peliyagoda,False,256.9,1.387,0,0,served,VEH037,1,2026-02-23-VEH037-T1,0.0
2026-02-23,ORD0093167,2026-02-23,OUT014,Fresh,fresh_chilled,Colombo,Peliyagoda,False,338.6,1.82,0,0,served,VEH001,1,2026-02-23-VEH001-T1,0.0
2026-02-23,ORD0093168,2026-02-23,OUT025,Fresh,fresh_dry,Gampaha,Peliyagoda,False,267.5,1.459,0,0,served,VEH018,1,2026-02-23-VEH018-T1,0.0
2026-02-23,ORD0093169,2026-02-23,OUT025,Fresh,fresh_chilled,Gampaha,Peliyagoda,False,191.0,0.965,0,0,served,VEH005,1,2026-02-23-VEH005-T1,0.0
2026-02-23,ORD0093170,2026-02-23,OUT026,Fresh,fresh_dry,Gampaha,Peliyagoda,False,263.6,1.527,0,0,served,VEH018,1,2026-02-23-VEH018-T1,0.0
2026-02-23,ORD0093171,2026-02-23,OUT027,Fresh,fresh_dry,Gampaha,Peliyagoda,False,318.8,1.903,0,0,served,VEH005,1,2026-02-23-VEH005-T1,0.0
2026-02-23,ORD0093172,2026-02-23,OUT027,Fresh,fresh_chilled,Gampaha,Peliyagoda,False,281.1,1.553,0,0,served,VEH005,1,2026-02-23-VEH005-T1,0.0
2026-02-23,ORD0093173,2026-02-23,OUT028,Fresh,fresh_dry,Gampaha,Peliyagoda,False,490.3,2.588,0,0,served,VEH018,1,2026-02-23-VEH018-T1,0.0
2026-02-23,ORD0093174,2026-02-23,OUT029,Fresh,fresh_dry,Gampaha,Peliyagoda,False,336.7,1.983,0,0,served,VEH018,1,2026-02-23-VEH018-T1,0.0
2026-02-23,ORD0093175,2026-02-23,OUT029,Fresh,fresh_chilled,Gampaha,Peliyagoda,False,347.6,1.917,0,0,served,VEH005,1,2026-02-23-VEH005-T1,0.0
2026-02-23,ORD0093176,2026-02-23,OUT030,Fresh,fresh_dry,Gampaha,Peliyagoda,False,452.6,2.366,0,0,served,VEH005,1,2026-02-23-VEH005-T1,0.0
2026-02-23,ORD0093177,2026-02-23,OUT030,Fresh,fresh_chilled,Gampaha,Peliyagoda,False,265.5,1.57,0,0,served,VEH005,1,2026-02-23-VEH005-T1,0.0
2026-02-23,ORD0093178,2026-02-23,OUT031,Fresh,fresh_dry,Gampaha,Peliyagoda,False,914.1,5.009,0,0,served,VEH005,1,2026-02-23-VEH005-T1,0.0
2026-02-23,ORD0093179,2026-02-23,OUT031,Fresh,fresh_chilled,Gampaha,Peliyagoda,False,759.9,4.869,0,0,served,VEH005,1,2026-02-23-VEH005-T1,0.0
2026-02-23,ORD0093180,2026-02-23,OUT032,Fresh,fresh_dry,Gampaha,Peliyagoda,False,662.6,3.347,0,0,served,VEH018,1,2026-02-23-VEH018-T1,0.0
2026-02-23,ORD0093181,2026-02-23,OUT033,Fresh,fresh_dry,Gampaha,Peliyagoda,False,341.1,1.886,0,0,served,VEH005,1,2026-02-23-VEH005-T1,0.0
2026-02-23,ORD0093182,2026-02-23,OUT033,Fresh,fresh_chilled,Gampaha,Peliyagoda,False,503.8,2.751,0,0,served,VEH005,1,2026-02-23-VEH005-T1,0.0
2026-02-23,ORD0093183,2026-02-23,OUT034,Fresh,fresh_dry,Gampaha,Peliyagoda,False,339.6,1.767,0,0,served,VEH018,1,2026-02-23-VEH018-T1,0.0
2026-02-23,ORD0093184,2026-02-23,OUT040,Fresh,fresh_dry,Kalutara,Peliyagoda,False,655.6,2.915,0,0,served,VEH008,1,2026-02-23-VEH008-T1,0.0
2026-02-23,ORD0093185,2026-02-23,OUT040,Fresh,fresh_chilled,Kalutara,Peliyagoda,False,310.6,1.72,0,0,served,VEH003,1,2026-02-23-VEH003-T1,0.0
2026-02-23,ORD0093186,2026-02-23,OUT041,Fresh,fresh_dry,Kalutara,Peliyagoda,False,318.4,1.808,0,0,served,VEH008,1,2026-02-23-VEH008-T1,0.0
2026-02-23,ORD0093187,2026-02-23,OUT042,Fresh,fresh_dry,Kalutara,Peliyagoda,False,1025.6,5.498,0,0,served,VEH003,1,2026-02-23-VEH003-T1,0.0
2026-02-23,ORD0093188,2026-02-23,OUT042,Fresh,fresh_chilled,Kalutara,Peliyagoda,False,702.2,3.919,0,0,served,VEH003,1,2026-02-23-VEH003-T1,0.0
2026-02-23,ORD0093189,2026-02-23,OUT043,Fresh,fresh_dry,Kalutara,Peliyagoda,False,239.4,1.334,0,0,served,VEH008,1,2026-02-23-VEH008-T1,0.0
2026-02-23,ORD0093190,2026-02-23,OUT043,Fresh,fresh_chilled,Kalutara,Peliyagoda,False,203.5,1.102,0,0,served,VEH003,1,2026-02-23-VEH003-T1,0.0
2026-02-23,ORD0093191,2026-02-23,OUT044,Fresh,fresh_dry,Kalutara,Peliyagoda,False,329.4,1.994,0,0,served,VEH003,1,2026-02-23-VEH003-T1,0.0
2026-02-23,ORD0093192,2026-02-23,OUT044,Fresh,fresh_chilled,Kalutara,Peliyagoda,False,168.1,0.953,0,0,served,VEH003,1,2026-02-23-VEH003-T1,0.0
2026-02-23,ORD0093193,2026-02-23,OUT045,Fresh,fresh_dry,Kalutara,Peliyagoda,False,277.1,1.559,0,0,served,VEH003,1,2026-02-23-VEH003-T1,0.0
2026-02-23,ORD0093194,2026-02-23,OUT045,Fresh,fresh_chilled,Kalutara,Peliyagoda,False,307.8,1.861,0,0,served,VEH003,1,2026-02-23-VEH003-T1,0.0
2026-02-23,ORD0093195,2026-02-23,OUT046,Fresh,fresh_dry,Kalutara,Peliyagoda,False,290.3,1.484,0,0,served,VEH008,1,2026-02-23-VEH008-T1,0.0
2026-02-23,ORD0093196,2026-02-23,OUT047,Style,style,Kalutara,Peliyagoda,False,457.9,7.51,0,0,served,VEH037,2,2026-02-23-VEH037-T2,0.0
2026-02-23,ORD0093197,2026-02-23,OUT048,Style,style,Kalutara,Peliyagoda,False,582.3,8.925,0,0,served,VEH038,2,2026-02-23-VEH038-T2,0.0
2026-02-23,ORD0093198,2026-02-23,OUT050,Fresh,fresh_dry,Galle,Peliyagoda,False,278.3,1.546,0,0,served,VEH007,1,2026-02-23-VEH007-T1,0.0
2026-02-23,ORD0093199,2026-02-23,OUT050,Fresh,fresh_chilled,Galle,Peliyagoda,False,325.4,1.763,0,0,served,VEH007,1,2026-02-23-VEH007-T1,0.0
2026-02-23,ORD0093200,2026-02-23,OUT051,Fresh,fresh_dry,Galle,Peliyagoda,False,193.8,1.078,0,0,served,VEH007,1,2026-02-23-VEH007-T1,0.0
2026-02-23,ORD0093201,2026-02-23,OUT051,Fresh,fresh_chilled,Galle,Peliyagoda,False,101.3,0.566,0,0,served,VEH007,1,2026-02-23-VEH007-T1,0.0
2026-02-23,ORD0093202,2026-02-23,OUT052,Fresh,fresh_dry,Galle,Peliyagoda,False,437.8,2.512,0,0,served,VEH016,1,2026-02-23-VEH016-T1,0.0
2026-02-23,ORD0093203,2026-02-23,OUT053,Fresh,fresh_dry,Galle,Peliyagoda,False,162.1,0.826,0,0,served,VEH016,1,2026-02-23-VEH016-T1,0.0
2026-02-23,ORD0093204,2026-02-23,OUT053,Fresh,fresh_chilled,Galle,Peliyagoda,False,259.9,1.285,0,0,served,VEH007,1,2026-02-23-VEH007-T1,0.0
2026-02-23,ORD0093205,2026-02-23,OUT054,Fresh,fresh_dry,Galle,Peliyagoda,False,611.6,3.318,0,0,served,VEH007,1,2026-02-23-VEH007-T1,0.0
2026-02-23,ORD0093206,2026-02-23,OUT054,Fresh,fresh_chilled,Galle,Peliyagoda,False,584.2,3.151,0,0,served,VEH007,1,2026-02-23-VEH007-T1,0.0
2026-02-23,ORD0093207,2026-02-23,OUT055,Fresh,fresh_dry,Galle,Peliyagoda,False,339.8,1.92,0,0,served,VEH016,1,2026-02-23-VEH016-T1,0.0
2026-02-23,ORD0093208,2026-02-23,OUT059,Fresh,fresh_dry,Matara,Peliyagoda,False,349.6,1.87,0,0,served,VEH038,1,2026-02-23-VEH038-T1,0.0
2026-02-23,ORD0093209,2026-02-23,OUT059,Fresh,fresh_chilled,Matara,Peliyagoda,False,352.4,2.02,0,0,served,VEH035,1,2026-02-23-VEH035-T1,0.0
2026-02-23,ORD0093210,2026-02-23,OUT060,Fresh,fresh_dry,Matara,Peliyagoda,False,268.4,1.534,0,0,served,VEH015,1,2026-02-23-VEH015-T1,0.0
2026-02-23,ORD0093211,2026-02-23,OUT061,Fresh,fresh_dry,Matara,Peliyagoda,False,427.2,2.241,0,0,served,VEH038,1,2026-02-23-VEH038-T1,0.0
2026-02-23,ORD0093212,2026-02-23,OUT061,Fresh,fresh_chilled,Matara,Peliyagoda,False,209.0,1.044,0,0,served,VEH035,1,2026-02-23-VEH035-T1,0.0
2026-02-23,ORD0093213,2026-02-23,OUT062,Fresh,fresh_dry,Matara,Peliyagoda,False,390.8,1.852,0,0,served,VEH038,1,2026-02-23-VEH038-T1,0.0
2026-02-23,ORD0093214,2026-02-23,OUT062,Fresh,fresh_chilled,Matara,Peliyagoda,False,378.1,2.022,0,0,served,VEH035,1,2026-02-23-VEH035-T1,0.0
2026-02-23,ORD0093215,2026-02-23,OUT065,Fresh,fresh_dry,Kurunegala,Peliyagoda,False,607.1,3.169,0,0,served,VEH025,1,2026-02-23-VEH025-T1,0.0
2026-02-23,ORD0093216,2026-02-23,OUT066,Fresh,fresh_dry,Kurunegala,Peliyagoda,False,395.0,1.944,0,0,served,VEH002,1,2026-02-23-VEH002-T1,0.0
2026-02-23,ORD0093217,2026-02-23,OUT067,Fresh,fresh_dry,Kurunegala,Peliyagoda,False,382.5,1.887,0,0,served,VEH025,1,2026-02-23-VEH025-T1,0.0
2026-02-23,ORD0093218,2026-02-23,OUT068,Fresh,fresh_dry,Kurunegala,Peliyagoda,False,337.9,1.968,0,0,served,VEH002,1,2026-02-23-VEH002-T1,0.0
2026-02-23,ORD0093219,2026-02-23,OUT068,Fresh,fresh_chilled,Kurunegala,Peliyagoda,False,264.5,1.436,0,0,served,VEH002,1,2026-02-23-VEH002-T1,0.0
2026-02-23,ORD0093220,2026-02-23,OUT069,Fresh,fresh_dry,Kurunegala,Peliyagoda,False,390.7,2.024,0,0,served,VEH025,1,2026-02-23-VEH025-T1,0.0
2026-02-23,ORD0093221,2026-02-23,OUT069,Fresh,fresh_chilled,Kurunegala,Peliyagoda,False,296.0,1.562,0,0,served,VEH002,1,2026-02-23-VEH002-T1,0.0
2026-02-23,ORD0093222,2026-02-23,OUT073,Fresh,fresh_dry,Puttalam,Peliyagoda,False,427.9,2.241,0,0,served,VEH006,1,2026-02-23-VEH006-T1,0.0
2026-02-23,ORD0093223,2026-02-23,OUT073,Fresh,fresh_chilled,Puttalam,Peliyagoda,False,289.6,1.41,0,0,served,VEH006,1,2026-02-23-VEH006-T1,0.0
2026-02-23,ORD0093224,2026-02-23,OUT074,Fresh,fresh_dry,Puttalam,Peliyagoda,False,517.2,2.353,0,0,served,VEH036,1,2026-02-23-VEH036-T1,0.0
2026-02-23,ORD0093225,2026-02-23,OUT074,Fresh,fresh_chilled,Puttalam,Peliyagoda,False,338.1,1.871,0,0,served,VEH036,1,2026-02-23-VEH036-T1,0.0
2026-02-23,ORD0093226,2026-02-23,OUT075,Fresh,fresh_dry,Puttalam,Peliyagoda,False,214.1,1.204,0,0,served,VEH006,1,2026-02-23-VEH006-T1,0.0
2026-02-23,ORD0093227,2026-02-23,OUT075,Fresh,fresh_chilled,Puttalam,Peliyagoda,False,160.2,0.906,0,0,served,VEH036,1,2026-02-23-VEH036-T1,0.0
2026-02-23,ORD0093228,2026-02-23,OUT076,Fresh,fresh_dry,Kandy,Kandy,True,170.0,0.834,0,0,served,VEH059,1,2026-02-23-VEH059-T1,0.0
2026-02-23,ORD0093229,2026-02-23,OUT077,Fresh,fresh_dry,Kandy,Kandy,True,96.8,0.533,0,0,served,VEH059,1,2026-02-23-VEH059-T1,0.0
2026-02-23,ORD0093230,2026-02-23,OUT077,Fresh,fresh_chilled,Kandy,Kandy,True,107.5,0.529,0,0,served,VEH058,2,2026-02-23-VEH058-T2,0.0
2026-02-23,ORD0093231,2026-02-23,OUT078,Fresh,fresh_dry,Kandy,Kandy,True,169.0,0.91,0,0,served,VEH058,2,2026-02-23-VEH058-T2,0.0
2026-02-23,ORD0093232,2026-02-23,OUT078,Fresh,fresh_chilled,Kandy,Kandy,True,186.4,0.994,0,0,served,VEH058,2,2026-02-23-VEH058-T2,0.0
2026-02-23,ORD0093233,2026-02-23,OUT079,Fresh,fresh_dry,Kandy,Kandy,True,120.1,0.707,0,0,served,VEH059,1,2026-02-23-VEH059-T1,0.0
2026-02-23,ORD0093234,2026-02-23,OUT079,Fresh,fresh_chilled,Kandy,Kandy,True,117.6,0.577,0,0,served,VEH058,2,2026-02-23-VEH058-T2,0.0
2026-02-23,ORD0093235,2026-02-23,OUT080,Fresh,fresh_dry,Kandy,Kandy,True,109.3,0.637,0,0,served,VEH059,1,2026-02-23-VEH059-T1,0.0
2026-02-23,ORD0093236,2026-02-23,OUT081,Fresh,fresh_dry,Kandy,Kandy,True,176.4,0.942,0,0,served,VEH059,1,2026-02-23-VEH059-T1,0.0
2026-02-23,ORD0093237,2026-02-23,OUT082,Fresh,fresh_dry,Kandy,Kandy,True,132.7,0.723,0,0,served,VEH059,1,2026-02-23-VEH059-T1,0.0
2026-02-23,ORD0093238,2026-02-23,OUT082,Fresh,fresh_chilled,Kandy,Kandy,True,71.9,0.421,0,0,served,VEH058,2,2026-02-23-VEH058-T2,0.0
2026-02-23,ORD0093239,2026-02-23,OUT083,Fresh,fresh_dry,Kandy,Kandy,True,124.2,0.655,0,0,served,VEH059,1,2026-02-23-VEH059-T1,0.0
2026-02-23,ORD0093240,2026-02-23,OUT084,Fresh,fresh_dry,Kandy,Kandy,False,193.7,0.93,0,0,served,VEH059,1,2026-02-23-VEH059-T1,0.0
2026-02-23,ORD0093241,2026-02-23,OUT085,Fresh,fresh_dry,Kandy,Kandy,False,518.1,2.563,0,0,served,VEH043,1,2026-02-23-VEH043-T1,0.0
2026-02-23,ORD0093242,2026-02-23,OUT085,Fresh,fresh_chilled,Kandy,Kandy,False,363.3,2.088,0,0,served,VEH058,2,2026-02-23-VEH058-T2,0.0
2026-02-23,ORD0093243,2026-02-23,OUT086,Fresh,fresh_dry,Kandy,Kandy,False,327.5,1.661,0,0,served,VEH043,1,2026-02-23-VEH043-T1,0.0
2026-02-23,ORD0093244,2026-02-23,OUT086,Fresh,fresh_chilled,Kandy,Kandy,False,263.4,1.579,0,0,served,VEH043,1,2026-02-23-VEH043-T1,0.0
2026-02-23,ORD0093245,2026-02-23,OUT087,Fresh,fresh_dry,Kandy,Kandy,False,271.2,1.507,0,0,served,VEH043,1,2026-02-23-VEH043-T1,0.0
2026-02-23,ORD0093246,2026-02-23,OUT087,Fresh,fresh_chilled,Kandy,Kandy,False,183.6,1.063,0,0,served,VEH043,1,2026-02-23-VEH043-T1,0.0
2026-02-23,ORD0093247,2026-02-23,OUT096,Fresh,fresh_dry,Matale,Kandy,False,191.3,1.115,0,0,served,VEH040,1,2026-02-23-VEH040-T1,0.0
2026-02-23,ORD0093248,2026-02-23,OUT096,Fresh,fresh_chilled,Matale,Kandy,False,158.1,0.839,0,0,served,VEH040,1,2026-02-23-VEH040-T1,0.0
2026-02-23,ORD0093249,2026-02-23,OUT097,Fresh,fresh_dry,Matale,Kandy,False,580.1,3.313,0,0,served,VEH040,1,2026-02-23-VEH040-T1,0.0
2026-02-23,ORD0093250,2026-02-23,OUT098,Fresh,fresh_dry,Matale,Kandy,False,355.3,2.047,0,0,served,VEH043,2,2026-02-23-VEH043-T2,0.0
2026-02-23,ORD0093251,2026-02-23,OUT098,Fresh,fresh_chilled,Matale,Kandy,False,397.3,2.255,0,0,served,VEH043,2,2026-02-23-VEH043-T2,0.0
2026-02-23,ORD0093252,2026-02-23,OUT099,Fresh,fresh_dry,Matale,Kandy,False,406.3,2.176,0,0,served,VEH040,1,2026-02-23-VEH040-T1,0.0
2026-02-23,ORD0093253,2026-02-23,OUT099,Fresh,fresh_chilled,Matale,Kandy,False,200.3,1.103,0,0,served,VEH058,1,2026-02-23-VEH058-T1,0.0
2026-02-23,ORD0093254,2026-02-23,OUT100,Fresh,fresh_dry,Matale,Kandy,False,494.3,2.691,0,0,served,VEH058,1,2026-02-23-VEH058-T1,0.0
2026-02-23,ORD0093255,2026-02-23,OUT101,Fresh,fresh_dry,Matale,Kandy,False,358.2,1.829,0,0,served,VEH040,1,2026-02-23-VEH040-T1,0.0
2026-02-23,ORD0093256,2026-02-23,OUT101,Fresh,fresh_chilled,Matale,Kandy,False,254.2,1.413,0,0,served,VEH040,1,2026-02-23-VEH040-T1,0.0
2026-02-23,ORD0093257,2026-02-23,OUT102,Style,style,Matale,Kandy,False,731.9,11.143,0,0,served,VEH056,2,2026-02-23-VEH056-T2,0.0
2026-02-23,ORD0093258,2026-02-23,OUT104,Fresh,fresh_dry,Nuwara Eliya,Kandy,False,391.2,2.013,0,0,served,VEH046,1,2026-02-23-VEH046-T1,0.0
2026-02-23,ORD0093259,2026-02-23,OUT105,Fresh,fresh_dry,Nuwara Eliya,Kandy,False,377.2,2.006,0,0,served,VEH039,1,2026-02-23-VEH039-T1,0.0
2026-02-23,ORD0093260,2026-02-23,OUT105,Fresh,fresh_chilled,Nuwara Eliya,Kandy,False,183.5,1.071,0,0,served,VEH039,1,2026-02-23-VEH039-T1,0.0
2026-02-23,ORD0093261,2026-02-23,OUT106,Fresh,fresh_dry,Nuwara Eliya,Kandy,False,399.8,2.301,0,0,served,VEH046,1,2026-02-23-VEH046-T1,0.0
2026-02-23,ORD0093262,2026-02-23,OUT107,Fresh,fresh_dry,Nuwara Eliya,Kandy,False,348.9,1.858,0,0,served,VEH046,1,2026-02-23-VEH046-T1,0.0
2026-02-23,ORD0093263,2026-02-23,OUT108,Fresh,fresh_dry,Nuwara Eliya,Kandy,False,288.0,1.494,0,0,served,VEH039,1,2026-02-23-VEH039-T1,0.0
2026-02-23,ORD0093264,2026-02-23,OUT108,Fresh,fresh_chilled,Nuwara Eliya,Kandy,False,240.0,1.536,0,0,served,VEH039,1,2026-02-23-VEH039-T1,0.0
2026-02-23,ORD0093265,2026-02-23,OUT110,Fresh,fresh_dry,Badulla,Kandy,False,283.3,1.443,0,0,served,VEH060,1,2026-02-23-VEH060-T1,0.0
2026-02-23,ORD0093266,2026-02-23,OUT110,Fresh,fresh_chilled,Badulla,Kandy,False,272.0,1.448,0,0,served,VEH057,1,2026-02-23-VEH057-T1,0.0
2026-02-23,ORD0093267,2026-02-23,OUT111,Fresh,fresh_dry,Badulla,Kandy,False,194.0,0.936,0,0,served,VEH056,1,2026-02-23-VEH056-T1,0.0
2026-02-23,ORD0093268,2026-02-23,OUT111,Fresh,fresh_chilled,Badulla,Kandy,False,123.8,0.632,0,0,served,VEH057,1,2026-02-23-VEH057-T1,0.0
2026-02-23,ORD0093269,2026-02-23,OUT112,Fresh,fresh_dry,Badulla,Kandy,False,348.1,1.868,0,0,served,VEH060,1,2026-02-23-VEH060-T1,0.0
2026-02-23,ORD0093270,2026-02-23,OUT113,Fresh,fresh_dry,Badulla,Kandy,False,630.6,3.275,0,0,served,VEH041,1,2026-02-23-VEH041-T1,0.0
2026-02-23,ORD0093271,2026-02-23,OUT113,Fresh,fresh_chilled,Badulla,Kandy,False,255.4,1.396,0,0,served,VEH041,1,2026-02-23-VEH041-T1,0.0
2026-02-23,ORD0093272,2026-02-23,OUT114,Style,style,Badulla,Kandy,False,731.9,11.623,0,0,served,VEH046,2,2026-02-23-VEH046-T2,0.0
2026-02-23,ORD0093273,2026-02-23,OUT116,Fresh,fresh_dry,Kegalle,Kandy,False,491.0,2.686,0,0,served,VEH042,1,2026-02-23-VEH042-T1,0.0
2026-02-23,ORD0093274,2026-02-23,OUT116,Fresh,fresh_chilled,Kegalle,Kandy,False,253.5,1.465,0,0,served,VEH042,1,2026-02-23-VEH042-T1,0.0
2026-02-23,ORD0093275,2026-02-23,OUT117,Fresh,fresh_dry,Kegalle,Kandy,False,470.1,2.565,0,0,served,VEH042,1,2026-02-23-VEH042-T1,0.0
2026-02-23,ORD0093276,2026-02-23,OUT118,Fresh,fresh_dry,Kegalle,Kandy,False,790.3,4.385,0,0,served,VEH042,1,2026-02-23-VEH042-T1,0.0
2026-02-23,ORD0093277,2026-02-23,OUT118,Fresh,fresh_chilled,Kegalle,Kandy,False,635.7,3.628,0,0,served,VEH042,1,2026-02-23-VEH042-T1,0.0
2026-02-23,ORD0093278,2026-02-23,OUT119,Fresh,fresh_dry,Kegalle,Kandy,False,338.4,1.855,0,0,served,VEH042,1,2026-02-23-VEH042-T1,0.0
2026-02-23,ORD0093279,2026-02-23,OUT119,Fresh,fresh_chilled,Kegalle,Kandy,False,451.8,2.386,0,0,served,VEH042,1,2026-02-23-VEH042-T1,0.0
2026-02-24,ORD0093280,2026-02-24,OUT001,Fresh,fresh_dry,Colombo,Peliyagoda,True,80.8,0.427,0,0,served,VEH036,1,2026-02-24-VEH036-T1,0.0
2026-02-24,ORD0093281,2026-02-24,OUT001,Fresh,fresh_chilled,Colombo,Peliyagoda,True,96.5,0.481,0,0,served,VEH036,1,2026-02-24-VEH036-T1,0.0
2026-02-24,ORD0093282,2026-02-24,OUT002,Fresh,fresh_dry,Colombo,Peliyagoda,True,109.2,0.617,0,0,served,VEH037,1,2026-02-24-VEH037-T1,0.0
2026-02-24,ORD0093283,2026-02-24,OUT002,Fresh,fresh_chilled,Colombo,Peliyagoda,True,84.3,0.487,0,0,served,VEH036,1,2026-02-24-VEH036-T1,0.0
2026-02-24,ORD0093284,2026-02-24,OUT003,Fresh,fresh_dry,Colombo,Peliyagoda,True,86.5,0.483,0,0,served,VEH037,1,2026-02-24-VEH037-T1,0.0
2026-02-24,ORD0093285,2026-02-24,OUT004,Fresh,fresh_dry,Colombo,Peliyagoda,False,224.3,1.284,0,0,served,VEH035,1,2026-02-24-VEH035-T1,0.0
2026-02-24,ORD0093286,2026-02-24,OUT005,Fresh,fresh_dry,Colombo,Peliyagoda,False,432.7,2.043,0,0,served,VEH037,1,2026-02-24-VEH037-T1,0.0
2026-02-24,ORD0093287,2026-02-24,OUT006,Fresh,fresh_dry,Colombo,Peliyagoda,False,569.8,3.03,0,0,served,VEH008,1,2026-02-24-VEH008-T1,0.0
2026-02-24,ORD0093288,2026-02-24,OUT006,Fresh,fresh_chilled,Colombo,Peliyagoda,False,365.8,2.037,0,0,served,VEH036,1,2026-02-24-VEH036-T1,0.0
2026-02-24,ORD0093289,2026-02-24,OUT007,Fresh,fresh_dry,Colombo,Peliyagoda,False,581.0,3.228,0,0,served,VEH008,1,2026-02-24-VEH008-T1,0.0
2026-02-24,ORD0093290,2026-02-24,OUT008,Fresh,fresh_dry,Colombo,Peliyagoda,False,469.9,2.427,0,0,served,VEH008,1,2026-02-24-VEH008-T1,0.0
2026-02-24,ORD0093291,2026-02-24,OUT008,Fresh,fresh_chilled,Colombo,Peliyagoda,False,239.9,1.171,0,0,served,VEH036,2,2026-02-24-VEH036-T2,0.0
2026-02-24,ORD0093292,2026-02-24,OUT009,Fresh,fresh_dry,Colombo,Peliyagoda,False,148.4,0.911,0,0,served,VEH036,2,2026-02-24-VEH036-T2,0.0
2026-02-24,ORD0093293,2026-02-24,OUT009,Fresh,fresh_chilled,Colombo,Peliyagoda,False,326.4,1.852,0,0,served,VEH036,2,2026-02-24-VEH036-T2,0.0
2026-02-24,ORD0093294,2026-02-24,OUT010,Fresh,fresh_dry,Colombo,Peliyagoda,False,322.5,1.714,0,0,served,VEH035,1,2026-02-24-VEH035-T1,0.0
2026-02-24,ORD0093295,2026-02-24,OUT010,Fresh,fresh_chilled,Colombo,Peliyagoda,False,272.4,1.367,0,0,served,VEH035,1,2026-02-24-VEH035-T1,0.0
2026-02-24,ORD0093296,2026-02-24,OUT011,Fresh,fresh_dry,Colombo,Peliyagoda,False,310.1,1.588,0,0,served,VEH008,1,2026-02-24-VEH008-T1,0.0
2026-02-24,ORD0093297,2026-02-24,OUT011,Fresh,fresh_chilled,Colombo,Peliyagoda,False,189.4,1.16,0,0,served,VEH036,1,2026-02-24-VEH036-T1,0.0
2026-02-24,ORD0093298,2026-02-24,OUT012,Fresh,fresh_dry,Colombo,Peliyagoda,False,251.1,1.457,0,0,served,VEH037,1,2026-02-24-VEH037-T1,0.0
2026-02-24,ORD0093299,2026-02-24,OUT012,Fresh,fresh_chilled,Colombo,Peliyagoda,False,178.4,0.94,0,0,served,VEH036,2,2026-02-24-VEH036-T2,0.0
2026-02-24,ORD0093300,2026-02-24,OUT013,Fresh,fresh_dry,Colombo,Peliyagoda,False,697.0,3.291,0,0,served,VEH008,1,2026-02-24-VEH008-T1,0.0
2026-02-24,ORD0093301,2026-02-24,OUT014,Fresh,fresh_dry,Colombo,Peliyagoda,False,201.7,1.126,0,0,served,VEH008,1,2026-02-24-VEH008-T1,0.0
2026-02-24,ORD0093302,2026-02-24,OUT023,Tech,tech,Colombo,Peliyagoda,False,775.2,2.41,0,0,served,VEH038,2,2026-02-24-VEH038-T2,0.0
2026-02-24,ORD0093303,2026-02-24,OUT025,Fresh,fresh_dry,Gampaha,Peliyagoda,False,195.4,1.194,0,0,served,VEH018,1,2026-02-24-VEH018-T1,0.0
2026-02-24,ORD0093304,2026-02-24,OUT025,Fresh,fresh_chilled,Gampaha,Peliyagoda,False,164.0,0.855,0,0,served,VEH007,1,2026-02-24-VEH007-T1,0.0
2026-02-24,ORD0093305,2026-02-24,OUT026,Fresh,fresh_dry,Gampaha,Peliyagoda,False,275.5,1.517,0,0,served,VEH007,1,2026-02-24-VEH007-T1,0.0
2026-02-24,ORD0093306,2026-02-24,OUT026,Fresh,fresh_chilled,Gampaha,Peliyagoda,False,195.5,1.041,0,0,served,VEH007,1,2026-02-24-VEH007-T1,0.0
2026-02-24,ORD0093307,2026-02-24,OUT027,Fresh,fresh_dry,Gampaha,Peliyagoda,False,334.0,1.732,0,0,served,VEH018,1,2026-02-24-VEH018-T1,0.0
2026-02-24,ORD0093308,2026-02-24,OUT027,Fresh,fresh_chilled,Gampaha,Peliyagoda,False,221.9,1.23,0,0,served,VEH035,2,2026-02-24-VEH035-T2,0.0
2026-02-24,ORD0093309,2026-02-24,OUT028,Fresh,fresh_dry,Gampaha,Peliyagoda,False,398.6,2.079,0,0,served,VEH018,1,2026-02-24-VEH018-T1,0.0
2026-02-24,ORD0093310,2026-02-24,OUT028,Fresh,fresh_chilled,Gampaha,Peliyagoda,False,239.8,1.329,0,0,served,VEH035,2,2026-02-24-VEH035-T2,0.0
2026-02-24,ORD0093311,2026-02-24,OUT029,Fresh,fresh_dry,Gampaha,Peliyagoda,False,318.7,1.926,0,0,served,VEH007,1,2026-02-24-VEH007-T1,0.0
2026-02-24,ORD0093312,2026-02-24,OUT029,Fresh,fresh_chilled,Gampaha,Peliyagoda,False,216.4,1.387,0,0,served,VEH007,1,2026-02-24-VEH007-T1,0.0
2026-02-24,ORD0093313,2026-02-24,OUT030,Fresh,fresh_dry,Gampaha,Peliyagoda,False,404.0,1.935,0,0,served,VEH007,1,2026-02-24-VEH007-T1,0.0
2026-02-24,ORD0093314,2026-02-24,OUT030,Fresh,fresh_chilled,Gampaha,Peliyagoda,False,334.0,1.847,0,0,served,VEH007,1,2026-02-24-VEH007-T1,0.0
2026-02-24,ORD0093315,2026-02-24,OUT031,Fresh,fresh_dry,Gampaha,Peliyagoda,False,648.0,3.928,0,0,served,VEH018,1,2026-02-24-VEH018-T1,0.0
2026-02-24,ORD0093316,2026-02-24,OUT031,Fresh,fresh_chilled,Gampaha,Peliyagoda,False,760.3,4.372,0,0,served,VEH007,1,2026-02-24-VEH007-T1,0.0
2026-02-24,ORD0093317,2026-02-24,OUT032,Fresh,fresh_dry,Gampaha,Peliyagoda,False,749.8,4.205,0,0,served,VEH018,1,2026-02-24-VEH018-T1,0.0
2026-02-24,ORD0093318,2026-02-24,OUT032,Fresh,fresh_chilled,Gampaha,Peliyagoda,False,636.1,3.477,0,0,served,VEH007,1,2026-02-24-VEH007-T1,0.0
2026-02-24,ORD0093319,2026-02-24,OUT033,Fresh,fresh_dry,Gampaha,Peliyagoda,False,312.5,1.778,0,0,served,VEH018,1,2026-02-24-VEH018-T1,0.0
2026-02-24,ORD0093320,2026-02-24,OUT034,Fresh,fresh_dry,Gampaha,Peliyagoda,False,359.7,2.094,0,0,served,VEH018,1,2026-02-24-VEH018-T1,0.0
2026-02-24,ORD0093321,2026-02-24,OUT034,Fresh,fresh_chilled,Gampaha,Peliyagoda,False,362.3,1.923,0,0,served,VEH035,2,2026-02-24-VEH035-T2,0.0
2026-02-24,ORD0093322,2026-02-24,OUT040,Fresh,fresh_dry,Kalutara,Peliyagoda,False,580.0,3.014,0,0,served,VEH017,1,2026-02-24-VEH017-T1,0.0
2026-02-24,ORD0093323,2026-02-24,OUT040,Fresh,fresh_chilled,Kalutara,Peliyagoda,False,419.1,2.099,0,0,served,VEH003,1,2026-02-24-VEH003-T1,0.0
2026-02-24,ORD0093324,2026-02-24,OUT041,Fresh,fresh_dry,Kalutara,Peliyagoda,False,296.6,1.462,0,0,served,VEH017,1,2026-02-24-VEH017-T1,0.0
2026-02-24,ORD0093325,2026-02-24,OUT041,Fresh,fresh_chilled,Kalutara,Peliyagoda,False,285.0,1.561,0,0,served,VEH003,1,2026-02-24-VEH003-T1,0.0
2026-02-24,ORD0093326,2026-02-24,OUT042,Fresh,fresh_dry,Kalutara,Peliyagoda,False,934.7,4.46,0,0,served,VEH003,1,2026-02-24-VEH003-T1,0.0
2026-02-24,ORD0093327,2026-02-24,OUT042,Fresh,fresh_chilled,Kalutara,Peliyagoda,False,524.2,2.675,0,0,served,VEH003,1,2026-02-24-VEH003-T1,0.0
2026-02-24,ORD0093328,2026-02-24,OUT043,Fresh,fresh_dry,Kalutara,Peliyagoda,False,158.5,0.899,0,0,served,VEH017,1,2026-02-24-VEH017-T1,0.0
2026-02-24,ORD0093329,2026-02-24,OUT043,Fresh,fresh_chilled,Kalutara,Peliyagoda,False,174.9,0.97,0,0,served,VEH003,1,2026-02-24-VEH003-T1,0.0
2026-02-24,ORD0093330,2026-02-24,OUT044,Fresh,fresh_dry,Kalutara,Peliyagoda,False,248.4,1.278,0,0,served,VEH017,1,2026-02-24-VEH017-T1,0.0
2026-02-24,ORD0093331,2026-02-24,OUT044,Fresh,fresh_chilled,Kalutara,Peliyagoda,False,183.7,1.001,0,0,served,VEH003,1,2026-02-24-VEH003-T1,0.0
2026-02-24,ORD0093332,2026-02-24,OUT045,Fresh,fresh_dry,Kalutara,Peliyagoda,False,219.0,1.103,0,0,served,VEH017,1,2026-02-24-VEH017-T1,0.0
2026-02-24,ORD0093333,2026-02-24,OUT045,Fresh,fresh_chilled,Kalutara,Peliyagoda,False,247.4,1.292,0,0,served,VEH003,1,2026-02-24-VEH003-T1,0.0
2026-02-24,ORD0093334,2026-02-24,OUT046,Fresh,fresh_dry,Kalutara,Peliyagoda,False,175.1,1.001,0,0,served,VEH017,1,2026-02-24-VEH017-T1,0.0
2026-02-24,ORD0093335,2026-02-24,OUT046,Fresh,fresh_chilled,Kalutara,Peliyagoda,False,232.5,1.254,0,0,served,VEH003,1,2026-02-24-VEH003-T1,0.0
2026-02-24,ORD0093336,2026-02-24,OUT050,Fresh,fresh_dry,Galle,Peliyagoda,False,419.8,2.078,0,0,served,VEH005,1,2026-02-24-VEH005-T1,0.0
2026-02-24,ORD0093337,2026-02-24,OUT050,Fresh,fresh_chilled,Galle,Peliyagoda,False,390.7,2.21,0,0,served,VEH005,1,2026-02-24-VEH005-T1,0.0
2026-02-24,ORD0093338,2026-02-24,OUT051,Fresh,fresh_dry,Galle,Peliyagoda,False,165.0,0.941,0,0,served,VEH005,1,2026-02-24-VEH005-T1,0.0
2026-02-24,ORD0093339,2026-02-24,OUT051,Fresh,fresh_chilled,Galle,Peliyagoda,False,127.2,0.595,0,0,served,VEH005,1,2026-02-24-VEH005-T1,0.0
2026-02-24,ORD0093340,2026-02-24,OUT052,Fresh,fresh_dry,Galle,Peliyagoda,False,585.0,2.861,0,0,served,VEH015,1,2026-02-24-VEH015-T1,0.0
2026-02-24,ORD0093341,2026-02-24,OUT052,Fresh,fresh_chilled,Galle,Peliyagoda,False,326.2,1.82,0,0,served,VEH005,1,2026-02-24-VEH005-T1,0.0
2026-02-24,ORD0093342,2026-02-24,OUT053,Fresh,fresh_dry,Galle,Peliyagoda,False,196.2,0.986,0,0,served,VEH015,1,2026-02-24-VEH015-T1,0.0
2026-02-24,ORD0093343,2026-02-24,OUT054,Fresh,fresh_dry,Galle,Peliyagoda,False,615.9,3.294,0,0,served,VEH015,1,2026-02-24-VEH015-T1,0.0
2026-02-24,ORD0093344,2026-02-24,OUT055,Fresh,fresh_dry,Galle,Peliyagoda,False,295.5,1.648,0,0,served,VEH005,1,2026-02-24-VEH005-T1,0.0
2026-02-24,ORD0093345,2026-02-24,OUT055,Fresh,fresh_chilled,Galle,Peliyagoda,False,257.5,1.309,0,0,served,VEH005,1,2026-02-24-VEH005-T1,0.0
2026-02-24,ORD0093346,2026-02-24,OUT059,Fresh,fresh_dry,Matara,Peliyagoda,False,313.3,1.792,0,0,served,VEH038,1,2026-02-24-VEH038-T1,0.0
2026-02-24,ORD0093347,2026-02-24,OUT059,Fresh,fresh_chilled,Matara,Peliyagoda,False,340.7,1.734,0,0,served,VEH004,1,2026-02-24-VEH004-T1,0.0
2026-02-24,ORD0093348,2026-02-24,OUT060,Fresh,fresh_dry,Matara,Peliyagoda,False,342.5,2.116,0,0,served,VEH038,1,2026-02-24-VEH038-T1,0.0
2026-02-24,ORD0093349,2026-02-24,OUT060,Fresh,fresh_chilled,Matara,Peliyagoda,False,322.0,1.828,0,0,served,VEH004,1,2026-02-24-VEH004-T1,0.0
2026-02-24,ORD0093350,2026-02-24,OUT061,Fresh,fresh_dry,Matara,Peliyagoda,False,273.0,1.525,0,0,served,VEH004,1,2026-02-24-VEH004-T1,0.0
2026-02-24,ORD0093351,2026-02-24,OUT061,Fresh,fresh_chilled,Matara,Peliyagoda,False,155.6,0.858,0,0,served,VEH004,1,2026-02-24-VEH004-T1,0.0
2026-02-24,ORD0093352,2026-02-24,OUT062,Fresh,fresh_dry,Matara,Peliyagoda,False,423.3,2.341,0,0,served,VEH038,1,2026-02-24-VEH038-T1,0.0
2026-02-24,ORD0093353,2026-02-24,OUT062,Fresh,fresh_chilled,Matara,Peliyagoda,False,376.9,1.896,0,0,served,VEH004,1,2026-02-24-VEH004-T1,0.0
2026-02-24,ORD0093354,2026-02-24,OUT064,Tech,tech,Matara,Peliyagoda,False,272.1,0.911,0,0,served,VEH037,2,2026-02-24-VEH037-T2,0.0
2026-02-24,ORD0093355,2026-02-24,OUT065,Fresh,fresh_dry,Kurunegala,Peliyagoda,False,440.2,2.422,0,0,served,VEH006,1,2026-02-24-VEH006-T1,0.0
2026-02-24,ORD0093356,2026-02-24,OUT065,Fresh,fresh_chilled,Kurunegala,Peliyagoda,False,591.0,3.207,0,0,served,VEH006,1,2026-02-24-VEH006-T1,0.0
2026-02-24,ORD0093357,2026-02-24,OUT066,Fresh,fresh_dry,Kurunegala,Peliyagoda,False,216.4,1.2,0,0,served,VEH016,1,2026-02-24-VEH016-T1,0.0
2026-02-24,ORD0093358,2026-02-24,OUT066,Fresh,fresh_chilled,Kurunegala,Peliyagoda,False,394.8,1.93,0,0,served,VEH001,1,2026-02-24-VEH001-T1,0.0
2026-02-24,ORD0093359,2026-02-24,OUT067,Fresh,fresh_dry,Kurunegala,Peliyagoda,False,318.4,1.483,0,0,served,VEH016,1,2026-02-24-VEH016-T1,0.0
2026-02-24,ORD0093360,2026-02-24,OUT067,Fresh,fresh_chilled,Kurunegala,Peliyagoda,False,329.6,1.6,0,0,served,VEH001,1,2026-02-24-VEH001-T1,0.0
2026-02-24,ORD0093361,2026-02-24,OUT068,Fresh,fresh_dry,Kurunegala,Peliyagoda,False,330.4,1.894,0,0,served,VEH006,1,2026-02-24-VEH006-T1,0.0
2026-02-24,ORD0093362,2026-02-24,OUT068,Fresh,fresh_chilled,Kurunegala,Peliyagoda,False,288.3,1.406,0,0,served,VEH006,1,2026-02-24-VEH006-T1,0.0
2026-02-24,ORD0093363,2026-02-24,OUT069,Fresh,fresh_dry,Kurunegala,Peliyagoda,False,341.5,1.81,0,0,served,VEH001,1,2026-02-24-VEH001-T1,0.0
2026-02-24,ORD0093364,2026-02-24,OUT069,Fresh,fresh_chilled,Kurunegala,Peliyagoda,False,235.9,1.464,0,0,served,VEH001,1,2026-02-24-VEH001-T1,0.0
2026-02-24,ORD0093365,2026-02-24,OUT073,Fresh,fresh_dry,Puttalam,Peliyagoda,False,298.9,1.651,0,0,served,VEH025,1,2026-02-24-VEH025-T1,0.0
2026-02-24,ORD0093366,2026-02-24,OUT073,Fresh,fresh_chilled,Puttalam,Peliyagoda,False,374.8,2.034,0,0,served,VEH002,1,2026-02-24-VEH002-T1,0.0
2026-02-24,ORD0093367,2026-02-24,OUT074,Fresh,fresh_dry,Puttalam,Peliyagoda,False,539.3,2.354,0,0,served,VEH025,1,2026-02-24-VEH025-T1,0.0
2026-02-24,ORD0093368,2026-02-24,OUT075,Fresh,fresh_dry,Puttalam,Peliyagoda,False,174.6,0.885,0,0,served,VEH002,1,2026-02-24-VEH002-T1,0.0
2026-02-24,ORD0093369,2026-02-24,OUT075,Fresh,fresh_chilled,Puttalam,Peliyagoda,False,153.6,0.844,0,0,served,VEH002,1,2026-02-24-VEH002-T1,0.0
2026-02-24,ORD0093370,2026-02-24,OUT076,Fresh,fresh_dry,Kandy,Kandy,True,158.2,0.872,0,0,served,VEH060,1,2026-02-24-VEH060-T1,0.0
2026-02-24,ORD0093371,2026-02-24,OUT077,Fresh,fresh_dry,Kandy,Kandy,True,111.8,0.577,0,0,served,VEH060,1,2026-02-24-VEH060-T1,0.0
2026-02-24,ORD0093372,2026-02-24,OUT078,Fresh,fresh_dry,Kandy,Kandy,True,134.4,0.776,0,0,served,VEH060,1,2026-02-24-VEH060-T1,0.0
2026-02-24,ORD0093373,2026-02-24,OUT078,Fresh,fresh_chilled,Kandy,Kandy,True,199.0,1.093,0,0,served,VEH058,1,2026-02-24-VEH058-T1,0.0
2026-02-24,ORD0093374,2026-02-24,OUT079,Fresh,fresh_dry,Kandy,Kandy,True,88.1,0.538,0,0,served,VEH060,1,2026-02-24-VEH060-T1,0.0
2026-02-24,ORD0093375,2026-02-24,OUT079,Fresh,fresh_chilled,Kandy,Kandy,True,80.7,0.454,0,0,served,VEH058,1,2026-02-24-VEH058-T1,0.0
2026-02-24,ORD0093376,2026-02-24,OUT080,Fresh,fresh_dry,Kandy,Kandy,True,120.5,0.575,0,0,served,VEH060,1,2026-02-24-VEH060-T1,0.0
2026-02-24,ORD0093377,2026-02-24,OUT080,Fresh,fresh_chilled,Kandy,Kandy,True,84.6,0.443,0,0,served,VEH058,1,2026-02-24-VEH058-T1,0.0
2026-02-24,ORD0093378,2026-02-24,OUT081,Fresh,fresh_dry,Kandy,Kandy,True,171.7,0.833,0,0,served,VEH058,1,2026-02-24-VEH058-T1,0.0
2026-02-24,ORD0093379,2026-02-24,OUT081,Fresh,fresh_chilled,Kandy,Kandy,True,152.8,0.839,0,0,served,VEH058,1,2026-02-24-VEH058-T1,0.0
2026-02-24,ORD0093380,2026-02-24,OUT082,Fresh,fresh_dry,Kandy,Kandy,True,111.2,0.554,0,0,served,VEH060,1,2026-02-24-VEH060-T1,0.0
2026-02-24,ORD0093381,2026-02-24,OUT083,Fresh,fresh_dry,Kandy,Kandy,True,103.4,0.523,0,0,served,VEH058,2,2026-02-24-VEH058-T2,0.0
2026-02-24,ORD0093382,2026-02-24,OUT083,Fresh,fresh_chilled,Kandy,Kandy,True,103.7,0.555,0,0,served,VEH058,1,2026-02-24-VEH058-T1,0.0
2026-02-24,ORD0093383,2026-02-24,OUT084,Fresh,fresh_dry,Kandy,Kandy,False,215.5,1.132,0,0,served,VEH043,2,2026-02-24-VEH043-T2,0.0
2026-02-24,ORD0093384,2026-02-24,OUT084,Fresh,fresh_chilled,Kandy,Kandy,False,260.9,1.375,0,0,served,VEH043,2,2026-02-24-VEH043-T2,0.0
2026-02-24,ORD0093385,2026-02-24,OUT085,Fresh,fresh_dry,Kandy,Kandy,False,454.3,2.195,0,0,served,VEH060,1,2026-02-24-VEH060-T1,0.0
2026-02-24,ORD0093386,2026-02-24,OUT085,Fresh,fresh_chilled,Kandy,Kandy,False,399.9,1.981,0,0,served,VEH058,2,2026-02-24-VEH058-T2,0.0
2026-02-24,ORD0093387,2026-02-24,OUT086,Fresh,fresh_dry,Kandy,Kandy,False,236.9,1.376,0,0,served,VEH043,2,2026-02-24-VEH043-T2,0.0
2026-02-24,ORD0093388,2026-02-24,OUT086,Fresh,fresh_chilled,Kandy,Kandy,False,224.5,1.395,0,0,served,VEH058,1,2026-02-24-VEH058-T1,0.0
2026-02-24,ORD0093389,2026-02-24,OUT087,Fresh,fresh_dry,Kandy,Kandy,False,199.7,1.14,0,0,served,VEH058,2,2026-02-24-VEH058-T2,0.0
2026-02-24,ORD0093390,2026-02-24,OUT096,Fresh,fresh_dry,Matale,Kandy,False,240.8,1.32,0,0,served,VEH059,2,2026-02-24-VEH059-T2,0.0
2026-02-24,ORD0093391,2026-02-24,OUT097,Fresh,fresh_dry,Matale,Kandy,False,565.2,2.713,0,0,served,VEH043,1,2026-02-24-VEH043-T1,0.0
2026-02-24,ORD0093392,2026-02-24,OUT097,Fresh,fresh_chilled,Matale,Kandy,False,506.6,2.676,0,0,served,VEH043,1,2026-02-24-VEH043-T1,0.0
2026-02-24,ORD0093393,2026-02-24,OUT098,Fresh,fresh_dry,Matale,Kandy,False,377.6,2.018,0,0,served,VEH042,2,2026-02-24-VEH042-T2,0.0
2026-02-24,ORD0093394,2026-02-24,OUT098,Fresh,fresh_chilled,Matale,Kandy,False,320.3,1.861,0,0,served,VEH042,2,2026-02-24-VEH042-T2,0.0
2026-02-24,ORD0093395,2026-02-24,OUT099,Fresh,fresh_dry,Matale,Kandy,False,441.2,2.411,0,0,served,VEH059,2,2026-02-24-VEH059-T2,0.0
2026-02-24,ORD0093396,2026-02-24,OUT099,Fresh,fresh_chilled,Matale,Kandy,False,289.6,1.479,0,0,served,VEH042,2,2026-02-24-VEH042-T2,0.0
2026-02-24,ORD0093397,2026-02-24,OUT100,Fresh,fresh_dry,Matale,Kandy,False,420.6,2.25,0,0,served,VEH043,1,2026-02-24-VEH043-T1,0.0
2026-02-24,ORD0093398,2026-02-24,OUT100,Fresh,fresh_chilled,Matale,Kandy,False,534.5,3.109,0,0,served,VEH043,1,2026-02-24-VEH043-T1,0.0
2026-02-24,ORD0093399,2026-02-24,OUT101,Fresh,fresh_dry,Matale,Kandy,False,334.0,1.654,0,0,served,VEH059,2,2026-02-24-VEH059-T2,0.0
2026-02-24,ORD0093400,2026-02-24,OUT104,Fresh,fresh_dry,Nuwara Eliya,Kandy,False,256.3,1.284,0,0,served,VEH048,1,2026-02-24-VEH048-T1,0.0
2026-02-24,ORD0093401,2026-02-24,OUT104,Fresh,fresh_chilled,Nuwara Eliya,Kandy,False,248.6,1.271,0,0,served,VEH041,1,2026-02-24-VEH041-T1,0.0
2026-02-24,ORD0093402,2026-02-24,OUT105,Fresh,fresh_dry,Nuwara Eliya,Kandy,False,225.3,1.228,0,0,served,VEH048,1,2026-02-24-VEH048-T1,0.0
2026-02-24,ORD0093403,2026-02-24,OUT105,Fresh,fresh_chilled,Nuwara Eliya,Kandy,False,190.4,0.973,0,0,served,VEH041,1,2026-02-24-VEH041-T1,0.0
2026-02-24,ORD0093404,2026-02-24,OUT106,Fresh,fresh_dry,Nuwara Eliya,Kandy,False,387.7,2.135,0,0,served,VEH048,1,2026-02-24-VEH048-T1,0.0
2026-02-24,ORD0093405,2026-02-24,OUT106,Fresh,fresh_chilled,Nuwara Eliya,Kandy,False,217.6,1.207,0,0,served,VEH041,1,2026-02-24-VEH041-T1,0.0
2026-02-24,ORD0093406,2026-02-24,OUT107,Fresh,fresh_dry,Nuwara Eliya,Kandy,False,424.6,2.38,0,0,served,VEH048,1,2026-02-24-VEH048-T1,0.0
2026-02-24,ORD0093407,2026-02-24,OUT107,Fresh,fresh_chilled,Nuwara Eliya,Kandy,False,249.1,1.337,0,0,served,VEH041,1,2026-02-24-VEH041-T1,0.0
2026-02-24,ORD0093408,2026-02-24,OUT108,Fresh,fresh_dry,Nuwara Eliya,Kandy,False,335.5,1.634,0,0,served,VEH048,1,2026-02-24-VEH048-T1,0.0
2026-02-24,ORD0093409,2026-02-24,OUT108,Fresh,fresh_chilled,Nuwara Eliya,Kandy,False,249.1,1.245,0,0,served,VEH041,1,2026-02-24-VEH041-T1,0.0
2026-02-24,ORD0093410,2026-02-24,OUT110,Fresh,fresh_dry,Badulla,Kandy,False,221.5,1.302,0,0,served,VEH046,1,2026-02-24-VEH046-T1,0.0
2026-02-24,ORD0093411,2026-02-24,OUT111,Fresh,fresh_dry,Badulla,Kandy,False,181.8,1.032,0,0,served,VEH046,1,2026-02-24-VEH046-T1,0.0
2026-02-24,ORD0093412,2026-02-24,OUT112,Fresh,fresh_dry,Badulla,Kandy,False,448.0,2.178,0,0,served,VEH056,1,2026-02-24-VEH056-T1,0.0
2026-02-24,ORD0093413,2026-02-24,OUT112,Fresh,fresh_chilled,Badulla,Kandy,False,233.7,1.317,0,0,served,VEH057,1,2026-02-24-VEH057-T1,0.0
2026-02-24,ORD0093414,2026-02-24,OUT113,Fresh,fresh_dry,Badulla,Kandy,False,527.8,3.124,0,0,served,VEH056,1,2026-02-24-VEH056-T1,0.0
2026-02-24,ORD0093415,2026-02-24,OUT113,Fresh,fresh_chilled,Badulla,Kandy,False,234.6,1.18,0,0,served,VEH057,1,2026-02-24-VEH057-T1,0.0
2026-02-24,ORD0093416,2026-02-24,OUT116,Fresh,fresh_dry,Kegalle,Kandy,False,329.7,2.007,0,0,served,VEH042,1,2026-02-24-VEH042-T1,0.0
2026-02-24,ORD0093417,2026-02-24,OUT116,Fresh,fresh_chilled,Kegalle,Kandy,False,180.6,1.086,0,0,served,VEH042,1,2026-02-24-VEH042-T1,0.0
2026-02-24,ORD0093418,2026-02-24,OUT117,Fresh,fresh_dry,Kegalle,Kandy,False,477.1,2.665,0,0,served,VEH042,1,2026-02-24-VEH042-T1,0.0
2026-02-24,ORD0093419,2026-02-24,OUT118,Fresh,fresh_dry,Kegalle,Kandy,False,621.0,3.37,0,0,served,VEH059,1,2026-02-24-VEH059-T1,0.0
2026-02-24,ORD0093420,2026-02-24,OUT119,Fresh,fresh_dry,Kegalle,Kandy,False,300.4,1.444,0,0,served,VEH059,1,2026-02-24-VEH059-T1,0.0
2026-02-25,ORD0093421,2026-02-25,OUT001,Fresh,fresh_dry,Colombo,Peliyagoda,True,93.4,0.524,0,0,served,VEH036,1,2026-02-25-VEH036-T1,0.0
2026-02-25,ORD0093422,2026-02-25,OUT001,Fresh,fresh_chilled,Colombo,Peliyagoda,True,168.8,0.813,0,0,served,VEH036,1,2026-02-25-VEH036-T1,0.0
2026-02-25,ORD0093423,2026-02-25,OUT002,Fresh,fresh_dry,Colombo,Peliyagoda,True,116.1,0.637,0,0,served,VEH036,1,2026-02-25-VEH036-T1,0.0
2026-02-25,ORD0093424,2026-02-25,OUT003,Fresh,fresh_dry,Colombo,Peliyagoda,True,121.7,0.71,0,0,served,VEH036,1,2026-02-25-VEH036-T1,0.0
2026-02-25,ORD0093425,2026-02-25,OUT003,Fresh,fresh_chilled,Colombo,Peliyagoda,True,104.3,0.519,0,0,served,VEH036,1,2026-02-25-VEH036-T1,0.0
2026-02-25,ORD0093426,2026-02-25,OUT004,Fresh,fresh_dry,Colombo,Peliyagoda,False,292.7,1.452,0,0,served,VEH027,1,2026-02-25-VEH027-T1,0.0
2026-02-25,ORD0093427,2026-02-25,OUT004,Fresh,fresh_chilled,Colombo,Peliyagoda,False,154.6,0.822,0,0,served,VEH036,1,2026-02-25-VEH036-T1,0.0
2026-02-25,ORD0093428,2026-02-25,OUT005,Fresh,fresh_dry,Colombo,Peliyagoda,False,612.1,3.033,0,0,served,VEH001,1,2026-02-25-VEH001-T1,0.0
2026-02-25,ORD0093429,2026-02-25,OUT005,Fresh,fresh_chilled,Colombo,Peliyagoda,False,457.8,2.386,0,0,served,VEH001,1,2026-02-25-VEH001-T1,0.0
2026-02-25,ORD0093430,2026-02-25,OUT006,Fresh,fresh_dry,Colombo,Peliyagoda,False,522.5,2.669,0,0,served,VEH027,1,2026-02-25-VEH027-T1,0.0
2026-02-25,ORD0093431,2026-02-25,OUT007,Fresh,fresh_dry,Colombo,Peliyagoda,False,748.1,4.491,0,0,served,VEH027,1,2026-02-25-VEH027-T1,0.0
2026-02-25,ORD0093432,2026-02-25,OUT007,Fresh,fresh_chilled,Colombo,Peliyagoda,False,450.6,2.56,0,0,served,VEH001,1,2026-02-25-VEH001-T1,0.0
2026-02-25,ORD0093433,2026-02-25,OUT008,Fresh,fresh_dry,Colombo,Peliyagoda,False,402.8,2.171,0,0,served,VEH027,1,2026-02-25-VEH027-T1,0.0
2026-02-25,ORD0093434,2026-02-25,OUT009,Fresh,fresh_dry,Colombo,Peliyagoda,False,245.5,1.33,0,0,served,VEH027,1,2026-02-25-VEH027-T1,0.0
2026-02-25,ORD0093435,2026-02-25,OUT010,Fresh,fresh_dry,Colombo,Peliyagoda,False,397.5,2.504,0,0,served,VEH027,1,2026-02-25-VEH027-T1,0.0
2026-02-25,ORD0093436,2026-02-25,OUT011,Fresh,fresh_dry,Colombo,Peliyagoda,False,336.7,1.838,0,0,served,VEH001,1,2026-02-25-VEH001-T1,0.0
2026-02-25,ORD0093437,2026-02-25,OUT011,Fresh,fresh_chilled,Colombo,Peliyagoda,False,292.5,1.635,0,0,served,VEH001,1,2026-02-25-VEH001-T1,0.0
2026-02-25,ORD0093438,2026-02-25,OUT012,Fresh,fresh_dry,Colombo,Peliyagoda,False,538.8,2.657,0,0,served,VEH027,1,2026-02-25-VEH027-T1,0.0
2026-02-25,ORD0093439,2026-02-25,OUT012,Fresh,fresh_chilled,Colombo,Peliyagoda,False,250.6,1.451,0,0,served,VEH036,1,2026-02-25-VEH036-T1,0.0
2026-02-25,ORD0093440,2026-02-25,OUT013,Fresh,fresh_dry,Colombo,Peliyagoda,False,871.8,4.307,0,0,served,VEH001,1,2026-02-25-VEH001-T1,0.0
2026-02-25,ORD0093441,2026-02-25,OUT013,Fresh,fresh_chilled,Colombo,Peliyagoda,False,561.0,3.038,0,0,served,VEH001,1,2026-02-25-VEH001-T1,0.0
2026-02-25,ORD0093442,2026-02-25,OUT014,Fresh,fresh_dry,Colombo,Peliyagoda,False,366.5,1.986,0,0,served,VEH001,1,2026-02-25-VEH001-T1,0.0
2026-02-25,ORD0093443,2026-02-25,OUT014,Fresh,fresh_chilled,Colombo,Peliyagoda,False,298.5,1.588,0,0,served,VEH001,1,2026-02-25-VEH001-T1,0.0
2026-02-25,ORD0093444,2026-02-25,OUT025,Fresh,fresh_dry,Gampaha,Peliyagoda,False,269.6,1.422,0,0,served,VEH017,1,2026-02-25-VEH017-T1,0.0
2026-02-25,ORD0093445,2026-02-25,OUT025,Fresh,fresh_chilled,Gampaha,Peliyagoda,False,200.3,1.044,0,0,served,VEH003,1,2026-02-25-VEH003-T1,0.0
2026-02-25,ORD0093446,2026-02-25,OUT026,Fresh,fresh_dry,Gampaha,Peliyagoda,False,284.1,1.655,0,0,served,VEH017,1,2026-02-25-VEH017-T1,0.0
2026-02-25,ORD0093447,2026-02-25,OUT027,Fresh,fresh_dry,Gampaha,Peliyagoda,False,371.3,1.786,0,0,served,VEH017,1,2026-02-25-VEH017-T1,0.0
2026-02-25,ORD0093448,2026-02-25,OUT028,Fresh,fresh_dry,Gampaha,Peliyagoda,False,445.4,2.688,0,0,served,VEH003,1,2026-02-25-VEH003-T1,0.0
2026-02-25,ORD0093449,2026-02-25,OUT028,Fresh,fresh_chilled,Gampaha,Peliyagoda,False,362.0,2.077,0,0,served,VEH003,1,2026-02-25-VEH003-T1,0.0
2026-02-25,ORD0093450,2026-02-25,OUT029,Fresh,fresh_dry,Gampaha,Peliyagoda,False,305.2,1.603,0,0,served,VEH017,1,2026-02-25-VEH017-T1,0.0
2026-02-25,ORD0093451,2026-02-25,OUT030,Fresh,fresh_dry,Gampaha,Peliyagoda,False,436.8,2.227,0,0,served,VEH017,1,2026-02-25-VEH017-T1,0.0
2026-02-25,ORD0093452,2026-02-25,OUT031,Fresh,fresh_dry,Gampaha,Peliyagoda,False,983.5,5.249,0,0,served,VEH003,1,2026-02-25-VEH003-T1,0.0
2026-02-25,ORD0093453,2026-02-25,OUT031,Fresh,fresh_chilled,Gampaha,Peliyagoda,False,737.7,4.298,0,0,served,VEH003,1,2026-02-25-VEH003-T1,0.0
2026-02-25,ORD0093454,2026-02-25,OUT032,Fresh,fresh_dry,Gampaha,Peliyagoda,False,684.2,3.585,0,0,served,VEH017,1,2026-02-25-VEH017-T1,0.0
2026-02-25,ORD0093455,2026-02-25,OUT032,Fresh,fresh_chilled,Gampaha,Peliyagoda,False,871.4,4.123,0,0,served,VEH003,1,2026-02-25-VEH003-T1,0.0
2026-02-25,ORD0093456,2026-02-25,OUT033,Fresh,fresh_dry,Gampaha,Peliyagoda,False,353.0,1.882,0,0,served,VEH003,1,2026-02-25-VEH003-T1,0.0
2026-02-25,ORD0093457,2026-02-25,OUT033,Fresh,fresh_chilled,Gampaha,Peliyagoda,False,350.0,2.03,0,0,served,VEH003,1,2026-02-25-VEH003-T1,0.0
2026-02-25,ORD0093458,2026-02-25,OUT034,Fresh,fresh_dry,Gampaha,Peliyagoda,False,360.8,1.985,0,0,served,VEH017,1,2026-02-25-VEH017-T1,0.0
2026-02-25,ORD0093459,2026-02-25,OUT035,Style,style,Gampaha,Peliyagoda,False,858.9,14.008,0,0,served,VEH027,2,2026-02-25-VEH027-T2,0.0
2026-02-25,ORD0093460,2026-02-25,OUT036,Style,style,Gampaha,Peliyagoda,False,1015.1,16.235,0,0,served,VEH008,2,2026-02-25-VEH008-T2,0.0
2026-02-25,ORD0093461,2026-02-25,OUT037,Style,style,Gampaha,Peliyagoda,False,318.8,5.13,0,0,served,VEH008,2,2026-02-25-VEH008-T2,0.0
2026-02-25,ORD0093462,2026-02-25,OUT040,Fresh,fresh_dry,Kalutara,Peliyagoda,False,599.7,2.992,0,0,served,VEH008,1,2026-02-25-VEH008-T1,0.0
2026-02-25,ORD0093463,2026-02-25,OUT040,Fresh,fresh_chilled,Kalutara,Peliyagoda,False,536.9,2.527,0,0,served,VEH005,1,2026-02-25-VEH005-T1,0.0
2026-02-25,ORD0093464,2026-02-25,OUT041,Fresh,fresh_dry,Kalutara,Peliyagoda,False,345.8,1.899,0,0,served,VEH005,1,2026-02-25-VEH005-T1,0.0
2026-02-25,ORD0093465,2026-02-25,OUT041,Fresh,fresh_chilled,Kalutara,Peliyagoda,False,331.3,1.663,0,0,served,VEH005,1,2026-02-25-VEH005-T1,0.0
2026-02-25,ORD0093466,2026-02-25,OUT042,Fresh,fresh_dry,Kalutara,Peliyagoda,False,893.3,4.781,0,0,served,VEH005,1,2026-02-25-VEH005-T1,0.0
2026-02-25,ORD0093467,2026-02-25,OUT042,Fresh,fresh_chilled,Kalutara,Peliyagoda,False,720.1,4.231,0,0,served,VEH005,1,2026-02-25-VEH005-T1,0.0
2026-02-25,ORD0093468,2026-02-25,OUT043,Fresh,fresh_dry,Kalutara,Peliyagoda,False,226.3,1.128,0,0,served,VEH005,1,2026-02-25-VEH005-T1,0.0
2026-02-25,ORD0093469,2026-02-25,OUT044,Fresh,fresh_dry,Kalutara,Peliyagoda,False,392.3,2.044,0,0,served,VEH005,1,2026-02-25-VEH005-T1,0.0
2026-02-25,ORD0093470,2026-02-25,OUT045,Fresh,fresh_dry,Kalutara,Peliyagoda,False,162.7,0.91,0,0,served,VEH008,1,2026-02-25-VEH008-T1,0.0
2026-02-25,ORD0093471,2026-02-25,OUT046,Fresh,fresh_dry,Kalutara,Peliyagoda,False,298.4,1.508,0,0,served,VEH008,1,2026-02-25-VEH008-T1,0.0
2026-02-25,ORD0093472,2026-02-25,OUT049,Tech,tech,Kalutara,Peliyagoda,False,975.3,3.397,0,0,served,VEH037,2,2026-02-25-VEH037-T2,0.0
2026-02-25,ORD0093473,2026-02-25,OUT050,Fresh,fresh_dry,Galle,Peliyagoda,False,297.6,1.666,0,0,served,VEH007,1,2026-02-25-VEH007-T1,0.0
2026-02-25,ORD0093474,2026-02-25,OUT050,Fresh,fresh_chilled,Galle,Peliyagoda,False,541.7,2.889,0,0,served,VEH007,1,2026-02-25-VEH007-T1,0.0
2026-02-25,ORD0093475,2026-02-25,OUT051,Fresh,fresh_dry,Galle,Peliyagoda,False,166.8,0.904,0,0,served,VEH015,1,2026-02-25-VEH015-T1,0.0
2026-02-25,ORD0093476,2026-02-25,OUT051,Fresh,fresh_chilled,Galle,Peliyagoda,False,178.6,0.847,0,0,served,VEH007,1,2026-02-25-VEH007-T1,0.0
2026-02-25,ORD0093477,2026-02-25,OUT052,Fresh,fresh_dry,Galle,Peliyagoda,False,774.2,3.75,0,0,served,VEH015,1,2026-02-25-VEH015-T1,0.0
2026-02-25,ORD0093478,2026-02-25,OUT052,Fresh,fresh_chilled,Galle,Peliyagoda,False,316.3,1.787,0,0,served,VEH007,1,2026-02-25-VEH007-T1,0.0
2026-02-25,ORD0093479,2026-02-25,OUT053,Fresh,fresh_dry,Galle,Peliyagoda,False,178.5,0.824,0,0,served,VEH015,1,2026-02-25-VEH015-T1,0.0
2026-02-25,ORD0093480,2026-02-25,OUT053,Fresh,fresh_chilled,Galle,Peliyagoda,False,219.2,1.052,0,0,served,VEH007,1,2026-02-25-VEH007-T1,0.0
2026-02-25,ORD0093481,2026-02-25,OUT054,Fresh,fresh_dry,Galle,Peliyagoda,False,749.8,3.791,0,0,served,VEH015,1,2026-02-25-VEH015-T1,0.0
2026-02-25,ORD0093482,2026-02-25,OUT054,Fresh,fresh_chilled,Galle,Peliyagoda,False,1026.9,5.557,0,0,served,VEH007,1,2026-02-25-VEH007-T1,0.0
2026-02-25,ORD0093483,2026-02-25,OUT055,Fresh,fresh_dry,Galle,Peliyagoda,False,352.1,1.936,0,0,served,VEH015,1,2026-02-25-VEH015-T1,0.0
2026-02-25,ORD0093484,2026-02-25,OUT055,Fresh,fresh_chilled,Galle,Peliyagoda,False,213.0,1.199,0,0,served,VEH007,1,2026-02-25-VEH007-T1,0.0
2026-02-25,ORD0093485,2026-02-25,OUT059,Fresh,fresh_dry,Matara,Peliyagoda,False,402.2,2.258,0,0,served,VEH038,1,2026-02-25-VEH038-T1,0.0
2026-02-25,ORD0093486,2026-02-25,OUT060,Fresh,fresh_dry,Matara,Peliyagoda,False,345.4,2.042,0,0,served,VEH038,1,2026-02-25-VEH038-T1,0.0
2026-02-25,ORD0093487,2026-02-25,OUT061,Fresh,fresh_dry,Matara,Peliyagoda,False,360.6,1.631,0,0,served,VEH038,1,2026-02-25-VEH038-T1,0.0
2026-02-25,ORD0093488,2026-02-25,OUT062,Fresh,fresh_dry,Matara,Peliyagoda,False,388.7,2.205,0,0,served,VEH025,1,2026-02-25-VEH025-T1,0.0
2026-02-25,ORD0093489,2026-02-25,OUT065,Fresh,fresh_dry,Kurunegala,Peliyagoda,False,473.8,2.312,0,0,served,VEH016,1,2026-02-25-VEH016-T1,0.0
2026-02-25,ORD0093490,2026-02-25,OUT066,Fresh,fresh_dry,Kurunegala,Peliyagoda,False,333.7,1.678,0,0,served,VEH016,1,2026-02-25-VEH016-T1,0.0
2026-02-25,ORD0093491,2026-02-25,OUT067,Fresh,fresh_dry,Kurunegala,Peliyagoda,False,333.9,1.996,0,0,served,VEH016,1,2026-02-25-VEH016-T1,0.0
2026-02-25,ORD0093492,2026-02-25,OUT067,Fresh,fresh_chilled,Kurunegala,Peliyagoda,False,330.5,1.699,0,0,served,VEH002,1,2026-02-25-VEH002-T1,0.0
2026-02-25,ORD0093493,2026-02-25,OUT068,Fresh,fresh_dry,Kurunegala,Peliyagoda,False,502.2,2.621,0,0,served,VEH016,1,2026-02-25-VEH016-T1,0.0
2026-02-25,ORD0093494,2026-02-25,OUT068,Fresh,fresh_chilled,Kurunegala,Peliyagoda,False,331.0,1.843,0,0,served,VEH002,1,2026-02-25-VEH002-T1,0.0
2026-02-25,ORD0093495,2026-02-25,OUT069,Fresh,fresh_dry,Kurunegala,Peliyagoda,False,327.6,2.001,0,0,served,VEH002,1,2026-02-25-VEH002-T1,0.0
2026-02-25,ORD0093496,2026-02-25,OUT069,Fresh,fresh_chilled,Kurunegala,Peliyagoda,False,250.8,1.278,0,0,served,VEH002,1,2026-02-25-VEH002-T1,0.0
2026-02-25,ORD0093497,2026-02-25,OUT073,Fresh,fresh_dry,Puttalam,Peliyagoda,False,413.8,2.156,0,0,served,VEH035,1,2026-02-25-VEH035-T1,0.0
2026-02-25,ORD0093498,2026-02-25,OUT073,Fresh,fresh_chilled,Puttalam,Peliyagoda,False,383.5,1.835,0,0,served,VEH035,1,2026-02-25-VEH035-T1,0.0
2026-02-25,ORD0093499,2026-02-25,OUT074,Fresh,fresh_dry,Puttalam,Peliyagoda,False,482.1,2.488,0,0,served,VEH037,1,2026-02-25-VEH037-T1,0.0
2026-02-25,ORD0093500,2026-02-25,OUT075,Fresh,fresh_dry,Puttalam,Peliyagoda,False,151.4,0.844,0,0,served,VEH037,1,2026-02-25-VEH037-T1,0.0
2026-02-25,ORD0093501,2026-02-25,OUT075,Fresh,fresh_chilled,Puttalam,Peliyagoda,False,138.1,0.79,0,0,served,VEH035,1,2026-02-25-VEH035-T1,0.0
2026-02-25,ORD0093502,2026-02-25,OUT076,Fresh,fresh_dry,Kandy,Kandy,True,209.2,1.161,0,0,served,VEH058,2,2026-02-25-VEH058-T2,0.0
2026-02-25,ORD0093503,2026-02-25,OUT076,Fresh,fresh_chilled,Kandy,Kandy,True,148.9,0.683,0,0,served,VEH058,2,2026-02-25-VEH058-T2,0.0
2026-02-25,ORD0093504,2026-02-25,OUT077,Fresh,fresh_dry,Kandy,Kandy,True,108.4,0.583,0,0,served,VEH057,1,2026-02-25-VEH057-T1,0.0
2026-02-25,ORD0093505,2026-02-25,OUT078,Fresh,fresh_dry,Kandy,Kandy,True,164.7,0.826,0,0,served,VEH059,1,2026-02-25-VEH059-T1,0.0
2026-02-25,ORD0093506,2026-02-25,OUT079,Fresh,fresh_dry,Kandy,Kandy,True,137.7,0.73,0,0,served,VEH059,1,2026-02-25-VEH059-T1,0.0
2026-02-25,ORD0093507,2026-02-25,OUT080,Fresh,fresh_dry,Kandy,Kandy,True,149.1,0.874,0,0,served,VEH058,2,2026-02-25-VEH058-T2,0.0
2026-02-25,ORD0093508,2026-02-25,OUT080,Fresh,fresh_chilled,Kandy,Kandy,True,164.3,0.87,0,0,served,VEH058,2,2026-02-25-VEH058-T2,0.0
2026-02-25,ORD0093509,2026-02-25,OUT081,Fresh,fresh_dry,Kandy,Kandy,True,147.1,0.822,0,0,served,VEH059,1,2026-02-25-VEH059-T1,0.0
2026-02-25,ORD0093510,2026-02-25,OUT081,Fresh,fresh_chilled,Kandy,Kandy,True,162.1,0.913,0,0,served,VEH057,1,2026-02-25-VEH057-T1,0.0
2026-02-25,ORD0093511,2026-02-25,OUT082,Fresh,fresh_dry,Kandy,Kandy,True,168.1,0.977,0,0,served,VEH059,1,2026-02-25-VEH059-T1,0.0
2026-02-25,ORD0093512,2026-02-25,OUT082,Fresh,fresh_chilled,Kandy,Kandy,True,80.9,0.448,0,0,served,VEH057,1,2026-02-25-VEH057-T1,0.0
2026-02-25,ORD0093513,2026-02-25,OUT083,Fresh,fresh_dry,Kandy,Kandy,True,85.0,0.491,0,0,served,VEH057,1,2026-02-25-VEH057-T1,0.0
2026-02-25,ORD0093514,2026-02-25,OUT083,Fresh,fresh_chilled,Kandy,Kandy,True,127.4,0.689,0,0,served,VEH057,1,2026-02-25-VEH057-T1,0.0
2026-02-25,ORD0093515,2026-02-25,OUT084,Fresh,fresh_dry,Kandy,Kandy,False,291.9,1.494,0,0,served,VEH043,1,2026-02-25-VEH043-T1,0.0
2026-02-25,ORD0093516,2026-02-25,OUT084,Fresh,fresh_chilled,Kandy,Kandy,False,322.3,1.948,0,0,served,VEH043,1,2026-02-25-VEH043-T1,0.0
2026-02-25,ORD0093517,2026-02-25,OUT085,Fresh,fresh_dry,Kandy,Kandy,False,376.8,2.118,0,0,served,VEH043,1,2026-02-25-VEH043-T1,0.0
2026-02-25,ORD0093518,2026-02-25,OUT085,Fresh,fresh_chilled,Kandy,Kandy,False,482.4,2.469,0,0,served,VEH043,1,2026-02-25-VEH043-T1,0.0
2026-02-25,ORD0093519,2026-02-25,OUT086,Fresh,fresh_dry,Kandy,Kandy,False,252.6,1.349,0,0,served,VEH059,1,2026-02-25-VEH059-T1,0.0
2026-02-25,ORD0093520,2026-02-25,OUT087,Fresh,fresh_dry,Kandy,Kandy,False,247.1,1.504,0,0,served,VEH057,1,2026-02-25-VEH057-T1,0.0
2026-02-25,ORD0093521,2026-02-25,OUT087,Fresh,fresh_chilled,Kandy,Kandy,False,219.5,1.049,0,0,served,VEH057,1,2026-02-25-VEH057-T1,0.0
2026-02-25,ORD0093522,2026-02-25,OUT093,Tech,tech,Kandy,Kandy,True,201.1,0.699,0,0,served,VEH059,2,2026-02-25-VEH059-T2,0.0
2026-02-25,ORD0093523,2026-02-25,OUT094,Tech,tech,Kandy,Kandy,False,1732.8,5.577,0,0,served,VEH056,2,2026-02-25-VEH056-T2,0.0
2026-02-25,ORD0093524,2026-02-25,OUT095,Tech,tech,Kandy,Kandy,False,1460.3,4.914,0,0,served,VEH056,2,2026-02-25-VEH056-T2,0.0
2026-02-25,ORD0093525,2026-02-25,OUT096,Fresh,fresh_dry,Matale,Kandy,False,291.6,1.588,0,0,served,VEH052,2,2026-02-25-VEH052-T2,0.0
2026-02-25,ORD0093526,2026-02-25,OUT097,Fresh,fresh_dry,Matale,Kandy,False,513.3,2.843,0,0,served,VEH042,1,2026-02-25-VEH042-T1,0.0
2026-02-25,ORD0093527,2026-02-25,OUT097,Fresh,fresh_chilled,Matale,Kandy,False,450.3,2.466,0,0,served,VEH042,1,2026-02-25-VEH042-T1,0.0
2026-02-25,ORD0093528,2026-02-25,OUT098,Fresh,fresh_dry,Matale,Kandy,False,424.6,2.245,0,0,served,VEH052,2,2026-02-25-VEH052-T2,0.0
2026-02-25,ORD0093529,2026-02-25,OUT099,Fresh,fresh_dry,Matale,Kandy,False,397.1,2.076,0,0,served,VEH042,1,2026-02-25-VEH042-T1,0.0
2026-02-25,ORD0093530,2026-02-25,OUT099,Fresh,fresh_chilled,Matale,Kandy,False,273.1,1.458,0,0,served,VEH042,1,2026-02-25-VEH042-T1,0.0
2026-02-25,ORD0093531,2026-02-25,OUT100,Fresh,fresh_dry,Matale,Kandy,False,554.8,2.88,0,0,served,VEH042,1,2026-02-25-VEH042-T1,0.0
2026-02-25,ORD0093532,2026-02-25,OUT100,Fresh,fresh_chilled,Matale,Kandy,False,478.7,2.516,0,0,served,VEH042,1,2026-02-25-VEH042-T1,0.0
2026-02-25,ORD0093533,2026-02-25,OUT101,Fresh,fresh_dry,Matale,Kandy,False,353.2,1.822,0,0,served,VEH042,1,2026-02-25-VEH042-T1,0.0
2026-02-25,ORD0093534,2026-02-25,OUT101,Fresh,fresh_chilled,Matale,Kandy,False,419.7,2.268,0,0,served,VEH042,1,2026-02-25-VEH042-T1,0.0
2026-02-25,ORD0093535,2026-02-25,OUT104,Fresh,fresh_dry,Nuwara Eliya,Kandy,False,358.0,1.857,0,0,served,VEH048,1,2026-02-25-VEH048-T1,0.0
2026-02-25,ORD0093536,2026-02-25,OUT104,Fresh,fresh_chilled,Nuwara Eliya,Kandy,False,243.1,1.2,0,0,served,VEH040,1,2026-02-25-VEH040-T1,0.0
2026-02-25,ORD0093537,2026-02-25,OUT105,Fresh,fresh_dry,Nuwara Eliya,Kandy,False,328.7,1.56,0,0,served,VEH048,1,2026-02-25-VEH048-T1,0.0
2026-02-25,ORD0093538,2026-02-25,OUT105,Fresh,fresh_chilled,Nuwara Eliya,Kandy,False,233.2,1.431,0,0,served,VEH040,1,2026-02-25-VEH040-T1,0.0
2026-02-25,ORD0093539,2026-02-25,OUT106,Fresh,fresh_dry,Nuwara Eliya,Kandy,False,443.6,2.515,0,0,served,VEH040,1,2026-02-25-VEH040-T1,0.0
2026-02-25,ORD0093540,2026-02-25,OUT106,Fresh,fresh_chilled,Nuwara Eliya,Kandy,False,273.8,1.552,0,0,served,VEH040,1,2026-02-25-VEH040-T1,0.0
2026-02-25,ORD0093541,2026-02-25,OUT107,Fresh,fresh_dry,Nuwara Eliya,Kandy,False,370.8,2.005,0,0,served,VEH048,1,2026-02-25-VEH048-T1,0.0
2026-02-25,ORD0093542,2026-02-25,OUT107,Fresh,fresh_chilled,Nuwara Eliya,Kandy,False,294.6,1.507,0,0,served,VEH040,1,2026-02-25-VEH040-T1,0.0
2026-02-25,ORD0093543,2026-02-25,OUT108,Fresh,fresh_dry,Nuwara Eliya,Kandy,False,487.0,2.538,0,0,served,VEH048,1,2026-02-25-VEH048-T1,0.0
2026-02-25,ORD0093544,2026-02-25,OUT110,Fresh,fresh_dry,Badulla,Kandy,False,256.9,1.405,0,0,served,VEH056,1,2026-02-25-VEH056-T1,0.0
2026-02-25,ORD0093545,2026-02-25,OUT110,Fresh,fresh_chilled,Badulla,Kandy,False,337.0,1.718,0,0,served,VEH039,1,2026-02-25-VEH039-T1,0.0
2026-02-25,ORD0093546,2026-02-25,OUT111,Fresh,fresh_dry,Badulla,Kandy,False,150.8,0.823,0,0,served,VEH046,1,2026-02-25-VEH046-T1,0.0
2026-02-25,ORD0093547,2026-02-25,OUT111,Fresh,fresh_chilled,Badulla,Kandy,False,153.3,0.896,0,0,served,VEH041,1,2026-02-25-VEH041-T1,0.0
2026-02-25,ORD0093548,2026-02-25,OUT112,Fresh,fresh_dry,Badulla,Kandy,False,442.2,2.323,0,0,served,VEH046,1,2026-02-25-VEH046-T1,0.0
2026-02-25,ORD0093549,2026-02-25,OUT112,Fresh,fresh_chilled,Badulla,Kandy,False,369.8,1.909,0,0,served,VEH039,1,2026-02-25-VEH039-T1,0.0
2026-02-25,ORD0093550,2026-02-25,OUT113,Fresh,fresh_dry,Badulla,Kandy,False,492.8,2.639,0,0,served,VEH056,1,2026-02-25-VEH056-T1,0.0
2026-02-25,ORD0093551,2026-02-25,OUT113,Fresh,fresh_chilled,Badulla,Kandy,False,322.2,1.575,0,0,served,VEH041,1,2026-02-25-VEH041-T1,0.0
2026-02-25,ORD0093552,2026-02-25,OUT116,Fresh,fresh_dry,Kegalle,Kandy,False,469.7,2.454,0,0,served,VEH052,1,2026-02-25-VEH052-T1,0.0
2026-02-25,ORD0093553,2026-02-25,OUT116,Fresh,fresh_chilled,Kegalle,Kandy,False,223.4,1.175,0,0,served,VEH058,1,2026-02-25-VEH058-T1,0.0
2026-02-25,ORD0093554,2026-02-25,OUT117,Fresh,fresh_dry,Kegalle,Kandy,False,524.7,2.74,0,0,served,VEH057,2,2026-02-25-VEH057-T2,0.0
2026-02-25,ORD0093555,2026-02-25,OUT117,Fresh,fresh_chilled,Kegalle,Kandy,False,411.6,2.261,0,0,served,VEH058,1,2026-02-25-VEH058-T1,0.0
2026-02-25,ORD0093556,2026-02-25,OUT118,Fresh,fresh_dry,Kegalle,Kandy,False,1046.0,5.95,0,0,served,VEH052,1,2026-02-25-VEH052-T1,0.0
2026-02-25,ORD0093557,2026-02-25,OUT119,Fresh,fresh_dry,Kegalle,Kandy,False,356.6,1.757,0,0,served,VEH052,1,2026-02-25-VEH052-T1,0.0
2026-02-25,ORD0093558,2026-02-25,OUT119,Fresh,fresh_chilled,Kegalle,Kandy,False,469.5,2.372,0,0,served,VEH057,2,2026-02-25-VEH057-T2,0.0
2026-02-25,ORD0093559,2026-02-25,OUT120,Style,style,Kegalle,Kandy,False,1073.5,17.75,0,0,served,VEH046,2,2026-02-25-VEH046-T2,0.0
2026-02-26,ORD0093560,2026-02-26,OUT001,Fresh,fresh_dry,Colombo,Peliyagoda,True,92.5,0.46,0,0,served,VEH037,1,2026-02-26-VEH037-T1,0.0
2026-02-26,ORD0093561,2026-02-26,OUT001,Fresh,fresh_chilled,Colombo,Peliyagoda,True,88.5,0.515,0,0,served,VEH036,1,2026-02-26-VEH036-T1,0.0
2026-02-26,ORD0093562,2026-02-26,OUT002,Fresh,fresh_dry,Colombo,Peliyagoda,True,158.2,0.85,0,0,served,VEH036,1,2026-02-26-VEH036-T1,0.0
2026-02-26,ORD0093563,2026-02-26,OUT002,Fresh,fresh_chilled,Colombo,Peliyagoda,True,123.5,0.617,0,0,served,VEH036,1,2026-02-26-VEH036-T1,0.0
2026-02-26,ORD0093564,2026-02-26,OUT003,Fresh,fresh_dry,Colombo,Peliyagoda,True,138.9,0.705,0,0,served,VEH036,1,2026-02-26-VEH036-T1,0.0
2026-02-26,ORD0093565,2026-02-26,OUT003,Fresh,fresh_chilled,Colombo,Peliyagoda,True,67.3,0.371,0,0,served,VEH035,1,2026-02-26-VEH035-T1,0.0
2026-02-26,ORD0093566,2026-02-26,OUT004,Fresh,fresh_dry,Colombo,Peliyagoda,False,182.3,0.928,0,0,served,VEH037,1,2026-02-26-VEH037-T1,0.0
2026-02-26,ORD0093567,2026-02-26,OUT004,Fresh,fresh_chilled,Colombo,Peliyagoda,False,151.4,0.856,0,0,served,VEH035,1,2026-02-26-VEH035-T1,0.0
2026-02-26,ORD0093568,2026-02-26,OUT005,Fresh,fresh_dry,Colombo,Peliyagoda,False,607.2,3.109,0,0,served,VEH004,1,2026-02-26-VEH004-T1,0.0
2026-02-26,ORD0093569,2026-02-26,OUT005,Fresh,fresh_chilled,Colombo,Peliyagoda,False,511.7,2.521,0,0,served,VEH004,1,2026-02-26-VEH004-T1,0.0
2026-02-26,ORD0093570,2026-02-26,OUT006,Fresh,fresh_dry,Colombo,Peliyagoda,False,483.1,2.865,0,0,served,VEH027,1,2026-02-26-VEH027-T1,0.0
2026-02-26,ORD0093571,2026-02-26,OUT006,Fresh,fresh_chilled,Colombo,Peliyagoda,False,537.5,2.969,0,0,served,VEH035,1,2026-02-26-VEH035-T1,0.0
2026-02-26,ORD0093572,2026-02-26,OUT007,Fresh,fresh_dry,Colombo,Peliyagoda,False,684.5,3.539,0,0,served,VEH027,1,2026-02-26-VEH027-T1,0.0
2026-02-26,ORD0093573,2026-02-26,OUT008,Fresh,fresh_dry,Colombo,Peliyagoda,False,394.5,2.42,0,0,served,VEH027,1,2026-02-26-VEH027-T1,0.0
2026-02-26,ORD0093574,2026-02-26,OUT008,Fresh,fresh_chilled,Colombo,Peliyagoda,False,384.3,1.713,0,0,served,VEH004,1,2026-02-26-VEH004-T1,0.0
2026-02-26,ORD0093575,2026-02-26,OUT009,Fresh,fresh_dry,Colombo,Peliyagoda,False,388.2,2.009,0,0,served,VEH037,1,2026-02-26-VEH037-T1,0.0
2026-02-26,ORD0093576,2026-02-26,OUT009,Fresh,fresh_chilled,Colombo,Peliyagoda,False,259.0,1.481,0,0,served,VEH035,1,2026-02-26-VEH035-T1,0.0
2026-02-26,ORD0093577,2026-02-26,OUT010,Fresh,fresh_dry,Colombo,Peliyagoda,False,355.1,1.935,0,0,served,VEH037,1,2026-02-26-VEH037-T1,0.0
2026-02-26,ORD0093578,2026-02-26,OUT010,Fresh,fresh_chilled,Colombo,Peliyagoda,False,339.2,1.677,0,0,served,VEH036,1,2026-02-26-VEH036-T1,0.0
2026-02-26,ORD0093579,2026-02-26,OUT011,Fresh,fresh_dry,Colombo,Peliyagoda,False,409.8,2.385,0,0,served,VEH004,1,2026-02-26-VEH004-T1,0.0
2026-02-26,ORD0093580,2026-02-26,OUT011,Fresh,fresh_chilled,Colombo,Peliyagoda,False,376.9,2.107,0,0,served,VEH004,1,2026-02-26-VEH004-T1,0.0
2026-02-26,ORD0093581,2026-02-26,OUT012,Fresh,fresh_dry,Colombo,Peliyagoda,False,356.3,1.935,0,0,served,VEH027,1,2026-02-26-VEH027-T1,0.0
2026-02-26,ORD0093582,2026-02-26,OUT013,Fresh,fresh_dry,Colombo,Peliyagoda,False,707.9,3.665,0,0,served,VEH004,1,2026-02-26-VEH004-T1,0.0
2026-02-26,ORD0093583,2026-02-26,OUT013,Fresh,fresh_chilled,Colombo,Peliyagoda,False,450.8,2.365,0,0,served,VEH004,1,2026-02-26-VEH004-T1,0.0
2026-02-26,ORD0093584,2026-02-26,OUT014,Fresh,fresh_dry,Colombo,Peliyagoda,False,313.4,1.746,0,0,served,VEH027,1,2026-02-26-VEH027-T1,0.0
2026-02-26,ORD0093585,2026-02-26,OUT014,Fresh,fresh_chilled,Colombo,Peliyagoda,False,388.9,2.101,0,0,served,VEH004,1,2026-02-26-VEH004-T1,0.0
2026-02-26,ORD0093586,2026-02-26,OUT015,Style,style,Colombo,Peliyagoda,False,500.5,7.887,0,0,served,VEH016,2,2026-02-26-VEH016-T2,0.0
2026-02-26,ORD0093587,2026-02-26,OUT016,Style,style,Colombo,Peliyagoda,False,619.9,10.53,0,0,served,VEH015,2,2026-02-26-VEH015-T2,0.0
2026-02-26,ORD0093588,2026-02-26,OUT017,Style,style,Colombo,Peliyagoda,False,732.6,11.225,0,0,served,VEH015,2,2026-02-26-VEH015-T2,0.0
2026-02-26,ORD0093589,2026-02-26,OUT018,Style,style,Colombo,Peliyagoda,False,683.8,11.203,0,0,served,VEH017,2,2026-02-26-VEH017-T2,0.0
2026-02-26,ORD0093590,2026-02-26,OUT019,Style,style,Colombo,Peliyagoda,False,548.9,8.016,0,0,served,VEH038,2,2026-02-26-VEH038-T2,0.0
2026-02-26,ORD0093591,2026-02-26,OUT020,Style,style,Colombo,Peliyagoda,False,754.5,13.026,0,0,served,VEH016,2,2026-02-26-VEH016-T2,0.0
2026-02-26,ORD0093592,2026-02-26,OUT025,Fresh,fresh_dry,Gampaha,Peliyagoda,False,227.6,1.206,0,0,served,VEH017,1,2026-02-26-VEH017-T1,0.0
2026-02-26,ORD0093593,2026-02-26,OUT025,Fresh,fresh_chilled,Gampaha,Peliyagoda,False,161.2,0.892,0,0,served,VEH035,2,2026-02-26-VEH035-T2,0.0
2026-02-26,ORD0093594,2026-02-26,OUT026,Fresh,fresh_dry,Gampaha,Peliyagoda,False,386.6,2.19,0,0,served,VEH017,1,2026-02-26-VEH017-T1,0.0
2026-02-26,ORD0093595,2026-02-26,OUT026,Fresh,fresh_chilled,Gampaha,Peliyagoda,False,263.3,1.536,0,0,served,VEH035,2,2026-02-26-VEH035-T2,0.0
2026-02-26,ORD0093596,2026-02-26,OUT027,Fresh,fresh_dry,Gampaha,Peliyagoda,False,424.6,2.277,0,0,served,VEH017,1,2026-02-26-VEH017-T1,0.0
2026-02-26,ORD0093597,2026-02-26,OUT027,Fresh,fresh_chilled,Gampaha,Peliyagoda,False,348.1,1.848,0,0,served,VEH003,2,2026-02-26-VEH003-T2,0.0
2026-02-26,ORD0093598,2026-02-26,OUT028,Fresh,fresh_dry,Gampaha,Peliyagoda,False,404.2,2.25,0,0,served,VEH017,1,2026-02-26-VEH017-T1,0.0
2026-02-26,ORD0093599,2026-02-26,OUT029,Fresh,fresh_dry,Gampaha,Peliyagoda,False,427.3,2.37,0,0,served,VEH006,2,2026-02-26-VEH006-T2,0.0
2026-02-26,ORD0093600,2026-02-26,OUT030,Fresh,fresh_dry,Gampaha,Peliyagoda,False,382.6,2.244,0,0,served,VEH017,1,2026-02-26-VEH017-T1,0.0
2026-02-26,ORD0093601,2026-02-26,OUT030,Fresh,fresh_chilled,Gampaha,Peliyagoda,False,514.4,2.591,0,0,served,VEH003,2,2026-02-26-VEH003-T2,0.0
2026-02-26,ORD0093602,2026-02-26,OUT031,Fresh,fresh_dry,Gampaha,Peliyagoda,False,869.0,4.919,0,0,served,VEH017,1,2026-02-26-VEH017-T1,0.0
2026-02-26,ORD0093603,2026-02-26,OUT032,Fresh,fresh_dry,Gampaha,Peliyagoda,False,966.4,4.954,0,0,served,VEH006,2,2026-02-26-VEH006-T2,0.0
2026-02-26,ORD0093604,2026-02-26,OUT033,Fresh,fresh_dry,Gampaha,Peliyagoda,False,588.7,3.165,0,0,served,VEH017,1,2026-02-26-VEH017-T1,0.0
2026-02-26,ORD0093605,2026-02-26,OUT033,Fresh,fresh_chilled,Gampaha,Peliyagoda,False,456.7,2.39,0,0,served,VEH006,2,2026-02-26-VEH006-T2,0.0
2026-02-26,ORD0093606,2026-02-26,OUT034,Fresh,fresh_dry,Gampaha,Peliyagoda,False,456.1,2.177,0,0,served,VEH017,1,2026-02-26-VEH017-T1,0.0
2026-02-26,ORD0093607,2026-02-26,OUT034,Fresh,fresh_chilled,Gampaha,Peliyagoda,False,452.5,2.55,0,0,served,VEH035,2,2026-02-26-VEH035-T2,0.0
2026-02-26,ORD0093608,2026-02-26,OUT040,Fresh,fresh_dry,Kalutara,Peliyagoda,False,666.5,3.685,0,0,served,VEH015,1,2026-02-26-VEH015-T1,0.0
2026-02-26,ORD0093609,2026-02-26,OUT041,Fresh,fresh_dry,Kalutara,Peliyagoda,False,462.6,2.457,0,0,served,VEH006,1,2026-02-26-VEH006-T1,0.0
2026-02-26,ORD0093610,2026-02-26,OUT041,Fresh,fresh_chilled,Kalutara,Peliyagoda,False,319.3,1.67,0,0,served,VEH006,1,2026-02-26-VEH006-T1,0.0
2026-02-26,ORD0093611,2026-02-26,OUT042,Fresh,fresh_dry,Kalutara,Peliyagoda,False,1101.8,5.102,0,0,served,VEH015,1,2026-02-26-VEH015-T1,0.0
2026-02-26,ORD0093612,2026-02-26,OUT042,Fresh,fresh_chilled,Kalutara,Peliyagoda,False,1060.3,4.784,0,0,served,VEH006,1,2026-02-26-VEH006-T1,0.0
2026-02-26,ORD0093613,2026-02-26,OUT043,Fresh,fresh_dry,Kalutara,Peliyagoda,False,238.2,1.288,0,0,served,VEH015,1,2026-02-26-VEH015-T1,0.0
2026-02-26,ORD0093614,2026-02-26,OUT043,Fresh,fresh_chilled,Kalutara,Peliyagoda,False,294.7,1.544,0,0,served,VEH003,1,2026-02-26-VEH003-T1,0.0
2026-02-26,ORD0093615,2026-02-26,OUT044,Fresh,fresh_dry,Kalutara,Peliyagoda,False,311.4,1.874,0,0,served,VEH015,1,2026-02-26-VEH015-T1,0.0
2026-02-26,ORD0093616,2026-02-26,OUT045,Fresh,fresh_dry,Kalutara,Peliyagoda,False,268.8,1.544,0,0,served,VEH015,1,2026-02-26-VEH015-T1,0.0
2026-02-26,ORD0093617,2026-02-26,OUT045,Fresh,fresh_chilled,Kalutara,Peliyagoda,False,326.3,1.78,0,0,served,VEH003,1,2026-02-26-VEH003-T1,0.0
2026-02-26,ORD0093618,2026-02-26,OUT046,Fresh,fresh_dry,Kalutara,Peliyagoda,False,253.8,1.413,0,0,served,VEH015,1,2026-02-26-VEH015-T1,0.0
2026-02-26,ORD0093619,2026-02-26,OUT046,Fresh,fresh_chilled,Kalutara,Peliyagoda,False,239.8,1.326,0,0,served,VEH003,1,2026-02-26-VEH003-T1,0.0
2026-02-26,ORD0093620,2026-02-26,OUT050,Fresh,fresh_dry,Galle,Peliyagoda,False,331.7,1.916,0,0,served,VEH016,1,2026-02-26-VEH016-T1,0.0
2026-02-26,ORD0093621,2026-02-26,OUT050,Fresh,fresh_chilled,Galle,Peliyagoda,False,477.3,2.583,0,0,served,VEH005,1,2026-02-26-VEH005-T1,0.0
2026-02-26,ORD0093622,2026-02-26,OUT051,Fresh,fresh_dry,Galle,Peliyagoda,False,175.6,1.066,0,0,served,VEH016,1,2026-02-26-VEH016-T1,0.0
2026-02-26,ORD0093623,2026-02-26,OUT051,Fresh,fresh_chilled,Galle,Peliyagoda,False,180.6,0.944,0,0,served,VEH005,1,2026-02-26-VEH005-T1,0.0
2026-02-26,ORD0093624,2026-02-26,OUT052,Fresh,fresh_dry,Galle,Peliyagoda,False,486.3,2.563,0,0,served,VEH016,1,2026-02-26-VEH016-T1,0.0
2026-02-26,ORD0093625,2026-02-26,OUT052,Fresh,fresh_chilled,Galle,Peliyagoda,False,460.7,2.571,0,0,served,VEH005,1,2026-02-26-VEH005-T1,0.0
2026-02-26,ORD0093626,2026-02-26,OUT053,Fresh,fresh_dry,Galle,Peliyagoda,False,229.5,1.215,0,0,served,VEH005,1,2026-02-26-VEH005-T1,0.0
2026-02-26,ORD0093627,2026-02-26,OUT053,Fresh,fresh_chilled,Galle,Peliyagoda,False,239.8,1.166,0,0,served,VEH005,1,2026-02-26-VEH005-T1,0.0
2026-02-26,ORD0093628,2026-02-26,OUT054,Fresh,fresh_dry,Galle,Peliyagoda,False,746.9,4.295,0,0,served,VEH016,1,2026-02-26-VEH016-T1,0.0
2026-02-26,ORD0093629,2026-02-26,OUT054,Fresh,fresh_chilled,Galle,Peliyagoda,False,722.4,4.184,0,0,served,VEH005,1,2026-02-26-VEH005-T1,0.0
2026-02-26,ORD0093630,2026-02-26,OUT055,Fresh,fresh_dry,Galle,Peliyagoda,False,506.0,2.731,0,0,served,VEH016,1,2026-02-26-VEH016-T1,0.0
2026-02-26,ORD0093631,2026-02-26,OUT055,Fresh,fresh_chilled,Galle,Peliyagoda,False,298.3,1.632,0,0,served,VEH005,1,2026-02-26-VEH005-T1,0.0
2026-02-26,ORD0093632,2026-02-26,OUT059,Fresh,fresh_dry,Matara,Peliyagoda,False,372.1,2.083,0,0,served,VEH001,1,2026-02-26-VEH001-T1,0.0
2026-02-26,ORD0093633,2026-02-26,OUT059,Fresh,fresh_chilled,Matara,Peliyagoda,False,402.1,2.162,0,0,served,VEH001,1,2026-02-26-VEH001-T1,0.0
2026-02-26,ORD0093634,2026-02-26,OUT060,Fresh,fresh_dry,Matara,Peliyagoda,False,422.2,2.371,0,0,served,VEH025,1,2026-02-26-VEH025-T1,0.0
2026-02-26,ORD0093635,2026-02-26,OUT060,Fresh,fresh_chilled,Matara,Peliyagoda,False,483.0,2.719,0,0,served,VEH001,1,2026-02-26-VEH001-T1,0.0
2026-02-26,ORD0093636,2026-02-26,OUT061,Fresh,fresh_dry,Matara,Peliyagoda,False,377.0,2.167,0,0,served,VEH025,1,2026-02-26-VEH025-T1,0.0
2026-02-26,ORD0093637,2026-02-26,OUT061,Fresh,fresh_chilled,Matara,Peliyagoda,False,296.7,1.688,0,0,served,VEH001,1,2026-02-26-VEH001-T1,0.0
2026-02-26,ORD0093638,2026-02-26,OUT062,Fresh,fresh_dry,Matara,Peliyagoda,False,509.8,2.736,0,0,served,VEH025,1,2026-02-26-VEH025-T1,0.0
2026-02-26,ORD0093639,2026-02-26,OUT062,Fresh,fresh_chilled,Matara,Peliyagoda,False,450.9,2.323,0,0,served,VEH001,1,2026-02-26-VEH001-T1,0.0
2026-02-26,ORD0093640,2026-02-26,OUT065,Fresh,fresh_dry,Kurunegala,Peliyagoda,False,485.3,2.57,0,0,served,VEH034,1,2026-02-26-VEH034-T1,0.0
2026-02-26,ORD0093641,2026-02-26,OUT065,Fresh,fresh_chilled,Kurunegala,Peliyagoda,False,514.2,2.752,0,0,served,VEH007,1,2026-02-26-VEH007-T1,0.0
2026-02-26,ORD0093642,2026-02-26,OUT066,Fresh,fresh_dry,Kurunegala,Peliyagoda,False,302.9,1.583,0,0,served,VEH034,1,2026-02-26-VEH034-T1,0.0
2026-02-26,ORD0093643,2026-02-26,OUT066,Fresh,fresh_chilled,Kurunegala,Peliyagoda,False,360.7,2.021,0,0,served,VEH007,1,2026-02-26-VEH007-T1,0.0
2026-02-26,ORD0093644,2026-02-26,OUT067,Fresh,fresh_dry,Kurunegala,Peliyagoda,False,325.7,1.825,0,0,served,VEH007,1,2026-02-26-VEH007-T1,0.0
2026-02-26,ORD0093645,2026-02-26,OUT067,Fresh,fresh_chilled,Kurunegala,Peliyagoda,False,452.9,2.51,0,0,served,VEH007,1,2026-02-26-VEH007-T1,0.0
2026-02-26,ORD0093646,2026-02-26,OUT068,Fresh,fresh_dry,Kurunegala,Peliyagoda,False,363.2,1.89,0,0,served,VEH034,1,2026-02-26-VEH034-T1,0.0
2026-02-26,ORD0093647,2026-02-26,OUT069,Fresh,fresh_dry,Kurunegala,Peliyagoda,False,433.1,2.268,0,0,served,VEH034,1,2026-02-26-VEH034-T1,0.0
2026-02-26,ORD0093648,2026-02-26,OUT073,Fresh,fresh_dry,Puttalam,Peliyagoda,False,522.3,2.357,0,0,served,VEH002,1,2026-02-26-VEH002-T1,0.0
2026-02-26,ORD0093649,2026-02-26,OUT073,Fresh,fresh_chilled,Puttalam,Peliyagoda,False,363.7,2.28,0,0,served,VEH002,1,2026-02-26-VEH002-T1,0.0
2026-02-26,ORD0093650,2026-02-26,OUT074,Fresh,fresh_dry,Puttalam,Peliyagoda,False,343.5,1.918,0,0,served,VEH038,1,2026-02-26-VEH038-T1,0.0
2026-02-26,ORD0093651,2026-02-26,OUT074,Fresh,fresh_chilled,Puttalam,Peliyagoda,False,404.7,2.196,0,0,served,VEH002,1,2026-02-26-VEH002-T1,0.0
2026-02-26,ORD0093652,2026-02-26,OUT075,Fresh,fresh_dry,Puttalam,Peliyagoda,False,193.6,0.934,0,0,served,VEH038,1,2026-02-26-VEH038-T1,0.0
2026-02-26,ORD0093653,2026-02-26,OUT076,Fresh,fresh_dry,Kandy,Kandy,True,156.9,0.78,0,0,served,VEH060,1,2026-02-26-VEH060-T1,0.0
2026-02-26,ORD0093654,2026-02-26,OUT076,Fresh,fresh_chilled,Kandy,Kandy,True,182.0,0.942,0,0,served,VEH058,1,2026-02-26-VEH058-T1,0.0
2026-02-26,ORD0093655,2026-02-26,OUT077,Fresh,fresh_dry,Kandy,Kandy,True,136.0,0.685,0,0,served,VEH060,1,2026-02-26-VEH060-T1,0.0
2026-02-26,ORD0093656,2026-02-26,OUT077,Fresh,fresh_chilled,Kandy,Kandy,True,126.7,0.709,0,0,served,VEH058,1,2026-02-26-VEH058-T1,0.0
2026-02-26,ORD0093657,2026-02-26,OUT078,Fresh,fresh_dry,Kandy,Kandy,True,186.2,1.012,0,0,served,VEH060,1,2026-02-26-VEH060-T1,0.0
2026-02-26,ORD0093658,2026-02-26,OUT078,Fresh,fresh_chilled,Kandy,Kandy,True,136.7,0.82,0,0,served,VEH058,1,2026-02-26-VEH058-T1,0.0
2026-02-26,ORD0093659,2026-02-26,OUT079,Fresh,fresh_dry,Kandy,Kandy,True,190.4,0.915,0,0,served,VEH060,1,2026-02-26-VEH060-T1,0.0
2026-02-26,ORD0093660,2026-02-26,OUT079,Fresh,fresh_chilled,Kandy,Kandy,True,120.8,0.636,0,0,served,VEH058,1,2026-02-26-VEH058-T1,0.0
2026-02-26,ORD0093661,2026-02-26,OUT080,Fresh,fresh_dry,Kandy,Kandy,True,204.1,0.967,0,0,served,VEH059,1,2026-02-26-VEH059-T1,0.0
2026-02-26,ORD0093662,2026-02-26,OUT080,Fresh,fresh_chilled,Kandy,Kandy,True,130.2,0.587,0,0,served,VEH058,1,2026-02-26-VEH058-T1,0.0
2026-02-26,ORD0093663,2026-02-26,OUT081,Fresh,fresh_dry,Kandy,Kandy,True,167.7,0.911,0,0,served,VEH060,1,2026-02-26-VEH060-T1,0.0
2026-02-26,ORD0093664,2026-02-26,OUT081,Fresh,fresh_chilled,Kandy,Kandy,True,189.3,1.052,0,0,served,VEH058,1,2026-02-26-VEH058-T1,0.0
2026-02-26,ORD0093665,2026-02-26,OUT082,Fresh,fresh_dry,Kandy,Kandy,True,180.7,0.939,0,0,served,VEH058,2,2026-02-26-VEH058-T2,0.0
2026-02-26,ORD0093666,2026-02-26,OUT082,Fresh,fresh_chilled,Kandy,Kandy,True,96.9,0.495,0,0,served,VEH058,1,2026-02-26-VEH058-T1,0.0
2026-02-26,ORD0093667,2026-02-26,OUT083,Fresh,fresh_dry,Kandy,Kandy,True,113.3,0.612,0,0,served,VEH059,1,2026-02-26-VEH059-T1,0.0
2026-02-26,ORD0093668,2026-02-26,OUT084,Fresh,fresh_dry,Kandy,Kandy,False,331.1,1.827,0,0,served,VEH058,2,2026-02-26-VEH058-T2,0.0
2026-02-26,ORD0093669,2026-02-26,OUT084,Fresh,fresh_chilled,Kandy,Kandy,False,209.6,1.222,0,0,served,VEH058,2,2026-02-26-VEH058-T2,0.0
2026-02-26,ORD0093670,2026-02-26,OUT085,Fresh,fresh_dry,Kandy,Kandy,False,478.9,2.554,0,0,served,VEH059,1,2026-02-26-VEH059-T1,0.0
2026-02-26,ORD0093671,2026-02-26,OUT086,Fresh,fresh_dry,Kandy,Kandy,False,283.2,1.491,0,0,served,VEH060,1,2026-02-26-VEH060-T1,0.0
2026-02-26,ORD0093672,2026-02-26,OUT087,Fresh,fresh_dry,Kandy,Kandy,False,375.4,1.941,0,0,served,VEH059,1,2026-02-26-VEH059-T1,0.0
2026-02-26,ORD0093673,2026-02-26,OUT087,Fresh,fresh_chilled,Kandy,Kandy,False,299.7,1.673,0,0,served,VEH058,2,2026-02-26-VEH058-T2,0.0
2026-02-26,ORD0093674,2026-02-26,OUT088,Style,style,Kandy,Kandy,True,209.6,3.28,0,0,served,VEH060,2,2026-02-26-VEH060-T2,0.0
2026-02-26,ORD0093675,2026-02-26,OUT089,Style,style,Kandy,Kandy,False,459.8,7.179,0,0,served,VEH046,2,2026-02-26-VEH046-T2,0.0
2026-02-26,ORD0093676,2026-02-26,OUT090,Style,style,Kandy,Kandy,False,431.6,6.246,0,0,served,VEH057,2,2026-02-26-VEH057-T2,0.0
2026-02-26,ORD0093677,2026-02-26,OUT091,Style,style,Kandy,Kandy,False,385.7,6.037,0,0,served,VEH046,2,2026-02-26-VEH046-T2,0.0
2026-02-26,ORD0093678,2026-02-26,OUT092,Style,style,Kandy,Kandy,False,449.6,8.485,0,0,served,VEH046,2,2026-02-26-VEH046-T2,0.0
2026-02-26,ORD0093679,2026-02-26,OUT093,Tech,tech,Kandy,Kandy,True,202.7,0.682,0,0,served,VEH059,2,2026-02-26-VEH059-T2,0.0
2026-02-26,ORD0093680,2026-02-26,OUT095,Tech,tech,Kandy,Kandy,False,973.3,3.124,0,0,served,VEH059,2,2026-02-26-VEH059-T2,0.0
2026-02-26,ORD0093681,2026-02-26,OUT096,Fresh,fresh_dry,Matale,Kandy,False,263.9,1.356,0,0,served,VEH040,1,2026-02-26-VEH040-T1,0.0
2026-02-26,ORD0093682,2026-02-26,OUT096,Fresh,fresh_chilled,Matale,Kandy,False,126.1,0.79,0,0,served,VEH040,1,2026-02-26-VEH040-T1,0.0
2026-02-26,ORD0093683,2026-02-26,OUT097,Fresh,fresh_dry,Matale,Kandy,False,642.1,3.5,0,0,served,VEH040,1,2026-02-26-VEH040-T1,0.0
2026-02-26,ORD0093684,2026-02-26,OUT097,Fresh,fresh_chilled,Matale,Kandy,False,630.9,3.286,0,0,served,VEH040,1,2026-02-26-VEH040-T1,0.0
2026-02-26,ORD0093685,2026-02-26,OUT098,Fresh,fresh_dry,Matale,Kandy,False,504.7,2.872,0,0,served,VEH040,1,2026-02-26-VEH040-T1,0.0
2026-02-26,ORD0093686,2026-02-26,OUT099,Fresh,fresh_dry,Matale,Kandy,False,605.3,3.165,0,0,served,VEH040,1,2026-02-26-VEH040-T1,0.0
2026-02-26,ORD0093687,2026-02-26,OUT100,Fresh,fresh_dry,Matale,Kandy,False,652.7,3.419,0,0,served,VEH040,1,2026-02-26-VEH040-T1,0.0
2026-02-26,ORD0093688,2026-02-26,OUT100,Fresh,fresh_chilled,Matale,Kandy,False,642.7,3.452,0,0,served,VEH040,1,2026-02-26-VEH040-T1,0.0
2026-02-26,ORD0093689,2026-02-26,OUT101,Fresh,fresh_dry,Matale,Kandy,False,415.8,2.17,0,0,served,VEH040,1,2026-02-26-VEH040-T1,0.0
2026-02-26,ORD0093690,2026-02-26,OUT104,Fresh,fresh_dry,Nuwara Eliya,Kandy,False,421.8,2.206,0,0,served,VEH052,1,2026-02-26-VEH052-T1,0.0
2026-02-26,ORD0093691,2026-02-26,OUT105,Fresh,fresh_dry,Nuwara Eliya,Kandy,False,339.1,1.732,0,0,served,VEH052,1,2026-02-26-VEH052-T1,0.0
2026-02-26,ORD0093692,2026-02-26,OUT106,Fresh,fresh_dry,Nuwara Eliya,Kandy,False,364.8,1.793,0,0,served,VEH039,1,2026-02-26-VEH039-T1,0.0
2026-02-26,ORD0093693,2026-02-26,OUT106,Fresh,fresh_chilled,Nuwara Eliya,Kandy,False,332.1,1.694,0,0,served,VEH039,1,2026-02-26-VEH039-T1,0.0
2026-02-26,ORD0093694,2026-02-26,OUT107,Fresh,fresh_dry,Nuwara Eliya,Kandy,False,481.7,2.505,0,0,served,VEH039,1,2026-02-26-VEH039-T1,0.0
2026-02-26,ORD0093695,2026-02-26,OUT107,Fresh,fresh_chilled,Nuwara Eliya,Kandy,False,332.1,1.724,0,0,served,VEH039,1,2026-02-26-VEH039-T1,0.0
2026-02-26,ORD0093696,2026-02-26,OUT108,Fresh,fresh_dry,Nuwara Eliya,Kandy,False,492.1,2.848,0,0,served,VEH052,1,2026-02-26-VEH052-T1,0.0
2026-02-26,ORD0093697,2026-02-26,OUT108,Fresh,fresh_chilled,Nuwara Eliya,Kandy,False,360.1,1.843,0,0,served,VEH039,1,2026-02-26-VEH039-T1,0.0
2026-02-26,ORD0093698,2026-02-26,OUT110,Fresh,fresh_dry,Badulla,Kandy,False,318.2,1.569,0,0,served,VEH046,1,2026-02-26-VEH046-T1,0.0
2026-02-26,ORD0093699,2026-02-26,OUT110,Fresh,fresh_chilled,Badulla,Kandy,False,268.8,1.424,0,0,served,VEH057,1,2026-02-26-VEH057-T1,0.0
2026-02-26,ORD0093700,2026-02-26,OUT111,Fresh,fresh_dry,Badulla,Kandy,False,276.2,1.4,0,0,served,VEH056,1,2026-02-26-VEH056-T1,0.0
2026-02-26,ORD0093701,2026-02-26,OUT111,Fresh,fresh_chilled,Badulla,Kandy,False,157.6,0.865,0,0,served,VEH057,1,2026-02-26-VEH057-T1,0.0
2026-02-26,ORD0093702,2026-02-26,OUT112,Fresh,fresh_dry,Badulla,Kandy,False,546.3,2.916,0,0,served,VEH041,1,2026-02-26-VEH041-T1,0.0
2026-02-26,ORD0093703,2026-02-26,OUT113,Fresh,fresh_dry,Badulla,Kandy,False,469.6,2.91,0,0,served,VEH056,1,2026-02-26-VEH056-T1,0.0
2026-02-26,ORD0093704,2026-02-26,OUT113,Fresh,fresh_chilled,Badulla,Kandy,False,362.2,1.931,0,0,served,VEH041,1,2026-02-26-VEH041-T1,0.0
2026-02-26,ORD0093705,2026-02-26,OUT116,Fresh,fresh_dry,Kegalle,Kandy,False,447.2,2.244,0,0,served,VEH042,1,2026-02-26-VEH042-T1,0.0
2026-02-26,ORD0093706,2026-02-26,OUT117,Fresh,fresh_dry,Kegalle,Kandy,False,612.3,3.057,0,0,served,VEH042,1,2026-02-26-VEH042-T1,0.0
2026-02-26,ORD0093707,2026-02-26,OUT117,Fresh,fresh_chilled,Kegalle,Kandy,False,492.5,2.754,0,0,served,VEH042,1,2026-02-26-VEH042-T1,0.0
2026-02-26,ORD0093708,2026-02-26,OUT118,Fresh,fresh_dry,Kegalle,Kandy,False,1027.0,4.725,0,0,served,VEH042,1,2026-02-26-VEH042-T1,0.0
2026-02-26,ORD0093709,2026-02-26,OUT118,Fresh,fresh_chilled,Kegalle,Kandy,False,608.6,3.455,0,0,served,VEH042,1,2026-02-26-VEH042-T1,0.0
2026-02-26,ORD0093710,2026-02-26,OUT119,Fresh,fresh_dry,Kegalle,Kandy,False,482.3,2.774,0,0,served,VEH042,1,2026-02-26-VEH042-T1,0.0
2026-02-26,ORD0093711,2026-02-26,OUT119,Fresh,fresh_chilled,Kegalle,Kandy,False,465.9,2.409,0,0,served,VEH042,1,2026-02-26-VEH042-T1,0.0
2026-02-27,ORD0093712,2026-02-27,OUT001,Fresh,fresh_dry,Colombo,Peliyagoda,True,103.1,0.621,0,0,served,VEH038,1,2026-02-27-VEH038-T1,0.0
2026-02-27,ORD0093713,2026-02-27,OUT001,Fresh,fresh_chilled,Colombo,Peliyagoda,True,115.9,0.583,0,0,served,VEH036,1,2026-02-27-VEH036-T1,0.0
2026-02-27,ORD0093714,2026-02-27,OUT002,Fresh,fresh_dry,Colombo,Peliyagoda,True,102.3,0.537,0,0,served,VEH036,1,2026-02-27-VEH036-T1,0.0
2026-02-27,ORD0093715,2026-02-27,OUT002,Fresh,fresh_chilled,Colombo,Peliyagoda,True,128.0,0.721,0,0,served,VEH036,1,2026-02-27-VEH036-T1,0.0
2026-02-27,ORD0093716,2026-02-27,OUT003,Fresh,fresh_dry,Colombo,Peliyagoda,True,130.3,0.751,0,0,served,VEH036,1,2026-02-27-VEH036-T1,0.0
2026-02-27,ORD0093717,2026-02-27,OUT003,Fresh,fresh_chilled,Colombo,Peliyagoda,True,100.8,0.558,0,0,served,VEH036,1,2026-02-27-VEH036-T1,0.0
2026-02-27,ORD0093718,2026-02-27,OUT004,Fresh,fresh_dry,Colombo,Peliyagoda,False,259.9,1.443,0,0,served,VEH036,1,2026-02-27-VEH036-T1,0.0
2026-02-27,ORD0093719,2026-02-27,OUT004,Fresh,fresh_chilled,Colombo,Peliyagoda,False,141.8,0.801,0,0,served,VEH036,1,2026-02-27-VEH036-T1,0.0
2026-02-27,ORD0093720,2026-02-27,OUT005,Fresh,fresh_dry,Colombo,Peliyagoda,False,735.2,4.072,0,0,served,VEH004,1,2026-02-27-VEH004-T1,0.0
2026-02-27,ORD0093721,2026-02-27,OUT005,Fresh,fresh_chilled,Colombo,Peliyagoda,False,579.1,3.224,0,0,served,VEH004,1,2026-02-27-VEH004-T1,0.0
2026-02-27,ORD0093722,2026-02-27,OUT006,Fresh,fresh_dry,Colombo,Peliyagoda,False,758.4,4.223,0,0,served,VEH018,1,2026-02-27-VEH018-T1,0.0
2026-02-27,ORD0093723,2026-02-27,OUT007,Fresh,fresh_dry,Colombo,Peliyagoda,False,1051.3,5.585,0,0,served,VEH004,1,2026-02-27-VEH004-T1,0.0
2026-02-27,ORD0093724,2026-02-27,OUT007,Fresh,fresh_chilled,Colombo,Peliyagoda,False,611.4,3.131,0,0,served,VEH004,1,2026-02-27-VEH004-T1,0.0
2026-02-27,ORD0093725,2026-02-27,OUT008,Fresh,fresh_dry,Colombo,Peliyagoda,False,394.0,2.155,0,0,served,VEH018,1,2026-02-27-VEH018-T1,0.0
2026-02-27,ORD0093726,2026-02-27,OUT008,Fresh,fresh_chilled,Colombo,Peliyagoda,False,304.5,1.589,0,0,served,VEH004,1,2026-02-27-VEH004-T1,0.0
2026-02-27,ORD0093727,2026-02-27,OUT009,Fresh,fresh_dry,Colombo,Peliyagoda,False,426.6,2.522,0,0,served,VEH004,1,2026-02-27-VEH004-T1,0.0
2026-02-27,ORD0093728,2026-02-27,OUT009,Fresh,fresh_chilled,Colombo,Peliyagoda,False,369.8,2.171,0,0,served,VEH004,1,2026-02-27-VEH004-T1,0.0
2026-02-27,ORD0093729,2026-02-27,OUT010,Fresh,fresh_dry,Colombo,Peliyagoda,False,496.5,2.731,0,0,served,VEH018,1,2026-02-27-VEH018-T1,0.0
2026-02-27,ORD0093730,2026-02-27,OUT011,Fresh,fresh_dry,Colombo,Peliyagoda,False,516.2,2.757,0,0,served,VEH038,1,2026-02-27-VEH038-T1,0.0
2026-02-27,ORD0093731,2026-02-27,OUT012,Fresh,fresh_dry,Colombo,Peliyagoda,False,374.1,2.063,0,0,served,VEH018,1,2026-02-27-VEH018-T1,0.0
2026-02-27,ORD0093732,2026-02-27,OUT013,Fresh,fresh_dry,Colombo,Peliyagoda,False,856.5,4.406,0,0,served,VEH004,1,2026-02-27-VEH004-T1,0.0
2026-02-27,ORD0093733,2026-02-27,OUT013,Fresh,fresh_chilled,Colombo,Peliyagoda,False,681.9,3.447,0,0,served,VEH004,1,2026-02-27-VEH004-T1,0.0
2026-02-27,ORD0093734,2026-02-27,OUT014,Fresh,fresh_dry,Colombo,Peliyagoda,False,351.6,1.858,0,0,served,VEH038,1,2026-02-27-VEH038-T1,0.0
2026-02-27,ORD0093735,2026-02-27,OUT021,Tech,tech,Colombo,Peliyagoda,False,1600.8,4.915,0,0,served,VEH025,2,2026-02-27-VEH025-T2,0.0
2026-02-27,ORD0093736,2026-02-27,OUT022,Tech,tech,Colombo,Peliyagoda,False,583.5,1.884,0,0,served,VEH025,2,2026-02-27-VEH025-T2,0.0
2026-02-27,ORD0093737,2026-02-27,OUT023,Tech,tech,Colombo,Peliyagoda,False,1608.2,5.224,0,0,served,VEH025,2,2026-02-27-VEH025-T2,0.0
2026-02-27,ORD0093738,2026-02-27,OUT025,Fresh,fresh_dry,Gampaha,Peliyagoda,False,380.7,1.827,0,0,served,VEH008,1,2026-02-27-VEH008-T1,0.0
2026-02-27,ORD0093739,2026-02-27,OUT026,Fresh,fresh_dry,Gampaha,Peliyagoda,False,420.8,2.213,0,0,served,VEH005,1,2026-02-27-VEH005-T1,0.0
2026-02-27,ORD0093740,2026-02-27,OUT026,Fresh,fresh_chilled,Gampaha,Peliyagoda,False,304.8,1.644,0,0,served,VEH005,1,2026-02-27-VEH005-T1,0.0
2026-02-27,ORD0093741,2026-02-27,OUT027,Fresh,fresh_dry,Gampaha,Peliyagoda,False,504.0,2.897,0,0,served,VEH038,2,2026-02-27-VEH038-T2,0.0
2026-02-27,ORD0093742,2026-02-27,OUT028,Fresh,fresh_dry,Gampaha,Peliyagoda,False,532.7,2.693,0,0,served,VEH005,1,2026-02-27-VEH005-T1,0.0
2026-02-27,ORD0093743,2026-02-27,OUT028,Fresh,fresh_chilled,Gampaha,Peliyagoda,False,462.0,2.381,0,0,served,VEH005,1,2026-02-27-VEH005-T1,0.0
2026-02-27,ORD0093744,2026-02-27,OUT029,Fresh,fresh_dry,Gampaha,Peliyagoda,False,449.0,2.129,0,0,served,VEH008,1,2026-02-27-VEH008-T1,0.0
2026-02-27,ORD0093745,2026-02-27,OUT029,Fresh,fresh_chilled,Gampaha,Peliyagoda,False,411.4,2.356,0,0,served,VEH005,1,2026-02-27-VEH005-T1,0.0
2026-02-27,ORD0093746,2026-02-27,OUT030,Fresh,fresh_dry,Gampaha,Peliyagoda,False,651.7,3.074,0,0,served,VEH005,1,2026-02-27-VEH005-T1,0.0
2026-02-27,ORD0093747,2026-02-27,OUT030,Fresh,fresh_chilled,Gampaha,Peliyagoda,False,446.4,2.489,0,0,served,VEH005,1,2026-02-27-VEH005-T1,0.0
2026-02-27,ORD0093748,2026-02-27,OUT031,Fresh,fresh_dry,Gampaha,Peliyagoda,False,1248.6,7.502,0,0,served,VEH008,1,2026-02-27-VEH008-T1,0.0
2026-02-27,ORD0093749,2026-02-27,OUT032,Fresh,fresh_dry,Gampaha,Peliyagoda,False,1236.3,6.065,0,0,served,VEH008,1,2026-02-27-VEH008-T1,0.0
2026-02-27,ORD0093750,2026-02-27,OUT032,Fresh,fresh_chilled,Gampaha,Peliyagoda,False,985.0,5.657,0,0,served,VEH005,1,2026-02-27-VEH005-T1,0.0
2026-02-27,ORD0093751,2026-02-27,OUT033,Fresh,fresh_dry,Gampaha,Peliyagoda,False,478.5,2.714,0,0,served,VEH038,2,2026-02-27-VEH038-T2,0.0
2026-02-27,ORD0093752,2026-02-27,OUT034,Fresh,fresh_dry,Gampaha,Peliyagoda,False,463.8,2.657,0,0,served,VEH005,1,2026-02-27-VEH005-T1,0.0
2026-02-27,ORD0093753,2026-02-27,OUT034,Fresh,fresh_chilled,Gampaha,Peliyagoda,False,495.3,2.644,0,0,served,VEH005,1,2026-02-27-VEH005-T1,0.0
2026-02-27,ORD0093754,2026-02-27,OUT038,Tech,tech,Gampaha,Peliyagoda,False,1946.4,6.619,0,0,served,VEH027,2,2026-02-27-VEH027-T2,0.0
2026-02-27,ORD0093755,2026-02-27,OUT039,Tech,tech,Gampaha,Peliyagoda,False,884.7,2.954,0,0,served,VEH027,2,2026-02-27-VEH027-T2,0.0
2026-02-27,ORD0093756,2026-02-27,OUT040,Fresh,fresh_dry,Kalutara,Peliyagoda,False,848.9,4.353,0,0,served,VEH025,1,2026-02-27-VEH025-T1,0.0
2026-02-27,ORD0093757,2026-02-27,OUT041,Fresh,fresh_dry,Kalutara,Peliyagoda,False,444.2,2.523,0,0,served,VEH025,1,2026-02-27-VEH025-T1,0.0
2026-02-27,ORD0093758,2026-02-27,OUT042,Fresh,fresh_dry,Kalutara,Peliyagoda,False,948.6,4.979,0,0,served,VEH025,1,2026-02-27-VEH025-T1,0.0
2026-02-27,ORD0093759,2026-02-27,OUT043,Fresh,fresh_dry,Kalutara,Peliyagoda,False,298.3,1.566,0,0,served,VEH001,1,2026-02-27-VEH001-T1,0.0
2026-02-27,ORD0093760,2026-02-27,OUT043,Fresh,fresh_chilled,Kalutara,Peliyagoda,False,327.4,1.766,0,0,served,VEH001,1,2026-02-27-VEH001-T1,0.0
2026-02-27,ORD0093761,2026-02-27,OUT044,Fresh,fresh_dry,Kalutara,Peliyagoda,False,485.3,2.815,0,0,served,VEH025,1,2026-02-27-VEH025-T1,0.0
2026-02-27,ORD0093762,2026-02-27,OUT044,Fresh,fresh_chilled,Kalutara,Peliyagoda,False,212.3,1.115,0,0,served,VEH001,1,2026-02-27-VEH001-T1,0.0
2026-02-27,ORD0093763,2026-02-27,OUT045,Fresh,fresh_dry,Kalutara,Peliyagoda,False,261.7,1.359,0,0,served,VEH025,1,2026-02-27-VEH025-T1,0.0
2026-02-27,ORD0093764,2026-02-27,OUT046,Fresh,fresh_dry,Kalutara,Peliyagoda,False,311.7,1.785,0,0,served,VEH001,1,2026-02-27-VEH001-T1,0.0
2026-02-27,ORD0093765,2026-02-27,OUT046,Fresh,fresh_chilled,Kalutara,Peliyagoda,False,267.3,1.499,0,0,served,VEH001,1,2026-02-27-VEH001-T1,0.0
2026-02-27,ORD0093766,2026-02-27,OUT050,Fresh,fresh_dry,Galle,Peliyagoda,False,436.9,2.516,0,0,served,VEH034,1,2026-02-27-VEH034-T1,0.0
2026-02-27,ORD0093767,2026-02-27,OUT051,Fresh,fresh_dry,Galle,Peliyagoda,False,276.3,1.404,0,0,served,VEH034,1,2026-02-27-VEH034-T1,0.0
2026-02-27,ORD0093768,2026-02-27,OUT052,Fresh,fresh_dry,Galle,Peliyagoda,False,510.3,2.535,0,0,served,VEH034,1,2026-02-27-VEH034-T1,0.0
2026-02-27,ORD0093769,2026-02-27,OUT053,Fresh,fresh_dry,Galle,Peliyagoda,False,207.4,1.179,0,0,served,VEH007,1,2026-02-27-VEH007-T1,0.0
2026-02-27,ORD0093770,2026-02-27,OUT053,Fresh,fresh_chilled,Galle,Peliyagoda,False,204.7,1.145,0,0,served,VEH007,1,2026-02-27-VEH007-T1,0.0
2026-02-27,ORD0093771,2026-02-27,OUT054,Fresh,fresh_dry,Galle,Peliyagoda,False,771.9,4.658,0,0,served,VEH007,1,2026-02-27-VEH007-T1,0.0
2026-02-27,ORD0093772,2026-02-27,OUT054,Fresh,fresh_chilled,Galle,Peliyagoda,False,730.2,4.095,0,0,served,VEH007,1,2026-02-27-VEH007-T1,0.0
2026-02-27,ORD0093773,2026-02-27,OUT055,Fresh,fresh_dry,Galle,Peliyagoda,False,361.1,1.845,0,0,served,VEH034,1,2026-02-27-VEH034-T1,0.0
2026-02-27,ORD0093774,2026-02-27,OUT056,Style,style,Galle,Peliyagoda,False,524.1,8.547,0,0,served,VEH015,2,2026-02-27-VEH015-T2,0.0
2026-02-27,ORD0093775,2026-02-27,OUT057,Style,style,Galle,Peliyagoda,False,780.2,12.7,0,0,served,VEH015,2,2026-02-27-VEH015-T2,0.0
2026-02-27,ORD0093776,2026-02-27,OUT059,Fresh,fresh_dry,Matara,Peliyagoda,False,415.5,2.348,0,0,served,VEH002,1,2026-02-27-VEH002-T1,0.0
2026-02-27,ORD0093777,2026-02-27,OUT060,Fresh,fresh_dry,Matara,Peliyagoda,False,455.5,2.509,0,0,served,VEH002,1,2026-02-27-VEH002-T1,0.0
2026-02-27,ORD0093778,2026-02-27,OUT060,Fresh,fresh_chilled,Matara,Peliyagoda,False,503.8,2.877,0,0,served,VEH002,1,2026-02-27-VEH002-T1,0.0
2026-02-27,ORD0093779,2026-02-27,OUT061,Fresh,fresh_dry,Matara,Peliyagoda,False,589.6,2.955,0,0,served,VEH027,1,2026-02-27-VEH027-T1,0.0
2026-02-27,ORD0093780,2026-02-27,OUT062,Fresh,fresh_dry,Matara,Peliyagoda,False,610.5,3.458,0,0,served,VEH002,1,2026-02-27-VEH002-T1,0.0
2026-02-27,ORD0093781,2026-02-27,OUT062,Fresh,fresh_chilled,Matara,Peliyagoda,False,372.7,2.137,0,0,served,VEH002,1,2026-02-27-VEH002-T1,0.0
2026-02-27,ORD0093782,2026-02-27,OUT063,Style,style,Matara,Peliyagoda,False,584.6,9.559,0,0,served,VEH018,2,2026-02-27-VEH018-T2,0.0
2026-02-27,ORD0093783,2026-02-27,OUT065,Fresh,fresh_dry,Kurunegala,Peliyagoda,False,654.5,3.431,0,0,served,VEH003,1,2026-02-27-VEH003-T1,0.0
2026-02-27,ORD0093784,2026-02-27,OUT065,Fresh,fresh_chilled,Kurunegala,Peliyagoda,False,788.6,3.947,0,0,served,VEH003,1,2026-02-27-VEH003-T1,0.0
2026-02-27,ORD0093785,2026-02-27,OUT066,Fresh,fresh_dry,Kurunegala,Peliyagoda,False,608.3,3.015,0,0,served,VEH015,1,2026-02-27-VEH015-T1,0.0
2026-02-27,ORD0093786,2026-02-27,OUT066,Fresh,fresh_chilled,Kurunegala,Peliyagoda,False,351.8,1.978,0,0,served,VEH003,1,2026-02-27-VEH003-T1,0.0
2026-02-27,ORD0093787,2026-02-27,OUT067,Fresh,fresh_dry,Kurunegala,Peliyagoda,False,389.3,1.852,0,0,served,VEH015,1,2026-02-27-VEH015-T1,0.0
2026-02-27,ORD0093788,2026-02-27,OUT067,Fresh,fresh_chilled,Kurunegala,Peliyagoda,False,395.3,2.276,0,0,served,VEH003,1,2026-02-27-VEH003-T1,0.0
2026-02-27,ORD0093789,2026-02-27,OUT068,Fresh,fresh_dry,Kurunegala,Peliyagoda,False,342.6,1.976,0,0,served,VEH015,1,2026-02-27-VEH015-T1,0.0
2026-02-27,ORD0093790,2026-02-27,OUT069,Fresh,fresh_dry,Kurunegala,Peliyagoda,False,475.4,2.889,0,0,served,VEH015,1,2026-02-27-VEH015-T1,0.0
2026-02-27,ORD0093791,2026-02-27,OUT070,Style,style,Kurunegala,Peliyagoda,False,477.0,7.849,0,0,served,VEH034,2,2026-02-27-VEH034-T2,0.0
2026-02-27,ORD0093792,2026-02-27,OUT071,Style,style,Kurunegala,Peliyagoda,False,431.9,6.516,0,0,served,VEH034,2,2026-02-27-VEH034-T2,0.0
2026-02-27,ORD0093793,2026-02-27,OUT072,Tech,tech,Kurunegala,Peliyagoda,False,620.7,2.054,0,0,served,VEH037,2,2026-02-27-VEH037-T2,0.0
2026-02-27,ORD0093794,2026-02-27,OUT073,Fresh,fresh_dry,Puttalam,Peliyagoda,False,482.6,2.317,0,0,served,VEH037,1,2026-02-27-VEH037-T1,0.0
2026-02-27,ORD0093795,2026-02-27,OUT074,Fresh,fresh_dry,Puttalam,Peliyagoda,False,463.8,2.786,0,0,served,VEH035,1,2026-02-27-VEH035-T1,0.0
2026-02-27,ORD0093796,2026-02-27,OUT074,Fresh,fresh_chilled,Puttalam,Peliyagoda,False,465.8,2.582,0,0,served,VEH035,1,2026-02-27-VEH035-T1,0.0
2026-02-27,ORD0093797,2026-02-27,OUT075,Fresh,fresh_dry,Puttalam,Peliyagoda,False,314.4,1.623,0,0,served,VEH037,1,2026-02-27-VEH037-T1,0.0
2026-02-27,ORD0093798,2026-02-27,OUT076,Fresh,fresh_dry,Kandy,Kandy,True,251.4,1.302,0,0,served,VEH059,1,2026-02-27-VEH059-T1,0.0
2026-02-27,ORD0093799,2026-02-27,OUT076,Fresh,fresh_chilled,Kandy,Kandy,True,236.1,1.09,0,0,served,VEH058,2,2026-02-27-VEH058-T2,0.0
2026-02-27,ORD0093800,2026-02-27,OUT077,Fresh,fresh_dry,Kandy,Kandy,True,104.5,0.549,0,0,served,VEH059,1,2026-02-27-VEH059-T1,0.0
2026-02-27,ORD0093801,2026-02-27,OUT077,Fresh,fresh_chilled,Kandy,Kandy,True,135.1,0.757,0,0,served,VEH058,1,2026-02-27-VEH058-T1,0.0
2026-02-27,ORD0093802,2026-02-27,OUT078,Fresh,fresh_dry,Kandy,Kandy,True,266.1,1.488,0,0,served,VEH058,1,2026-02-27-VEH058-T1,0.0
2026-02-27,ORD0093803,2026-02-27,OUT079,Fresh,fresh_dry,Kandy,Kandy,True,153.9,0.905,0,0,served,VEH057,1,2026-02-27-VEH057-T1,0.0
2026-02-27,ORD0093804,2026-02-27,OUT080,Fresh,fresh_dry,Kandy,Kandy,True,208.2,1.078,0,0,served,VEH057,1,2026-02-27-VEH057-T1,0.0
2026-02-27,ORD0093805,2026-02-27,OUT080,Fresh,fresh_chilled,Kandy,Kandy,True,161.1,0.84,0,0,served,VEH057,1,2026-02-27-VEH057-T1,0.0
2026-02-27,ORD0093806,2026-02-27,OUT081,Fresh,fresh_dry,Kandy,Kandy,True,245.2,1.4,0,0,served,VEH058,2,2026-02-27-VEH058-T2,0.0
2026-02-27,ORD0093807,2026-02-27,OUT082,Fresh,fresh_dry,Kandy,Kandy,True,229.6,1.203,0,0,served,VEH058,1,2026-02-27-VEH058-T1,0.0
2026-02-27,ORD0093808,2026-02-27,OUT082,Fresh,fresh_chilled,Kandy,Kandy,True,95.1,0.549,0,0,served,VEH058,1,2026-02-27-VEH058-T1,0.0
2026-02-27,ORD0093809,2026-02-27,OUT083,Fresh,fresh_dry,Kandy,Kandy,True,145.4,0.792,0,0,served,VEH057,1,2026-02-27-VEH057-T1,0.0
2026-02-27,ORD0093810,2026-02-27,OUT083,Fresh,fresh_chilled,Kandy,Kandy,True,124.3,0.718,0,0,served,VEH057,1,2026-02-27-VEH057-T1,0.0
2026-02-27,ORD0093811,2026-02-27,OUT084,Fresh,fresh_dry,Kandy,Kandy,False,315.5,1.819,0,0,served,VEH059,1,2026-02-27-VEH059-T1,0.0
2026-02-27,ORD0093812,2026-02-27,OUT084,Fresh,fresh_chilled,Kandy,Kandy,False,259.2,1.667,0,0,served,VEH058,1,2026-02-27-VEH058-T1,0.0
2026-02-27,ORD0093813,2026-02-27,OUT085,Fresh,fresh_dry,Kandy,Kandy,False,432.9,2.387,0,0,served,VEH059,1,2026-02-27-VEH059-T1,0.0
2026-02-27,ORD0093814,2026-02-27,OUT085,Fresh,fresh_chilled,Kandy,Kandy,False,540.9,2.839,0,0,served,VEH058,2,2026-02-27-VEH058-T2,0.0
2026-02-27,ORD0093815,2026-02-27,OUT086,Fresh,fresh_dry,Kandy,Kandy,False,363.4,2.044,0,0,served,VEH057,2,2026-02-27-VEH057-T2,0.0
2026-02-27,ORD0093816,2026-02-27,OUT086,Fresh,fresh_chilled,Kandy,Kandy,False,412.9,2.361,0,0,served,VEH057,2,2026-02-27-VEH057-T2,0.0
2026-02-27,ORD0093817,2026-02-27,OUT087,Fresh,fresh_dry,Kandy,Kandy,False,450.1,2.528,0,0,served,VEH059,2,2026-02-27-VEH059-T2,0.0
2026-02-27,ORD0093818,2026-02-27,OUT096,Fresh,fresh_dry,Matale,Kandy,False,260.8,1.359,0,0,served,VEH043,1,2026-02-27-VEH043-T1,0.0
2026-02-27,ORD0093819,2026-02-27,OUT096,Fresh,fresh_chilled,Matale,Kandy,False,185.8,0.951,0,0,served,VEH043,1,2026-02-27-VEH043-T1,0.0
2026-02-27,ORD0093820,2026-02-27,OUT097,Fresh,fresh_dry,Matale,Kandy,False,872.6,4.603,0,0,served,VEH043,1,2026-02-27-VEH043-T1,0.0
2026-02-27,ORD0093821,2026-02-27,OUT098,Fresh,fresh_dry,Matale,Kandy,False,627.1,3.735,0,0,served,VEH043,1,2026-02-27-VEH043-T1,0.0
2026-02-27,ORD0093822,2026-02-27,OUT098,Fresh,fresh_chilled,Matale,Kandy,False,538.4,2.471,0,0,served,VEH043,1,2026-02-27-VEH043-T1,0.0
2026-02-27,ORD0093823,2026-02-27,OUT099,Fresh,fresh_dry,Matale,Kandy,False,608.1,3.209,0,0,served,VEH043,1,2026-02-27-VEH043-T1,0.0
2026-02-27,ORD0093824,2026-02-27,OUT100,Fresh,fresh_dry,Matale,Kandy,False,695.5,3.872,0,0,served,VEH043,1,2026-02-27-VEH043-T1,0.0
2026-02-27,ORD0093825,2026-02-27,OUT101,Fresh,fresh_dry,Matale,Kandy,False,397.9,2.205,0,0,served,VEH043,1,2026-02-27-VEH043-T1,0.0
2026-02-27,ORD0093826,2026-02-27,OUT101,Fresh,fresh_chilled,Matale,Kandy,False,529.6,2.864,0,0,served,VEH043,1,2026-02-27-VEH043-T1,0.0
2026-02-27,ORD0093827,2026-02-27,OUT104,Fresh,fresh_dry,Nuwara Eliya,Kandy,False,320.2,1.839,0,0,served,VEH042,1,2026-02-27-VEH042-T1,0.0
2026-02-27,ORD0093828,2026-02-27,OUT104,Fresh,fresh_chilled,Nuwara Eliya,Kandy,False,284.2,1.565,0,0,served,VEH042,1,2026-02-27-VEH042-T1,0.0
2026-02-27,ORD0093829,2026-02-27,OUT105,Fresh,fresh_dry,Nuwara Eliya,Kandy,False,309.1,1.755,0,0,served,VEH056,1,2026-02-27-VEH056-T1,0.0
2026-02-27,ORD0093830,2026-02-27,OUT106,Fresh,fresh_dry,Nuwara Eliya,Kandy,False,450.3,2.245,0,0,served,VEH056,1,2026-02-27-VEH056-T1,0.0
2026-02-27,ORD0093831,2026-02-27,OUT107,Fresh,fresh_dry,Nuwara Eliya,Kandy,False,467.6,2.297,0,0,served,VEH042,1,2026-02-27-VEH042-T1,0.0
2026-02-27,ORD0093832,2026-02-27,OUT107,Fresh,fresh_chilled,Nuwara Eliya,Kandy,False,375.1,2.212,0,0,served,VEH042,1,2026-02-27-VEH042-T1,0.0
2026-02-27,ORD0093833,2026-02-27,OUT108,Fresh,fresh_dry,Nuwara Eliya,Kandy,False,434.3,2.537,0,0,served,VEH056,1,2026-02-27-VEH056-T1,0.0
2026-02-27,ORD0093834,2026-02-27,OUT110,Fresh,fresh_dry,Badulla,Kandy,False,315.0,1.639,0,0,served,VEH046,1,2026-02-27-VEH046-T1,0.0
2026-02-27,ORD0093835,2026-02-27,OUT111,Fresh,fresh_dry,Badulla,Kandy,False,247.1,1.368,0,0,served,VEH060,1,2026-02-27-VEH060-T1,0.0
2026-02-27,ORD0093836,2026-02-27,OUT111,Fresh,fresh_chilled,Badulla,Kandy,False,200.0,1.124,0,0,served,VEH041,1,2026-02-27-VEH041-T1,0.0
2026-02-27,ORD0093837,2026-02-27,OUT112,Fresh,fresh_dry,Badulla,Kandy,False,437.5,2.219,0,0,served,VEH046,1,2026-02-27-VEH046-T1,0.0
2026-02-27,ORD0093838,2026-02-27,OUT112,Fresh,fresh_chilled,Badulla,Kandy,False,374.8,2.155,0,0,served,VEH041,1,2026-02-27-VEH041-T1,0.0
2026-02-27,ORD0093839,2026-02-27,OUT113,Fresh,fresh_dry,Badulla,Kandy,False,665.3,3.525,0,0,served,VEH060,1,2026-02-27-VEH060-T1,0.0
2026-02-27,ORD0093840,2026-02-27,OUT115,Tech,tech,Badulla,Kandy,False,1962.5,7.024,0,0,served,VEH056,2,2026-02-27-VEH056-T2,0.0
2026-02-27,ORD0093841,2026-02-27,OUT116,Fresh,fresh_dry,Kegalle,Kandy,False,498.4,2.571,0,0,served,VEH039,1,2026-02-27-VEH039-T1,0.0
2026-02-27,ORD0093842,2026-02-27,OUT116,Fresh,fresh_chilled,Kegalle,Kandy,False,237.0,1.31,0,0,served,VEH039,1,2026-02-27-VEH039-T1,0.0
2026-02-27,ORD0093843,2026-02-27,OUT117,Fresh,fresh_dry,Kegalle,Kandy,False,567.4,3.139,0,0,served,VEH039,1,2026-02-27-VEH039-T1,0.0
2026-02-27,ORD0093844,2026-02-27,OUT117,Fresh,fresh_chilled,Kegalle,Kandy,False,599.7,3.276,0,0,served,VEH039,1,2026-02-27-VEH039-T1,0.0
2026-02-27,ORD0093845,2026-02-27,OUT118,Fresh,fresh_dry,Kegalle,Kandy,False,1076.2,6.176,0,0,served,VEH039,1,2026-02-27-VEH039-T1,0.0
2026-02-27,ORD0093846,2026-02-27,OUT118,Fresh,fresh_chilled,Kegalle,Kandy,False,887.3,4.442,0,0,served,VEH039,1,2026-02-27-VEH039-T1,0.0
2026-02-27,ORD0093847,2026-02-27,OUT119,Fresh,fresh_dry,Kegalle,Kandy,False,465.7,2.357,0,0,served,VEH039,1,2026-02-27-VEH039-T1,0.0
2026-02-27,ORD0093848,2026-02-27,OUT119,Fresh,fresh_chilled,Kegalle,Kandy,False,409.3,2.129,0,0,served,VEH039,1,2026-02-27-VEH039-T1,0.0
2026-02-28,ORD0093849,2026-02-28,OUT001,Fresh,fresh_dry,Colombo,Peliyagoda,True,107.2,0.61,0,0,served,VEH036,1,2026-02-28-VEH036-T1,0.0
2026-02-28,ORD0093850,2026-02-28,OUT002,Fresh,fresh_dry,Colombo,Peliyagoda,True,159.4,0.902,0,0,served,VEH036,1,2026-02-28-VEH036-T1,0.0
2026-02-28,ORD0093851,2026-02-28,OUT002,Fresh,fresh_chilled,Colombo,Peliyagoda,True,126.1,0.721,0,0,served,VEH036,1,2026-02-28-VEH036-T1,0.0
2026-02-28,ORD0093852,2026-02-28,OUT003,Fresh,fresh_dry,Colombo,Peliyagoda,True,135.5,0.703,0,0,served,VEH035,1,2026-02-28-VEH035-T1,0.0
2026-02-28,ORD0093853,2026-02-28,OUT003,Fresh,fresh_chilled,Colombo,Peliyagoda,True,103.7,0.612,0,0,served,VEH036,1,2026-02-28-VEH036-T1,0.0
2026-02-28,ORD0093854,2026-02-28,OUT004,Fresh,fresh_dry,Colombo,Peliyagoda,False,237.4,1.297,0,0,served,VEH005,1,2026-02-28-VEH005-T1,0.0
2026-02-28,ORD0093855,2026-02-28,OUT004,Fresh,fresh_chilled,Colombo,Peliyagoda,False,179.7,0.962,0,0,served,VEH036,2,2026-02-28-VEH036-T2,0.0
2026-02-28,ORD0093856,2026-02-28,OUT005,Fresh,fresh_dry,Colombo,Peliyagoda,False,526.5,2.822,0,0,served,VEH005,1,2026-02-28-VEH005-T1,0.0
2026-02-28,ORD0093857,2026-02-28,OUT005,Fresh,fresh_chilled,Colombo,Peliyagoda,False,489.5,2.567,0,0,served,VEH005,1,2026-02-28-VEH005-T1,0.0
2026-02-28,ORD0093858,2026-02-28,OUT006,Fresh,fresh_dry,Colombo,Peliyagoda,False,621.1,3.255,0,0,served,VEH018,1,2026-02-28-VEH018-T1,0.0
2026-02-28,ORD0093859,2026-02-28,OUT006,Fresh,fresh_chilled,Colombo,Peliyagoda,False,637.4,3.48,0,0,served,VEH035,2,2026-02-28-VEH035-T2,0.0
2026-02-28,ORD0093860,2026-02-28,OUT007,Fresh,fresh_dry,Colombo,Peliyagoda,False,891.1,5.372,0,0,served,VEH005,1,2026-02-28-VEH005-T1,0.0
2026-02-28,ORD0093861,2026-02-28,OUT007,Fresh,fresh_chilled,Colombo,Peliyagoda,False,510.4,2.911,0,0,served,VEH005,1,2026-02-28-VEH005-T1,0.0
2026-02-28,ORD0093862,2026-02-28,OUT008,Fresh,fresh_dry,Colombo,Peliyagoda,False,467.3,2.357,0,0,served,VEH035,1,2026-02-28-VEH035-T1,0.0
2026-02-28,ORD0093863,2026-02-28,OUT009,Fresh,fresh_dry,Colombo,Peliyagoda,False,376.6,1.961,0,0,served,VEH018,1,2026-02-28-VEH018-T1,0.0
2026-02-28,ORD0093864,2026-02-28,OUT009,Fresh,fresh_chilled,Colombo,Peliyagoda,False,379.5,1.943,0,0,served,VEH036,1,2026-02-28-VEH036-T1,0.0
2026-02-28,ORD0093865,2026-02-28,OUT010,Fresh,fresh_dry,Colombo,Peliyagoda,False,447.0,2.467,0,0,served,VEH018,1,2026-02-28-VEH018-T1,0.0
2026-02-28,ORD0093866,2026-02-28,OUT010,Fresh,fresh_chilled,Colombo,Peliyagoda,False,355.3,1.828,0,0,served,VEH035,2,2026-02-28-VEH035-T2,0.0
2026-02-28,ORD0093867,2026-02-28,OUT011,Fresh,fresh_dry,Colombo,Peliyagoda,False,678.0,3.478,0,0,served,VEH005,1,2026-02-28-VEH005-T1,0.0
2026-02-28,ORD0093868,2026-02-28,OUT012,Fresh,fresh_dry,Colombo,Peliyagoda,False,481.1,2.372,0,0,served,VEH036,2,2026-02-28-VEH036-T2,0.0
2026-02-28,ORD0093869,2026-02-28,OUT012,Fresh,fresh_chilled,Colombo,Peliyagoda,False,318.2,1.802,0,0,served,VEH036,2,2026-02-28-VEH036-T2,0.0
2026-02-28,ORD0093870,2026-02-28,OUT013,Fresh,fresh_dry,Colombo,Peliyagoda,False,815.0,4.821,0,0,served,VEH005,1,2026-02-28-VEH005-T1,0.0
2026-02-28,ORD0093871,2026-02-28,OUT013,Fresh,fresh_chilled,Colombo,Peliyagoda,False,586.2,3.257,0,0,served,VEH005,1,2026-02-28-VEH005-T1,0.0
2026-02-28,ORD0093872,2026-02-28,OUT014,Fresh,fresh_dry,Colombo,Peliyagoda,False,340.0,1.847,0,0,served,VEH005,1,2026-02-28-VEH005-T1,0.0
2026-02-28,ORD0093873,2026-02-28,OUT014,Fresh,fresh_chilled,Colombo,Peliyagoda,False,410.4,2.31,0,0,served,VEH005,1,2026-02-28-VEH005-T1,0.0
2026-02-28,ORD0093874,2026-02-28,OUT025,Fresh,fresh_dry,Gampaha,Peliyagoda,False,298.5,1.784,0,0,served,VEH027,1,2026-02-28-VEH027-T1,0.0
2026-02-28,ORD0093875,2026-02-28,OUT026,Fresh,fresh_dry,Gampaha,Peliyagoda,False,332.9,1.623,0,0,served,VEH006,1,2026-02-28-VEH006-T1,0.0
2026-02-28,ORD0093876,2026-02-28,OUT026,Fresh,fresh_chilled,Gampaha,Peliyagoda,False,285.1,1.414,0,0,served,VEH006,1,2026-02-28-VEH006-T1,0.0
2026-02-28,ORD0093877,2026-02-28,OUT027,Fresh,fresh_dry,Gampaha,Peliyagoda,False,364.5,2.207,0,0,served,VEH027,1,2026-02-28-VEH027-T1,0.0
2026-02-28,ORD0093878,2026-02-28,OUT027,Fresh,fresh_chilled,Gampaha,Peliyagoda,False,382.8,2.039,0,0,served,VEH006,1,2026-02-28-VEH006-T1,0.0
2026-02-28,ORD0093879,2026-02-28,OUT028,Fresh,fresh_dry,Gampaha,Peliyagoda,False,386.9,2.161,0,0,served,VEH018,2,2026-02-28-VEH018-T2,0.0
2026-02-28,ORD0093880,2026-02-28,OUT028,Fresh,fresh_chilled,Gampaha,Peliyagoda,False,495.2,2.676,0,0,served,VEH006,1,2026-02-28-VEH006-T1,0.0
2026-02-28,ORD0093881,2026-02-28,OUT029,Fresh,fresh_dry,Gampaha,Peliyagoda,False,430.2,2.357,0,0,served,VEH027,1,2026-02-28-VEH027-T1,0.0
2026-02-28,ORD0093882,2026-02-28,OUT029,Fresh,fresh_chilled,Gampaha,Peliyagoda,False,372.7,2.073,0,0,served,VEH006,1,2026-02-28-VEH006-T1,0.0
2026-02-28,ORD0093883,2026-02-28,OUT030,Fresh,fresh_dry,Gampaha,Peliyagoda,False,525.9,3.167,0,0,served,VEH018,2,2026-02-28-VEH018-T2,0.0
2026-02-28,ORD0093884,2026-02-28,OUT031,Fresh,fresh_dry,Gampaha,Peliyagoda,False,1439.8,8.223,0,0,served,VEH018,2,2026-02-28-VEH018-T2,0.0
2026-02-28,ORD0093885,2026-02-28,OUT031,Fresh,fresh_chilled,Gampaha,Peliyagoda,False,930.6,5.22,0,0,served,VEH006,1,2026-02-28-VEH006-T1,0.0
2026-02-28,ORD0093886,2026-02-28,OUT032,Fresh,fresh_dry,Gampaha,Peliyagoda,False,931.9,5.431,0,0,served,VEH018,2,2026-02-28-VEH018-T2,0.0
2026-02-28,ORD0093887,2026-02-28,OUT032,Fresh,fresh_chilled,Gampaha,Peliyagoda,False,919.6,5.147,0,0,served,VEH006,1,2026-02-28-VEH006-T1,0.0
2026-02-28,ORD0093888,2026-02-28,OUT033,Fresh,fresh_dry,Gampaha,Peliyagoda,False,391.1,2.13,0,0,served,VEH006,1,2026-02-28-VEH006-T1,0.0
2026-02-28,ORD0093889,2026-02-28,OUT033,Fresh,fresh_chilled,Gampaha,Peliyagoda,False,576.7,2.905,0,0,served,VEH006,1,2026-02-28-VEH006-T1,0.0
2026-02-28,ORD0093890,2026-02-28,OUT034,Fresh,fresh_dry,Gampaha,Peliyagoda,False,377.3,1.935,0,0,served,VEH018,2,2026-02-28-VEH018-T2,0.0
2026-02-28,ORD0093891,2026-02-28,OUT034,Fresh,fresh_chilled,Gampaha,Peliyagoda,False,532.3,2.97,0,0,served,VEH006,1,2026-02-28-VEH006-T1,0.0
2026-02-28,ORD0093892,2026-02-28,OUT038,Tech,tech,Gampaha,Peliyagoda,False,1984.3,6.277,0,0,served,VEH017,2,2026-02-28-VEH017-T2,0.0
2026-02-28,ORD0093893,2026-02-28,OUT040,Fresh,fresh_dry,Kalutara,Peliyagoda,False,491.2,3.032,0,0,served,VEH003,1,2026-02-28-VEH003-T1,0.0
2026-02-28,ORD0093894,2026-02-28,OUT040,Fresh,fresh_chilled,Kalutara,Peliyagoda,False,507.4,2.576,0,0,served,VEH003,1,2026-02-28-VEH003-T1,0.0
2026-02-28,ORD0093895,2026-02-28,OUT041,Fresh,fresh_dry,Kalutara,Peliyagoda,False,340.2,1.806,0,0,served,VEH008,1,2026-02-28-VEH008-T1,0.0
2026-02-28,ORD0093896,2026-02-28,OUT041,Fresh,fresh_chilled,Kalutara,Peliyagoda,False,367.8,1.836,0,0,served,VEH003,1,2026-02-28-VEH003-T1,0.0
2026-02-28,ORD0093897,2026-02-28,OUT042,Fresh,fresh_dry,Kalutara,Peliyagoda,False,1013.2,5.121,0,0,served,VEH008,1,2026-02-28-VEH008-T1,0.0
2026-02-28,ORD0093898,2026-02-28,OUT043,Fresh,fresh_dry,Kalutara,Peliyagoda,False,192.5,0.906,0,0,served,VEH008,1,2026-02-28-VEH008-T1,0.0
2026-02-28,ORD0093899,2026-02-28,OUT044,Fresh,fresh_dry,Kalutara,Peliyagoda,False,305.6,1.875,0,0,served,VEH003,1,2026-02-28-VEH003-T1,0.0
2026-02-28,ORD0093900,2026-02-28,OUT044,Fresh,fresh_chilled,Kalutara,Peliyagoda,False,272.8,1.409,0,0,served,VEH003,1,2026-02-28-VEH003-T1,0.0
2026-02-28,ORD0093901,2026-02-28,OUT045,Fresh,fresh_dry,Kalutara,Peliyagoda,False,287.9,1.484,0,0,served,VEH003,1,2026-02-28-VEH003-T1,0.0
2026-02-28,ORD0093902,2026-02-28,OUT045,Fresh,fresh_chilled,Kalutara,Peliyagoda,False,301.0,1.689,0,0,served,VEH003,1,2026-02-28-VEH003-T1,0.0
2026-02-28,ORD0093903,2026-02-28,OUT046,Fresh,fresh_dry,Kalutara,Peliyagoda,False,307.8,1.752,0,0,served,VEH008,1,2026-02-28-VEH008-T1,0.0
2026-02-28,ORD0093904,2026-02-28,OUT046,Fresh,fresh_chilled,Kalutara,Peliyagoda,False,273.7,1.402,0,0,served,VEH003,1,2026-02-28-VEH003-T1,0.0
2026-02-28,ORD0093905,2026-02-28,OUT050,Fresh,fresh_dry,Galle,Peliyagoda,False,477.2,2.751,0,0,served,VEH017,1,2026-02-28-VEH017-T1,0.0
2026-02-28,ORD0093906,2026-02-28,OUT051,Fresh,fresh_dry,Galle,Peliyagoda,False,289.8,1.535,0,0,served,VEH017,1,2026-02-28-VEH017-T1,0.0
2026-02-28,ORD0093907,2026-02-28,OUT052,Fresh,fresh_dry,Galle,Peliyagoda,False,558.9,3.107,0,0,served,VEH004,1,2026-02-28-VEH004-T1,0.0
2026-02-28,ORD0093908,2026-02-28,OUT052,Fresh,fresh_chilled,Galle,Peliyagoda,False,437.3,2.249,0,0,served,VEH004,1,2026-02-28-VEH004-T1,0.0
2026-02-28,ORD0093909,2026-02-28,OUT053,Fresh,fresh_dry,Galle,Peliyagoda,False,225.2,1.294,0,0,served,VEH017,1,2026-02-28-VEH017-T1,0.0
2026-02-28,ORD0093910,2026-02-28,OUT054,Fresh,fresh_dry,Galle,Peliyagoda,False,751.1,3.885,0,0,served,VEH017,1,2026-02-28-VEH017-T1,0.0
2026-02-28,ORD0093911,2026-02-28,OUT055,Fresh,fresh_dry,Galle,Peliyagoda,False,351.5,1.92,0,0,served,VEH004,1,2026-02-28-VEH004-T1,0.0
2026-02-28,ORD0093912,2026-02-28,OUT055,Fresh,fresh_chilled,Galle,Peliyagoda,False,330.8,1.94,0,0,served,VEH004,1,2026-02-28-VEH004-T1,0.0
2026-02-28,ORD0093913,2026-02-28,OUT059,Fresh,fresh_dry,Matara,Peliyagoda,False,440.0,2.254,0,0,served,VEH007,1,2026-02-28-VEH007-T1,0.0
2026-02-28,ORD0093914,2026-02-28,OUT059,Fresh,fresh_chilled,Matara,Peliyagoda,False,403.6,2.332,0,0,served,VEH007,1,2026-02-28-VEH007-T1,0.0
2026-02-28,ORD0093915,2026-02-28,OUT060,Fresh,fresh_dry,Matara,Peliyagoda,False,517.3,2.394,0,0,served,VEH007,1,2026-02-28-VEH007-T1,0.0
2026-02-28,ORD0093916,2026-02-28,OUT060,Fresh,fresh_chilled,Matara,Peliyagoda,False,388.0,2.107,0,0,served,VEH007,1,2026-02-28-VEH007-T1,0.0
2026-02-28,ORD0093917,2026-02-28,OUT061,Fresh,fresh_dry,Matara,Peliyagoda,False,447.0,2.573,0,0,served,VEH038,1,2026-02-28-VEH038-T1,0.0
2026-02-28,ORD0093918,2026-02-28,OUT061,Fresh,fresh_chilled,Matara,Peliyagoda,False,304.8,1.539,0,0,served,VEH007,1,2026-02-28-VEH007-T1,0.0
2026-02-28,ORD0093919,2026-02-28,OUT062,Fresh,fresh_dry,Matara,Peliyagoda,False,548.3,3.01,0,0,served,VEH038,1,2026-02-28-VEH038-T1,0.0
2026-02-28,ORD0093920,2026-02-28,OUT065,Fresh,fresh_dry,Kurunegala,Peliyagoda,False,683.2,3.416,0,0,served,VEH025,1,2026-02-28-VEH025-T1,0.0
2026-02-28,ORD0093921,2026-02-28,OUT065,Fresh,fresh_chilled,Kurunegala,Peliyagoda,False,627.2,3.327,0,0,served,VEH002,1,2026-02-28-VEH002-T1,0.0
2026-02-28,ORD0093922,2026-02-28,OUT066,Fresh,fresh_dry,Kurunegala,Peliyagoda,False,532.7,2.959,0,0,served,VEH025,1,2026-02-28-VEH025-T1,0.0
2026-02-28,ORD0093923,2026-02-28,OUT066,Fresh,fresh_chilled,Kurunegala,Peliyagoda,False,434.3,2.366,0,0,served,VEH002,1,2026-02-28-VEH002-T1,0.0
2026-02-28,ORD0093924,2026-02-28,OUT067,Fresh,fresh_dry,Kurunegala,Peliyagoda,False,471.5,2.271,0,0,served,VEH016,1,2026-02-28-VEH016-T1,0.0
2026-02-28,ORD0093925,2026-02-28,OUT068,Fresh,fresh_dry,Kurunegala,Peliyagoda,False,454.4,2.413,0,0,served,VEH016,1,2026-02-28-VEH016-T1,0.0
2026-02-28,ORD0093926,2026-02-28,OUT068,Fresh,fresh_chilled,Kurunegala,Peliyagoda,False,366.0,1.959,0,0,served,VEH002,1,2026-02-28-VEH002-T1,0.0
2026-02-28,ORD0093927,2026-02-28,OUT069,Fresh,fresh_dry,Kurunegala,Peliyagoda,False,499.0,2.504,0,0,served,VEH016,1,2026-02-28-VEH016-T1,0.0
2026-02-28,ORD0093928,2026-02-28,OUT069,Fresh,fresh_chilled,Kurunegala,Peliyagoda,False,349.1,2.128,0,0,served,VEH002,1,2026-02-28-VEH002-T1,0.0
2026-02-28,ORD0093929,2026-02-28,OUT072,Tech,tech,Kurunegala,Peliyagoda,False,964.4,3.446,0,0,served,VEH037,2,2026-02-28-VEH037-T2,0.0
2026-02-28,ORD0093930,2026-02-28,OUT073,Fresh,fresh_dry,Puttalam,Peliyagoda,False,499.1,2.797,0,0,served,VEH037,1,2026-02-28-VEH037-T1,0.0
2026-02-28,ORD0093931,2026-02-28,OUT074,Fresh,fresh_dry,Puttalam,Peliyagoda,False,550.0,3.224,0,0,served,VEH037,1,2026-02-28-VEH037-T1,0.0
2026-02-28,ORD0093932,2026-02-28,OUT074,Fresh,fresh_chilled,Puttalam,Peliyagoda,False,467.0,2.306,0,0,served,VEH001,1,2026-02-28-VEH001-T1,0.0
2026-02-28,ORD0093933,2026-02-28,OUT075,Fresh,fresh_dry,Puttalam,Peliyagoda,False,214.8,1.258,0,0,served,VEH001,1,2026-02-28-VEH001-T1,0.0
2026-02-28,ORD0093934,2026-02-28,OUT075,Fresh,fresh_chilled,Puttalam,Peliyagoda,False,321.7,1.573,0,0,served,VEH001,1,2026-02-28-VEH001-T1,0.0
2026-02-28,ORD0093935,2026-02-28,OUT076,Fresh,fresh_dry,Kandy,Kandy,True,184.9,1.015,0,0,served,VEH060,1,2026-02-28-VEH060-T1,0.0
2026-02-28,ORD0093936,2026-02-28,OUT076,Fresh,fresh_chilled,Kandy,Kandy,True,143.5,0.751,0,0,served,VEH058,2,2026-02-28-VEH058-T2,0.0
2026-02-28,ORD0093937,2026-02-28,OUT077,Fresh,fresh_dry,Kandy,Kandy,True,131.5,0.685,0,0,served,VEH059,1,2026-02-28-VEH059-T1,0.0
2026-02-28,ORD0093938,2026-02-28,OUT077,Fresh,fresh_chilled,Kandy,Kandy,True,84.2,0.51,0,0,served,VEH058,1,2026-02-28-VEH058-T1,0.0
2026-02-28,ORD0093939,2026-02-28,OUT078,Fresh,fresh_dry,Kandy,Kandy,True,181.0,1.011,0,0,served,VEH058,2,2026-02-28-VEH058-T2,0.0
2026-02-28,ORD0093940,2026-02-28,OUT078,Fresh,fresh_chilled,Kandy,Kandy,True,181.1,1.1,0,0,served,VEH058,2,2026-02-28-VEH058-T2,0.0
2026-02-28,ORD0093941,2026-02-28,OUT079,Fresh,fresh_dry,Kandy,Kandy,True,128.3,0.695,0,0,served,VEH059,1,2026-02-28-VEH059-T1,0.0
2026-02-28,ORD0093942,2026-02-28,OUT079,Fresh,fresh_chilled,Kandy,Kandy,True,114.1,0.678,0,0,served,VEH058,1,2026-02-28-VEH058-T1,0.0
2026-02-28,ORD0093943,2026-02-28,OUT080,Fresh,fresh_dry,Kandy,Kandy,True,178.0,0.99,0,0,served,VEH059,1,2026-02-28-VEH059-T1,0.0
2026-02-28,ORD0093944,2026-02-28,OUT081,Fresh,fresh_dry,Kandy,Kandy,True,212.1,1.106,0,0,served,VEH059,1,2026-02-28-VEH059-T1,0.0
2026-02-28,ORD0093945,2026-02-28,OUT081,Fresh,fresh_chilled,Kandy,Kandy,True,197.6,1.117,0,0,served,VEH058,1,2026-02-28-VEH058-T1,0.0
2026-02-28,ORD0093946,2026-02-28,OUT082,Fresh,fresh_dry,Kandy,Kandy,True,183.4,0.984,0,0,served,VEH059,1,2026-02-28-VEH059-T1,0.0
2026-02-28,ORD0093947,2026-02-28,OUT083,Fresh,fresh_dry,Kandy,Kandy,True,132.3,0.663,0,0,served,VEH059,1,2026-02-28-VEH059-T1,0.0
2026-02-28,ORD0093948,2026-02-28,OUT083,Fresh,fresh_chilled,Kandy,Kandy,True,147.4,0.826,0,0,served,VEH058,2,2026-02-28-VEH058-T2,0.0
2026-02-28,ORD0093949,2026-02-28,OUT084,Fresh,fresh_dry,Kandy,Kandy,False,305.8,1.515,0,0,served,VEH058,2,2026-02-28-VEH058-T2,0.0
2026-02-28,ORD0093950,2026-02-28,OUT085,Fresh,fresh_dry,Kandy,Kandy,False,413.1,2.318,0,0,served,VEH060,1,2026-02-28-VEH060-T1,0.0
2026-02-28,ORD0093951,2026-02-28,OUT086,Fresh,fresh_dry,Kandy,Kandy,False,236.0,1.297,0,0,served,VEH060,1,2026-02-28-VEH060-T1,0.0
2026-02-28,ORD0093952,2026-02-28,OUT086,Fresh,fresh_chilled,Kandy,Kandy,False,383.5,2.248,0,0,served,VEH058,1,2026-02-28-VEH058-T1,0.0
2026-02-28,ORD0093953,2026-02-28,OUT087,Fresh,fresh_dry,Kandy,Kandy,False,365.6,2.096,0,0,served,VEH060,1,2026-02-28-VEH060-T1,0.0
2026-02-28,ORD0093954,2026-02-28,OUT087,Fresh,fresh_chilled,Kandy,Kandy,False,256.6,1.257,0,0,served,VEH058,1,2026-02-28-VEH058-T1,0.0
2026-02-28,ORD0093955,2026-02-28,OUT096,Fresh,fresh_dry,Matale,Kandy,False,347.6,1.853,0,0,served,VEH059,2,2026-02-28-VEH059-T2,0.0
2026-02-28,ORD0093956,2026-02-28,OUT096,Fresh,fresh_chilled,Matale,Kandy,False,153.6,0.83,0,0,served,VEH042,1,2026-02-28-VEH042-T1,0.0
2026-02-28,ORD0093957,2026-02-28,OUT097,Fresh,fresh_dry,Matale,Kandy,False,614.3,3.29,0,0,served,VEH042,1,2026-02-28-VEH042-T1,0.0
2026-02-28,ORD0093958,2026-02-28,OUT097,Fresh,fresh_chilled,Matale,Kandy,False,625.8,3.34,0,0,served,VEH042,1,2026-02-28-VEH042-T1,0.0
2026-02-28,ORD0093959,2026-02-28,OUT098,Fresh,fresh_dry,Matale,Kandy,False,528.6,3.211,0,0,served,VEH042,1,2026-02-28-VEH042-T1,0.0
2026-02-28,ORD0093960,2026-02-28,OUT098,Fresh,fresh_chilled,Matale,Kandy,False,696.1,3.532,0,0,served,VEH042,1,2026-02-28-VEH042-T1,0.0
2026-02-28,ORD0093961,2026-02-28,OUT099,Fresh,fresh_dry,Matale,Kandy,False,609.5,3.214,0,0,served,VEH059,2,2026-02-28-VEH059-T2,0.0
2026-02-28,ORD0093962,2026-02-28,OUT099,Fresh,fresh_chilled,Matale,Kandy,False,362.3,1.722,0,0,served,VEH042,1,2026-02-28-VEH042-T1,0.0
2026-02-28,ORD0093963,2026-02-28,OUT100,Fresh,fresh_dry,Matale,Kandy,False,641.3,3.449,0,0,served,VEH042,1,2026-02-28-VEH042-T1,0.0
2026-02-28,ORD0093964,2026-02-28,OUT100,Fresh,fresh_chilled,Matale,Kandy,False,780.2,4.303,0,0,served,VEH042,1,2026-02-28-VEH042-T1,0.0
2026-02-28,ORD0093965,2026-02-28,OUT101,Fresh,fresh_dry,Matale,Kandy,False,537.0,2.815,0,0,served,VEH060,2,2026-02-28-VEH060-T2,0.0
2026-02-28,ORD0093966,2026-02-28,OUT101,Fresh,fresh_chilled,Matale,Kandy,False,392.0,2.07,0,0,served,VEH042,1,2026-02-28-VEH042-T1,0.0
2026-02-28,ORD0093967,2026-02-28,OUT103,Tech,tech,Matale,Kandy,False,750.4,2.568,0,0,served,VEH057,2,2026-02-28-VEH057-T2,0.0
2026-02-28,ORD0093968,2026-02-28,OUT104,Fresh,fresh_dry,Nuwara Eliya,Kandy,False,297.9,1.71,0,0,served,VEH056,1,2026-02-28-VEH056-T1,0.0
2026-02-28,ORD0093969,2026-02-28,OUT104,Fresh,fresh_chilled,Nuwara Eliya,Kandy,False,231.3,1.302,0,0,served,VEH041,1,2026-02-28-VEH041-T1,0.0
2026-02-28,ORD0093970,2026-02-28,OUT105,Fresh,fresh_dry,Nuwara Eliya,Kandy,False,393.3,2.056,0,0,served,VEH041,1,2026-02-28-VEH041-T1,0.0
2026-02-28,ORD0093971,2026-02-28,OUT105,Fresh,fresh_chilled,Nuwara Eliya,Kandy,False,317.1,1.586,0,0,served,VEH041,1,2026-02-28-VEH041-T1,0.0
2026-02-28,ORD0093972,2026-02-28,OUT106,Fresh,fresh_dry,Nuwara Eliya,Kandy,False,387.9,2.103,0,0,served,VEH056,1,2026-02-28-VEH056-T1,0.0
2026-02-28,ORD0093973,2026-02-28,OUT106,Fresh,fresh_chilled,Nuwara Eliya,Kandy,False,416.9,2.054,0,0,served,VEH041,1,2026-02-28-VEH041-T1,0.0
2026-02-28,ORD0093974,2026-02-28,OUT107,Fresh,fresh_dry,Nuwara Eliya,Kandy,False,676.4,3.195,0,0,served,VEH056,1,2026-02-28-VEH056-T1,0.0
2026-02-28,ORD0093975,2026-02-28,OUT108,Fresh,fresh_dry,Nuwara Eliya,Kandy,False,528.2,3.216,0,0,served,VEH056,1,2026-02-28-VEH056-T1,0.0
2026-02-28,ORD0093976,2026-02-28,OUT108,Fresh,fresh_chilled,Nuwara Eliya,Kandy,False,379.7,1.93,0,0,served,VEH041,1,2026-02-28-VEH041-T1,0.0
2026-02-28,ORD0093977,2026-02-28,OUT109,Style,style,Nuwara Eliya,Kandy,False,681.1,10.241,0,0,served,VEH046,2,2026-02-28-VEH046-T2,0.0
2026-02-28,ORD0093978,2026-02-28,OUT110,Fresh,fresh_dry,Badulla,Kandy,False,334.5,1.676,0,0,served,VEH046,1,2026-02-28-VEH046-T1,0.0
2026-02-28,ORD0093979,2026-02-28,OUT110,Fresh,fresh_chilled,Badulla,Kandy,False,309.9,1.589,0,0,served,VEH057,1,2026-02-28-VEH057-T1,0.0
2026-02-28,ORD0093980,2026-02-28,OUT111,Fresh,fresh_dry,Badulla,Kandy,False,237.6,1.32,0,0,served,VEH057,1,2026-02-28-VEH057-T1,0.0
2026-02-28,ORD0093981,2026-02-28,OUT112,Fresh,fresh_dry,Badulla,Kandy,False,672.8,3.534,0,0,served,VEH039,1,2026-02-28-VEH039-T1,0.0
2026-02-28,ORD0093982,2026-02-28,OUT112,Fresh,fresh_chilled,Badulla,Kandy,False,373.7,2.36,0,0,served,VEH039,1,2026-02-28-VEH039-T1,0.0
2026-02-28,ORD0093983,2026-02-28,OUT113,Fresh,fresh_dry,Badulla,Kandy,False,516.2,2.63,0,0,served,VEH046,1,2026-02-28-VEH046-T1,0.0
2026-02-28,ORD0093984,2026-02-28,OUT116,Fresh,fresh_dry,Kegalle,Kandy,False,383.0,2.163,0,0,served,VEH043,1,2026-02-28-VEH043-T1,0.0
2026-02-28,ORD0093985,2026-02-28,OUT117,Fresh,fresh_dry,Kegalle,Kandy,False,657.7,3.369,0,0,served,VEH043,1,2026-02-28-VEH043-T1,0.0
2026-02-28,ORD0093986,2026-02-28,OUT117,Fresh,fresh_chilled,Kegalle,Kandy,False,491.8,2.689,0,0,served,VEH043,1,2026-02-28-VEH043-T1,0.0
2026-02-28,ORD0093987,2026-02-28,OUT118,Fresh,fresh_dry,Kegalle,Kandy,False,969.9,4.984,0,0,served,VEH043,1,2026-02-28-VEH043-T1,0.0
2026-02-28,ORD0093988,2026-02-28,OUT118,Fresh,fresh_chilled,Kegalle,Kandy,False,540.3,2.996,0,0,served,VEH043,1,2026-02-28-VEH043-T1,0.0
2026-02-28,ORD0093989,2026-02-28,OUT119,Fresh,fresh_dry,Kegalle,Kandy,False,407.4,2.087,0,0,served,VEH043,1,2026-02-28-VEH043-T1,0.0
2026-03-02,ORD0093990,2026-03-02,OUT001,Fresh,fresh_dry,Colombo,Peliyagoda,True,103.4,0.614,0,0,served,VEH038,1,2026-03-02-VEH038-T1,0.0
2026-03-02,ORD0093991,2026-03-02,OUT002,Fresh,fresh_dry,Colombo,Peliyagoda,True,168.6,0.851,0,0,served,VEH038,1,2026-03-02-VEH038-T1,0.0
2026-03-02,ORD0093992,2026-03-02,OUT003,Fresh,fresh_dry,Colombo,Peliyagoda,True,115.8,0.633,0,0,served,VEH038,1,2026-03-02-VEH038-T1,0.0
2026-03-02,ORD0093993,2026-03-02,OUT004,Fresh,fresh_dry,Colombo,Peliyagoda,False,191.4,1.0,0,0,served,VEH008,1,2026-03-02-VEH008-T1,0.0
2026-03-02,ORD0093994,2026-03-02,OUT005,Fresh,fresh_dry,Colombo,Peliyagoda,False,402.2,2.125,0,0,served,VEH001,1,2026-03-02-VEH001-T1,0.0
2026-03-02,ORD0093995,2026-03-02,OUT006,Fresh,fresh_dry,Colombo,Peliyagoda,False,666.9,3.513,0,0,served,VEH008,1,2026-03-02-VEH008-T1,0.0
2026-03-02,ORD0093996,2026-03-02,OUT006,Fresh,fresh_chilled,Colombo,Peliyagoda,False,364.8,2.381,0,0,served,VEH001,1,2026-03-02-VEH001-T1,0.0
2026-03-02,ORD0093997,2026-03-02,OUT007,Fresh,fresh_dry,Colombo,Peliyagoda,False,621.8,3.425,0,0,served,VEH038,1,2026-03-02-VEH038-T1,0.0
2026-03-02,ORD0093998,2026-03-02,OUT007,Fresh,fresh_chilled,Colombo,Peliyagoda,False,493.2,2.719,0,0,served,VEH001,1,2026-03-02-VEH001-T1,0.0
2026-03-02,ORD0093999,2026-03-02,OUT008,Fresh,fresh_dry,Colombo,Peliyagoda,False,490.7,2.848,0,0,served,VEH001,1,2026-03-02-VEH001-T1,0.0
2026-03-02,ORD0094000,2026-03-02,OUT008,Fresh,fresh_chilled,Colombo,Peliyagoda,False,243.0,1.313,0,0,served,VEH001,1,2026-03-02-VEH001-T1,0.0
2026-03-02,ORD0094001,2026-03-02,OUT009,Fresh,fresh_dry,Colombo,Peliyagoda,False,324.7,1.584,0,0,served,VEH001,1,2026-03-02-VEH001-T1,0.0
2026-03-02,ORD0094002,2026-03-02,OUT010,Fresh,fresh_dry,Colombo,Peliyagoda,False,516.2,2.791,0,0,served,VEH008,1,2026-03-02-VEH008-T1,0.0
2026-03-02,ORD0094003,2026-03-02,OUT010,Fresh,fresh_chilled,Colombo,Peliyagoda,False,336.3,1.826,0,0,served,VEH001,1,2026-03-02-VEH001-T1,0.0
2026-03-02,ORD0094004,2026-03-02,OUT011,Fresh,fresh_dry,Colombo,Peliyagoda,False,366.0,2.022,0,0,served,VEH038,2,2026-03-02-VEH038-T2,0.0
2026-03-02,ORD0094005,2026-03-02,OUT011,Fresh,fresh_chilled,Colombo,Peliyagoda,False,297.5,1.47,0,0,served,VEH001,1,2026-03-02-VEH001-T1,0.0
2026-03-02,ORD0094006,2026-03-02,OUT012,Fresh,fresh_dry,Colombo,Peliyagoda,False,416.0,2.139,0,0,served,VEH008,1,2026-03-02-VEH008-T1,0.0
2026-03-02,ORD0094007,2026-03-02,OUT012,Fresh,fresh_chilled,Colombo,Peliyagoda,False,239.1,1.434,0,0,served,VEH001,1,2026-03-02-VEH001-T1,0.0
2026-03-02,ORD0094008,2026-03-02,OUT013,Fresh,fresh_dry,Colombo,Peliyagoda,False,860.6,4.994,0,0,served,VEH008,1,2026-03-02-VEH008-T1,0.0
2026-03-02,ORD0094009,2026-03-02,OUT014,Fresh,fresh_dry,Colombo,Peliyagoda,False,389.9,2.02,0,0,served,VEH008,1,2026-03-02-VEH008-T1,0.0
2026-03-02,ORD0094010,2026-03-02,OUT014,Fresh,fresh_chilled,Colombo,Peliyagoda,False,397.0,1.948,0,0,served,VEH001,1,2026-03-02-VEH001-T1,0.0
2026-03-02,ORD0094011,2026-03-02,OUT025,Fresh,fresh_dry,Gampaha,Peliyagoda,False,362.9,1.696,0,0,served,VEH003,1,2026-03-02-VEH003-T1,0.0
2026-03-02,ORD0094012,2026-03-02,OUT025,Fresh,fresh_chilled,Gampaha,Peliyagoda,False,123.5,0.66,0,0,served,VEH003,1,2026-03-02-VEH003-T1,0.0
2026-03-02,ORD0094013,2026-03-02,OUT026,Fresh,fresh_dry,Gampaha,Peliyagoda,False,252.6,1.469,0,0,served,VEH015,1,2026-03-02-VEH015-T1,0.0
2026-03-02,ORD0094014,2026-03-02,OUT027,Fresh,fresh_dry,Gampaha,Peliyagoda,False,403.3,2.007,0,0,served,VEH015,1,2026-03-02-VEH015-T1,0.0
2026-03-02,ORD0094015,2026-03-02,OUT027,Fresh,fresh_chilled,Gampaha,Peliyagoda,False,277.0,1.779,0,0,served,VEH003,1,2026-03-02-VEH003-T1,0.0
2026-03-02,ORD0094016,2026-03-02,OUT028,Fresh,fresh_dry,Gampaha,Peliyagoda,False,343.6,2.141,0,0,served,VEH015,1,2026-03-02-VEH015-T1,0.0
2026-03-02,ORD0094017,2026-03-02,OUT029,Fresh,fresh_dry,Gampaha,Peliyagoda,False,316.1,1.692,0,0,served,VEH003,1,2026-03-02-VEH003-T1,0.0
2026-03-02,ORD0094018,2026-03-02,OUT029,Fresh,fresh_chilled,Gampaha,Peliyagoda,False,253.5,1.365,0,0,served,VEH003,1,2026-03-02-VEH003-T1,0.0
2026-03-02,ORD0094019,2026-03-02,OUT030,Fresh,fresh_dry,Gampaha,Peliyagoda,False,372.7,2.17,0,0,served,VEH015,1,2026-03-02-VEH015-T1,0.0
2026-03-02,ORD0094020,2026-03-02,OUT030,Fresh,fresh_chilled,Gampaha,Peliyagoda,False,301.2,1.647,0,0,served,VEH003,1,2026-03-02-VEH003-T1,0.0
2026-03-02,ORD0094021,2026-03-02,OUT031,Fresh,fresh_dry,Gampaha,Peliyagoda,False,1006.0,4.606,0,0,served,VEH003,1,2026-03-02-VEH003-T1,0.0
2026-03-02,ORD0094022,2026-03-02,OUT031,Fresh,fresh_chilled,Gampaha,Peliyagoda,False,946.0,5.383,0,0,served,VEH003,1,2026-03-02-VEH003-T1,0.0
2026-03-02,ORD0094023,2026-03-02,OUT032,Fresh,fresh_dry,Gampaha,Peliyagoda,False,716.6,3.831,0,0,served,VEH003,1,2026-03-02-VEH003-T1,0.0
2026-03-02,ORD0094024,2026-03-02,OUT033,Fresh,fresh_dry,Gampaha,Peliyagoda,False,556.8,2.988,0,0,served,VEH015,1,2026-03-02-VEH015-T1,0.0
2026-03-02,ORD0094025,2026-03-02,OUT033,Fresh,fresh_chilled,Gampaha,Peliyagoda,False,419.1,2.334,0,0,served,VEH003,1,2026-03-02-VEH003-T1,0.0
2026-03-02,ORD0094026,2026-03-02,OUT034,Fresh,fresh_dry,Gampaha,Peliyagoda,False,367.1,1.861,0,0,served,VEH015,1,2026-03-02-VEH015-T1,0.0
2026-03-02,ORD0094027,2026-03-02,OUT040,Fresh,fresh_dry,Kalutara,Peliyagoda,False,471.4,2.645,0,0,served,VEH018,1,2026-03-02-VEH018-T1,0.0
2026-03-02,ORD0094028,2026-03-02,OUT040,Fresh,fresh_chilled,Kalutara,Peliyagoda,False,306.9,1.932,0,0,served,VEH004,1,2026-03-02-VEH004-T1,0.0
2026-03-02,ORD0094029,2026-03-02,OUT041,Fresh,fresh_dry,Kalutara,Peliyagoda,False,345.8,2.058,0,0,served,VEH018,1,2026-03-02-VEH018-T1,0.0
2026-03-02,ORD0094030,2026-03-02,OUT042,Fresh,fresh_dry,Kalutara,Peliyagoda,False,706.3,3.501,0,0,served,VEH004,1,2026-03-02-VEH004-T1,0.0
2026-03-02,ORD0094031,2026-03-02,OUT042,Fresh,fresh_chilled,Kalutara,Peliyagoda,False,539.9,3.205,0,0,served,VEH004,1,2026-03-02-VEH004-T1,0.0
2026-03-02,ORD0094032,2026-03-02,OUT043,Fresh,fresh_dry,Kalutara,Peliyagoda,False,238.8,1.283,0,0,served,VEH018,1,2026-03-02-VEH018-T1,0.0
2026-03-02,ORD0094033,2026-03-02,OUT043,Fresh,fresh_chilled,Kalutara,Peliyagoda,False,368.9,1.658,0,0,served,VEH004,1,2026-03-02-VEH004-T1,0.0
2026-03-02,ORD0094034,2026-03-02,OUT044,Fresh,fresh_dry,Kalutara,Peliyagoda,False,276.7,1.485,0,0,served,VEH004,1,2026-03-02-VEH004-T1,0.0
2026-03-02,ORD0094035,2026-03-02,OUT044,Fresh,fresh_chilled,Kalutara,Peliyagoda,False,225.0,1.167,0,0,served,VEH004,1,2026-03-02-VEH004-T1,0.0
2026-03-02,ORD0094036,2026-03-02,OUT045,Fresh,fresh_dry,Kalutara,Peliyagoda,False,219.3,1.321,0,0,served,VEH004,1,2026-03-02-VEH004-T1,0.0
2026-03-02,ORD0094037,2026-03-02,OUT045,Fresh,fresh_chilled,Kalutara,Peliyagoda,False,292.5,1.515,0,0,served,VEH004,1,2026-03-02-VEH004-T1,0.0
2026-03-02,ORD0094038,2026-03-02,OUT046,Fresh,fresh_dry,Kalutara,Peliyagoda,False,339.5,1.714,0,0,served,VEH018,1,2026-03-02-VEH018-T1,0.0
2026-03-02,ORD0094039,2026-03-02,OUT047,Style,style,Kalutara,Peliyagoda,False,667.6,11.742,0,0,served,VEH016,2,2026-03-02-VEH016-T2,0.0
2026-03-02,ORD0094040,2026-03-02,OUT048,Style,style,Kalutara,Peliyagoda,False,765.6,13.928,0,0,served,VEH015,2,2026-03-02-VEH015-T2,0.0
2026-03-02,ORD0094041,2026-03-02,OUT050,Fresh,fresh_dry,Galle,Peliyagoda,False,406.1,2.139,0,0,served,VEH007,1,2026-03-02-VEH007-T1,0.0
2026-03-02,ORD0094042,2026-03-02,OUT050,Fresh,fresh_chilled,Galle,Peliyagoda,False,614.8,3.143,0,0,served,VEH007,1,2026-03-02-VEH007-T1,0.0
2026-03-02,ORD0094043,2026-03-02,OUT051,Fresh,fresh_dry,Galle,Peliyagoda,False,121.2,0.72,0,0,served,VEH007,1,2026-03-02-VEH007-T1,0.0
2026-03-02,ORD0094044,2026-03-02,OUT051,Fresh,fresh_chilled,Galle,Peliyagoda,False,162.2,0.948,0,0,served,VEH007,1,2026-03-02-VEH007-T1,0.0
2026-03-02,ORD0094045,2026-03-02,OUT052,Fresh,fresh_dry,Galle,Peliyagoda,False,399.2,2.419,0,0,served,VEH016,1,2026-03-02-VEH016-T1,0.0
2026-03-02,ORD0094046,2026-03-02,OUT053,Fresh,fresh_dry,Galle,Peliyagoda,False,178.8,1.004,0,0,served,VEH016,1,2026-03-02-VEH016-T1,0.0
2026-03-02,ORD0094047,2026-03-02,OUT053,Fresh,fresh_chilled,Galle,Peliyagoda,False,235.3,1.192,0,0,served,VEH007,1,2026-03-02-VEH007-T1,0.0
2026-03-02,ORD0094048,2026-03-02,OUT054,Fresh,fresh_dry,Galle,Peliyagoda,False,790.5,4.291,0,0,served,VEH007,1,2026-03-02-VEH007-T1,0.0
2026-03-02,ORD0094049,2026-03-02,OUT054,Fresh,fresh_chilled,Galle,Peliyagoda,False,599.0,3.202,0,0,served,VEH007,1,2026-03-02-VEH007-T1,0.0
2026-03-02,ORD0094050,2026-03-02,OUT055,Fresh,fresh_dry,Galle,Peliyagoda,False,263.3,1.353,0,0,served,VEH016,1,2026-03-02-VEH016-T1,0.0
2026-03-02,ORD0094051,2026-03-02,OUT059,Fresh,fresh_dry,Matara,Peliyagoda,False,406.8,2.13,0,0,served,VEH025,1,2026-03-02-VEH025-T1,0.0
2026-03-02,ORD0094052,2026-03-02,OUT059,Fresh,fresh_chilled,Matara,Peliyagoda,False,364.0,2.254,0,0,served,VEH035,1,2026-03-02-VEH035-T1,0.0
2026-03-02,ORD0094053,2026-03-02,OUT060,Fresh,fresh_dry,Matara,Peliyagoda,False,329.2,1.784,0,0,served,VEH025,1,2026-03-02-VEH025-T1,0.0
2026-03-02,ORD0094054,2026-03-02,OUT061,Fresh,fresh_dry,Matara,Peliyagoda,False,298.2,1.886,0,0,served,VEH025,1,2026-03-02-VEH025-T1,0.0
2026-03-02,ORD0094055,2026-03-02,OUT061,Fresh,fresh_chilled,Matara,Peliyagoda,False,182.6,1.207,0,0,served,VEH035,1,2026-03-02-VEH035-T1,0.0
2026-03-02,ORD0094056,2026-03-02,OUT062,Fresh,fresh_dry,Matara,Peliyagoda,False,545.3,3.072,0,0,served,VEH025,1,2026-03-02-VEH025-T1,0.0
2026-03-02,ORD0094057,2026-03-02,OUT062,Fresh,fresh_chilled,Matara,Peliyagoda,False,388.7,2.029,0,0,served,VEH035,1,2026-03-02-VEH035-T1,0.0
2026-03-02,ORD0094058,2026-03-02,OUT065,Fresh,fresh_dry,Kurunegala,Peliyagoda,False,495.2,2.932,0,0,served,VEH017,1,2026-03-02-VEH017-T1,0.0
2026-03-02,ORD0094059,2026-03-02,OUT066,Fresh,fresh_dry,Kurunegala,Peliyagoda,False,357.2,1.962,0,0,served,VEH017,1,2026-03-02-VEH017-T1,0.0
2026-03-02,ORD0094060,2026-03-02,OUT067,Fresh,fresh_dry,Kurunegala,Peliyagoda,False,405.3,2.095,0,0,served,VEH017,1,2026-03-02-VEH017-T1,0.0
2026-03-02,ORD0094061,2026-03-02,OUT068,Fresh,fresh_dry,Kurunegala,Peliyagoda,False,383.4,2.042,0,0,served,VEH002,1,2026-03-02-VEH002-T1,0.0
2026-03-02,ORD0094062,2026-03-02,OUT068,Fresh,fresh_chilled,Kurunegala,Peliyagoda,False,332.2,1.594,0,0,served,VEH002,1,2026-03-02-VEH002-T1,0.0
2026-03-02,ORD0094063,2026-03-02,OUT069,Fresh,fresh_dry,Kurunegala,Peliyagoda,False,380.3,2.304,0,0,served,VEH002,1,2026-03-02-VEH002-T1,0.0
2026-03-02,ORD0094064,2026-03-02,OUT069,Fresh,fresh_chilled,Kurunegala,Peliyagoda,False,226.8,1.217,0,0,served,VEH002,1,2026-03-02-VEH002-T1,0.0
2026-03-02,ORD0094065,2026-03-02,OUT073,Fresh,fresh_dry,Puttalam,Peliyagoda,False,317.5,1.721,0,0,served,VEH037,1,2026-03-02-VEH037-T1,0.0
2026-03-02,ORD0094066,2026-03-02,OUT073,Fresh,fresh_chilled,Puttalam,Peliyagoda,False,393.2,1.994,0,0,served,VEH036,1,2026-03-02-VEH036-T1,0.0
2026-03-02,ORD0094067,2026-03-02,OUT074,Fresh,fresh_dry,Puttalam,Peliyagoda,False,314.7,1.636,0,0,served,VEH037,1,2026-03-02-VEH037-T1,0.0
2026-03-02,ORD0094068,2026-03-02,OUT074,Fresh,fresh_chilled,Puttalam,Peliyagoda,False,359.0,2.301,0,0,served,VEH036,1,2026-03-02-VEH036-T1,0.0
2026-03-02,ORD0094069,2026-03-02,OUT075,Fresh,fresh_dry,Puttalam,Peliyagoda,False,173.9,0.884,0,0,served,VEH037,1,2026-03-02-VEH037-T1,0.0
2026-03-02,ORD0094070,2026-03-02,OUT075,Fresh,fresh_chilled,Puttalam,Peliyagoda,False,206.7,1.065,0,0,served,VEH036,1,2026-03-02-VEH036-T1,0.0
2026-03-02,ORD0094071,2026-03-02,OUT076,Fresh,fresh_dry,Kandy,Kandy,True,159.7,0.928,0,0,served,VEH059,1,2026-03-02-VEH059-T1,0.0
2026-03-02,ORD0094072,2026-03-02,OUT077,Fresh,fresh_dry,Kandy,Kandy,True,99.3,0.505,0,0,served,VEH058,1,2026-03-02-VEH058-T1,0.0
2026-03-02,ORD0094073,2026-03-02,OUT077,Fresh,fresh_chilled,Kandy,Kandy,True,96.3,0.56,0,0,served,VEH058,1,2026-03-02-VEH058-T1,0.0
2026-03-02,ORD0094074,2026-03-02,OUT078,Fresh,fresh_dry,Kandy,Kandy,True,202.3,1.152,0,0,served,VEH058,1,2026-03-02-VEH058-T1,0.0
2026-03-02,ORD0094075,2026-03-02,OUT078,Fresh,fresh_chilled,Kandy,Kandy,True,202.1,1.136,0,0,served,VEH058,1,2026-03-02-VEH058-T1,0.0
2026-03-02,ORD0094076,2026-03-02,OUT079,Fresh,fresh_dry,Kandy,Kandy,True,151.4,0.765,0,0,served,VEH058,1,2026-03-02-VEH058-T1,0.0
2026-03-02,ORD0094077,2026-03-02,OUT079,Fresh,fresh_chilled,Kandy,Kandy,True,106.1,0.591,0,0,served,VEH058,1,2026-03-02-VEH058-T1,0.0
2026-03-02,ORD0094078,2026-03-02,OUT080,Fresh,fresh_dry,Kandy,Kandy,True,165.8,0.884,0,0,served,VEH059,1,2026-03-02-VEH059-T1,0.0
2026-03-02,ORD0094079,2026-03-02,OUT081,Fresh,fresh_dry,Kandy,Kandy,True,155.9,0.811,0,0,served,VEH059,1,2026-03-02-VEH059-T1,0.0
2026-03-02,ORD0094080,2026-03-02,OUT082,Fresh,fresh_dry,Kandy,Kandy,True,161.5,0.988,0,0,served,VEH059,1,2026-03-02-VEH059-T1,0.0
2026-03-02,ORD0094081,2026-03-02,OUT082,Fresh,fresh_chilled,Kandy,Kandy,True,81.4,0.443,0,0,served,VEH058,1,2026-03-02-VEH058-T1,0.0
2026-03-02,ORD0094082,2026-03-02,OUT083,Fresh,fresh_dry,Kandy,Kandy,True,99.8,0.575,0,0,served,VEH059,1,2026-03-02-VEH059-T1,0.0
2026-03-02,ORD0094083,2026-03-02,OUT084,Fresh,fresh_dry,Kandy,Kandy,False,260.0,1.481,0,0,served,VEH059,1,2026-03-02-VEH059-T1,0.0
2026-03-02,ORD0094084,2026-03-02,OUT085,Fresh,fresh_dry,Kandy,Kandy,False,367.5,2.101,0,0,served,VEH040,1,2026-03-02-VEH040-T1,0.0
2026-03-02,ORD0094085,2026-03-02,OUT085,Fresh,fresh_chilled,Kandy,Kandy,False,439.3,2.633,0,0,served,VEH040,1,2026-03-02-VEH040-T1,0.0
2026-03-02,ORD0094086,2026-03-02,OUT086,Fresh,fresh_dry,Kandy,Kandy,False,293.0,1.552,0,0,served,VEH040,1,2026-03-02-VEH040-T1,0.0
2026-03-02,ORD0094087,2026-03-02,OUT086,Fresh,fresh_chilled,Kandy,Kandy,False,298.6,1.796,0,0,served,VEH040,1,2026-03-02-VEH040-T1,0.0
2026-03-02,ORD0094088,2026-03-02,OUT087,Fresh,fresh_dry,Kandy,Kandy,False,349.6,1.839,0,0,served,VEH040,1,2026-03-02-VEH040-T1,0.0
2026-03-02,ORD0094089,2026-03-02,OUT087,Fresh,fresh_chilled,Kandy,Kandy,False,201.8,1.144,0,0,served,VEH040,1,2026-03-02-VEH040-T1,0.0
2026-03-02,ORD0094090,2026-03-02,OUT096,Fresh,fresh_dry,Matale,Kandy,False,162.4,0.799,0,0,served,VEH059,2,2026-03-02-VEH059-T2,0.0
2026-03-02,ORD0094091,2026-03-02,OUT096,Fresh,fresh_chilled,Matale,Kandy,False,222.2,1.18,0,0,served,VEH058,2,2026-03-02-VEH058-T2,0.0
2026-03-02,ORD0094092,2026-03-02,OUT097,Fresh,fresh_dry,Matale,Kandy,False,647.8,3.55,0,0,served,VEH040,2,2026-03-02-VEH040-T2,0.0
2026-03-02,ORD0094093,2026-03-02,OUT098,Fresh,fresh_dry,Matale,Kandy,False,354.2,2.12,0,0,served,VEH059,2,2026-03-02-VEH059-T2,0.0
2026-03-02,ORD0094094,2026-03-02,OUT098,Fresh,fresh_chilled,Matale,Kandy,False,355.9,1.807,0,0,served,VEH058,2,2026-03-02-VEH058-T2,0.0
2026-03-02,ORD0094095,2026-03-02,OUT099,Fresh,fresh_dry,Matale,Kandy,False,487.5,2.792,0,0,served,VEH040,2,2026-03-02-VEH040-T2,0.0
2026-03-02,ORD0094096,2026-03-02,OUT099,Fresh,fresh_chilled,Matale,Kandy,False,297.0,1.571,0,0,served,VEH040,2,2026-03-02-VEH040-T2,0.0
2026-03-02,ORD0094097,2026-03-02,OUT100,Fresh,fresh_dry,Matale,Kandy,False,539.6,3.141,0,0,served,VEH040,2,2026-03-02-VEH040-T2,0.0
2026-03-02,ORD0094098,2026-03-02,OUT101,Fresh,fresh_dry,Matale,Kandy,False,266.1,1.497,0,0,served,VEH059,2,2026-03-02-VEH059-T2,0.0
2026-03-02,ORD0094099,2026-03-02,OUT101,Fresh,fresh_chilled,Matale,Kandy,False,398.4,2.194,0,0,served,VEH058,2,2026-03-02-VEH058-T2,0.0
2026-03-02,ORD0094100,2026-03-02,OUT102,Style,style,Matale,Kandy,False,1068.5,17.72,0,0,served,VEH056,2,2026-03-02-VEH056-T2,0.0
2026-03-02,ORD0094101,2026-03-02,OUT104,Fresh,fresh_dry,Nuwara Eliya,Kandy,False,353.9,1.972,0,0,served,VEH046,1,2026-03-02-VEH046-T1,0.0
2026-03-02,ORD0094102,2026-03-02,OUT105,Fresh,fresh_dry,Nuwara Eliya,Kandy,False,299.3,1.585,0,0,served,VEH046,1,2026-03-02-VEH046-T1,0.0
2026-03-02,ORD0094103,2026-03-02,OUT105,Fresh,fresh_chilled,Nuwara Eliya,Kandy,False,251.4,1.361,0,0,served,VEH039,1,2026-03-02-VEH039-T1,0.0
2026-03-02,ORD0094104,2026-03-02,OUT106,Fresh,fresh_dry,Nuwara Eliya,Kandy,False,479.3,2.393,0,0,served,VEH046,1,2026-03-02-VEH046-T1,0.0
2026-03-02,ORD0094105,2026-03-02,OUT107,Fresh,fresh_dry,Nuwara Eliya,Kandy,False,399.4,2.384,0,0,served,VEH046,1,2026-03-02-VEH046-T1,0.0
2026-03-02,ORD0094106,2026-03-02,OUT108,Fresh,fresh_dry,Nuwara Eliya,Kandy,False,559.9,2.6,0,0,served,VEH039,1,2026-03-02-VEH039-T1,0.0
2026-03-02,ORD0094107,2026-03-02,OUT108,Fresh,fresh_chilled,Nuwara Eliya,Kandy,False,380.0,2.074,0,0,served,VEH039,1,2026-03-02-VEH039-T1,0.0
2026-03-02,ORD0094108,2026-03-02,OUT110,Fresh,fresh_dry,Badulla,Kandy,False,343.8,1.844,0,0,served,VEH056,1,2026-03-02-VEH056-T1,0.0
2026-03-02,ORD0094109,2026-03-02,OUT110,Fresh,fresh_chilled,Badulla,Kandy,False,235.2,1.336,0,0,served,VEH057,1,2026-03-02-VEH057-T1,0.0
2026-03-02,ORD0094110,2026-03-02,OUT111,Fresh,fresh_dry,Badulla,Kandy,False,249.5,1.539,0,0,served,VEH056,1,2026-03-02-VEH056-T1,0.0
2026-03-02,ORD0094111,2026-03-02,OUT111,Fresh,fresh_chilled,Badulla,Kandy,False,118.7,0.625,0,0,served,VEH057,1,2026-03-02-VEH057-T1,0.0
2026-03-02,ORD0094112,2026-03-02,OUT112,Fresh,fresh_dry,Badulla,Kandy,False,506.2,2.614,0,0,served,VEH060,1,2026-03-02-VEH060-T1,0.0
2026-03-02,ORD0094113,2026-03-02,OUT113,Fresh,fresh_dry,Badulla,Kandy,False,624.9,3.322,0,0,served,VEH041,1,2026-03-02-VEH041-T1,0.0
2026-03-02,ORD0094114,2026-03-02,OUT113,Fresh,fresh_chilled,Badulla,Kandy,False,366.0,1.972,0,0,served,VEH041,1,2026-03-02-VEH041-T1,0.0
2026-03-02,ORD0094115,2026-03-02,OUT114,Style,style,Badulla,Kandy,False,1686.1,26.415,0,0,served,VEH039,2,2026-03-02-VEH039-T2,0.0
2026-03-02,ORD0094116,2026-03-02,OUT116,Fresh,fresh_dry,Kegalle,Kandy,False,350.6,2.077,0,0,served,VEH042,1,2026-03-02-VEH042-T1,0.0
2026-03-02,ORD0094117,2026-03-02,OUT116,Fresh,fresh_chilled,Kegalle,Kandy,False,283.7,1.601,0,0,served,VEH042,1,2026-03-02-VEH042-T1,0.0
2026-03-02,ORD0094118,2026-03-02,OUT117,Fresh,fresh_dry,Kegalle,Kandy,False,656.3,3.272,0,0,served,VEH042,1,2026-03-02-VEH042-T1,0.0
2026-03-02,ORD0094119,2026-03-02,OUT118,Fresh,fresh_dry,Kegalle,Kandy,False,797.6,4.452,0,0,served,VEH042,1,2026-03-02-VEH042-T1,0.0
2026-03-02,ORD0094120,2026-03-02,OUT118,Fresh,fresh_chilled,Kegalle,Kandy,False,630.3,3.449,0,0,served,VEH042,1,2026-03-02-VEH042-T1,0.0
2026-03-02,ORD0094121,2026-03-02,OUT119,Fresh,fresh_dry,Kegalle,Kandy,False,321.0,1.937,0,0,served,VEH042,1,2026-03-02-VEH042-T1,0.0
2026-03-02,ORD0094122,2026-03-02,OUT119,Fresh,fresh_chilled,Kegalle,Kandy,False,382.7,2.179,0,0,served,VEH042,1,2026-03-02-VEH042-T1,0.0
2026-03-03,ORD0094123,2026-03-03,OUT001,Fresh,fresh_dry,Colombo,Peliyagoda,True,79.2,0.443,0,0,served,VEH037,1,2026-03-03-VEH037-T1,0.0
2026-03-03,ORD0094124,2026-03-03,OUT001,Fresh,fresh_chilled,Colombo,Peliyagoda,True,95.1,0.519,0,0,served,VEH036,1,2026-03-03-VEH036-T1,0.0
2026-03-03,ORD0094125,2026-03-03,OUT002,Fresh,fresh_dry,Colombo,Peliyagoda,True,99.5,0.61,0,0,served,VEH037,1,2026-03-03-VEH037-T1,0.0
2026-03-03,ORD0094126,2026-03-03,OUT002,Fresh,fresh_chilled,Colombo,Peliyagoda,True,100.3,0.505,0,0,served,VEH036,1,2026-03-03-VEH036-T1,0.0
2026-03-03,ORD0094127,2026-03-03,OUT003,Fresh,fresh_dry,Colombo,Peliyagoda,True,97.1,0.498,0,0,served,VEH037,1,2026-03-03-VEH037-T1,0.0
2026-03-03,ORD0094128,2026-03-03,OUT004,Fresh,fresh_dry,Colombo,Peliyagoda,False,201.0,0.996,0,0,served,VEH037,1,2026-03-03-VEH037-T1,0.0
2026-03-03,ORD0094129,2026-03-03,OUT005,Fresh,fresh_dry,Colombo,Peliyagoda,False,471.2,2.482,0,0,served,VEH036,1,2026-03-03-VEH036-T1,0.0
2026-03-03,ORD0094130,2026-03-03,OUT006,Fresh,fresh_dry,Colombo,Peliyagoda,False,415.8,1.832,0,0,served,VEH037,1,2026-03-03-VEH037-T1,0.0
2026-03-03,ORD0094132,2026-03-03,OUT007,Fresh,fresh_dry,Colombo,Peliyagoda,False,1017.4,5.173,0,0,served,VEH034,1,2026-03-03-VEH034-T1,0.0
2026-03-03,ORD0094133,2026-03-03,OUT008,Fresh,fresh_dry,Colombo,Peliyagoda,False,349.9,1.825,0,0,served,VEH034,1,2026-03-03-VEH034-T1,0.0
2026-03-03,ORD0094134,2026-03-03,OUT008,Fresh,fresh_chilled,Colombo,Peliyagoda,False,215.8,1.148,0,0,served,VEH036,1,2026-03-03-VEH036-T1,0.0
2026-03-03,ORD0094135,2026-03-03,OUT009,Fresh,fresh_dry,Colombo,Peliyagoda,False,248.6,1.43,0,0,served,VEH034,1,2026-03-03-VEH034-T1,0.0
2026-03-03,ORD0094137,2026-03-03,OUT010,Fresh,fresh_dry,Colombo,Peliyagoda,False,249.8,1.498,0,0,served,VEH034,1,2026-03-03-VEH034-T1,0.0
2026-03-03,ORD0094139,2026-03-03,OUT011,Fresh,fresh_dry,Colombo,Peliyagoda,False,321.2,1.767,0,0,served,VEH034,1,2026-03-03-VEH034-T1,0.0
2026-03-03,ORD0094141,2026-03-03,OUT012,Fresh,fresh_dry,Colombo,Peliyagoda,False,307.2,1.721,0,0,served,VEH034,1,2026-03-03-VEH034-T1,0.0
2026-03-03,ORD0094143,2026-03-03,OUT013,Fresh,fresh_dry,Colombo,Peliyagoda,False,709.6,3.739,0,0,served,VEH034,1,2026-03-03-VEH034-T1,0.0
2026-03-03,ORD0094144,2026-03-03,OUT014,Fresh,fresh_dry,Colombo,Peliyagoda,False,286.7,1.442,0,0,served,VEH034,1,2026-03-03-VEH034-T1,0.0
2026-03-03,ORD0094145,2026-03-03,OUT022,Tech,tech,Colombo,Peliyagoda,False,841.3,2.86,0,0,served,VEH038,2,2026-03-03-VEH038-T2,0.0
2026-03-03,ORD0094146,2026-03-03,OUT023,Tech,tech,Colombo,Peliyagoda,False,704.7,2.415,0,0,served,VEH015,2,2026-03-03-VEH015-T2,0.0
2026-03-03,ORD0094147,2026-03-03,OUT024,Tech,tech,Colombo,Peliyagoda,False,510.6,1.852,0,0,served,VEH015,2,2026-03-03-VEH015-T2,0.0
2026-03-03,ORD0094148,2026-03-03,OUT025,Fresh,fresh_dry,Gampaha,Peliyagoda,False,223.1,1.299,0,0,served,VEH027,1,2026-03-03-VEH027-T1,0.0
2026-03-03,ORD0094149,2026-03-03,OUT025,Fresh,fresh_chilled,Gampaha,Peliyagoda,False,109.6,0.584,0,0,served,VEH004,1,2026-03-03-VEH004-T1,0.0
2026-03-03,ORD0094150,2026-03-03,OUT026,Fresh,fresh_dry,Gampaha,Peliyagoda,False,191.5,1.084,0,0,served,VEH004,1,2026-03-03-VEH004-T1,0.0
2026-03-03,ORD0094151,2026-03-03,OUT026,Fresh,fresh_chilled,Gampaha,Peliyagoda,False,243.4,1.369,0,0,served,VEH004,1,2026-03-03-VEH004-T1,0.0
2026-03-03,ORD0094152,2026-03-03,OUT027,Fresh,fresh_dry,Gampaha,Peliyagoda,False,276.5,1.652,0,0,served,VEH027,1,2026-03-03-VEH027-T1,0.0
2026-03-03,ORD0094153,2026-03-03,OUT027,Fresh,fresh_chilled,Gampaha,Peliyagoda,False,212.8,1.213,0,0,served,VEH004,1,2026-03-03-VEH004-T1,0.0
2026-03-03,ORD0094154,2026-03-03,OUT028,Fresh,fresh_dry,Gampaha,Peliyagoda,False,501.1,2.432,0,0,served,VEH027,1,2026-03-03-VEH027-T1,0.0
2026-03-03,ORD0094155,2026-03-03,OUT028,Fresh,fresh_chilled,Gampaha,Peliyagoda,False,258.4,1.48,0,0,served,VEH004,1,2026-03-03-VEH004-T1,0.0
2026-03-03,ORD0094156,2026-03-03,OUT029,Fresh,fresh_dry,Gampaha,Peliyagoda,False,217.8,1.262,0,0,served,VEH027,1,2026-03-03-VEH027-T1,0.0
2026-03-03,ORD0094157,2026-03-03,OUT029,Fresh,fresh_chilled,Gampaha,Peliyagoda,False,257.2,1.559,0,0,served,VEH004,1,2026-03-03-VEH004-T1,0.0
2026-03-03,ORD0094158,2026-03-03,OUT030,Fresh,fresh_dry,Gampaha,Peliyagoda,False,366.4,1.907,0,0,served,VEH027,1,2026-03-03-VEH027-T1,0.0
2026-03-03,ORD0094159,2026-03-03,OUT030,Fresh,fresh_chilled,Gampaha,Peliyagoda,False,394.7,2.49,0,0,served,VEH004,1,2026-03-03-VEH004-T1,0.0
2026-03-03,ORD0094160,2026-03-03,OUT031,Fresh,fresh_dry,Gampaha,Peliyagoda,False,769.2,3.781,0,0,served,VEH027,1,2026-03-03-VEH027-T1,0.0
2026-03-03,ORD0094161,2026-03-03,OUT031,Fresh,fresh_chilled,Gampaha,Peliyagoda,False,801.2,3.912,0,0,served,VEH004,1,2026-03-03-VEH004-T1,0.0
2026-03-03,ORD0094162,2026-03-03,OUT032,Fresh,fresh_dry,Gampaha,Peliyagoda,False,566.8,2.647,0,0,served,VEH027,1,2026-03-03-VEH027-T1,0.0
2026-03-03,ORD0094163,2026-03-03,OUT032,Fresh,fresh_chilled,Gampaha,Peliyagoda,False,478.5,2.936,0,0,served,VEH004,1,2026-03-03-VEH004-T1,0.0
2026-03-03,ORD0094164,2026-03-03,OUT033,Fresh,fresh_dry,Gampaha,Peliyagoda,False,446.2,2.415,0,0,served,VEH027,1,2026-03-03-VEH027-T1,0.0
2026-03-03,ORD0094165,2026-03-03,OUT034,Fresh,fresh_dry,Gampaha,Peliyagoda,False,328.8,1.888,0,0,served,VEH027,1,2026-03-03-VEH027-T1,0.0
2026-03-03,ORD0094166,2026-03-03,OUT034,Fresh,fresh_chilled,Gampaha,Peliyagoda,False,344.8,1.777,0,0,served,VEH004,1,2026-03-03-VEH004-T1,0.0
2026-03-03,ORD0094167,2026-03-03,OUT040,Fresh,fresh_dry,Kalutara,Peliyagoda,False,617.6,3.312,0,0,served,VEH008,1,2026-03-03-VEH008-T1,0.0
2026-03-03,ORD0094168,2026-03-03,OUT040,Fresh,fresh_chilled,Kalutara,Peliyagoda,False,391.9,2.153,0,0,served,VEH003,1,2026-03-03-VEH003-T1,0.0
2026-03-03,ORD0094169,2026-03-03,OUT041,Fresh,fresh_dry,Kalutara,Peliyagoda,False,350.3,1.735,0,0,served,VEH008,1,2026-03-03-VEH008-T1,0.0
2026-03-03,ORD0094170,2026-03-03,OUT041,Fresh,fresh_chilled,Kalutara,Peliyagoda,False,209.4,1.207,0,0,served,VEH003,1,2026-03-03-VEH003-T1,0.0
2026-03-03,ORD0094171,2026-03-03,OUT042,Fresh,fresh_dry,Kalutara,Peliyagoda,False,979.7,5.105,0,0,served,VEH003,1,2026-03-03-VEH003-T1,0.0
2026-03-03,ORD0094172,2026-03-03,OUT042,Fresh,fresh_chilled,Kalutara,Peliyagoda,False,614.1,3.104,0,0,served,VEH003,1,2026-03-03-VEH003-T1,0.0
2026-03-03,ORD0094173,2026-03-03,OUT043,Fresh,fresh_dry,Kalutara,Peliyagoda,False,167.1,0.893,0,0,served,VEH008,1,2026-03-03-VEH008-T1,0.0
2026-03-03,ORD0094174,2026-03-03,OUT043,Fresh,fresh_chilled,Kalutara,Peliyagoda,False,173.5,1.064,0,0,served,VEH003,1,2026-03-03-VEH003-T1,0.0
2026-03-03,ORD0094175,2026-03-03,OUT044,Fresh,fresh_dry,Kalutara,Peliyagoda,False,283.1,1.728,0,0,served,VEH008,1,2026-03-03-VEH008-T1,0.0
2026-03-03,ORD0094176,2026-03-03,OUT044,Fresh,fresh_chilled,Kalutara,Peliyagoda,False,130.6,0.818,0,0,served,VEH003,1,2026-03-03-VEH003-T1,0.0
2026-03-03,ORD0094177,2026-03-03,OUT045,Fresh,fresh_dry,Kalutara,Peliyagoda,False,179.5,1.101,0,0,served,VEH008,1,2026-03-03-VEH008-T1,0.0
2026-03-03,ORD0094178,2026-03-03,OUT045,Fresh,fresh_chilled,Kalutara,Peliyagoda,False,207.2,1.173,0,0,served,VEH003,1,2026-03-03-VEH003-T1,0.0
2026-03-03,ORD0094179,2026-03-03,OUT046,Fresh,fresh_dry,Kalutara,Peliyagoda,False,216.4,1.157,0,0,served,VEH008,1,2026-03-03-VEH008-T1,0.0
2026-03-03,ORD0094180,2026-03-03,OUT046,Fresh,fresh_chilled,Kalutara,Peliyagoda,False,198.2,1.007,0,0,served,VEH003,1,2026-03-03-VEH003-T1,0.0
2026-03-03,ORD0094181,2026-03-03,OUT049,Tech,tech,Kalutara,Peliyagoda,False,739.4,2.732,0,0,served,VEH037,2,2026-03-03-VEH037-T2,0.0
2026-03-03,ORD0094182,2026-03-03,OUT050,Fresh,fresh_dry,Galle,Peliyagoda,False,221.6,1.212,0,0,served,VEH005,1,2026-03-03-VEH005-T1,0.0
2026-03-03,ORD0094183,2026-03-03,OUT050,Fresh,fresh_chilled,Galle,Peliyagoda,False,360.3,1.922,0,0,served,VEH005,1,2026-03-03-VEH005-T1,0.0
2026-03-03,ORD0094184,2026-03-03,OUT051,Fresh,fresh_dry,Galle,Peliyagoda,False,185.9,1.015,0,0,served,VEH005,1,2026-03-03-VEH005-T1,0.0
2026-03-03,ORD0094185,2026-03-03,OUT051,Fresh,fresh_chilled,Galle,Peliyagoda,False,113.9,0.64,0,0,served,VEH005,1,2026-03-03-VEH005-T1,0.0
2026-03-03,ORD0094186,2026-03-03,OUT052,Fresh,fresh_dry,Galle,Peliyagoda,False,391.8,2.47,0,0,served,VEH025,1,2026-03-03-VEH025-T1,0.0
2026-03-03,ORD0094187,2026-03-03,OUT052,Fresh,fresh_chilled,Galle,Peliyagoda,False,379.9,1.718,0,0,served,VEH005,1,2026-03-03-VEH005-T1,0.0
2026-03-03,ORD0094188,2026-03-03,OUT053,Fresh,fresh_dry,Galle,Peliyagoda,False,120.3,0.697,0,0,served,VEH025,1,2026-03-03-VEH025-T1,0.0
2026-03-03,ORD0094189,2026-03-03,OUT054,Fresh,fresh_dry,Galle,Peliyagoda,False,687.6,3.292,0,0,served,VEH025,1,2026-03-03-VEH025-T1,0.0
2026-03-03,ORD0094190,2026-03-03,OUT055,Fresh,fresh_dry,Galle,Peliyagoda,False,417.3,2.051,0,0,served,VEH025,1,2026-03-03-VEH025-T1,0.0
2026-03-03,ORD0094191,2026-03-03,OUT055,Fresh,fresh_chilled,Galle,Peliyagoda,False,248.1,1.439,0,0,served,VEH005,1,2026-03-03-VEH005-T1,0.0
2026-03-03,ORD0094192,2026-03-03,OUT059,Fresh,fresh_dry,Matara,Peliyagoda,False,325.6,1.784,0,0,served,VEH007,1,2026-03-03-VEH007-T1,0.0
2026-03-03,ORD0094193,2026-03-03,OUT059,Fresh,fresh_chilled,Matara,Peliyagoda,False,297.7,1.66,0,0,served,VEH035,1,2026-03-03-VEH035-T1,0.0
2026-03-03,ORD0094194,2026-03-03,OUT060,Fresh,fresh_dry,Matara,Peliyagoda,False,298.8,1.698,0,0,served,VEH007,1,2026-03-03-VEH007-T1,0.0
2026-03-03,ORD0094195,2026-03-03,OUT060,Fresh,fresh_chilled,Matara,Peliyagoda,False,260.5,1.454,0,0,served,VEH035,1,2026-03-03-VEH035-T1,0.0
2026-03-03,ORD0094196,2026-03-03,OUT061,Fresh,fresh_dry,Matara,Peliyagoda,False,375.9,1.899,0,0,served,VEH007,1,2026-03-03-VEH007-T1,0.0
2026-03-03,ORD0094197,2026-03-03,OUT061,Fresh,fresh_chilled,Matara,Peliyagoda,False,203.2,0.969,0,0,served,VEH035,1,2026-03-03-VEH035-T1,0.0
2026-03-03,ORD0094198,2026-03-03,OUT062,Fresh,fresh_dry,Matara,Peliyagoda,False,403.6,2.158,0,0,served,VEH007,1,2026-03-03-VEH007-T1,0.0
2026-03-03,ORD0094199,2026-03-03,OUT062,Fresh,fresh_chilled,Matara,Peliyagoda,False,332.4,1.878,0,0,served,VEH007,1,2026-03-03-VEH007-T1,0.0
2026-03-03,ORD0094200,2026-03-03,OUT065,Fresh,fresh_dry,Kurunegala,Peliyagoda,False,415.4,2.178,0,0,served,VEH006,1,2026-03-03-VEH006-T1,0.0
2026-03-03,ORD0094201,2026-03-03,OUT065,Fresh,fresh_chilled,Kurunegala,Peliyagoda,False,467.6,2.468,0,0,served,VEH006,1,2026-03-03-VEH006-T1,0.0
2026-03-03,ORD0094202,2026-03-03,OUT066,Fresh,fresh_dry,Kurunegala,Peliyagoda,False,272.7,1.656,0,0,served,VEH015,1,2026-03-03-VEH015-T1,0.0
2026-03-03,ORD0094203,2026-03-03,OUT066,Fresh,fresh_chilled,Kurunegala,Peliyagoda,False,354.5,1.973,0,0,served,VEH001,1,2026-03-03-VEH001-T1,0.0
2026-03-03,ORD0094204,2026-03-03,OUT067,Fresh,fresh_dry,Kurunegala,Peliyagoda,False,335.4,2.076,0,0,served,VEH001,1,2026-03-03-VEH001-T1,0.0
2026-03-03,ORD0094205,2026-03-03,OUT067,Fresh,fresh_chilled,Kurunegala,Peliyagoda,False,297.5,1.555,0,0,served,VEH001,1,2026-03-03-VEH001-T1,0.0
2026-03-03,ORD0094206,2026-03-03,OUT068,Fresh,fresh_dry,Kurunegala,Peliyagoda,False,269.5,1.413,0,0,served,VEH015,1,2026-03-03-VEH015-T1,0.0
2026-03-03,ORD0094207,2026-03-03,OUT068,Fresh,fresh_chilled,Kurunegala,Peliyagoda,False,267.4,1.447,0,0,served,VEH001,1,2026-03-03-VEH001-T1,0.0
2026-03-03,ORD0094208,2026-03-03,OUT069,Fresh,fresh_dry,Kurunegala,Peliyagoda,False,326.8,1.772,0,0,served,VEH006,1,2026-03-03-VEH006-T1,0.0
2026-03-03,ORD0094209,2026-03-03,OUT069,Fresh,fresh_chilled,Kurunegala,Peliyagoda,False,255.9,1.254,0,0,served,VEH006,1,2026-03-03-VEH006-T1,0.0
2026-03-03,ORD0094210,2026-03-03,OUT073,Fresh,fresh_dry,Puttalam,Peliyagoda,False,271.9,1.363,0,0,served,VEH002,1,2026-03-03-VEH002-T1,0.0
2026-03-03,ORD0094211,2026-03-03,OUT073,Fresh,fresh_chilled,Puttalam,Peliyagoda,False,292.9,1.588,0,0,served,VEH002,1,2026-03-03-VEH002-T1,0.0
2026-03-03,ORD0094212,2026-03-03,OUT074,Fresh,fresh_dry,Puttalam,Peliyagoda,False,280.0,1.574,0,0,served,VEH038,1,2026-03-03-VEH038-T1,0.0
2026-03-03,ORD0094213,2026-03-03,OUT075,Fresh,fresh_dry,Puttalam,Peliyagoda,False,129.0,0.678,0,0,served,VEH038,1,2026-03-03-VEH038-T1,0.0
2026-03-03,ORD0094214,2026-03-03,OUT075,Fresh,fresh_chilled,Puttalam,Peliyagoda,False,196.5,1.081,0,0,served,VEH002,1,2026-03-03-VEH002-T1,0.0
2026-03-03,ORD0094215,2026-03-03,OUT076,Fresh,fresh_dry,Kandy,Kandy,True,121.6,0.743,0,0,served,VEH059,1,2026-03-03-VEH059-T1,0.0
2026-03-03,ORD0094216,2026-03-03,OUT077,Fresh,fresh_dry,Kandy,Kandy,True,103.6,0.554,0,0,served,VEH058,2,2026-03-03-VEH058-T2,0.0
2026-03-03,ORD0094217,2026-03-03,OUT078,Fresh,fresh_dry,Kandy,Kandy,True,176.8,1.1,0,0,served,VEH059,1,2026-03-03-VEH059-T1,0.0
2026-03-03,ORD0094218,2026-03-03,OUT078,Fresh,fresh_chilled,Kandy,Kandy,True,140.1,0.902,0,0,served,VEH058,1,2026-03-03-VEH058-T1,0.0
2026-03-03,ORD0094219,2026-03-03,OUT079,Fresh,fresh_dry,Kandy,Kandy,True,98.5,0.518,0,0,served,VEH059,1,2026-03-03-VEH059-T1,0.0
2026-03-03,ORD0094220,2026-03-03,OUT079,Fresh,fresh_chilled,Kandy,Kandy,True,73.3,0.342,0,0,served,VEH058,1,2026-03-03-VEH058-T1,0.0
2026-03-03,ORD0094221,2026-03-03,OUT080,Fresh,fresh_dry,Kandy,Kandy,True,135.7,0.624,0,0,served,VEH059,1,2026-03-03-VEH059-T1,0.0
2026-03-03,ORD0094222,2026-03-03,OUT080,Fresh,fresh_chilled,Kandy,Kandy,True,144.6,0.793,0,0,served,VEH058,1,2026-03-03-VEH058-T1,0.0
2026-03-03,ORD0094223,2026-03-03,OUT081,Fresh,fresh_dry,Kandy,Kandy,True,131.6,0.673,0,0,served,VEH059,1,2026-03-03-VEH059-T1,0.0
2026-03-03,ORD0094224,2026-03-03,OUT081,Fresh,fresh_chilled,Kandy,Kandy,True,174.0,0.848,0,0,served,VEH058,1,2026-03-03-VEH058-T1,0.0
2026-03-03,ORD0094225,2026-03-03,OUT082,Fresh,fresh_dry,Kandy,Kandy,True,87.4,0.564,0,0,served,VEH059,1,2026-03-03-VEH059-T1,0.0
2026-03-03,ORD0094226,2026-03-03,OUT083,Fresh,fresh_dry,Kandy,Kandy,True,90.9,0.491,0,0,served,VEH059,1,2026-03-03-VEH059-T1,0.0
2026-03-03,ORD0094227,2026-03-03,OUT083,Fresh,fresh_chilled,Kandy,Kandy,True,106.3,0.566,0,0,served,VEH058,1,2026-03-03-VEH058-T1,0.0
2026-03-03,ORD0094228,2026-03-03,OUT084,Fresh,fresh_dry,Kandy,Kandy,False,246.4,1.351,0,0,served,VEH043,1,2026-03-03-VEH043-T1,0.0
2026-03-03,ORD0094229,2026-03-03,OUT084,Fresh,fresh_chilled,Kandy,Kandy,False,307.0,1.552,0,0,served,VEH058,2,2026-03-03-VEH058-T2,0.0
2026-03-03,ORD0094230,2026-03-03,OUT085,Fresh,fresh_dry,Kandy,Kandy,False,383.4,2.086,0,0,served,VEH043,1,2026-03-03-VEH043-T1,0.0
2026-03-03,ORD0094231,2026-03-03,OUT085,Fresh,fresh_chilled,Kandy,Kandy,False,517.1,2.679,0,0,served,VEH043,1,2026-03-03-VEH043-T1,0.0
2026-03-03,ORD0094232,2026-03-03,OUT086,Fresh,fresh_dry,Kandy,Kandy,False,221.4,1.202,0,0,served,VEH043,1,2026-03-03-VEH043-T1,0.0
2026-03-03,ORD0094233,2026-03-03,OUT086,Fresh,fresh_chilled,Kandy,Kandy,False,379.7,1.892,0,0,served,VEH058,1,2026-03-03-VEH058-T1,0.0
2026-03-03,ORD0094234,2026-03-03,OUT087,Fresh,fresh_dry,Kandy,Kandy,False,296.5,1.58,0,0,served,VEH058,2,2026-03-03-VEH058-T2,0.0
2026-03-03,ORD0094235,2026-03-03,OUT096,Fresh,fresh_dry,Matale,Kandy,False,247.7,1.227,0,0,served,VEH059,2,2026-03-03-VEH059-T2,0.0
2026-03-03,ORD0094236,2026-03-03,OUT097,Fresh,fresh_dry,Matale,Kandy,False,483.5,2.221,0,0,served,VEH042,2,2026-03-03-VEH042-T2,0.0
2026-03-03,ORD0094237,2026-03-03,OUT097,Fresh,fresh_chilled,Matale,Kandy,False,376.0,2.091,0,0,served,VEH042,2,2026-03-03-VEH042-T2,0.0
2026-03-03,ORD0094238,2026-03-03,OUT098,Fresh,fresh_dry,Matale,Kandy,False,449.5,2.576,0,0,served,VEH043,2,2026-03-03-VEH043-T2,0.0
2026-03-03,ORD0094239,2026-03-03,OUT098,Fresh,fresh_chilled,Matale,Kandy,False,285.8,1.451,0,0,served,VEH043,2,2026-03-03-VEH043-T2,0.0
2026-03-03,ORD0094240,2026-03-03,OUT099,Fresh,fresh_dry,Matale,Kandy,False,545.5,3.033,0,0,served,VEH042,2,2026-03-03-VEH042-T2,0.0
2026-03-03,ORD0094241,2026-03-03,OUT099,Fresh,fresh_chilled,Matale,Kandy,False,308.4,1.564,0,0,served,VEH042,2,2026-03-03-VEH042-T2,0.0
2026-03-03,ORD0094242,2026-03-03,OUT100,Fresh,fresh_dry,Matale,Kandy,False,470.1,2.331,0,0,served,VEH059,2,2026-03-03-VEH059-T2,0.0
2026-03-03,ORD0094243,2026-03-03,OUT100,Fresh,fresh_chilled,Matale,Kandy,False,573.5,3.208,0,0,served,VEH043,2,2026-03-03-VEH043-T2,0.0
2026-03-03,ORD0094244,2026-03-03,OUT101,Fresh,fresh_dry,Matale,Kandy,False,265.1,1.552,0,0,served,VEH059,2,2026-03-03-VEH059-T2,0.0
2026-03-03,ORD0094245,2026-03-03,OUT104,Fresh,fresh_dry,Nuwara Eliya,Kandy,False,307.9,1.58,0,0,served,VEH039,1,2026-03-03-VEH039-T1,0.0
2026-03-03,ORD0094246,2026-03-03,OUT104,Fresh,fresh_chilled,Nuwara Eliya,Kandy,False,213.9,1.115,0,0,served,VEH041,1,2026-03-03-VEH041-T1,0.0
2026-03-03,ORD0094247,2026-03-03,OUT105,Fresh,fresh_dry,Nuwara Eliya,Kandy,False,273.9,1.339,0,0,served,VEH041,1,2026-03-03-VEH041-T1,0.0
2026-03-03,ORD0094248,2026-03-03,OUT105,Fresh,fresh_chilled,Nuwara Eliya,Kandy,False,213.6,1.206,0,0,served,VEH041,1,2026-03-03-VEH041-T1,0.0
2026-03-03,ORD0094249,2026-03-03,OUT106,Fresh,fresh_dry,Nuwara Eliya,Kandy,False,309.0,1.632,0,0,served,VEH039,1,2026-03-03-VEH039-T1,0.0
2026-03-03,ORD0094250,2026-03-03,OUT106,Fresh,fresh_chilled,Nuwara Eliya,Kandy,False,214.5,1.156,0,0,served,VEH039,1,2026-03-03-VEH039-T1,0.0
2026-03-03,ORD0094251,2026-03-03,OUT107,Fresh,fresh_dry,Nuwara Eliya,Kandy,False,381.0,2.189,0,0,served,VEH039,1,2026-03-03-VEH039-T1,0.0
2026-03-03,ORD0094252,2026-03-03,OUT107,Fresh,fresh_chilled,Nuwara Eliya,Kandy,False,430.2,2.277,0,0,served,VEH039,1,2026-03-03-VEH039-T1,0.0
2026-03-03,ORD0094253,2026-03-03,OUT108,Fresh,fresh_dry,Nuwara Eliya,Kandy,False,431.3,2.256,0,0,served,VEH041,1,2026-03-03-VEH041-T1,0.0
2026-03-03,ORD0094254,2026-03-03,OUT108,Fresh,fresh_chilled,Nuwara Eliya,Kandy,False,269.7,1.389,0,0,served,VEH041,1,2026-03-03-VEH041-T1,0.0
2026-03-03,ORD0094255,2026-03-03,OUT110,Fresh,fresh_dry,Badulla,Kandy,False,309.3,1.654,0,0,served,VEH060,1,2026-03-03-VEH060-T1,0.0
2026-03-03,ORD0094256,2026-03-03,OUT111,Fresh,fresh_dry,Badulla,Kandy,False,189.0,0.993,0,0,served,VEH060,1,2026-03-03-VEH060-T1,0.0
2026-03-03,ORD0094257,2026-03-03,OUT112,Fresh,fresh_dry,Badulla,Kandy,False,516.7,2.709,0,0,served,VEH056,1,2026-03-03-VEH056-T1,0.0
2026-03-03,ORD0094258,2026-03-03,OUT112,Fresh,fresh_chilled,Badulla,Kandy,False,268.7,1.338,0,0,served,VEH057,1,2026-03-03-VEH057-T1,0.0
2026-03-03,ORD0094259,2026-03-03,OUT113,Fresh,fresh_dry,Badulla,Kandy,False,498.9,2.754,0,0,served,VEH056,1,2026-03-03-VEH056-T1,0.0
2026-03-03,ORD0094260,2026-03-03,OUT113,Fresh,fresh_chilled,Badulla,Kandy,False,265.9,1.405,0,0,served,VEH057,1,2026-03-03-VEH057-T1,0.0
2026-03-03,ORD0094261,2026-03-03,OUT116,Fresh,fresh_dry,Kegalle,Kandy,False,313.9,1.975,0,0,served,VEH046,1,2026-03-03-VEH046-T1,0.0
2026-03-03,ORD0094262,2026-03-03,OUT116,Fresh,fresh_chilled,Kegalle,Kandy,False,243.4,1.247,0,0,served,VEH042,1,2026-03-03-VEH042-T1,0.0
2026-03-03,ORD0094263,2026-03-03,OUT117,Fresh,fresh_dry,Kegalle,Kandy,False,448.0,2.594,0,0,served,VEH046,1,2026-03-03-VEH046-T1,0.0
2026-03-03,ORD0094264,2026-03-03,OUT118,Fresh,fresh_dry,Kegalle,Kandy,False,737.1,4.131,0,0,served,VEH042,1,2026-03-03-VEH042-T1,0.0
2026-03-03,ORD0094265,2026-03-03,OUT119,Fresh,fresh_dry,Kegalle,Kandy,False,229.2,1.315,0,0,served,VEH046,1,2026-03-03-VEH046-T1,0.0
2026-03-04,ORD0094266,2026-03-04,OUT001,Fresh,fresh_dry,Colombo,Peliyagoda,True,85.5,0.527,0,0,served,VEH036,1,2026-03-04-VEH036-T1,0.0
2026-03-04,ORD0094267,2026-03-04,OUT001,Fresh,fresh_chilled,Colombo,Peliyagoda,True,102.1,0.521,0,0,served,VEH036,1,2026-03-04-VEH036-T1,0.0
2026-03-04,ORD0094268,2026-03-04,OUT002,Fresh,fresh_dry,Colombo,Peliyagoda,True,102.4,0.619,0,0,served,VEH036,1,2026-03-04-VEH036-T1,0.0
2026-03-04,ORD0094269,2026-03-04,OUT003,Fresh,fresh_dry,Colombo,Peliyagoda,True,127.7,0.621,0,0,served,VEH036,1,2026-03-04-VEH036-T1,0.0
2026-03-04,ORD0094270,2026-03-04,OUT003,Fresh,fresh_chilled,Colombo,Peliyagoda,True,61.8,0.34,0,0,served,VEH036,1,2026-03-04-VEH036-T1,0.0
2026-03-04,ORD0094271,2026-03-04,OUT004,Fresh,fresh_dry,Colombo,Peliyagoda,False,177.3,0.935,0,0,served,VEH005,1,2026-03-04-VEH005-T1,0.0
2026-03-04,ORD0094272,2026-03-04,OUT004,Fresh,fresh_chilled,Colombo,Peliyagoda,False,147.7,0.808,0,0,served,VEH005,1,2026-03-04-VEH005-T1,0.0
2026-03-04,ORD0094273,2026-03-04,OUT005,Fresh,fresh_dry,Colombo,Peliyagoda,False,467.1,2.629,0,0,served,VEH037,2,2026-03-04-VEH037-T2,0.0
2026-03-04,ORD0094275,2026-03-04,OUT006,Fresh,fresh_dry,Colombo,Peliyagoda,False,337.1,1.644,0,0,served,VEH018,1,2026-03-04-VEH018-T1,0.0
2026-03-04,ORD0094276,2026-03-04,OUT007,Fresh,fresh_dry,Colombo,Peliyagoda,False,646.0,3.33,0,0,served,VEH005,1,2026-03-04-VEH005-T1,0.0
2026-03-04,ORD0094278,2026-03-04,OUT008,Fresh,fresh_dry,Colombo,Peliyagoda,False,417.6,2.144,0,0,served,VEH018,1,2026-03-04-VEH018-T1,0.0
2026-03-04,ORD0094279,2026-03-04,OUT009,Fresh,fresh_dry,Colombo,Peliyagoda,False,377.4,2.036,0,0,served,VEH037,2,2026-03-04-VEH037-T2,0.0
2026-03-04,ORD0094280,2026-03-04,OUT010,Fresh,fresh_dry,Colombo,Peliyagoda,False,443.1,2.153,0,0,served,VEH018,1,2026-03-04-VEH018-T1,0.0
2026-03-04,ORD0094281,2026-03-04,OUT011,Fresh,fresh_dry,Colombo,Peliyagoda,False,326.1,1.877,0,0,served,VEH036,1,2026-03-04-VEH036-T1,0.0
2026-03-04,ORD0094282,2026-03-04,OUT011,Fresh,fresh_chilled,Colombo,Peliyagoda,False,211.9,1.284,0,0,served,VEH036,1,2026-03-04-VEH036-T1,0.0
2026-03-04,ORD0094283,2026-03-04,OUT012,Fresh,fresh_dry,Colombo,Peliyagoda,False,324.9,1.859,0,0,served,VEH005,1,2026-03-04-VEH005-T1,0.0
2026-03-04,ORD0094284,2026-03-04,OUT012,Fresh,fresh_chilled,Colombo,Peliyagoda,False,226.4,1.236,0,0,served,VEH005,1,2026-03-04-VEH005-T1,0.0
2026-03-04,ORD0094285,2026-03-04,OUT013,Fresh,fresh_dry,Colombo,Peliyagoda,False,608.6,3.271,0,0,served,VEH005,1,2026-03-04-VEH005-T1,0.0
2026-03-04,ORD0094286,2026-03-04,OUT013,Fresh,fresh_chilled,Colombo,Peliyagoda,False,460.1,2.445,0,0,served,VEH005,1,2026-03-04-VEH005-T1,0.0
2026-03-04,ORD0094287,2026-03-04,OUT014,Fresh,fresh_dry,Colombo,Peliyagoda,False,248.9,1.358,0,0,served,VEH018,1,2026-03-04-VEH018-T1,0.0
2026-03-04,ORD0094289,2026-03-04,OUT025,Fresh,fresh_dry,Gampaha,Peliyagoda,False,193.6,0.937,0,0,served,VEH001,1,2026-03-04-VEH001-T1,0.0
2026-03-04,ORD0094290,2026-03-04,OUT025,Fresh,fresh_chilled,Gampaha,Peliyagoda,False,119.3,0.645,0,0,served,VEH001,1,2026-03-04-VEH001-T1,0.0
2026-03-04,ORD0094291,2026-03-04,OUT026,Fresh,fresh_dry,Gampaha,Peliyagoda,False,184.0,1.18,0,0,served,VEH016,1,2026-03-04-VEH016-T1,0.0
2026-03-04,ORD0094292,2026-03-04,OUT027,Fresh,fresh_dry,Gampaha,Peliyagoda,False,314.0,1.706,0,0,served,VEH016,1,2026-03-04-VEH016-T1,0.0
2026-03-04,ORD0094293,2026-03-04,OUT028,Fresh,fresh_dry,Gampaha,Peliyagoda,False,474.1,2.359,0,0,served,VEH016,1,2026-03-04-VEH016-T1,0.0
2026-03-04,ORD0094294,2026-03-04,OUT028,Fresh,fresh_chilled,Gampaha,Peliyagoda,False,321.3,1.682,0,0,served,VEH001,1,2026-03-04-VEH001-T1,0.0
2026-03-04,ORD0094295,2026-03-04,OUT029,Fresh,fresh_dry,Gampaha,Peliyagoda,False,387.3,2.083,0,0,served,VEH016,1,2026-03-04-VEH016-T1,0.0
2026-03-04,ORD0094296,2026-03-04,OUT030,Fresh,fresh_dry,Gampaha,Peliyagoda,False,300.4,1.808,0,0,served,VEH016,1,2026-03-04-VEH016-T1,0.0
2026-03-04,ORD0094297,2026-03-04,OUT031,Fresh,fresh_dry,Gampaha,Peliyagoda,False,912.6,4.719,0,0,served,VEH001,1,2026-03-04-VEH001-T1,0.0
2026-03-04,ORD0094298,2026-03-04,OUT031,Fresh,fresh_chilled,Gampaha,Peliyagoda,False,811.3,4.847,0,0,served,VEH001,1,2026-03-04-VEH001-T1,0.0
2026-03-04,ORD0094299,2026-03-04,OUT032,Fresh,fresh_dry,Gampaha,Peliyagoda,False,551.1,2.742,0,0,served,VEH016,1,2026-03-04-VEH016-T1,0.0
2026-03-04,ORD0094300,2026-03-04,OUT032,Fresh,fresh_chilled,Gampaha,Peliyagoda,False,579.3,3.408,0,0,served,VEH001,1,2026-03-04-VEH001-T1,0.0
2026-03-04,ORD0094301,2026-03-04,OUT033,Fresh,fresh_dry,Gampaha,Peliyagoda,False,472.7,2.44,0,0,served,VEH001,1,2026-03-04-VEH001-T1,0.0
2026-03-04,ORD0094302,2026-03-04,OUT033,Fresh,fresh_chilled,Gampaha,Peliyagoda,False,402.1,2.138,0,0,served,VEH001,1,2026-03-04-VEH001-T1,0.0
2026-03-04,ORD0094303,2026-03-04,OUT034,Fresh,fresh_dry,Gampaha,Peliyagoda,False,298.4,1.469,0,0,served,VEH016,1,2026-03-04-VEH016-T1,0.0
2026-03-04,ORD0094304,2026-03-04,OUT035,Style,style,Gampaha,Peliyagoda,False,1012.8,17.097,0,0,served,VEH016,2,2026-03-04-VEH016-T2,0.0
2026-03-04,ORD0094305,2026-03-04,OUT036,Style,style,Gampaha,Peliyagoda,False,596.1,10.113,0,0,served,VEH017,2,2026-03-04-VEH017-T2,0.0
2026-03-04,ORD0094306,2026-03-04,OUT037,Style,style,Gampaha,Peliyagoda,False,531.6,8.979,0,0,served,VEH017,2,2026-03-04-VEH017-T2,0.0
2026-03-04,ORD0094307,2026-03-04,OUT040,Fresh,fresh_dry,Kalutara,Peliyagoda,False,478.9,2.629,0,0,served,VEH003,1,2026-03-04-VEH003-T1,0.0
2026-03-04,ORD0094308,2026-03-04,OUT040,Fresh,fresh_chilled,Kalutara,Peliyagoda,False,331.4,1.808,0,0,served,VEH003,1,2026-03-04-VEH003-T1,0.0
2026-03-04,ORD0094309,2026-03-04,OUT041,Fresh,fresh_dry,Kalutara,Peliyagoda,False,235.9,1.363,0,0,served,VEH003,1,2026-03-04-VEH003-T1,0.0
2026-03-04,ORD0094310,2026-03-04,OUT041,Fresh,fresh_chilled,Kalutara,Peliyagoda,False,313.2,1.531,0,0,served,VEH003,1,2026-03-04-VEH003-T1,0.0
2026-03-04,ORD0094311,2026-03-04,OUT042,Fresh,fresh_dry,Kalutara,Peliyagoda,False,809.4,4.466,0,0,served,VEH003,1,2026-03-04-VEH003-T1,0.0
2026-03-04,ORD0094312,2026-03-04,OUT042,Fresh,fresh_chilled,Kalutara,Peliyagoda,False,716.4,4.112,0,0,served,VEH003,1,2026-03-04-VEH003-T1,0.0
2026-03-04,ORD0094313,2026-03-04,OUT043,Fresh,fresh_dry,Kalutara,Peliyagoda,False,194.5,1.079,0,0,served,VEH003,1,2026-03-04-VEH003-T1,0.0
2026-03-04,ORD0094314,2026-03-04,OUT044,Fresh,fresh_dry,Kalutara,Peliyagoda,False,280.1,1.388,0,0,served,VEH037,1,2026-03-04-VEH037-T1,0.0
2026-03-04,ORD0094315,2026-03-04,OUT045,Fresh,fresh_dry,Kalutara,Peliyagoda,False,158.0,1.052,0,0,served,VEH037,1,2026-03-04-VEH037-T1,0.0
2026-03-04,ORD0094316,2026-03-04,OUT046,Fresh,fresh_dry,Kalutara,Peliyagoda,False,255.6,1.324,0,0,served,VEH037,1,2026-03-04-VEH037-T1,0.0
2026-03-04,ORD0094317,2026-03-04,OUT049,Tech,tech,Kalutara,Peliyagoda,False,1266.7,4.249,0,0,served,VEH018,2,2026-03-04-VEH018-T2,0.0
2026-03-04,ORD0094318,2026-03-04,OUT050,Fresh,fresh_dry,Galle,Peliyagoda,False,351.9,1.923,0,0,served,VEH025,1,2026-03-04-VEH025-T1,0.0
2026-03-04,ORD0094319,2026-03-04,OUT050,Fresh,fresh_chilled,Galle,Peliyagoda,False,437.1,1.991,0,0,served,VEH007,1,2026-03-04-VEH007-T1,0.0
2026-03-04,ORD0094320,2026-03-04,OUT051,Fresh,fresh_dry,Galle,Peliyagoda,False,200.7,1.193,0,0,served,VEH025,1,2026-03-04-VEH025-T1,0.0
2026-03-04,ORD0094321,2026-03-04,OUT051,Fresh,fresh_chilled,Galle,Peliyagoda,False,98.8,0.531,0,0,served,VEH007,1,2026-03-04-VEH007-T1,0.0
2026-03-04,ORD0094322,2026-03-04,OUT052,Fresh,fresh_dry,Galle,Peliyagoda,False,464.0,2.353,0,0,served,VEH025,1,2026-03-04-VEH025-T1,0.0
2026-03-04,ORD0094323,2026-03-04,OUT052,Fresh,fresh_chilled,Galle,Peliyagoda,False,322.0,1.766,0,0,served,VEH007,1,2026-03-04-VEH007-T1,0.0
2026-03-04,ORD0094324,2026-03-04,OUT053,Fresh,fresh_dry,Galle,Peliyagoda,False,129.8,0.718,0,0,served,VEH025,1,2026-03-04-VEH025-T1,0.0
2026-03-04,ORD0094325,2026-03-04,OUT053,Fresh,fresh_chilled,Galle,Peliyagoda,False,180.6,0.946,0,0,served,VEH007,1,2026-03-04-VEH007-T1,0.0
2026-03-04,ORD0094326,2026-03-04,OUT054,Fresh,fresh_dry,Galle,Peliyagoda,False,925.9,4.34,0,0,served,VEH007,1,2026-03-04-VEH007-T1,0.0
2026-03-04,ORD0094327,2026-03-04,OUT054,Fresh,fresh_chilled,Galle,Peliyagoda,False,535.0,3.169,0,0,served,VEH007,1,2026-03-04-VEH007-T1,0.0
2026-03-04,ORD0094328,2026-03-04,OUT055,Fresh,fresh_dry,Galle,Peliyagoda,False,295.0,1.548,0,0,served,VEH025,1,2026-03-04-VEH025-T1,0.0
2026-03-04,ORD0094329,2026-03-04,OUT055,Fresh,fresh_chilled,Galle,Peliyagoda,False,214.4,1.227,0,0,served,VEH007,1,2026-03-04-VEH007-T1,0.0
2026-03-04,ORD0094330,2026-03-04,OUT059,Fresh,fresh_dry,Matara,Peliyagoda,False,552.3,2.569,0,0,served,VEH015,1,2026-03-04-VEH015-T1,0.0
2026-03-04,ORD0094331,2026-03-04,OUT060,Fresh,fresh_dry,Matara,Peliyagoda,False,269.8,1.452,0,0,served,VEH015,1,2026-03-04-VEH015-T1,0.0
2026-03-04,ORD0094332,2026-03-04,OUT061,Fresh,fresh_dry,Matara,Peliyagoda,False,430.9,2.283,0,0,served,VEH015,1,2026-03-04-VEH015-T1,0.0
2026-03-04,ORD0094333,2026-03-04,OUT062,Fresh,fresh_dry,Matara,Peliyagoda,False,392.5,2.06,0,0,served,VEH015,1,2026-03-04-VEH015-T1,0.0
2026-03-04,ORD0094334,2026-03-04,OUT065,Fresh,fresh_dry,Kurunegala,Peliyagoda,False,440.9,2.418,0,0,served,VEH017,1,2026-03-04-VEH017-T1,0.0
2026-03-04,ORD0094335,2026-03-04,OUT066,Fresh,fresh_dry,Kurunegala,Peliyagoda,False,366.8,1.876,0,0,served,VEH017,1,2026-03-04-VEH017-T1,0.0
2026-03-04,ORD0094336,2026-03-04,OUT067,Fresh,fresh_dry,Kurunegala,Peliyagoda,False,318.1,1.484,0,0,served,VEH002,1,2026-03-04-VEH002-T1,0.0
2026-03-04,ORD0094337,2026-03-04,OUT067,Fresh,fresh_chilled,Kurunegala,Peliyagoda,False,365.1,1.83,0,0,served,VEH002,1,2026-03-04-VEH002-T1,0.0
2026-03-04,ORD0094338,2026-03-04,OUT068,Fresh,fresh_dry,Kurunegala,Peliyagoda,False,385.1,1.953,0,0,served,VEH017,1,2026-03-04-VEH017-T1,0.0
2026-03-04,ORD0094339,2026-03-04,OUT068,Fresh,fresh_chilled,Kurunegala,Peliyagoda,False,267.0,1.459,0,0,served,VEH002,1,2026-03-04-VEH002-T1,0.0
2026-03-04,ORD0094340,2026-03-04,OUT069,Fresh,fresh_dry,Kurunegala,Peliyagoda,False,231.1,1.359,0,0,served,VEH017,1,2026-03-04-VEH017-T1,0.0
2026-03-04,ORD0094341,2026-03-04,OUT069,Fresh,fresh_chilled,Kurunegala,Peliyagoda,False,140.7,0.824,0,0,served,VEH002,1,2026-03-04-VEH002-T1,0.0
2026-03-04,ORD0094342,2026-03-04,OUT073,Fresh,fresh_dry,Puttalam,Peliyagoda,False,373.6,2.192,0,0,served,VEH038,1,2026-03-04-VEH038-T1,0.0
2026-03-04,ORD0094343,2026-03-04,OUT073,Fresh,fresh_chilled,Puttalam,Peliyagoda,False,341.6,1.979,0,0,served,VEH035,1,2026-03-04-VEH035-T1,0.0
2026-03-04,ORD0094344,2026-03-04,OUT074,Fresh,fresh_dry,Puttalam,Peliyagoda,False,301.7,1.685,0,0,served,VEH038,1,2026-03-04-VEH038-T1,0.0
2026-03-04,ORD0094345,2026-03-04,OUT075,Fresh,fresh_dry,Puttalam,Peliyagoda,False,166.8,0.951,0,0,served,VEH035,1,2026-03-04-VEH035-T1,0.0
2026-03-04,ORD0094346,2026-03-04,OUT075,Fresh,fresh_chilled,Puttalam,Peliyagoda,False,226.8,1.144,0,0,served,VEH035,1,2026-03-04-VEH035-T1,0.0
2026-03-04,ORD0094347,2026-03-04,OUT076,Fresh,fresh_dry,Kandy,Kandy,True,174.7,0.972,0,0,served,VEH059,1,2026-03-04-VEH059-T1,0.0
2026-03-04,ORD0094348,2026-03-04,OUT076,Fresh,fresh_chilled,Kandy,Kandy,True,133.1,0.636,0,0,served,VEH058,1,2026-03-04-VEH058-T1,0.0
2026-03-04,ORD0094349,2026-03-04,OUT077,Fresh,fresh_dry,Kandy,Kandy,True,101.9,0.541,0,0,served,VEH059,1,2026-03-04-VEH059-T1,0.0
2026-03-04,ORD0094350,2026-03-04,OUT078,Fresh,fresh_dry,Kandy,Kandy,True,186.7,1.027,0,0,served,VEH059,1,2026-03-04-VEH059-T1,0.0
2026-03-04,ORD0094351,2026-03-04,OUT079,Fresh,fresh_dry,Kandy,Kandy,True,126.2,0.657,0,0,served,VEH059,1,2026-03-04-VEH059-T1,0.0
2026-03-04,ORD0094352,2026-03-04,OUT080,Fresh,fresh_dry,Kandy,Kandy,True,178.0,0.858,0,0,served,VEH059,1,2026-03-04-VEH059-T1,0.0
2026-03-04,ORD0094353,2026-03-04,OUT080,Fresh,fresh_chilled,Kandy,Kandy,True,121.3,0.609,0,0,served,VEH058,1,2026-03-04-VEH058-T1,0.0
2026-03-04,ORD0094354,2026-03-04,OUT081,Fresh,fresh_dry,Kandy,Kandy,True,137.5,0.785,0,0,served,VEH058,1,2026-03-04-VEH058-T1,0.0
2026-03-04,ORD0094355,2026-03-04,OUT081,Fresh,fresh_chilled,Kandy,Kandy,True,214.2,0.958,0,0,served,VEH058,1,2026-03-04-VEH058-T1,0.0
2026-03-04,ORD0094356,2026-03-04,OUT082,Fresh,fresh_dry,Kandy,Kandy,True,121.6,0.68,0,0,served,VEH058,1,2026-03-04-VEH058-T1,0.0
2026-03-04,ORD0094357,2026-03-04,OUT082,Fresh,fresh_chilled,Kandy,Kandy,True,66.3,0.378,0,0,served,VEH058,1,2026-03-04-VEH058-T1,0.0
2026-03-04,ORD0094358,2026-03-04,OUT083,Fresh,fresh_dry,Kandy,Kandy,True,65.0,0.376,0,0,served,VEH058,1,2026-03-04-VEH058-T1,0.0
2026-03-04,ORD0094359,2026-03-04,OUT083,Fresh,fresh_chilled,Kandy,Kandy,True,117.3,0.609,0,0,served,VEH058,1,2026-03-04-VEH058-T1,0.0
2026-03-04,ORD0094360,2026-03-04,OUT084,Fresh,fresh_dry,Kandy,Kandy,False,221.4,1.437,0,0,served,VEH039,1,2026-03-04-VEH039-T1,0.0
2026-03-04,ORD0094361,2026-03-04,OUT084,Fresh,fresh_chilled,Kandy,Kandy,False,209.3,1.213,0,0,served,VEH039,1,2026-03-04-VEH039-T1,0.0
2026-03-04,ORD0094362,2026-03-04,OUT085,Fresh,fresh_dry,Kandy,Kandy,False,381.3,2.082,0,0,served,VEH039,1,2026-03-04-VEH039-T1,0.0
2026-03-04,ORD0094363,2026-03-04,OUT085,Fresh,fresh_chilled,Kandy,Kandy,False,350.1,1.913,0,0,served,VEH039,1,2026-03-04-VEH039-T1,0.0
2026-03-04,ORD0094364,2026-03-04,OUT086,Fresh,fresh_dry,Kandy,Kandy,False,277.7,1.448,0,0,served,VEH059,1,2026-03-04-VEH059-T1,0.0
2026-03-04,ORD0094365,2026-03-04,OUT087,Fresh,fresh_dry,Kandy,Kandy,False,431.0,2.095,0,0,served,VEH039,1,2026-03-04-VEH039-T1,0.0
2026-03-04,ORD0094366,2026-03-04,OUT087,Fresh,fresh_chilled,Kandy,Kandy,False,224.5,1.124,0,0,served,VEH039,1,2026-03-04-VEH039-T1,0.0
2026-03-04,ORD0094367,2026-03-04,OUT094,Tech,tech,Kandy,Kandy,False,1988.2,6.462,0,0,served,VEH046,2,2026-03-04-VEH046-T2,0.0
2026-03-04,ORD0094368,2026-03-04,OUT095,Tech,tech,Kandy,Kandy,False,1085.3,3.505,0,0,served,VEH046,2,2026-03-04-VEH046-T2,0.0
2026-03-04,ORD0094369,2026-03-04,OUT096,Fresh,fresh_dry,Matale,Kandy,False,211.2,1.184,0,0,served,VEH058,2,2026-03-04-VEH058-T2,0.0
2026-03-04,ORD0094370,2026-03-04,OUT097,Fresh,fresh_dry,Matale,Kandy,False,366.2,1.849,0,0,served,VEH042,1,2026-03-04-VEH042-T1,0.0
2026-03-04,ORD0094371,2026-03-04,OUT097,Fresh,fresh_chilled,Matale,Kandy,False,412.4,2.593,0,0,served,VEH042,1,2026-03-04-VEH042-T1,0.0
2026-03-04,ORD0094372,2026-03-04,OUT098,Fresh,fresh_dry,Matale,Kandy,False,388.0,2.044,0,0,served,VEH042,1,2026-03-04-VEH042-T1,0.0
2026-03-04,ORD0094373,2026-03-04,OUT099,Fresh,fresh_dry,Matale,Kandy,False,455.2,2.604,0,0,served,VEH042,1,2026-03-04-VEH042-T1,0.0
2026-03-04,ORD0094374,2026-03-04,OUT099,Fresh,fresh_chilled,Matale,Kandy,False,209.8,1.258,0,0,served,VEH042,1,2026-03-04-VEH042-T1,0.0
2026-03-04,ORD0094375,2026-03-04,OUT100,Fresh,fresh_dry,Matale,Kandy,False,474.6,2.671,0,0,served,VEH042,1,2026-03-04-VEH042-T1,0.0
2026-03-04,ORD0094376,2026-03-04,OUT100,Fresh,fresh_chilled,Matale,Kandy,False,558.8,2.96,0,0,served,VEH042,1,2026-03-04-VEH042-T1,0.0
2026-03-04,ORD0094377,2026-03-04,OUT101,Fresh,fresh_dry,Matale,Kandy,False,306.7,1.734,0,0,served,VEH042,1,2026-03-04-VEH042-T1,0.0
2026-03-04,ORD0094378,2026-03-04,OUT101,Fresh,fresh_chilled,Matale,Kandy,False,363.0,2.112,0,0,served,VEH042,1,2026-03-04-VEH042-T1,0.0
2026-03-04,ORD0094379,2026-03-04,OUT104,Fresh,fresh_dry,Nuwara Eliya,Kandy,False,263.5,1.507,0,0,served,VEH046,1,2026-03-04-VEH046-T1,0.0
2026-03-04,ORD0094380,2026-03-04,OUT104,Fresh,fresh_chilled,Nuwara Eliya,Kandy,False,164.9,0.932,0,0,served,VEH043,1,2026-03-04-VEH043-T1,0.0
2026-03-04,ORD0094381,2026-03-04,OUT105,Fresh,fresh_dry,Nuwara Eliya,Kandy,False,345.9,1.585,0,0,served,VEH043,1,2026-03-04-VEH043-T1,0.0
2026-03-04,ORD0094382,2026-03-04,OUT105,Fresh,fresh_chilled,Nuwara Eliya,Kandy,False,192.8,1.059,0,0,served,VEH043,1,2026-03-04-VEH043-T1,0.0
2026-03-04,ORD0094383,2026-03-04,OUT106,Fresh,fresh_dry,Nuwara Eliya,Kandy,False,443.1,2.16,0,0,served,VEH046,1,2026-03-04-VEH046-T1,0.0
2026-03-04,ORD0094384,2026-03-04,OUT106,Fresh,fresh_chilled,Nuwara Eliya,Kandy,False,219.6,1.308,0,0,served,VEH043,1,2026-03-04-VEH043-T1,0.0
2026-03-04,ORD0094385,2026-03-04,OUT107,Fresh,fresh_dry,Nuwara Eliya,Kandy,False,354.7,2.096,0,0,served,VEH046,1,2026-03-04-VEH046-T1,0.0
2026-03-04,ORD0094386,2026-03-04,OUT107,Fresh,fresh_chilled,Nuwara Eliya,Kandy,False,315.9,1.713,0,0,served,VEH043,1,2026-03-04-VEH043-T1,0.0
2026-03-04,ORD0094387,2026-03-04,OUT108,Fresh,fresh_dry,Nuwara Eliya,Kandy,False,278.7,1.643,0,0,served,VEH046,1,2026-03-04-VEH046-T1,0.0
2026-03-04,ORD0094388,2026-03-04,OUT110,Fresh,fresh_dry,Badulla,Kandy,False,191.3,1.152,0,0,served,VEH060,1,2026-03-04-VEH060-T1,0.0
2026-03-04,ORD0094389,2026-03-04,OUT110,Fresh,fresh_chilled,Badulla,Kandy,False,188.0,1.059,0,0,served,VEH041,1,2026-03-04-VEH041-T1,0.0
2026-03-04,ORD0094390,2026-03-04,OUT111,Fresh,fresh_dry,Badulla,Kandy,False,210.3,1.167,0,0,served,VEH060,1,2026-03-04-VEH060-T1,0.0
2026-03-04,ORD0094391,2026-03-04,OUT111,Fresh,fresh_chilled,Badulla,Kandy,False,120.9,0.656,0,0,served,VEH041,1,2026-03-04-VEH041-T1,0.0
2026-03-04,ORD0094392,2026-03-04,OUT112,Fresh,fresh_dry,Badulla,Kandy,False,558.6,3.188,0,0,served,VEH056,1,2026-03-04-VEH056-T1,0.0
2026-03-04,ORD0094393,2026-03-04,OUT112,Fresh,fresh_chilled,Badulla,Kandy,False,301.0,1.511,0,0,served,VEH057,1,2026-03-04-VEH057-T1,0.0
2026-03-04,ORD0094394,2026-03-04,OUT113,Fresh,fresh_dry,Badulla,Kandy,False,403.6,2.227,0,0,served,VEH056,1,2026-03-04-VEH056-T1,0.0
2026-03-04,ORD0094395,2026-03-04,OUT113,Fresh,fresh_chilled,Badulla,Kandy,False,321.0,1.66,0,0,served,VEH057,1,2026-03-04-VEH057-T1,0.0
2026-03-04,ORD0094396,2026-03-04,OUT116,Fresh,fresh_dry,Kegalle,Kandy,False,412.4,2.155,0,0,served,VEH040,1,2026-03-04-VEH040-T1,0.0
2026-03-04,ORD0094397,2026-03-04,OUT116,Fresh,fresh_chilled,Kegalle,Kandy,False,243.8,1.291,0,0,served,VEH040,1,2026-03-04-VEH040-T1,0.0
2026-03-04,ORD0094398,2026-03-04,OUT117,Fresh,fresh_dry,Kegalle,Kandy,False,620.3,2.907,0,0,served,VEH040,1,2026-03-04-VEH040-T1,0.0
2026-03-04,ORD0094399,2026-03-04,OUT117,Fresh,fresh_chilled,Kegalle,Kandy,False,532.5,2.601,0,0,served,VEH040,1,2026-03-04-VEH040-T1,0.0
2026-03-04,ORD0094400,2026-03-04,OUT118,Fresh,fresh_dry,Kegalle,Kandy,False,786.1,4.087,0,0,served,VEH040,1,2026-03-04-VEH040-T1,0.0
2026-03-04,ORD0094401,2026-03-04,OUT119,Fresh,fresh_dry,Kegalle,Kandy,False,298.3,1.47,0,0,served,VEH040,1,2026-03-04-VEH040-T1,0.0
2026-03-04,ORD0094402,2026-03-04,OUT119,Fresh,fresh_chilled,Kegalle,Kandy,False,338.5,1.834,0,0,served,VEH040,1,2026-03-04-VEH040-T1,0.0
2026-03-04,ORD0094403,2026-03-04,OUT120,Style,style,Kegalle,Kandy,False,974.7,14.438,0,0,served,VEH056,2,2026-03-04-VEH056-T2,0.0
2026-03-05,ORD0094404,2026-03-05,OUT001,Fresh,fresh_dry,Colombo,Peliyagoda,True,72.9,0.41,0,0,served,VEH036,1,2026-03-05-VEH036-T1,0.0
2026-03-05,ORD0094405,2026-03-05,OUT001,Fresh,fresh_chilled,Colombo,Peliyagoda,True,78.2,0.435,0,0,served,VEH036,1,2026-03-05-VEH036-T1,0.0
2026-03-05,ORD0094406,2026-03-05,OUT002,Fresh,fresh_dry,Colombo,Peliyagoda,True,117.3,0.651,0,0,served,VEH038,1,2026-03-05-VEH038-T1,0.0
2026-03-05,ORD0094407,2026-03-05,OUT002,Fresh,fresh_chilled,Colombo,Peliyagoda,True,108.6,0.595,0,0,served,VEH036,1,2026-03-05-VEH036-T1,0.0
2026-03-05,ORD0094408,2026-03-05,OUT003,Fresh,fresh_dry,Colombo,Peliyagoda,True,96.7,0.553,0,0,served,VEH038,1,2026-03-05-VEH038-T1,0.0
2026-03-05,ORD0094409,2026-03-05,OUT003,Fresh,fresh_chilled,Colombo,Peliyagoda,True,65.1,0.349,0,0,served,VEH036,1,2026-03-05-VEH036-T1,0.0
2026-03-05,ORD0094410,2026-03-05,OUT004,Fresh,fresh_dry,Colombo,Peliyagoda,False,200.1,1.189,0,0,served,VEH037,1,2026-03-05-VEH037-T1,0.0
2026-03-05,ORD0094411,2026-03-05,OUT004,Fresh,fresh_chilled,Colombo,Peliyagoda,False,112.8,0.64,0,0,served,VEH036,1,2026-03-05-VEH036-T1,0.0
2026-03-05,ORD0094412,2026-03-05,OUT005,Fresh,fresh_dry,Colombo,Peliyagoda,False,483.5,2.401,0,0,served,VEH006,1,2026-03-05-VEH006-T1,0.0
2026-03-05,ORD0094413,2026-03-05,OUT005,Fresh,fresh_chilled,Colombo,Peliyagoda,False,427.2,2.65,0,0,served,VEH036,1,2026-03-05-VEH036-T1,0.0
2026-03-05,ORD0094414,2026-03-05,OUT006,Fresh,fresh_dry,Colombo,Peliyagoda,False,462.4,2.482,0,0,served,VEH006,1,2026-03-05-VEH006-T1,0.0
2026-03-05,ORD0094415,2026-03-05,OUT006,Fresh,fresh_chilled,Colombo,Peliyagoda,False,365.2,2.015,0,0,served,VEH006,1,2026-03-05-VEH006-T1,0.0
2026-03-05,ORD0094416,2026-03-05,OUT007,Fresh,fresh_dry,Colombo,Peliyagoda,False,698.2,3.697,0,0,served,VEH038,1,2026-03-05-VEH038-T1,0.0
2026-03-05,ORD0094417,2026-03-05,OUT008,Fresh,fresh_dry,Colombo,Peliyagoda,False,430.0,2.213,0,0,served,VEH037,1,2026-03-05-VEH037-T1,0.0
2026-03-05,ORD0094418,2026-03-05,OUT008,Fresh,fresh_chilled,Colombo,Peliyagoda,False,174.9,0.984,0,0,served,VEH036,1,2026-03-05-VEH036-T1,0.0
2026-03-05,ORD0094419,2026-03-05,OUT009,Fresh,fresh_dry,Colombo,Peliyagoda,False,284.9,1.582,0,0,served,VEH038,1,2026-03-05-VEH038-T1,0.0
2026-03-05,ORD0094421,2026-03-05,OUT010,Fresh,fresh_dry,Colombo,Peliyagoda,False,346.0,1.85,0,0,served,VEH037,1,2026-03-05-VEH037-T1,0.0
2026-03-05,ORD0094423,2026-03-05,OUT011,Fresh,fresh_dry,Colombo,Peliyagoda,False,328.5,2.007,0,0,served,VEH006,1,2026-03-05-VEH006-T1,0.0
2026-03-05,ORD0094425,2026-03-05,OUT012,Fresh,fresh_dry,Colombo,Peliyagoda,False,334.5,1.688,0,0,served,VEH038,2,2026-03-05-VEH038-T2,0.0
2026-03-05,ORD0094426,2026-03-05,OUT013,Fresh,fresh_dry,Colombo,Peliyagoda,False,782.7,4.216,0,0,served,VEH038,2,2026-03-05-VEH038-T2,0.0
2026-03-05,ORD0094427,2026-03-05,OUT013,Fresh,fresh_chilled,Colombo,Peliyagoda,False,427.4,2.229,0,0,served,VEH006,1,2026-03-05-VEH006-T1,0.0
2026-03-05,ORD0094428,2026-03-05,OUT014,Fresh,fresh_dry,Colombo,Peliyagoda,False,307.3,1.503,0,0,served,VEH035,2,2026-03-05-VEH035-T2,0.0
2026-03-05,ORD0094430,2026-03-05,OUT015,Style,style,Colombo,Peliyagoda,False,731.2,11.641,0,0,served,VEH015,2,2026-03-05-VEH015-T2,0.0
2026-03-05,ORD0094431,2026-03-05,OUT016,Style,style,Colombo,Peliyagoda,False,505.7,7.144,0,0,served,VEH016,2,2026-03-05-VEH016-T2,0.0
2026-03-05,ORD0094432,2026-03-05,OUT017,Style,style,Colombo,Peliyagoda,False,1005.4,15.494,0,0,served,VEH025,2,2026-03-05-VEH025-T2,0.0
2026-03-05,ORD0094433,2026-03-05,OUT018,Style,style,Colombo,Peliyagoda,False,757.2,11.385,0,0,served,VEH008,2,2026-03-05-VEH008-T2,0.0
2026-03-05,ORD0094434,2026-03-05,OUT019,Style,style,Colombo,Peliyagoda,False,589.9,8.39,0,0,served,VEH015,2,2026-03-05-VEH015-T2,0.0
2026-03-05,ORD0094435,2026-03-05,OUT020,Style,style,Colombo,Peliyagoda,False,787.9,11.66,0,0,served,VEH016,2,2026-03-05-VEH016-T2,0.0
2026-03-05,ORD0094436,2026-03-05,OUT025,Fresh,fresh_dry,Gampaha,Peliyagoda,False,209.6,1.209,0,0,served,VEH006,2,2026-03-05-VEH006-T2,0.0
2026-03-05,ORD0094437,2026-03-05,OUT025,Fresh,fresh_chilled,Gampaha,Peliyagoda,False,192.3,1.034,0,0,served,VEH004,1,2026-03-05-VEH004-T1,0.0
2026-03-05,ORD0094438,2026-03-05,OUT026,Fresh,fresh_dry,Gampaha,Peliyagoda,False,365.1,1.748,0,0,served,VEH037,2,2026-03-05-VEH037-T2,0.0
2026-03-05,ORD0094439,2026-03-05,OUT026,Fresh,fresh_chilled,Gampaha,Peliyagoda,False,267.3,1.369,0,0,served,VEH004,1,2026-03-05-VEH004-T1,0.0
2026-03-05,ORD0094440,2026-03-05,OUT027,Fresh,fresh_dry,Gampaha,Peliyagoda,False,273.9,1.514,0,0,served,VEH004,1,2026-03-05-VEH004-T1,0.0
2026-03-05,ORD0094441,2026-03-05,OUT027,Fresh,fresh_chilled,Gampaha,Peliyagoda,False,294.2,1.684,0,0,served,VEH004,1,2026-03-05-VEH004-T1,0.0
2026-03-05,ORD0094442,2026-03-05,OUT028,Fresh,fresh_dry,Gampaha,Peliyagoda,False,303.5,1.576,0,0,served,VEH006,2,2026-03-05-VEH006-T2,0.0
2026-03-05,ORD0094443,2026-03-05,OUT029,Fresh,fresh_dry,Gampaha,Peliyagoda,False,332.6,1.76,0,0,served,VEH037,2,2026-03-05-VEH037-T2,0.0
2026-03-05,ORD0094444,2026-03-05,OUT030,Fresh,fresh_dry,Gampaha,Peliyagoda,False,402.4,2.005,0,0,served,VEH004,1,2026-03-05-VEH004-T1,0.0
2026-03-05,ORD0094445,2026-03-05,OUT030,Fresh,fresh_chilled,Gampaha,Peliyagoda,False,415.4,2.424,0,0,served,VEH004,1,2026-03-05-VEH004-T1,0.0
2026-03-05,ORD0094446,2026-03-05,OUT031,Fresh,fresh_dry,Gampaha,Peliyagoda,False,1070.7,5.857,0,0,served,VEH006,2,2026-03-05-VEH006-T2,0.0
2026-03-05,ORD0094447,2026-03-05,OUT032,Fresh,fresh_dry,Gampaha,Peliyagoda,False,828.7,4.505,0,0,served,VEH004,1,2026-03-05-VEH004-T1,0.0
2026-03-05,ORD0094448,2026-03-05,OUT033,Fresh,fresh_dry,Gampaha,Peliyagoda,False,506.3,2.337,0,0,served,VEH004,1,2026-03-05-VEH004-T1,0.0
2026-03-05,ORD0094449,2026-03-05,OUT033,Fresh,fresh_chilled,Gampaha,Peliyagoda,False,637.0,3.522,0,0,served,VEH004,1,2026-03-05-VEH004-T1,0.0
2026-03-05,ORD0094450,2026-03-05,OUT034,Fresh,fresh_dry,Gampaha,Peliyagoda,False,318.3,1.996,0,0,served,VEH037,2,2026-03-05-VEH037-T2,0.0
2026-03-05,ORD0094451,2026-03-05,OUT034,Fresh,fresh_chilled,Gampaha,Peliyagoda,False,329.9,1.78,0,0,served,VEH004,1,2026-03-05-VEH004-T1,0.0
2026-03-05,ORD0094452,2026-03-05,OUT040,Fresh,fresh_dry,Kalutara,Peliyagoda,False,515.4,2.688,0,0,served,VEH003,1,2026-03-05-VEH003-T1,0.0
2026-03-05,ORD0094453,2026-03-05,OUT041,Fresh,fresh_dry,Kalutara,Peliyagoda,False,295.8,1.729,0,0,served,VEH035,1,2026-03-05-VEH035-T1,0.0
2026-03-05,ORD0094454,2026-03-05,OUT041,Fresh,fresh_chilled,Kalutara,Peliyagoda,False,255.2,1.37,0,0,served,VEH035,1,2026-03-05-VEH035-T1,0.0
2026-03-05,ORD0094455,2026-03-05,OUT042,Fresh,fresh_dry,Kalutara,Peliyagoda,False,883.4,4.432,0,0,served,VEH003,1,2026-03-05-VEH003-T1,0.0
2026-03-05,ORD0094456,2026-03-05,OUT042,Fresh,fresh_chilled,Kalutara,Peliyagoda,False,591.8,3.169,0,0,served,VEH003,1,2026-03-05-VEH003-T1,0.0
2026-03-05,ORD0094457,2026-03-05,OUT043,Fresh,fresh_dry,Kalutara,Peliyagoda,False,210.4,1.249,0,0,served,VEH035,1,2026-03-05-VEH035-T1,0.0
2026-03-05,ORD0094458,2026-03-05,OUT043,Fresh,fresh_chilled,Kalutara,Peliyagoda,False,268.7,1.356,0,0,served,VEH035,1,2026-03-05-VEH035-T1,0.0
2026-03-05,ORD0094459,2026-03-05,OUT044,Fresh,fresh_dry,Kalutara,Peliyagoda,False,336.5,1.856,0,0,served,VEH003,1,2026-03-05-VEH003-T1,0.0
2026-03-05,ORD0094460,2026-03-05,OUT045,Fresh,fresh_dry,Kalutara,Peliyagoda,False,200.2,1.022,0,0,served,VEH003,1,2026-03-05-VEH003-T1,0.0
2026-03-05,ORD0094461,2026-03-05,OUT045,Fresh,fresh_chilled,Kalutara,Peliyagoda,False,250.4,1.268,0,0,served,VEH003,1,2026-03-05-VEH003-T1,0.0
2026-03-05,ORD0094462,2026-03-05,OUT046,Fresh,fresh_dry,Kalutara,Peliyagoda,False,265.7,1.407,0,0,served,VEH003,1,2026-03-05-VEH003-T1,0.0
2026-03-05,ORD0094463,2026-03-05,OUT046,Fresh,fresh_chilled,Kalutara,Peliyagoda,False,247.0,1.317,0,0,served,VEH003,1,2026-03-05-VEH003-T1,0.0
2026-03-05,ORD0094464,2026-03-05,OUT050,Fresh,fresh_dry,Galle,Peliyagoda,False,283.9,1.649,0,0,served,VEH025,1,2026-03-05-VEH025-T1,0.0
2026-03-05,ORD0094465,2026-03-05,OUT050,Fresh,fresh_chilled,Galle,Peliyagoda,False,435.7,2.368,0,0,served,VEH005,1,2026-03-05-VEH005-T1,0.0
2026-03-05,ORD0094466,2026-03-05,OUT051,Fresh,fresh_dry,Galle,Peliyagoda,False,208.9,1.187,0,0,served,VEH005,1,2026-03-05-VEH005-T1,0.0
2026-03-05,ORD0094467,2026-03-05,OUT051,Fresh,fresh_chilled,Galle,Peliyagoda,False,123.4,0.664,0,0,served,VEH005,1,2026-03-05-VEH005-T1,0.0
2026-03-05,ORD0094468,2026-03-05,OUT052,Fresh,fresh_dry,Galle,Peliyagoda,False,441.0,2.556,0,0,served,VEH025,1,2026-03-05-VEH025-T1,0.0
2026-03-05,ORD0094469,2026-03-05,OUT052,Fresh,fresh_chilled,Galle,Peliyagoda,False,406.9,2.11,0,0,served,VEH005,1,2026-03-05-VEH005-T1,0.0
2026-03-05,ORD0094470,2026-03-05,OUT053,Fresh,fresh_dry,Galle,Peliyagoda,False,147.4,0.835,0,0,served,VEH025,1,2026-03-05-VEH025-T1,0.0
2026-03-05,ORD0094471,2026-03-05,OUT053,Fresh,fresh_chilled,Galle,Peliyagoda,False,134.8,0.771,0,0,served,VEH005,1,2026-03-05-VEH005-T1,0.0
2026-03-05,ORD0094472,2026-03-05,OUT054,Fresh,fresh_dry,Galle,Peliyagoda,False,625.0,3.796,0,0,served,VEH025,1,2026-03-05-VEH025-T1,0.0
2026-03-05,ORD0094473,2026-03-05,OUT054,Fresh,fresh_chilled,Galle,Peliyagoda,False,538.3,2.504,0,0,served,VEH005,1,2026-03-05-VEH005-T1,0.0
2026-03-05,ORD0094474,2026-03-05,OUT055,Fresh,fresh_dry,Galle,Peliyagoda,False,470.1,2.455,0,0,served,VEH025,1,2026-03-05-VEH025-T1,0.0
2026-03-05,ORD0094475,2026-03-05,OUT055,Fresh,fresh_chilled,Galle,Peliyagoda,False,241.4,1.283,0,0,served,VEH005,1,2026-03-05-VEH005-T1,0.0
2026-03-05,ORD0094476,2026-03-05,OUT059,Fresh,fresh_dry,Matara,Peliyagoda,False,396.9,1.912,0,0,served,VEH008,1,2026-03-05-VEH008-T1,0.0
2026-03-05,ORD0094477,2026-03-05,OUT059,Fresh,fresh_chilled,Matara,Peliyagoda,False,301.6,1.582,0,0,served,VEH007,1,2026-03-05-VEH007-T1,0.0
2026-03-05,ORD0094478,2026-03-05,OUT060,Fresh,fresh_dry,Matara,Peliyagoda,False,304.7,1.633,0,0,served,VEH008,1,2026-03-05-VEH008-T1,0.0
2026-03-05,ORD0094479,2026-03-05,OUT060,Fresh,fresh_chilled,Matara,Peliyagoda,False,379.0,2.097,0,0,served,VEH007,1,2026-03-05-VEH007-T1,0.0
2026-03-05,ORD0094480,2026-03-05,OUT061,Fresh,fresh_dry,Matara,Peliyagoda,False,388.0,2.128,0,0,served,VEH008,1,2026-03-05-VEH008-T1,0.0
2026-03-05,ORD0094481,2026-03-05,OUT061,Fresh,fresh_chilled,Matara,Peliyagoda,False,229.7,1.191,0,0,served,VEH007,1,2026-03-05-VEH007-T1,0.0
2026-03-05,ORD0094482,2026-03-05,OUT062,Fresh,fresh_dry,Matara,Peliyagoda,False,360.2,2.057,0,0,served,VEH007,1,2026-03-05-VEH007-T1,0.0
2026-03-05,ORD0094483,2026-03-05,OUT062,Fresh,fresh_chilled,Matara,Peliyagoda,False,363.2,1.825,0,0,served,VEH007,1,2026-03-05-VEH007-T1,0.0
2026-03-05,ORD0094484,2026-03-05,OUT065,Fresh,fresh_dry,Kurunegala,Peliyagoda,False,497.5,2.79,0,0,served,VEH016,1,2026-03-05-VEH016-T1,0.0
2026-03-05,ORD0094485,2026-03-05,OUT065,Fresh,fresh_chilled,Kurunegala,Peliyagoda,False,525.2,2.949,0,0,served,VEH001,1,2026-03-05-VEH001-T1,0.0
2026-03-05,ORD0094486,2026-03-05,OUT066,Fresh,fresh_dry,Kurunegala,Peliyagoda,False,303.6,1.816,0,0,served,VEH016,1,2026-03-05-VEH016-T1,0.0
2026-03-05,ORD0094487,2026-03-05,OUT066,Fresh,fresh_chilled,Kurunegala,Peliyagoda,False,310.7,1.661,0,0,served,VEH001,1,2026-03-05-VEH001-T1,0.0
2026-03-05,ORD0094488,2026-03-05,OUT067,Fresh,fresh_dry,Kurunegala,Peliyagoda,False,315.7,1.772,0,0,served,VEH001,1,2026-03-05-VEH001-T1,0.0
2026-03-05,ORD0094489,2026-03-05,OUT067,Fresh,fresh_chilled,Kurunegala,Peliyagoda,False,343.1,1.846,0,0,served,VEH001,1,2026-03-05-VEH001-T1,0.0
2026-03-05,ORD0094490,2026-03-05,OUT068,Fresh,fresh_dry,Kurunegala,Peliyagoda,False,386.5,2.16,0,0,served,VEH016,1,2026-03-05-VEH016-T1,0.0
2026-03-05,ORD0094491,2026-03-05,OUT069,Fresh,fresh_dry,Kurunegala,Peliyagoda,False,368.9,2.045,0,0,served,VEH016,1,2026-03-05-VEH016-T1,0.0
2026-03-05,ORD0094492,2026-03-05,OUT073,Fresh,fresh_dry,Puttalam,Peliyagoda,False,284.6,1.491,0,0,served,VEH002,1,2026-03-05-VEH002-T1,0.0
2026-03-05,ORD0094493,2026-03-05,OUT073,Fresh,fresh_chilled,Puttalam,Peliyagoda,False,353.9,1.815,0,0,served,VEH002,1,2026-03-05-VEH002-T1,0.0
2026-03-05,ORD0094494,2026-03-05,OUT074,Fresh,fresh_dry,Puttalam,Peliyagoda,False,346.7,1.87,0,0,served,VEH015,1,2026-03-05-VEH015-T1,0.0
2026-03-05,ORD0094495,2026-03-05,OUT074,Fresh,fresh_chilled,Puttalam,Peliyagoda,False,347.5,1.903,0,0,served,VEH002,1,2026-03-05-VEH002-T1,0.0
2026-03-05,ORD0094496,2026-03-05,OUT075,Fresh,fresh_dry,Puttalam,Peliyagoda,False,191.1,1.107,0,0,served,VEH015,1,2026-03-05-VEH015-T1,0.0
2026-03-05,ORD0094497,2026-03-05,OUT076,Fresh,fresh_dry,Kandy,Kandy,True,187.3,1.008,0,0,served,VEH059,1,2026-03-05-VEH059-T1,0.0
2026-03-05,ORD0094498,2026-03-05,OUT076,Fresh,fresh_chilled,Kandy,Kandy,True,152.4,0.822,0,0,served,VEH058,1,2026-03-05-VEH058-T1,0.0
2026-03-05,ORD0094499,2026-03-05,OUT077,Fresh,fresh_dry,Kandy,Kandy,True,93.9,0.505,0,0,served,VEH059,1,2026-03-05-VEH059-T1,0.0
2026-03-05,ORD0094500,2026-03-05,OUT077,Fresh,fresh_chilled,Kandy,Kandy,True,110.0,0.645,0,0,served,VEH058,1,2026-03-05-VEH058-T1,0.0
2026-03-05,ORD0094501,2026-03-05,OUT078,Fresh,fresh_dry,Kandy,Kandy,True,198.6,0.996,0,0,served,VEH059,1,2026-03-05-VEH059-T1,0.0
2026-03-05,ORD0094502,2026-03-05,OUT078,Fresh,fresh_chilled,Kandy,Kandy,True,127.3,0.674,0,0,served,VEH058,1,2026-03-05-VEH058-T1,0.0
2026-03-05,ORD0094503,2026-03-05,OUT079,Fresh,fresh_dry,Kandy,Kandy,True,133.9,0.733,0,0,served,VEH059,1,2026-03-05-VEH059-T1,0.0
2026-03-05,ORD0094504,2026-03-05,OUT079,Fresh,fresh_chilled,Kandy,Kandy,True,103.9,0.624,0,0,served,VEH058,1,2026-03-05-VEH058-T1,0.0
2026-03-05,ORD0094505,2026-03-05,OUT080,Fresh,fresh_dry,Kandy,Kandy,True,111.7,0.579,0,0,served,VEH059,1,2026-03-05-VEH059-T1,0.0
2026-03-05,ORD0094506,2026-03-05,OUT080,Fresh,fresh_chilled,Kandy,Kandy,True,183.4,0.904,0,0,served,VEH058,1,2026-03-05-VEH058-T1,0.0
2026-03-05,ORD0094507,2026-03-05,OUT081,Fresh,fresh_dry,Kandy,Kandy,True,164.9,0.821,0,0,served,VEH059,1,2026-03-05-VEH059-T1,0.0
2026-03-05,ORD0094508,2026-03-05,OUT081,Fresh,fresh_chilled,Kandy,Kandy,True,175.6,0.967,0,0,served,VEH058,1,2026-03-05-VEH058-T1,0.0
2026-03-05,ORD0094509,2026-03-05,OUT082,Fresh,fresh_dry,Kandy,Kandy,True,152.5,0.837,0,0,served,VEH059,1,2026-03-05-VEH059-T1,0.0
2026-03-05,ORD0094510,2026-03-05,OUT082,Fresh,fresh_chilled,Kandy,Kandy,True,110.1,0.554,0,0,served,VEH058,1,2026-03-05-VEH058-T1,0.0
2026-03-05,ORD0094511,2026-03-05,OUT083,Fresh,fresh_dry,Kandy,Kandy,True,95.2,0.534,0,0,served,VEH059,1,2026-03-05-VEH059-T1,0.0
2026-03-05,ORD0094512,2026-03-05,OUT084,Fresh,fresh_dry,Kandy,Kandy,False,239.3,1.27,0,0,served,VEH058,2,2026-03-05-VEH058-T2,0.0
2026-03-05,ORD0094513,2026-03-05,OUT084,Fresh,fresh_chilled,Kandy,Kandy,False,341.7,1.64,0,0,served,VEH040,2,2026-03-05-VEH040-T2,0.0
2026-03-05,ORD0094514,2026-03-05,OUT085,Fresh,fresh_dry,Kandy,Kandy,False,346.7,1.873,0,0,served,VEH059,2,2026-03-05-VEH059-T2,0.0
2026-03-05,ORD0094515,2026-03-05,OUT086,Fresh,fresh_dry,Kandy,Kandy,False,339.3,1.895,0,0,served,VEH059,2,2026-03-05-VEH059-T2,0.0
2026-03-05,ORD0094516,2026-03-05,OUT087,Fresh,fresh_dry,Kandy,Kandy,False,327.0,1.676,0,0,served,VEH058,2,2026-03-05-VEH058-T2,0.0
2026-03-05,ORD0094517,2026-03-05,OUT087,Fresh,fresh_chilled,Kandy,Kandy,False,205.3,1.195,0,0,served,VEH058,2,2026-03-05-VEH058-T2,0.0
2026-03-05,ORD0094518,2026-03-05,OUT088,Style,style,Kandy,Kandy,True,244.9,3.607,0,0,served,VEH060,2,2026-03-05-VEH060-T2,0.0
2026-03-05,ORD0094519,2026-03-05,OUT089,Style,style,Kandy,Kandy,False,807.5,13.727,0,0,served,VEH048,2,2026-03-05-VEH048-T2,0.0
2026-03-05,ORD0094520,2026-03-05,OUT090,Style,style,Kandy,Kandy,False,733.0,12.726,0,0,served,VEH041,2,2026-03-05-VEH041-T2,0.0
2026-03-05,ORD0094521,2026-03-05,OUT091,Style,style,Kandy,Kandy,False,797.5,12.384,0,0,served,VEH046,2,2026-03-05-VEH046-T2,0.0
2026-03-05,ORD0094522,2026-03-05,OUT092,Style,style,Kandy,Kandy,False,499.0,7.931,0,0,served,VEH046,2,2026-03-05-VEH046-T2,0.0
2026-03-05,ORD0094523,2026-03-05,OUT094,Tech,tech,Kandy,Kandy,False,1665.6,5.67,0,0,served,VEH056,2,2026-03-05-VEH056-T2,0.0
2026-03-05,ORD0094524,2026-03-05,OUT096,Fresh,fresh_dry,Matale,Kandy,False,294.9,1.614,0,0,served,VEH040,1,2026-03-05-VEH040-T1,0.0
2026-03-05,ORD0094525,2026-03-05,OUT096,Fresh,fresh_chilled,Matale,Kandy,False,148.6,0.798,0,0,served,VEH040,1,2026-03-05-VEH040-T1,0.0
2026-03-05,ORD0094526,2026-03-05,OUT097,Fresh,fresh_dry,Matale,Kandy,False,396.9,2.276,0,0,served,VEH040,1,2026-03-05-VEH040-T1,0.0
2026-03-05,ORD0094527,2026-03-05,OUT097,Fresh,fresh_chilled,Matale,Kandy,False,486.4,2.821,0,0,served,VEH040,1,2026-03-05-VEH040-T1,0.0
2026-03-05,ORD0094528,2026-03-05,OUT098,Fresh,fresh_dry,Matale,Kandy,False,290.9,1.591,0,0,served,VEH048,1,2026-03-05-VEH048-T1,0.0
2026-03-05,ORD0094529,2026-03-05,OUT099,Fresh,fresh_dry,Matale,Kandy,False,368.3,1.976,0,0,served,VEH048,1,2026-03-05-VEH048-T1,0.0
2026-03-05,ORD0094530,2026-03-05,OUT100,Fresh,fresh_dry,Matale,Kandy,False,517.6,3.052,0,0,served,VEH040,1,2026-03-05-VEH040-T1,0.0
2026-03-05,ORD0094531,2026-03-05,OUT100,Fresh,fresh_chilled,Matale,Kandy,False,559.3,3.09,0,0,served,VEH040,1,2026-03-05-VEH040-T1,0.0
2026-03-05,ORD0094532,2026-03-05,OUT101,Fresh,fresh_dry,Matale,Kandy,False,374.1,1.834,0,0,served,VEH048,1,2026-03-05-VEH048-T1,0.0
2026-03-05,ORD0094533,2026-03-05,OUT104,Fresh,fresh_dry,Nuwara Eliya,Kandy,False,357.2,1.731,0,0,served,VEH046,1,2026-03-05-VEH046-T1,0.0
2026-03-05,ORD0094534,2026-03-05,OUT105,Fresh,fresh_dry,Nuwara Eliya,Kandy,False,355.1,1.869,0,0,served,VEH046,1,2026-03-05-VEH046-T1,0.0
2026-03-05,ORD0094535,2026-03-05,OUT106,Fresh,fresh_dry,Nuwara Eliya,Kandy,False,489.8,2.36,0,0,served,VEH039,1,2026-03-05-VEH039-T1,0.0
2026-03-05,ORD0094536,2026-03-05,OUT106,Fresh,fresh_chilled,Nuwara Eliya,Kandy,False,185.6,1.01,0,0,served,VEH039,1,2026-03-05-VEH039-T1,0.0
2026-03-05,ORD0094537,2026-03-05,OUT107,Fresh,fresh_dry,Nuwara Eliya,Kandy,False,408.7,2.386,0,0,served,VEH046,1,2026-03-05-VEH046-T1,0.0
2026-03-05,ORD0094538,2026-03-05,OUT107,Fresh,fresh_chilled,Nuwara Eliya,Kandy,False,310.7,1.634,0,0,served,VEH039,1,2026-03-05-VEH039-T1,0.0
2026-03-05,ORD0094539,2026-03-05,OUT108,Fresh,fresh_dry,Nuwara Eliya,Kandy,False,431.9,2.299,0,0,served,VEH039,1,2026-03-05-VEH039-T1,0.0
2026-03-05,ORD0094540,2026-03-05,OUT108,Fresh,fresh_chilled,Nuwara Eliya,Kandy,False,341.1,1.784,0,0,served,VEH039,1,2026-03-05-VEH039-T1,0.0
2026-03-05,ORD0094541,2026-03-05,OUT110,Fresh,fresh_dry,Badulla,Kandy,False,338.7,1.818,0,0,served,VEH057,1,2026-03-05-VEH057-T1,0.0
2026-03-05,ORD0094542,2026-03-05,OUT110,Fresh,fresh_chilled,Badulla,Kandy,False,182.5,0.926,0,0,served,VEH057,1,2026-03-05-VEH057-T1,0.0
2026-03-05,ORD0094543,2026-03-05,OUT111,Fresh,fresh_dry,Badulla,Kandy,False,203.7,1.208,0,0,served,VEH060,1,2026-03-05-VEH060-T1,0.0
2026-03-05,ORD0094544,2026-03-05,OUT111,Fresh,fresh_chilled,Badulla,Kandy,False,192.2,0.957,0,0,served,VEH041,1,2026-03-05-VEH041-T1,0.0
2026-03-05,ORD0094545,2026-03-05,OUT112,Fresh,fresh_dry,Badulla,Kandy,False,534.7,2.929,0,0,served,VEH060,1,2026-03-05-VEH060-T1,0.0
2026-03-05,ORD0094546,2026-03-05,OUT113,Fresh,fresh_dry,Badulla,Kandy,False,497.3,2.671,0,0,served,VEH056,1,2026-03-05-VEH056-T1,0.0
2026-03-05,ORD0094547,2026-03-05,OUT113,Fresh,fresh_chilled,Badulla,Kandy,False,346.1,1.808,0,0,served,VEH041,1,2026-03-05-VEH041-T1,0.0
2026-03-05,ORD0094548,2026-03-05,OUT116,Fresh,fresh_dry,Kegalle,Kandy,False,386.2,2.005,0,0,served,VEH042,1,2026-03-05-VEH042-T1,0.0
2026-03-05,ORD0094549,2026-03-05,OUT117,Fresh,fresh_dry,Kegalle,Kandy,False,627.2,3.264,0,0,served,VEH042,1,2026-03-05-VEH042-T1,0.0
2026-03-05,ORD0094550,2026-03-05,OUT117,Fresh,fresh_chilled,Kegalle,Kandy,False,500.3,2.796,0,0,served,VEH042,1,2026-03-05-VEH042-T1,0.0
2026-03-05,ORD0094551,2026-03-05,OUT118,Fresh,fresh_dry,Kegalle,Kandy,False,646.9,3.658,0,0,served,VEH042,1,2026-03-05-VEH042-T1,0.0
2026-03-05,ORD0094552,2026-03-05,OUT118,Fresh,fresh_chilled,Kegalle,Kandy,False,693.3,3.544,0,0,served,VEH042,1,2026-03-05-VEH042-T1,0.0
2026-03-05,ORD0094553,2026-03-05,OUT119,Fresh,fresh_dry,Kegalle,Kandy,False,263.9,1.539,0,0,served,VEH042,1,2026-03-05-VEH042-T1,0.0
2026-03-05,ORD0094554,2026-03-05,OUT119,Fresh,fresh_chilled,Kegalle,Kandy,False,428.5,2.347,0,0,served,VEH042,1,2026-03-05-VEH042-T1,0.0
2026-03-06,ORD0094555,2026-03-06,OUT001,Fresh,fresh_dry,Colombo,Peliyagoda,True,97.2,0.481,0,0,served,VEH036,1,2026-03-06-VEH036-T1,0.0
2026-03-06,ORD0094556,2026-03-06,OUT001,Fresh,fresh_chilled,Colombo,Peliyagoda,True,93.8,0.554,0,0,served,VEH036,1,2026-03-06-VEH036-T1,0.0
2026-03-06,ORD0094557,2026-03-06,OUT002,Fresh,fresh_dry,Colombo,Peliyagoda,True,121.7,0.659,0,0,served,VEH036,1,2026-03-06-VEH036-T1,0.0
2026-03-06,ORD0094558,2026-03-06,OUT002,Fresh,fresh_chilled,Colombo,Peliyagoda,True,132.0,0.693,0,0,served,VEH036,1,2026-03-06-VEH036-T1,0.0
2026-03-06,ORD0094559,2026-03-06,OUT003,Fresh,fresh_dry,Colombo,Peliyagoda,True,156.3,0.688,0,0,served,VEH036,1,2026-03-06-VEH036-T1,0.0
2026-03-06,ORD0094560,2026-03-06,OUT003,Fresh,fresh_chilled,Colombo,Peliyagoda,True,97.2,0.479,0,0,served,VEH036,1,2026-03-06-VEH036-T1,0.0
2026-03-06,ORD0094561,2026-03-06,OUT004,Fresh,fresh_dry,Colombo,Peliyagoda,False,214.6,1.227,0,0,served,VEH006,1,2026-03-06-VEH006-T1,0.0
2026-03-06,ORD0094562,2026-03-06,OUT004,Fresh,fresh_chilled,Colombo,Peliyagoda,False,174.9,0.966,0,0,served,VEH006,1,2026-03-06-VEH006-T1,0.0
2026-03-06,ORD0094563,2026-03-06,OUT005,Fresh,fresh_dry,Colombo,Peliyagoda,False,454.1,2.44,0,0,served,VEH005,1,2026-03-06-VEH005-T1,0.0
2026-03-06,ORD0094564,2026-03-06,OUT005,Fresh,fresh_chilled,Colombo,Peliyagoda,False,462.6,2.706,0,0,served,VEH005,1,2026-03-06-VEH005-T1,0.0
2026-03-06,ORD0094565,2026-03-06,OUT006,Fresh,fresh_dry,Colombo,Peliyagoda,False,462.7,2.608,0,0,served,VEH005,1,2026-03-06-VEH005-T1,0.0
2026-03-06,ORD0094566,2026-03-06,OUT007,Fresh,fresh_dry,Colombo,Peliyagoda,False,736.9,4.316,0,0,served,VEH005,1,2026-03-06-VEH005-T1,0.0
2026-03-06,ORD0094567,2026-03-06,OUT007,Fresh,fresh_chilled,Colombo,Peliyagoda,False,559.6,2.852,0,0,served,VEH005,1,2026-03-06-VEH005-T1,0.0
2026-03-06,ORD0094568,2026-03-06,OUT008,Fresh,fresh_dry,Colombo,Peliyagoda,False,323.3,1.982,0,0,served,VEH006,1,2026-03-06-VEH006-T1,0.0
2026-03-06,ORD0094569,2026-03-06,OUT008,Fresh,fresh_chilled,Colombo,Peliyagoda,False,232.4,1.28,0,0,served,VEH036,1,2026-03-06-VEH036-T1,0.0
2026-03-06,ORD0094570,2026-03-06,OUT009,Fresh,fresh_dry,Colombo,Peliyagoda,False,207.7,1.292,0,0,served,VEH006,1,2026-03-06-VEH006-T1,0.0
2026-03-06,ORD0094571,2026-03-06,OUT009,Fresh,fresh_chilled,Colombo,Peliyagoda,False,296.7,1.818,0,0,served,VEH006,1,2026-03-06-VEH006-T1,0.0
2026-03-06,ORD0094572,2026-03-06,OUT010,Fresh,fresh_dry,Colombo,Peliyagoda,False,442.8,2.431,0,0,served,VEH005,1,2026-03-06-VEH005-T1,0.0
2026-03-06,ORD0094573,2026-03-06,OUT011,Fresh,fresh_dry,Colombo,Peliyagoda,False,488.9,2.713,0,0,served,VEH005,1,2026-03-06-VEH005-T1,0.0
2026-03-06,ORD0094574,2026-03-06,OUT012,Fresh,fresh_dry,Colombo,Peliyagoda,False,289.0,1.432,0,0,served,VEH006,1,2026-03-06-VEH006-T1,0.0
2026-03-06,ORD0094575,2026-03-06,OUT013,Fresh,fresh_dry,Colombo,Peliyagoda,False,1155.6,6.59,0,0,served,VEH005,1,2026-03-06-VEH005-T1,0.0
2026-03-06,ORD0094576,2026-03-06,OUT013,Fresh,fresh_chilled,Colombo,Peliyagoda,False,625.1,3.323,0,0,served,VEH005,1,2026-03-06-VEH005-T1,0.0
2026-03-06,ORD0094577,2026-03-06,OUT014,Fresh,fresh_dry,Colombo,Peliyagoda,False,345.5,1.862,0,0,served,VEH005,1,2026-03-06-VEH005-T1,0.0
2026-03-06,ORD0094578,2026-03-06,OUT025,Fresh,fresh_dry,Gampaha,Peliyagoda,False,258.1,1.286,0,0,served,VEH017,1,2026-03-06-VEH017-T1,0.0
2026-03-06,ORD0094579,2026-03-06,OUT026,Fresh,fresh_dry,Gampaha,Peliyagoda,False,260.3,1.649,0,0,served,VEH004,1,2026-03-06-VEH004-T1,0.0
2026-03-06,ORD0094580,2026-03-06,OUT026,Fresh,fresh_chilled,Gampaha,Peliyagoda,False,206.8,1.243,0,0,served,VEH004,1,2026-03-06-VEH004-T1,0.0
2026-03-06,ORD0094581,2026-03-06,OUT027,Fresh,fresh_dry,Gampaha,Peliyagoda,False,335.8,1.759,0,0,served,VEH017,1,2026-03-06-VEH017-T1,0.0
2026-03-06,ORD0094582,2026-03-06,OUT028,Fresh,fresh_dry,Gampaha,Peliyagoda,False,459.1,2.768,0,0,served,VEH004,1,2026-03-06-VEH004-T1,0.0
2026-03-06,ORD0094583,2026-03-06,OUT028,Fresh,fresh_chilled,Gampaha,Peliyagoda,False,325.1,1.856,0,0,served,VEH004,1,2026-03-06-VEH004-T1,0.0
2026-03-06,ORD0094584,2026-03-06,OUT029,Fresh,fresh_dry,Gampaha,Peliyagoda,False,441.0,2.485,0,0,served,VEH017,1,2026-03-06-VEH017-T1,0.0
2026-03-06,ORD0094585,2026-03-06,OUT029,Fresh,fresh_chilled,Gampaha,Peliyagoda,False,324.2,1.766,0,0,served,VEH004,1,2026-03-06-VEH004-T1,0.0
2026-03-06,ORD0094586,2026-03-06,OUT030,Fresh,fresh_dry,Gampaha,Peliyagoda,False,544.5,2.912,0,0,served,VEH004,1,2026-03-06-VEH004-T1,0.0
2026-03-06,ORD0094587,2026-03-06,OUT030,Fresh,fresh_chilled,Gampaha,Peliyagoda,False,574.3,2.456,0,0,served,VEH004,1,2026-03-06-VEH004-T1,0.0
2026-03-06,ORD0094588,2026-03-06,OUT031,Fresh,fresh_dry,Gampaha,Peliyagoda,False,1033.2,5.207,0,0,served,VEH004,1,2026-03-06-VEH004-T1,0.0
2026-03-06,ORD0094589,2026-03-06,OUT032,Fresh,fresh_dry,Gampaha,Peliyagoda,False,738.1,4.021,0,0,served,VEH017,1,2026-03-06-VEH017-T1,0.0
2026-03-06,ORD0094590,2026-03-06,OUT032,Fresh,fresh_chilled,Gampaha,Peliyagoda,False,853.6,4.096,0,0,served,VEH004,1,2026-03-06-VEH004-T1,0.0
2026-03-06,ORD0094591,2026-03-06,OUT033,Fresh,fresh_dry,Gampaha,Peliyagoda,False,438.2,2.563,0,0,served,VEH017,1,2026-03-06-VEH017-T1,0.0
2026-03-06,ORD0094592,2026-03-06,OUT034,Fresh,fresh_dry,Gampaha,Peliyagoda,False,410.8,2.057,0,0,served,VEH017,1,2026-03-06-VEH017-T1,0.0
2026-03-06,ORD0094593,2026-03-06,OUT034,Fresh,fresh_chilled,Gampaha,Peliyagoda,False,562.9,2.915,0,0,served,VEH004,1,2026-03-06-VEH004-T1,0.0
2026-03-06,ORD0094594,2026-03-06,OUT038,Tech,tech,Gampaha,Peliyagoda,False,2064.5,6.968,0,0,served,VEH017,2,2026-03-06-VEH017-T2,0.0
2026-03-06,ORD0094595,2026-03-06,OUT040,Fresh,fresh_dry,Kalutara,Peliyagoda,False,546.3,3.063,0,0,served,VEH018,1,2026-03-06-VEH018-T1,0.0
2026-03-06,ORD0094596,2026-03-06,OUT041,Fresh,fresh_dry,Kalutara,Peliyagoda,False,278.7,1.62,0,0,served,VEH018,1,2026-03-06-VEH018-T1,0.0
2026-03-06,ORD0094597,2026-03-06,OUT042,Fresh,fresh_dry,Kalutara,Peliyagoda,False,677.1,3.391,0,0,served,VEH018,1,2026-03-06-VEH018-T1,0.0
2026-03-06,ORD0094598,2026-03-06,OUT043,Fresh,fresh_dry,Kalutara,Peliyagoda,False,217.1,1.179,0,0,served,VEH001,1,2026-03-06-VEH001-T1,0.0
2026-03-06,ORD0094599,2026-03-06,OUT043,Fresh,fresh_chilled,Kalutara,Peliyagoda,False,263.2,1.327,0,0,served,VEH001,1,2026-03-06-VEH001-T1,0.0
2026-03-06,ORD0094600,2026-03-06,OUT044,Fresh,fresh_dry,Kalutara,Peliyagoda,False,376.9,1.978,0,0,served,VEH001,1,2026-03-06-VEH001-T1,0.0
2026-03-06,ORD0094601,2026-03-06,OUT044,Fresh,fresh_chilled,Kalutara,Peliyagoda,False,204.5,1.078,0,0,served,VEH001,1,2026-03-06-VEH001-T1,0.0
2026-03-06,ORD0094602,2026-03-06,OUT045,Fresh,fresh_dry,Kalutara,Peliyagoda,False,256.4,1.249,0,0,served,VEH018,1,2026-03-06-VEH018-T1,0.0
2026-03-06,ORD0094603,2026-03-06,OUT046,Fresh,fresh_dry,Kalutara,Peliyagoda,False,226.8,1.449,0,0,served,VEH001,1,2026-03-06-VEH001-T1,0.0
2026-03-06,ORD0094604,2026-03-06,OUT046,Fresh,fresh_chilled,Kalutara,Peliyagoda,False,247.0,1.214,0,0,served,VEH001,1,2026-03-06-VEH001-T1,0.0
2026-03-06,ORD0094605,2026-03-06,OUT050,Fresh,fresh_dry,Galle,Peliyagoda,False,422.2,2.162,0,0,served,VEH027,1,2026-03-06-VEH027-T1,0.0
2026-03-06,ORD0094606,2026-03-06,OUT051,Fresh,fresh_dry,Galle,Peliyagoda,False,194.2,1.154,0,0,served,VEH027,1,2026-03-06-VEH027-T1,0.0
2026-03-06,ORD0094607,2026-03-06,OUT052,Fresh,fresh_dry,Galle,Peliyagoda,False,541.4,2.786,0,0,served,VEH027,1,2026-03-06-VEH027-T1,0.0
2026-03-06,ORD0094608,2026-03-06,OUT053,Fresh,fresh_dry,Galle,Peliyagoda,False,153.1,0.893,0,0,served,VEH002,1,2026-03-06-VEH002-T1,0.0
2026-03-06,ORD0094609,2026-03-06,OUT053,Fresh,fresh_chilled,Galle,Peliyagoda,False,200.0,1.105,0,0,served,VEH002,1,2026-03-06-VEH002-T1,0.0
2026-03-06,ORD0094610,2026-03-06,OUT054,Fresh,fresh_dry,Galle,Peliyagoda,False,868.5,4.743,0,0,served,VEH002,1,2026-03-06-VEH002-T1,0.0
2026-03-06,ORD0094611,2026-03-06,OUT054,Fresh,fresh_chilled,Galle,Peliyagoda,False,694.5,3.479,0,0,served,VEH002,1,2026-03-06-VEH002-T1,0.0
2026-03-06,ORD0094612,2026-03-06,OUT055,Fresh,fresh_dry,Galle,Peliyagoda,False,382.1,2.008,0,0,served,VEH027,1,2026-03-06-VEH027-T1,0.0
2026-03-06,ORD0094613,2026-03-06,OUT056,Style,style,Galle,Peliyagoda,False,799.2,13.415,0,0,served,VEH034,2,2026-03-06-VEH034-T2,0.0
2026-03-06,ORD0094614,2026-03-06,OUT057,Style,style,Galle,Peliyagoda,False,1172.1,20.47,0,0,served,VEH018,2,2026-03-06-VEH018-T2,0.0
2026-03-06,ORD0094615,2026-03-06,OUT059,Fresh,fresh_dry,Matara,Peliyagoda,False,421.0,2.364,0,0,served,VEH016,1,2026-03-06-VEH016-T1,0.0
2026-03-06,ORD0094616,2026-03-06,OUT060,Fresh,fresh_dry,Matara,Peliyagoda,False,350.9,1.977,0,0,served,VEH016,1,2026-03-06-VEH016-T1,0.0
2026-03-06,ORD0094617,2026-03-06,OUT060,Fresh,fresh_chilled,Matara,Peliyagoda,False,402.0,2.035,0,0,served,VEH035,1,2026-03-06-VEH035-T1,0.0
2026-03-06,ORD0094618,2026-03-06,OUT061,Fresh,fresh_dry,Matara,Peliyagoda,False,431.1,2.317,0,0,served,VEH016,1,2026-03-06-VEH016-T1,0.0
2026-03-06,ORD0094619,2026-03-06,OUT062,Fresh,fresh_dry,Matara,Peliyagoda,False,543.6,2.806,0,0,served,VEH016,1,2026-03-06-VEH016-T1,0.0
2026-03-06,ORD0094620,2026-03-06,OUT062,Fresh,fresh_chilled,Matara,Peliyagoda,False,361.3,1.964,0,0,served,VEH035,1,2026-03-06-VEH035-T1,0.0
2026-03-06,ORD0094621,2026-03-06,OUT063,Style,style,Matara,Peliyagoda,False,909.3,13.474,0,0,served,VEH016,2,2026-03-06-VEH016-T2,0.0
2026-03-06,ORD0094622,2026-03-06,OUT065,Fresh,fresh_dry,Kurunegala,Peliyagoda,False,396.6,2.231,0,0,served,VEH003,1,2026-03-06-VEH003-T1,0.0
2026-03-06,ORD0094623,2026-03-06,OUT065,Fresh,fresh_chilled,Kurunegala,Peliyagoda,False,599.6,3.344,0,0,served,VEH003,1,2026-03-06-VEH003-T1,0.0
2026-03-06,ORD0094624,2026-03-06,OUT066,Fresh,fresh_dry,Kurunegala,Peliyagoda,False,596.1,2.705,0,0,served,VEH034,1,2026-03-06-VEH034-T1,0.0
2026-03-06,ORD0094625,2026-03-06,OUT066,Fresh,fresh_chilled,Kurunegala,Peliyagoda,False,371.3,2.012,0,0,served,VEH003,1,2026-03-06-VEH003-T1,0.0
2026-03-06,ORD0094626,2026-03-06,OUT067,Fresh,fresh_dry,Kurunegala,Peliyagoda,False,339.5,1.878,0,0,served,VEH034,1,2026-03-06-VEH034-T1,0.0
2026-03-06,ORD0094627,2026-03-06,OUT067,Fresh,fresh_chilled,Kurunegala,Peliyagoda,False,314.7,1.536,0,0,served,VEH003,1,2026-03-06-VEH003-T1,0.0
2026-03-06,ORD0094628,2026-03-06,OUT068,Fresh,fresh_dry,Kurunegala,Peliyagoda,False,342.9,1.946,0,0,served,VEH034,1,2026-03-06-VEH034-T1,0.0
2026-03-06,ORD0094629,2026-03-06,OUT069,Fresh,fresh_dry,Kurunegala,Peliyagoda,False,409.6,2.177,0,0,served,VEH034,1,2026-03-06-VEH034-T1,0.0
2026-03-06,ORD0094630,2026-03-06,OUT070,Style,style,Kurunegala,Peliyagoda,False,653.5,9.889,0,0,served,VEH027,2,2026-03-06-VEH027-T2,0.0
2026-03-06,ORD0094631,2026-03-06,OUT071,Style,style,Kurunegala,Peliyagoda,False,674.1,10.658,0,0,served,VEH027,2,2026-03-06-VEH027-T2,0.0
2026-03-06,ORD0094632,2026-03-06,OUT073,Fresh,fresh_dry,Puttalam,Peliyagoda,False,266.7,1.552,0,0,served,VEH037,1,2026-03-06-VEH037-T1,0.0
2026-03-06,ORD0094633,2026-03-06,OUT074,Fresh,fresh_dry,Puttalam,Peliyagoda,False,396.6,2.21,0,0,served,VEH037,1,2026-03-06-VEH037-T1,0.0
2026-03-06,ORD0094634,2026-03-06,OUT074,Fresh,fresh_chilled,Puttalam,Peliyagoda,False,426.7,2.36,0,0,served,VEH007,1,2026-03-06-VEH007-T1,0.0
2026-03-06,ORD0094635,2026-03-06,OUT075,Fresh,fresh_dry,Puttalam,Peliyagoda,False,176.6,0.93,0,0,served,VEH037,1,2026-03-06-VEH037-T1,0.0
2026-03-06,ORD0094636,2026-03-06,OUT076,Fresh,fresh_dry,Kandy,Kandy,True,223.0,1.357,0,0,served,VEH060,1,2026-03-06-VEH060-T1,0.0
2026-03-06,ORD0094637,2026-03-06,OUT076,Fresh,fresh_chilled,Kandy,Kandy,True,159.9,0.838,0,0,served,VEH058,1,2026-03-06-VEH058-T1,0.0
2026-03-06,ORD0094638,2026-03-06,OUT077,Fresh,fresh_dry,Kandy,Kandy,True,115.7,0.691,0,0,served,VEH060,1,2026-03-06-VEH060-T1,0.0
2026-03-06,ORD0094639,2026-03-06,OUT077,Fresh,fresh_chilled,Kandy,Kandy,True,94.1,0.55,0,0,served,VEH058,1,2026-03-06-VEH058-T1,0.0
2026-03-06,ORD0094640,2026-03-06,OUT078,Fresh,fresh_dry,Kandy,Kandy,True,173.1,0.821,0,0,served,VEH060,1,2026-03-06-VEH060-T1,0.0
2026-03-06,ORD0094641,2026-03-06,OUT079,Fresh,fresh_dry,Kandy,Kandy,True,106.7,0.551,0,0,served,VEH058,2,2026-03-06-VEH058-T2,0.0
2026-03-06,ORD0094642,2026-03-06,OUT080,Fresh,fresh_dry,Kandy,Kandy,True,124.8,0.762,0,0,served,VEH058,1,2026-03-06-VEH058-T1,0.0
2026-03-06,ORD0094643,2026-03-06,OUT080,Fresh,fresh_chilled,Kandy,Kandy,True,164.7,0.927,0,0,served,VEH058,1,2026-03-06-VEH058-T1,0.0
2026-03-06,ORD0094644,2026-03-06,OUT081,Fresh,fresh_dry,Kandy,Kandy,True,152.6,0.771,0,0,served,VEH060,1,2026-03-06-VEH060-T1,0.0
2026-03-06,ORD0094645,2026-03-06,OUT082,Fresh,fresh_dry,Kandy,Kandy,True,140.0,0.79,0,0,served,VEH058,1,2026-03-06-VEH058-T1,0.0
2026-03-06,ORD0094646,2026-03-06,OUT082,Fresh,fresh_chilled,Kandy,Kandy,True,116.8,0.558,0,0,served,VEH058,1,2026-03-06-VEH058-T1,0.0
2026-03-06,ORD0094647,2026-03-06,OUT083,Fresh,fresh_dry,Kandy,Kandy,True,88.4,0.501,0,0,served,VEH058,1,2026-03-06-VEH058-T1,0.0
2026-03-06,ORD0094648,2026-03-06,OUT083,Fresh,fresh_chilled,Kandy,Kandy,True,126.6,0.685,0,0,served,VEH058,1,2026-03-06-VEH058-T1,0.0
2026-03-06,ORD0094649,2026-03-06,OUT084,Fresh,fresh_dry,Kandy,Kandy,False,352.5,1.838,0,0,served,VEH039,1,2026-03-06-VEH039-T1,0.0
2026-03-06,ORD0094650,2026-03-06,OUT084,Fresh,fresh_chilled,Kandy,Kandy,False,269.5,1.486,0,0,served,VEH039,1,2026-03-06-VEH039-T1,0.0
2026-03-06,ORD0094651,2026-03-06,OUT085,Fresh,fresh_dry,Kandy,Kandy,False,380.0,2.058,0,0,served,VEH039,1,2026-03-06-VEH039-T1,0.0
2026-03-06,ORD0094652,2026-03-06,OUT085,Fresh,fresh_chilled,Kandy,Kandy,False,420.2,2.177,0,0,served,VEH039,1,2026-03-06-VEH039-T1,0.0
2026-03-06,ORD0094653,2026-03-06,OUT086,Fresh,fresh_dry,Kandy,Kandy,False,296.4,1.456,0,0,served,VEH039,1,2026-03-06-VEH039-T1,0.0
2026-03-06,ORD0094654,2026-03-06,OUT086,Fresh,fresh_chilled,Kandy,Kandy,False,391.2,2.244,0,0,served,VEH039,1,2026-03-06-VEH039-T1,0.0
2026-03-06,ORD0094655,2026-03-06,OUT087,Fresh,fresh_dry,Kandy,Kandy,False,397.9,2.25,0,0,served,VEH039,1,2026-03-06-VEH039-T1,0.0
2026-03-06,ORD0094656,2026-03-06,OUT096,Fresh,fresh_dry,Matale,Kandy,False,242.4,1.433,0,0,served,VEH043,1,2026-03-06-VEH043-T1,0.0
2026-03-06,ORD0094657,2026-03-06,OUT096,Fresh,fresh_chilled,Matale,Kandy,False,144.3,0.763,0,0,served,VEH043,1,2026-03-06-VEH043-T1,0.0
2026-03-06,ORD0094658,2026-03-06,OUT097,Fresh,fresh_dry,Matale,Kandy,False,464.2,2.512,0,0,served,VEH043,1,2026-03-06-VEH043-T1,0.0
2026-03-06,ORD0094659,2026-03-06,OUT098,Fresh,fresh_dry,Matale,Kandy,False,355.1,1.718,0,0,served,VEH043,1,2026-03-06-VEH043-T1,0.0
2026-03-06,ORD0094660,2026-03-06,OUT098,Fresh,fresh_chilled,Matale,Kandy,False,380.9,2.065,0,0,served,VEH043,1,2026-03-06-VEH043-T1,0.0
2026-03-06,ORD0094661,2026-03-06,OUT099,Fresh,fresh_dry,Matale,Kandy,False,513.6,2.727,0,0,served,VEH043,1,2026-03-06-VEH043-T1,0.0
2026-03-06,ORD0094662,2026-03-06,OUT100,Fresh,fresh_dry,Matale,Kandy,False,621.7,3.32,0,0,served,VEH043,1,2026-03-06-VEH043-T1,0.0
2026-03-06,ORD0094663,2026-03-06,OUT101,Fresh,fresh_dry,Matale,Kandy,False,486.4,2.725,0,0,served,VEH043,1,2026-03-06-VEH043-T1,0.0
2026-03-06,ORD0094664,2026-03-06,OUT101,Fresh,fresh_chilled,Matale,Kandy,False,371.2,2.079,0,0,served,VEH043,1,2026-03-06-VEH043-T1,0.0
2026-03-06,ORD0094665,2026-03-06,OUT104,Fresh,fresh_dry,Nuwara Eliya,Kandy,False,340.2,1.961,0,0,served,VEH041,1,2026-03-06-VEH041-T1,0.0
2026-03-06,ORD0094666,2026-03-06,OUT104,Fresh,fresh_chilled,Nuwara Eliya,Kandy,False,319.6,1.647,0,0,served,VEH041,1,2026-03-06-VEH041-T1,0.0
2026-03-06,ORD0094667,2026-03-06,OUT105,Fresh,fresh_dry,Nuwara Eliya,Kandy,False,351.3,1.822,0,0,served,VEH060,2,2026-03-06-VEH060-T2,0.0
2026-03-06,ORD0094668,2026-03-06,OUT106,Fresh,fresh_dry,Nuwara Eliya,Kandy,False,398.0,2.133,0,0,served,VEH041,1,2026-03-06-VEH041-T1,0.0
2026-03-06,ORD0094669,2026-03-06,OUT107,Fresh,fresh_dry,Nuwara Eliya,Kandy,False,382.4,2.231,0,0,served,VEH060,2,2026-03-06-VEH060-T2,0.0
2026-03-06,ORD0094670,2026-03-06,OUT107,Fresh,fresh_chilled,Nuwara Eliya,Kandy,False,298.8,1.569,0,0,served,VEH041,1,2026-03-06-VEH041-T1,0.0
2026-03-06,ORD0094671,2026-03-06,OUT108,Fresh,fresh_dry,Nuwara Eliya,Kandy,False,494.8,2.388,0,0,served,VEH041,1,2026-03-06-VEH041-T1,0.0
2026-03-06,ORD0094672,2026-03-06,OUT110,Fresh,fresh_dry,Badulla,Kandy,False,417.8,2.424,0,0,served,VEH056,1,2026-03-06-VEH056-T1,0.0
2026-03-06,ORD0094673,2026-03-06,OUT111,Fresh,fresh_dry,Badulla,Kandy,False,216.9,1.206,0,0,served,VEH059,1,2026-03-06-VEH059-T1,0.0
2026-03-06,ORD0094674,2026-03-06,OUT111,Fresh,fresh_chilled,Badulla,Kandy,False,146.7,0.8,0,0,served,VEH057,1,2026-03-06-VEH057-T1,0.0
2026-03-06,ORD0094675,2026-03-06,OUT112,Fresh,fresh_dry,Badulla,Kandy,False,624.3,3.419,0,0,served,VEH059,1,2026-03-06-VEH059-T1,0.0
2026-03-06,ORD0094676,2026-03-06,OUT112,Fresh,fresh_chilled,Badulla,Kandy,False,338.9,1.866,0,0,served,VEH057,1,2026-03-06-VEH057-T1,0.0
2026-03-06,ORD0094677,2026-03-06,OUT113,Fresh,fresh_dry,Badulla,Kandy,False,461.3,2.587,0,0,served,VEH056,1,2026-03-06-VEH056-T1,0.0
2026-03-06,ORD0094678,2026-03-06,OUT115,Tech,tech,Badulla,Kandy,False,3775.6,13.313,0,0,served,VEH056,2,2026-03-06-VEH056-T2,0.0
2026-03-06,ORD0094679,2026-03-06,OUT116,Fresh,fresh_dry,Kegalle,Kandy,False,464.5,2.431,0,0,served,VEH042,1,2026-03-06-VEH042-T1,0.0
2026-03-06,ORD0094680,2026-03-06,OUT116,Fresh,fresh_chilled,Kegalle,Kandy,False,224.1,1.316,0,0,served,VEH042,1,2026-03-06-VEH042-T1,0.0
2026-03-06,ORD0094681,2026-03-06,OUT117,Fresh,fresh_dry,Kegalle,Kandy,False,623.6,3.388,0,0,served,VEH042,1,2026-03-06-VEH042-T1,0.0
2026-03-06,ORD0094682,2026-03-06,OUT117,Fresh,fresh_chilled,Kegalle,Kandy,False,857.3,4.146,0,0,served,VEH042,1,2026-03-06-VEH042-T1,0.0
2026-03-06,ORD0094683,2026-03-06,OUT118,Fresh,fresh_dry,Kegalle,Kandy,False,791.6,4.235,0,0,served,VEH042,1,2026-03-06-VEH042-T1,0.0
2026-03-06,ORD0094684,2026-03-06,OUT118,Fresh,fresh_chilled,Kegalle,Kandy,False,696.3,3.828,0,0,served,VEH042,1,2026-03-06-VEH042-T1,0.0
2026-03-06,ORD0094685,2026-03-06,OUT119,Fresh,fresh_dry,Kegalle,Kandy,False,386.6,2.085,0,0,served,VEH042,1,2026-03-06-VEH042-T1,0.0
2026-03-06,ORD0094686,2026-03-06,OUT119,Fresh,fresh_chilled,Kegalle,Kandy,False,410.8,2.536,0,0,served,VEH042,1,2026-03-06-VEH042-T1,0.0
2026-03-07,ORD0094687,2026-03-07,OUT001,Fresh,fresh_dry,Colombo,Peliyagoda,True,102.6,0.524,0,0,served,VEH037,1,2026-03-07-VEH037-T1,0.0
2026-03-07,ORD0094688,2026-03-07,OUT002,Fresh,fresh_dry,Colombo,Peliyagoda,True,92.6,0.547,0,0,served,VEH037,1,2026-03-07-VEH037-T1,0.0
2026-03-07,ORD0094689,2026-03-07,OUT002,Fresh,fresh_chilled,Colombo,Peliyagoda,True,83.2,0.531,0,0,served,VEH036,1,2026-03-07-VEH036-T1,0.0
2026-03-07,ORD0094690,2026-03-07,OUT003,Fresh,fresh_dry,Colombo,Peliyagoda,True,133.7,0.643,0,0,served,VEH037,1,2026-03-07-VEH037-T1,0.0
2026-03-07,ORD0094691,2026-03-07,OUT003,Fresh,fresh_chilled,Colombo,Peliyagoda,True,84.3,0.419,0,0,served,VEH036,1,2026-03-07-VEH036-T1,0.0
2026-03-07,ORD0094692,2026-03-07,OUT004,Fresh,fresh_dry,Colombo,Peliyagoda,False,227.3,1.302,0,0,served,VEH003,1,2026-03-07-VEH003-T1,0.0
2026-03-07,ORD0094693,2026-03-07,OUT004,Fresh,fresh_chilled,Colombo,Peliyagoda,False,125.0,0.752,0,0,served,VEH003,1,2026-03-07-VEH003-T1,0.0
2026-03-07,ORD0094694,2026-03-07,OUT005,Fresh,fresh_dry,Colombo,Peliyagoda,False,454.5,2.752,0,0,served,VEH003,1,2026-03-07-VEH003-T1,0.0
2026-03-07,ORD0094695,2026-03-07,OUT005,Fresh,fresh_chilled,Colombo,Peliyagoda,False,344.9,2.011,0,0,served,VEH003,1,2026-03-07-VEH003-T1,0.0
2026-03-07,ORD0094696,2026-03-07,OUT006,Fresh,fresh_dry,Colombo,Peliyagoda,False,489.6,2.554,0,0,served,VEH003,1,2026-03-07-VEH003-T1,0.0
2026-03-07,ORD0094697,2026-03-07,OUT006,Fresh,fresh_chilled,Colombo,Peliyagoda,False,481.9,2.59,0,0,served,VEH003,1,2026-03-07-VEH003-T1,0.0
2026-03-07,ORD0094698,2026-03-07,OUT007,Fresh,fresh_dry,Colombo,Peliyagoda,False,620.8,3.072,0,0,served,VEH015,1,2026-03-07-VEH015-T1,0.0
2026-03-07,ORD0094699,2026-03-07,OUT007,Fresh,fresh_chilled,Colombo,Peliyagoda,False,689.7,3.521,0,0,served,VEH003,1,2026-03-07-VEH003-T1,0.0
2026-03-07,ORD0094700,2026-03-07,OUT008,Fresh,fresh_dry,Colombo,Peliyagoda,False,330.9,1.822,0,0,served,VEH015,1,2026-03-07-VEH015-T1,0.0
2026-03-07,ORD0094701,2026-03-07,OUT009,Fresh,fresh_dry,Colombo,Peliyagoda,False,227.5,1.319,0,0,served,VEH003,1,2026-03-07-VEH003-T1,0.0
2026-03-07,ORD0094702,2026-03-07,OUT009,Fresh,fresh_chilled,Colombo,Peliyagoda,False,313.2,1.549,0,0,served,VEH003,1,2026-03-07-VEH003-T1,0.0
2026-03-07,ORD0094703,2026-03-07,OUT010,Fresh,fresh_dry,Colombo,Peliyagoda,False,241.0,1.43,0,0,served,VEH015,1,2026-03-07-VEH015-T1,0.0
2026-03-07,ORD0094704,2026-03-07,OUT010,Fresh,fresh_chilled,Colombo,Peliyagoda,False,298.9,1.447,0,0,served,VEH036,1,2026-03-07-VEH036-T1,0.0
2026-03-07,ORD0094705,2026-03-07,OUT011,Fresh,fresh_dry,Colombo,Peliyagoda,False,339.5,1.976,0,0,served,VEH036,2,2026-03-07-VEH036-T2,0.0
2026-03-07,ORD0094706,2026-03-07,OUT012,Fresh,fresh_dry,Colombo,Peliyagoda,False,349.9,1.865,0,0,served,VEH036,2,2026-03-07-VEH036-T2,0.0
2026-03-07,ORD0094707,2026-03-07,OUT012,Fresh,fresh_chilled,Colombo,Peliyagoda,False,294.5,1.673,0,0,served,VEH036,2,2026-03-07-VEH036-T2,0.0
2026-03-07,ORD0094708,2026-03-07,OUT013,Fresh,fresh_dry,Colombo,Peliyagoda,False,699.1,3.908,0,0,served,VEH037,1,2026-03-07-VEH037-T1,0.0
2026-03-07,ORD0094709,2026-03-07,OUT013,Fresh,fresh_chilled,Colombo,Peliyagoda,False,424.4,2.355,0,0,served,VEH036,1,2026-03-07-VEH036-T1,0.0
2026-03-07,ORD0094710,2026-03-07,OUT014,Fresh,fresh_dry,Colombo,Peliyagoda,False,228.3,1.308,0,0,served,VEH015,1,2026-03-07-VEH015-T1,0.0
2026-03-07,ORD0094711,2026-03-07,OUT014,Fresh,fresh_chilled,Colombo,Peliyagoda,False,312.3,1.744,0,0,served,VEH003,1,2026-03-07-VEH003-T1,0.0
2026-03-07,ORD0094712,2026-03-07,OUT025,Fresh,fresh_dry,Gampaha,Peliyagoda,False,269.6,1.388,0,0,served,VEH018,1,2026-03-07-VEH018-T1,0.0
2026-03-07,ORD0094713,2026-03-07,OUT026,Fresh,fresh_dry,Gampaha,Peliyagoda,False,323.5,1.668,0,0,served,VEH006,1,2026-03-07-VEH006-T1,0.0
2026-03-07,ORD0094714,2026-03-07,OUT026,Fresh,fresh_chilled,Gampaha,Peliyagoda,False,219.1,1.221,0,0,served,VEH006,1,2026-03-07-VEH006-T1,0.0
2026-03-07,ORD0094715,2026-03-07,OUT027,Fresh,fresh_dry,Gampaha,Peliyagoda,False,441.0,2.405,0,0,served,VEH018,1,2026-03-07-VEH018-T1,0.0
2026-03-07,ORD0094716,2026-03-07,OUT027,Fresh,fresh_chilled,Gampaha,Peliyagoda,False,295.1,1.355,0,0,served,VEH006,1,2026-03-07-VEH006-T1,0.0
2026-03-07,ORD0094717,2026-03-07,OUT028,Fresh,fresh_dry,Gampaha,Peliyagoda,False,450.2,2.416,0,0,served,VEH018,1,2026-03-07-VEH018-T1,0.0
2026-03-07,ORD0094718,2026-03-07,OUT028,Fresh,fresh_chilled,Gampaha,Peliyagoda,False,309.1,1.689,0,0,served,VEH006,1,2026-03-07-VEH006-T1,0.0
2026-03-07,ORD0094719,2026-03-07,OUT029,Fresh,fresh_dry,Gampaha,Peliyagoda,False,382.6,2.046,0,0,served,VEH018,1,2026-03-07-VEH018-T1,0.0
2026-03-07,ORD0094720,2026-03-07,OUT029,Fresh,fresh_chilled,Gampaha,Peliyagoda,False,359.9,1.767,0,0,served,VEH006,1,2026-03-07-VEH006-T1,0.0
2026-03-07,ORD0094721,2026-03-07,OUT030,Fresh,fresh_dry,Gampaha,Peliyagoda,False,477.7,2.656,0,0,served,VEH018,1,2026-03-07-VEH018-T1,0.0
2026-03-07,ORD0094722,2026-03-07,OUT031,Fresh,fresh_dry,Gampaha,Peliyagoda,False,1010.8,5.48,0,0,served,VEH006,1,2026-03-07-VEH006-T1,0.0
2026-03-07,ORD0094723,2026-03-07,OUT031,Fresh,fresh_chilled,Gampaha,Peliyagoda,False,1217.5,6.917,0,0,served,VEH006,1,2026-03-07-VEH006-T1,0.0
2026-03-07,ORD0094724,2026-03-07,OUT032,Fresh,fresh_dry,Gampaha,Peliyagoda,False,894.0,4.289,0,0,served,VEH018,1,2026-03-07-VEH018-T1,0.0
2026-03-07,ORD0094725,2026-03-07,OUT032,Fresh,fresh_chilled,Gampaha,Peliyagoda,False,954.7,5.224,0,0,served,VEH006,1,2026-03-07-VEH006-T1,0.0
2026-03-07,ORD0094726,2026-03-07,OUT033,Fresh,fresh_dry,Gampaha,Peliyagoda,False,313.6,1.633,0,0,served,VEH018,1,2026-03-07-VEH018-T1,0.0
2026-03-07,ORD0094727,2026-03-07,OUT033,Fresh,fresh_chilled,Gampaha,Peliyagoda,False,376.1,2.245,0,0,served,VEH006,1,2026-03-07-VEH006-T1,0.0
2026-03-07,ORD0094728,2026-03-07,OUT034,Fresh,fresh_dry,Gampaha,Peliyagoda,False,344.8,1.97,0,0,served,VEH018,1,2026-03-07-VEH018-T1,0.0
2026-03-07,ORD0094729,2026-03-07,OUT034,Fresh,fresh_chilled,Gampaha,Peliyagoda,False,427.0,2.522,0,0,served,VEH006,1,2026-03-07-VEH006-T1,0.0
2026-03-07,ORD0094730,2026-03-07,OUT040,Fresh,fresh_dry,Kalutara,Peliyagoda,False,545.0,3.08,0,0,served,VEH004,1,2026-03-07-VEH004-T1,0.0
2026-03-07,ORD0094731,2026-03-07,OUT040,Fresh,fresh_chilled,Kalutara,Peliyagoda,False,444.4,2.316,0,0,served,VEH004,1,2026-03-07-VEH004-T1,0.0
2026-03-07,ORD0094732,2026-03-07,OUT041,Fresh,fresh_dry,Kalutara,Peliyagoda,False,333.2,1.922,0,0,served,VEH004,1,2026-03-07-VEH004-T1,0.0
2026-03-07,ORD0094733,2026-03-07,OUT041,Fresh,fresh_chilled,Kalutara,Peliyagoda,False,299.9,1.738,0,0,served,VEH004,1,2026-03-07-VEH004-T1,0.0
2026-03-07,ORD0094734,2026-03-07,OUT042,Fresh,fresh_dry,Kalutara,Peliyagoda,False,872.3,4.647,0,0,served,VEH034,1,2026-03-07-VEH034-T1,0.0
2026-03-07,ORD0094735,2026-03-07,OUT043,Fresh,fresh_dry,Kalutara,Peliyagoda,False,206.9,1.141,0,0,served,VEH034,1,2026-03-07-VEH034-T1,0.0
2026-03-07,ORD0094736,2026-03-07,OUT044,Fresh,fresh_dry,Kalutara,Peliyagoda,False,368.3,2.138,0,0,served,VEH034,1,2026-03-07-VEH034-T1,0.0
2026-03-07,ORD0094737,2026-03-07,OUT044,Fresh,fresh_chilled,Kalutara,Peliyagoda,False,278.3,1.367,0,0,served,VEH004,1,2026-03-07-VEH004-T1,0.0
2026-03-07,ORD0094738,2026-03-07,OUT045,Fresh,fresh_dry,Kalutara,Peliyagoda,False,252.1,1.463,0,0,served,VEH034,1,2026-03-07-VEH034-T1,0.0
2026-03-07,ORD0094739,2026-03-07,OUT045,Fresh,fresh_chilled,Kalutara,Peliyagoda,False,234.0,1.265,0,0,served,VEH004,1,2026-03-07-VEH004-T1,0.0
2026-03-07,ORD0094740,2026-03-07,OUT046,Fresh,fresh_dry,Kalutara,Peliyagoda,False,259.3,1.448,0,0,served,VEH004,1,2026-03-07-VEH004-T1,0.0
2026-03-07,ORD0094741,2026-03-07,OUT046,Fresh,fresh_chilled,Kalutara,Peliyagoda,False,274.1,1.459,0,0,served,VEH004,1,2026-03-07-VEH004-T1,0.0
2026-03-07,ORD0094742,2026-03-07,OUT050,Fresh,fresh_dry,Galle,Peliyagoda,False,341.3,1.778,0,0,served,VEH008,1,2026-03-07-VEH008-T1,0.0
2026-03-07,ORD0094743,2026-03-07,OUT051,Fresh,fresh_dry,Galle,Peliyagoda,False,261.0,1.23,0,0,served,VEH008,1,2026-03-07-VEH008-T1,0.0
2026-03-07,ORD0094744,2026-03-07,OUT052,Fresh,fresh_dry,Galle,Peliyagoda,False,465.2,2.512,0,0,served,VEH005,1,2026-03-07-VEH005-T1,0.0
2026-03-07,ORD0094745,2026-03-07,OUT052,Fresh,fresh_chilled,Galle,Peliyagoda,False,375.9,1.833,0,0,served,VEH005,1,2026-03-07-VEH005-T1,0.0
2026-03-07,ORD0094746,2026-03-07,OUT053,Fresh,fresh_dry,Galle,Peliyagoda,False,165.0,0.835,0,0,served,VEH005,1,2026-03-07-VEH005-T1,0.0
2026-03-07,ORD0094747,2026-03-07,OUT054,Fresh,fresh_dry,Galle,Peliyagoda,False,754.1,3.513,0,0,served,VEH005,1,2026-03-07-VEH005-T1,0.0
2026-03-07,ORD0094748,2026-03-07,OUT055,Fresh,fresh_dry,Galle,Peliyagoda,False,420.1,2.35,0,0,served,VEH005,1,2026-03-07-VEH005-T1,0.0
2026-03-07,ORD0094749,2026-03-07,OUT055,Fresh,fresh_chilled,Galle,Peliyagoda,False,270.8,1.53,0,0,served,VEH005,1,2026-03-07-VEH005-T1,0.0
2026-03-07,ORD0094750,2026-03-07,OUT058,Tech,tech,Galle,Peliyagoda,False,549.8,1.91,0,0,served,VEH037,2,2026-03-07-VEH037-T2,0.0
2026-03-07,ORD0094751,2026-03-07,OUT059,Fresh,fresh_dry,Matara,Peliyagoda,False,471.6,2.407,0,0,served,VEH007,1,2026-03-07-VEH007-T1,0.0
2026-03-07,ORD0094752,2026-03-07,OUT059,Fresh,fresh_chilled,Matara,Peliyagoda,False,513.8,2.879,0,0,served,VEH007,1,2026-03-07-VEH007-T1,0.0
2026-03-07,ORD0094753,2026-03-07,OUT060,Fresh,fresh_dry,Matara,Peliyagoda,False,384.4,2.101,0,0,served,VEH007,1,2026-03-07-VEH007-T1,0.0
2026-03-07,ORD0094754,2026-03-07,OUT060,Fresh,fresh_chilled,Matara,Peliyagoda,False,309.1,1.61,0,0,served,VEH007,1,2026-03-07-VEH007-T1,0.0
2026-03-07,ORD0094755,2026-03-07,OUT061,Fresh,fresh_dry,Matara,Peliyagoda,False,367.3,1.981,0,0,served,VEH038,1,2026-03-07-VEH038-T1,0.0
2026-03-07,ORD0094756,2026-03-07,OUT061,Fresh,fresh_chilled,Matara,Peliyagoda,False,223.7,1.25,0,0,served,VEH007,1,2026-03-07-VEH007-T1,0.0
2026-03-07,ORD0094757,2026-03-07,OUT062,Fresh,fresh_dry,Matara,Peliyagoda,False,501.6,2.304,0,0,served,VEH038,1,2026-03-07-VEH038-T1,0.0
2026-03-07,ORD0094758,2026-03-07,OUT065,Fresh,fresh_dry,Kurunegala,Peliyagoda,False,455.2,2.524,0,0,served,VEH027,1,2026-03-07-VEH027-T1,0.0
2026-03-07,ORD0094759,2026-03-07,OUT065,Fresh,fresh_chilled,Kurunegala,Peliyagoda,False,464.3,2.455,0,0,served,VEH001,1,2026-03-07-VEH001-T1,0.0
2026-03-07,ORD0094760,2026-03-07,OUT066,Fresh,fresh_dry,Kurunegala,Peliyagoda,False,339.3,1.846,0,0,served,VEH027,1,2026-03-07-VEH027-T1,0.0
2026-03-07,ORD0094761,2026-03-07,OUT066,Fresh,fresh_chilled,Kurunegala,Peliyagoda,False,306.5,1.686,0,0,served,VEH035,1,2026-03-07-VEH035-T1,0.0
2026-03-07,ORD0094762,2026-03-07,OUT067,Fresh,fresh_dry,Kurunegala,Peliyagoda,False,299.5,1.544,0,0,served,VEH027,1,2026-03-07-VEH027-T1,0.0
2026-03-07,ORD0094763,2026-03-07,OUT068,Fresh,fresh_dry,Kurunegala,Peliyagoda,False,290.3,1.683,0,0,served,VEH035,1,2026-03-07-VEH035-T1,0.0
2026-03-07,ORD0094764,2026-03-07,OUT068,Fresh,fresh_chilled,Kurunegala,Peliyagoda,False,304.4,1.646,0,0,served,VEH035,1,2026-03-07-VEH035-T1,0.0
2026-03-07,ORD0094765,2026-03-07,OUT069,Fresh,fresh_dry,Kurunegala,Peliyagoda,False,350.9,1.795,0,0,served,VEH027,1,2026-03-07-VEH027-T1,0.0
2026-03-07,ORD0094766,2026-03-07,OUT069,Fresh,fresh_chilled,Kurunegala,Peliyagoda,False,280.6,1.667,0,0,served,VEH001,1,2026-03-07-VEH001-T1,0.0
2026-03-07,ORD0094767,2026-03-07,OUT073,Fresh,fresh_dry,Puttalam,Peliyagoda,False,323.9,1.84,0,0,served,VEH025,1,2026-03-07-VEH025-T1,0.0
2026-03-07,ORD0094768,2026-03-07,OUT074,Fresh,fresh_dry,Puttalam,Peliyagoda,False,286.6,1.6,0,0,served,VEH002,1,2026-03-07-VEH002-T1,0.0
2026-03-07,ORD0094769,2026-03-07,OUT074,Fresh,fresh_chilled,Puttalam,Peliyagoda,False,397.4,2.13,0,0,served,VEH002,1,2026-03-07-VEH002-T1,0.0
2026-03-07,ORD0094770,2026-03-07,OUT075,Fresh,fresh_dry,Puttalam,Peliyagoda,False,171.9,1.003,0,0,served,VEH025,1,2026-03-07-VEH025-T1,0.0
2026-03-07,ORD0094771,2026-03-07,OUT075,Fresh,fresh_chilled,Puttalam,Peliyagoda,False,212.8,1.193,0,0,served,VEH002,1,2026-03-07-VEH002-T1,0.0
2026-03-07,ORD0094772,2026-03-07,OUT076,Fresh,fresh_dry,Kandy,Kandy,True,146.7,0.807,0,0,served,VEH059,2,2026-03-07-VEH059-T2,0.0
2026-03-07,ORD0094773,2026-03-07,OUT076,Fresh,fresh_chilled,Kandy,Kandy,True,137.1,0.777,0,0,served,VEH058,1,2026-03-07-VEH058-T1,0.0
2026-03-07,ORD0094774,2026-03-07,OUT077,Fresh,fresh_dry,Kandy,Kandy,True,106.0,0.579,0,0,served,VEH059,2,2026-03-07-VEH059-T2,0.0
2026-03-07,ORD0094775,2026-03-07,OUT077,Fresh,fresh_chilled,Kandy,Kandy,True,118.4,0.618,0,0,served,VEH058,1,2026-03-07-VEH058-T1,0.0
2026-03-07,ORD0094776,2026-03-07,OUT078,Fresh,fresh_dry,Kandy,Kandy,True,198.9,1.147,0,0,served,VEH059,1,2026-03-07-VEH059-T1,0.0
2026-03-07,ORD0094777,2026-03-07,OUT078,Fresh,fresh_chilled,Kandy,Kandy,True,202.4,1.108,0,0,served,VEH058,1,2026-03-07-VEH058-T1,0.0
2026-03-07,ORD0094778,2026-03-07,OUT079,Fresh,fresh_dry,Kandy,Kandy,True,131.4,0.711,0,0,served,VEH059,1,2026-03-07-VEH059-T1,0.0
2026-03-07,ORD0094779,2026-03-07,OUT079,Fresh,fresh_chilled,Kandy,Kandy,True,96.5,0.509,0,0,served,VEH058,1,2026-03-07-VEH058-T1,0.0
2026-03-07,ORD0094780,2026-03-07,OUT080,Fresh,fresh_dry,Kandy,Kandy,True,156.6,0.843,0,0,served,VEH059,2,2026-03-07-VEH059-T2,0.0
2026-03-07,ORD0094781,2026-03-07,OUT081,Fresh,fresh_dry,Kandy,Kandy,True,206.1,1.06,0,0,served,VEH059,2,2026-03-07-VEH059-T2,0.0
2026-03-07,ORD0094782,2026-03-07,OUT081,Fresh,fresh_chilled,Kandy,Kandy,True,235.3,1.205,0,0,served,VEH058,1,2026-03-07-VEH058-T1,0.0
2026-03-07,ORD0094783,2026-03-07,OUT082,Fresh,fresh_dry,Kandy,Kandy,True,131.6,0.702,0,0,served,VEH059,1,2026-03-07-VEH059-T1,0.0
2026-03-07,ORD0094784,2026-03-07,OUT083,Fresh,fresh_dry,Kandy,Kandy,True,83.0,0.456,0,0,served,VEH058,1,2026-03-07-VEH058-T1,0.0
2026-03-07,ORD0094785,2026-03-07,OUT083,Fresh,fresh_chilled,Kandy,Kandy,True,134.7,0.739,0,0,served,VEH058,1,2026-03-07-VEH058-T1,0.0
2026-03-07,ORD0094786,2026-03-07,OUT084,Fresh,fresh_dry,Kandy,Kandy,False,268.2,1.489,0,0,served,VEH059,1,2026-03-07-VEH059-T1,0.0
2026-03-07,ORD0094787,2026-03-07,OUT085,Fresh,fresh_dry,Kandy,Kandy,False,419.3,2.508,0,0,served,VEH059,1,2026-03-07-VEH059-T1,0.0
2026-03-07,ORD0094788,2026-03-07,OUT086,Fresh,fresh_dry,Kandy,Kandy,False,343.2,1.846,0,0,served,VEH039,2,2026-03-07-VEH039-T2,0.0
2026-03-07,ORD0094789,2026-03-07,OUT086,Fresh,fresh_chilled,Kandy,Kandy,False,354.3,2.062,0,0,served,VEH039,2,2026-03-07-VEH039-T2,0.0
2026-03-07,ORD0094790,2026-03-07,OUT087,Fresh,fresh_dry,Kandy,Kandy,False,299.3,1.659,0,0,served,VEH039,2,2026-03-07-VEH039-T2,0.0
2026-03-07,ORD0094791,2026-03-07,OUT087,Fresh,fresh_chilled,Kandy,Kandy,False,254.1,1.372,0,0,served,VEH039,2,2026-03-07-VEH039-T2,0.0
2026-03-07,ORD0094792,2026-03-07,OUT096,Fresh,fresh_dry,Matale,Kandy,False,237.1,1.231,0,0,served,VEH052,1,2026-03-07-VEH052-T1,0.0
2026-03-07,ORD0094793,2026-03-07,OUT096,Fresh,fresh_chilled,Matale,Kandy,False,149.8,0.846,0,0,served,VEH042,1,2026-03-07-VEH042-T1,0.0
2026-03-07,ORD0094794,2026-03-07,OUT097,Fresh,fresh_dry,Matale,Kandy,False,416.9,2.558,0,0,served,VEH052,1,2026-03-07-VEH052-T1,0.0
2026-03-07,ORD0094795,2026-03-07,OUT097,Fresh,fresh_chilled,Matale,Kandy,False,595.5,3.126,0,0,served,VEH042,1,2026-03-07-VEH042-T1,0.0
2026-03-07,ORD0094796,2026-03-07,OUT098,Fresh,fresh_dry,Matale,Kandy,False,380.0,2.335,0,0,served,VEH042,1,2026-03-07-VEH042-T1,0.0
2026-03-07,ORD0094797,2026-03-07,OUT098,Fresh,fresh_chilled,Matale,Kandy,False,373.6,2.005,0,0,served,VEH042,1,2026-03-07-VEH042-T1,0.0
2026-03-07,ORD0094798,2026-03-07,OUT099,Fresh,fresh_dry,Matale,Kandy,False,412.3,2.478,0,0,served,VEH042,1,2026-03-07-VEH042-T1,0.0
2026-03-07,ORD0094799,2026-03-07,OUT099,Fresh,fresh_chilled,Matale,Kandy,False,382.8,2.033,0,0,served,VEH042,1,2026-03-07-VEH042-T1,0.0
2026-03-07,ORD0094800,2026-03-07,OUT100,Fresh,fresh_dry,Matale,Kandy,False,534.2,3.165,0,0,served,VEH042,1,2026-03-07-VEH042-T1,0.0
2026-03-07,ORD0094801,2026-03-07,OUT100,Fresh,fresh_chilled,Matale,Kandy,False,547.2,2.85,0,0,served,VEH042,1,2026-03-07-VEH042-T1,0.0
2026-03-07,ORD0094802,2026-03-07,OUT101,Fresh,fresh_dry,Matale,Kandy,False,503.6,2.617,0,0,served,VEH052,1,2026-03-07-VEH052-T1,0.0
2026-03-07,ORD0094803,2026-03-07,OUT101,Fresh,fresh_chilled,Matale,Kandy,False,380.0,2.003,0,0,served,VEH042,1,2026-03-07-VEH042-T1,0.0
2026-03-07,ORD0094804,2026-03-07,OUT104,Fresh,fresh_dry,Nuwara Eliya,Kandy,False,545.2,2.812,0,0,served,VEH041,1,2026-03-07-VEH041-T1,0.0
2026-03-07,ORD0094805,2026-03-07,OUT104,Fresh,fresh_chilled,Nuwara Eliya,Kandy,False,166.1,0.925,0,0,served,VEH041,1,2026-03-07-VEH041-T1,0.0
2026-03-07,ORD0094806,2026-03-07,OUT105,Fresh,fresh_dry,Nuwara Eliya,Kandy,False,242.6,1.511,0,0,served,VEH046,1,2026-03-07-VEH046-T1,0.0
2026-03-07,ORD0094807,2026-03-07,OUT105,Fresh,fresh_chilled,Nuwara Eliya,Kandy,False,178.1,1.04,0,0,served,VEH041,1,2026-03-07-VEH041-T1,0.0
2026-03-07,ORD0094808,2026-03-07,OUT106,Fresh,fresh_dry,Nuwara Eliya,Kandy,False,280.7,1.662,0,0,served,VEH046,1,2026-03-07-VEH046-T1,0.0
2026-03-07,ORD0094809,2026-03-07,OUT106,Fresh,fresh_chilled,Nuwara Eliya,Kandy,False,335.6,1.875,0,0,served,VEH041,1,2026-03-07-VEH041-T1,0.0
2026-03-07,ORD0094810,2026-03-07,OUT107,Fresh,fresh_dry,Nuwara Eliya,Kandy,False,352.8,1.853,0,0,served,VEH046,1,2026-03-07-VEH046-T1,0.0
2026-03-07,ORD0094811,2026-03-07,OUT108,Fresh,fresh_dry,Nuwara Eliya,Kandy,False,564.7,2.995,0,0,served,VEH046,1,2026-03-07-VEH046-T1,0.0
2026-03-07,ORD0094812,2026-03-07,OUT108,Fresh,fresh_chilled,Nuwara Eliya,Kandy,False,274.0,1.64,0,0,served,VEH041,1,2026-03-07-VEH041-T1,0.0
2026-03-07,ORD0094813,2026-03-07,OUT109,Style,style,Nuwara Eliya,Kandy,False,866.0,11.248,0,0,served,VEH056,2,2026-03-07-VEH056-T2,0.0
2026-03-07,ORD0094814,2026-03-07,OUT110,Fresh,fresh_dry,Badulla,Kandy,False,290.0,1.579,0,0,served,VEH056,1,2026-03-07-VEH056-T1,0.0
2026-03-07,ORD0094815,2026-03-07,OUT110,Fresh,fresh_chilled,Badulla,Kandy,False,216.8,1.138,0,0,served,VEH057,1,2026-03-07-VEH057-T1,0.0
2026-03-07,ORD0094816,2026-03-07,OUT111,Fresh,fresh_dry,Badulla,Kandy,False,232.8,1.141,0,0,served,VEH056,1,2026-03-07-VEH056-T1,0.0
2026-03-07,ORD0094817,2026-03-07,OUT112,Fresh,fresh_dry,Badulla,Kandy,False,470.8,2.671,0,0,served,VEH060,1,2026-03-07-VEH060-T1,0.0
2026-03-07,ORD0094818,2026-03-07,OUT112,Fresh,fresh_chilled,Badulla,Kandy,False,411.8,2.154,0,0,served,VEH057,1,2026-03-07-VEH057-T1,0.0
2026-03-07,ORD0094819,2026-03-07,OUT113,Fresh,fresh_dry,Badulla,Kandy,False,614.8,3.438,0,0,served,VEH060,1,2026-03-07-VEH060-T1,0.0
2026-03-07,ORD0094820,2026-03-07,OUT116,Fresh,fresh_dry,Kegalle,Kandy,False,382.1,2.124,0,0,served,VEH058,2,2026-03-07-VEH058-T2,0.0
2026-03-07,ORD0094821,2026-03-07,OUT117,Fresh,fresh_dry,Kegalle,Kandy,False,574.4,3.274,0,0,served,VEH039,1,2026-03-07-VEH039-T1,0.0
2026-03-07,ORD0094822,2026-03-07,OUT117,Fresh,fresh_chilled,Kegalle,Kandy,False,717.3,3.81,0,0,served,VEH039,1,2026-03-07-VEH039-T1,0.0
2026-03-07,ORD0094823,2026-03-07,OUT118,Fresh,fresh_dry,Kegalle,Kandy,False,726.2,3.649,0,0,served,VEH039,1,2026-03-07-VEH039-T1,0.0
2026-03-07,ORD0094824,2026-03-07,OUT118,Fresh,fresh_chilled,Kegalle,Kandy,False,725.6,3.419,0,0,served,VEH039,1,2026-03-07-VEH039-T1,0.0
2026-03-07,ORD0094825,2026-03-07,OUT119,Fresh,fresh_dry,Kegalle,Kandy,False,232.7,1.534,0,0,served,VEH058,2,2026-03-07-VEH058-T2,0.0
2026-03-09,ORD0094826,2026-03-09,OUT001,Fresh,fresh_dry,Colombo,Peliyagoda,True,81.2,0.432,0,0,served,VEH037,2,2026-03-09-VEH037-T2,0.0
2026-03-09,ORD0094827,2026-03-09,OUT002,Fresh,fresh_dry,Colombo,Peliyagoda,True,121.4,0.657,0,0,served,VEH037,2,2026-03-09-VEH037-T2,0.0
2026-03-09,ORD0094828,2026-03-09,OUT003,Fresh,fresh_dry,Colombo,Peliyagoda,True,91.5,0.495,0,0,served,VEH037,2,2026-03-09-VEH037-T2,0.0
2026-03-09,ORD0094829,2026-03-09,OUT004,Fresh,fresh_dry,Colombo,Peliyagoda,False,226.3,1.231,0,0,served,VEH018,1,2026-03-09-VEH018-T1,0.0
2026-03-09,ORD0094830,2026-03-09,OUT005,Fresh,fresh_dry,Colombo,Peliyagoda,False,554.4,2.798,0,0,served,VEH037,2,2026-03-09-VEH037-T2,0.0
2026-03-09,ORD0094831,2026-03-09,OUT006,Fresh,fresh_dry,Colombo,Peliyagoda,False,751.7,3.66,0,0,served,VEH001,2,2026-03-09-VEH001-T2,0.0
2026-03-09,ORD0094832,2026-03-09,OUT006,Fresh,fresh_chilled,Colombo,Peliyagoda,False,508.7,2.96,0,0,served,VEH001,2,2026-03-09-VEH001-T2,0.0
2026-03-09,ORD0094833,2026-03-09,OUT007,Fresh,fresh_dry,Colombo,Peliyagoda,False,424.3,2.644,0,0,served,VEH004,1,2026-03-09-VEH004-T1,0.0
2026-03-09,ORD0094834,2026-03-09,OUT007,Fresh,fresh_chilled,Colombo,Peliyagoda,False,511.8,2.74,0,0,served,VEH004,1,2026-03-09-VEH004-T1,0.0
2026-03-09,ORD0094835,2026-03-09,OUT008,Fresh,fresh_dry,Colombo,Peliyagoda,False,235.5,1.479,0,0,served,VEH001,2,2026-03-09-VEH001-T2,0.0
2026-03-09,ORD0094836,2026-03-09,OUT008,Fresh,fresh_chilled,Colombo,Peliyagoda,False,247.4,1.308,0,0,served,VEH001,2,2026-03-09-VEH001-T2,0.0
2026-03-09,ORD0094837,2026-03-09,OUT009,Fresh,fresh_dry,Colombo,Peliyagoda,False,310.6,1.558,0,0,served,VEH018,1,2026-03-09-VEH018-T1,0.0
2026-03-09,ORD0094838,2026-03-09,OUT010,Fresh,fresh_dry,Colombo,Peliyagoda,False,294.4,1.859,0,0,served,VEH004,1,2026-03-09-VEH004-T1,0.0
2026-03-09,ORD0094839,2026-03-09,OUT010,Fresh,fresh_chilled,Colombo,Peliyagoda,False,378.1,1.979,0,0,served,VEH004,1,2026-03-09-VEH004-T1,0.0
2026-03-09,ORD0094840,2026-03-09,OUT011,Fresh,fresh_dry,Colombo,Peliyagoda,False,295.9,1.68,0,0,served,VEH004,1,2026-03-09-VEH004-T1,0.0
2026-03-09,ORD0094841,2026-03-09,OUT011,Fresh,fresh_chilled,Colombo,Peliyagoda,False,340.6,1.956,0,0,served,VEH004,1,2026-03-09-VEH004-T1,0.0
2026-03-09,ORD0094842,2026-03-09,OUT012,Fresh,fresh_dry,Colombo,Peliyagoda,False,274.7,1.581,0,0,served,VEH018,1,2026-03-09-VEH018-T1,0.0
2026-03-09,ORD0094843,2026-03-09,OUT012,Fresh,fresh_chilled,Colombo,Peliyagoda,False,145.2,0.867,0,0,served,VEH004,1,2026-03-09-VEH004-T1,0.0
2026-03-09,ORD0094844,2026-03-09,OUT013,Fresh,fresh_dry,Colombo,Peliyagoda,False,1179.4,6.063,0,0,served,VEH018,1,2026-03-09-VEH018-T1,0.0
2026-03-09,ORD0094845,2026-03-09,OUT014,Fresh,fresh_dry,Colombo,Peliyagoda,False,251.8,1.379,0,0,served,VEH004,1,2026-03-09-VEH004-T1,0.0
2026-03-09,ORD0094846,2026-03-09,OUT014,Fresh,fresh_chilled,Colombo,Peliyagoda,False,348.3,1.938,0,0,served,VEH004,1,2026-03-09-VEH004-T1,0.0
2026-03-09,ORD0094847,2026-03-09,OUT025,Fresh,fresh_dry,Gampaha,Peliyagoda,False,205.8,1.11,0,0,served,VEH037,1,2026-03-09-VEH037-T1,0.0
2026-03-09,ORD0094848,2026-03-09,OUT025,Fresh,fresh_chilled,Gampaha,Peliyagoda,False,166.1,0.966,0,0,served,VEH001,1,2026-03-09-VEH001-T1,0.0
2026-03-09,ORD0094849,2026-03-09,OUT026,Fresh,fresh_dry,Gampaha,Peliyagoda,False,295.1,1.545,0,0,served,VEH037,1,2026-03-09-VEH037-T1,0.0
2026-03-09,ORD0094850,2026-03-09,OUT027,Fresh,fresh_dry,Gampaha,Peliyagoda,False,315.2,1.585,0,0,served,VEH001,1,2026-03-09-VEH001-T1,0.0
2026-03-09,ORD0094851,2026-03-09,OUT027,Fresh,fresh_chilled,Gampaha,Peliyagoda,False,233.1,1.285,0,0,served,VEH001,1,2026-03-09-VEH001-T1,0.0
2026-03-09,ORD0094852,2026-03-09,OUT028,Fresh,fresh_dry,Gampaha,Peliyagoda,False,360.7,2.263,0,0,served,VEH037,1,2026-03-09-VEH037-T1,0.0
2026-03-09,ORD0094853,2026-03-09,OUT029,Fresh,fresh_dry,Gampaha,Peliyagoda,False,315.9,1.534,0,0,served,VEH005,1,2026-03-09-VEH005-T1,0.0
2026-03-09,ORD0094854,2026-03-09,OUT029,Fresh,fresh_chilled,Gampaha,Peliyagoda,False,261.3,1.437,0,0,served,VEH005,1,2026-03-09-VEH005-T1,0.0
2026-03-09,ORD0094855,2026-03-09,OUT030,Fresh,fresh_dry,Gampaha,Peliyagoda,False,362.8,1.982,0,0,served,VEH001,1,2026-03-09-VEH001-T1,0.0
2026-03-09,ORD0094856,2026-03-09,OUT030,Fresh,fresh_chilled,Gampaha,Peliyagoda,False,585.4,2.779,0,0,served,VEH001,1,2026-03-09-VEH001-T1,0.0
2026-03-09,ORD0094857,2026-03-09,OUT031,Fresh,fresh_dry,Gampaha,Peliyagoda,False,680.5,3.468,0,0,served,VEH005,1,2026-03-09-VEH005-T1,0.0
2026-03-09,ORD0094858,2026-03-09,OUT031,Fresh,fresh_chilled,Gampaha,Peliyagoda,False,1005.0,5.196,0,0,served,VEH005,1,2026-03-09-VEH005-T1,0.0
2026-03-09,ORD0094859,2026-03-09,OUT032,Fresh,fresh_dry,Gampaha,Peliyagoda,False,659.7,3.49,0,0,served,VEH005,1,2026-03-09-VEH005-T1,0.0
2026-03-09,ORD0094860,2026-03-09,OUT033,Fresh,fresh_dry,Gampaha,Peliyagoda,False,350.2,1.811,0,0,served,VEH005,1,2026-03-09-VEH005-T1,0.0
2026-03-09,ORD0094861,2026-03-09,OUT033,Fresh,fresh_chilled,Gampaha,Peliyagoda,False,387.4,1.924,0,0,served,VEH005,1,2026-03-09-VEH005-T1,0.0
2026-03-09,ORD0094862,2026-03-09,OUT034,Fresh,fresh_dry,Gampaha,Peliyagoda,False,377.7,2.049,0,0,served,VEH005,1,2026-03-09-VEH005-T1,0.0
2026-03-09,ORD0094863,2026-03-09,OUT040,Fresh,fresh_dry,Kalutara,Peliyagoda,False,443.9,2.561,0,0,served,VEH003,1,2026-03-09-VEH003-T1,0.0
2026-03-09,ORD0094864,2026-03-09,OUT040,Fresh,fresh_chilled,Kalutara,Peliyagoda,False,448.0,2.228,0,0,served,VEH003,1,2026-03-09-VEH003-T1,0.0
2026-03-09,ORD0094865,2026-03-09,OUT041,Fresh,fresh_dry,Kalutara,Peliyagoda,False,217.0,1.347,0,0,served,VEH008,1,2026-03-09-VEH008-T1,0.0
2026-03-09,ORD0094866,2026-03-09,OUT042,Fresh,fresh_dry,Kalutara,Peliyagoda,False,705.8,3.883,0,0,served,VEH008,1,2026-03-09-VEH008-T1,0.0
2026-03-09,ORD0094867,2026-03-09,OUT042,Fresh,fresh_chilled,Kalutara,Peliyagoda,False,662.1,4.018,0,0,served,VEH003,1,2026-03-09-VEH003-T1,0.0
2026-03-09,ORD0094868,2026-03-09,OUT043,Fresh,fresh_dry,Kalutara,Peliyagoda,False,226.7,1.272,0,0,served,VEH003,1,2026-03-09-VEH003-T1,0.0
2026-03-09,ORD0094869,2026-03-09,OUT043,Fresh,fresh_chilled,Kalutara,Peliyagoda,False,246.5,1.339,0,0,served,VEH003,1,2026-03-09-VEH003-T1,0.0
2026-03-09,ORD0094870,2026-03-09,OUT044,Fresh,fresh_dry,Kalutara,Peliyagoda,False,282.9,1.593,0,0,served,VEH008,1,2026-03-09-VEH008-T1,0.0
2026-03-09,ORD0094871,2026-03-09,OUT044,Fresh,fresh_chilled,Kalutara,Peliyagoda,False,226.9,1.23,0,0,served,VEH003,1,2026-03-09-VEH003-T1,0.0
2026-03-09,ORD0094872,2026-03-09,OUT045,Fresh,fresh_dry,Kalutara,Peliyagoda,False,194.7,0.994,0,0,served,VEH008,1,2026-03-09-VEH008-T1,0.0
2026-03-09,ORD0094873,2026-03-09,OUT045,Fresh,fresh_chilled,Kalutara,Peliyagoda,False,223.2,1.192,0,0,served,VEH003,1,2026-03-09-VEH003-T1,0.0
2026-03-09,ORD0094874,2026-03-09,OUT046,Fresh,fresh_dry,Kalutara,Peliyagoda,False,288.8,1.461,0,0,served,VEH008,1,2026-03-09-VEH008-T1,0.0
2026-03-09,ORD0094875,2026-03-09,OUT047,Style,style,Kalutara,Peliyagoda,False,467.3,8.029,0,0,served,VEH038,2,2026-03-09-VEH038-T2,0.0
2026-03-09,ORD0094876,2026-03-09,OUT048,Style,style,Kalutara,Peliyagoda,False,256.7,4.306,0,0,served,VEH035,2,2026-03-09-VEH035-T2,0.0
2026-03-09,ORD0094877,2026-03-09,OUT050,Fresh,fresh_dry,Galle,Peliyagoda,False,242.1,1.563,0,0,served,VEH007,1,2026-03-09-VEH007-T1,0.0
2026-03-09,ORD0094878,2026-03-09,OUT050,Fresh,fresh_chilled,Galle,Peliyagoda,False,398.4,2.042,0,0,served,VEH007,1,2026-03-09-VEH007-T1,0.0
2026-03-09,ORD0094879,2026-03-09,OUT051,Fresh,fresh_dry,Galle,Peliyagoda,False,158.7,0.887,0,0,served,VEH007,1,2026-03-09-VEH007-T1,0.0
2026-03-09,ORD0094880,2026-03-09,OUT051,Fresh,fresh_chilled,Galle,Peliyagoda,False,108.4,0.559,0,0,served,VEH007,1,2026-03-09-VEH007-T1,0.0
2026-03-09,ORD0094881,2026-03-09,OUT052,Fresh,fresh_dry,Galle,Peliyagoda,False,430.6,2.366,0,0,served,VEH015,1,2026-03-09-VEH015-T1,0.0
2026-03-09,ORD0094882,2026-03-09,OUT053,Fresh,fresh_dry,Galle,Peliyagoda,False,174.0,1.047,0,0,served,VEH007,1,2026-03-09-VEH007-T1,0.0
2026-03-09,ORD0094883,2026-03-09,OUT053,Fresh,fresh_chilled,Galle,Peliyagoda,False,177.8,0.918,0,0,served,VEH007,1,2026-03-09-VEH007-T1,0.0
2026-03-09,ORD0094884,2026-03-09,OUT054,Fresh,fresh_dry,Galle,Peliyagoda,False,707.3,4.272,0,0,served,VEH015,1,2026-03-09-VEH015-T1,0.0
2026-03-09,ORD0094885,2026-03-09,OUT054,Fresh,fresh_chilled,Galle,Peliyagoda,False,667.2,3.648,0,0,served,VEH007,1,2026-03-09-VEH007-T1,0.0
2026-03-09,ORD0094886,2026-03-09,OUT055,Fresh,fresh_dry,Galle,Peliyagoda,False,380.2,2.088,0,0,served,VEH015,1,2026-03-09-VEH015-T1,0.0
2026-03-09,ORD0094887,2026-03-09,OUT059,Fresh,fresh_dry,Matara,Peliyagoda,False,442.3,2.326,0,0,served,VEH025,1,2026-03-09-VEH025-T1,0.0
2026-03-09,ORD0094888,2026-03-09,OUT059,Fresh,fresh_chilled,Matara,Peliyagoda,False,428.6,2.337,0,0,served,VEH035,1,2026-03-09-VEH035-T1,0.0
2026-03-09,ORD0094889,2026-03-09,OUT060,Fresh,fresh_dry,Matara,Peliyagoda,False,280.2,1.453,0,0,served,VEH025,1,2026-03-09-VEH025-T1,0.0
2026-03-09,ORD0094890,2026-03-09,OUT061,Fresh,fresh_dry,Matara,Peliyagoda,False,319.8,1.624,0,0,served,VEH025,1,2026-03-09-VEH025-T1,0.0
2026-03-09,ORD0094891,2026-03-09,OUT061,Fresh,fresh_chilled,Matara,Peliyagoda,False,209.9,1.151,0,0,served,VEH035,1,2026-03-09-VEH035-T1,0.0
2026-03-09,ORD0094892,2026-03-09,OUT062,Fresh,fresh_dry,Matara,Peliyagoda,False,508.6,2.772,0,0,served,VEH025,1,2026-03-09-VEH025-T1,0.0
2026-03-09,ORD0094893,2026-03-09,OUT062,Fresh,fresh_chilled,Matara,Peliyagoda,False,326.1,1.9,0,0,served,VEH035,1,2026-03-09-VEH035-T1,0.0
2026-03-09,ORD0094894,2026-03-09,OUT065,Fresh,fresh_dry,Kurunegala,Peliyagoda,False,394.2,2.147,0,0,served,VEH017,1,2026-03-09-VEH017-T1,0.0
2026-03-09,ORD0094895,2026-03-09,OUT066,Fresh,fresh_dry,Kurunegala,Peliyagoda,False,283.9,1.624,0,0,served,VEH017,1,2026-03-09-VEH017-T1,0.0
2026-03-09,ORD0094896,2026-03-09,OUT067,Fresh,fresh_dry,Kurunegala,Peliyagoda,False,281.4,1.522,0,0,served,VEH017,1,2026-03-09-VEH017-T1,0.0
2026-03-09,ORD0094897,2026-03-09,OUT068,Fresh,fresh_dry,Kurunegala,Peliyagoda,False,393.9,2.11,0,0,served,VEH002,1,2026-03-09-VEH002-T1,0.0
2026-03-09,ORD0094898,2026-03-09,OUT068,Fresh,fresh_chilled,Kurunegala,Peliyagoda,False,322.0,1.984,0,0,served,VEH002,1,2026-03-09-VEH002-T1,0.0
2026-03-09,ORD0094899,2026-03-09,OUT069,Fresh,fresh_dry,Kurunegala,Peliyagoda,False,353.3,1.938,0,0,served,VEH002,1,2026-03-09-VEH002-T1,0.0
2026-03-09,ORD0094900,2026-03-09,OUT069,Fresh,fresh_chilled,Kurunegala,Peliyagoda,False,203.1,1.104,0,0,served,VEH002,1,2026-03-09-VEH002-T1,0.0
2026-03-09,ORD0094901,2026-03-09,OUT073,Fresh,fresh_dry,Puttalam,Peliyagoda,False,470.5,2.186,0,0,served,VEH038,1,2026-03-09-VEH038-T1,0.0
2026-03-09,ORD0094902,2026-03-09,OUT073,Fresh,fresh_chilled,Puttalam,Peliyagoda,False,284.3,1.61,0,0,served,VEH036,1,2026-03-09-VEH036-T1,0.0
2026-03-09,ORD0094903,2026-03-09,OUT074,Fresh,fresh_dry,Puttalam,Peliyagoda,False,419.4,2.327,0,0,served,VEH038,1,2026-03-09-VEH038-T1,0.0
2026-03-09,ORD0094904,2026-03-09,OUT074,Fresh,fresh_chilled,Puttalam,Peliyagoda,False,319.9,1.85,0,0,served,VEH036,1,2026-03-09-VEH036-T1,0.0
2026-03-09,ORD0094905,2026-03-09,OUT075,Fresh,fresh_dry,Puttalam,Peliyagoda,False,207.0,1.084,0,0,served,VEH038,1,2026-03-09-VEH038-T1,0.0
2026-03-09,ORD0094906,2026-03-09,OUT075,Fresh,fresh_chilled,Puttalam,Peliyagoda,False,163.4,0.876,0,0,served,VEH036,1,2026-03-09-VEH036-T1,0.0
2026-03-09,ORD0094907,2026-03-09,OUT076,Fresh,fresh_dry,Kandy,Kandy,True,198.1,1.145,0,0,served,VEH059,1,2026-03-09-VEH059-T1,0.0
2026-03-09,ORD0094908,2026-03-09,OUT077,Fresh,fresh_dry,Kandy,Kandy,True,112.4,0.634,0,0,served,VEH059,1,2026-03-09-VEH059-T1,0.0
2026-03-09,ORD0094909,2026-03-09,OUT077,Fresh,fresh_chilled,Kandy,Kandy,True,56.2,0.292,0,0,served,VEH058,1,2026-03-09-VEH058-T1,0.0
2026-03-09,ORD0094910,2026-03-09,OUT078,Fresh,fresh_dry,Kandy,Kandy,True,147.9,0.825,0,0,served,VEH059,1,2026-03-09-VEH059-T1,0.0
2026-03-09,ORD0094911,2026-03-09,OUT078,Fresh,fresh_chilled,Kandy,Kandy,True,189.7,0.95,0,0,served,VEH058,1,2026-03-09-VEH058-T1,0.0
2026-03-09,ORD0094912,2026-03-09,OUT079,Fresh,fresh_dry,Kandy,Kandy,True,129.2,0.634,0,0,served,VEH058,1,2026-03-09-VEH058-T1,0.0
2026-03-09,ORD0094913,2026-03-09,OUT079,Fresh,fresh_chilled,Kandy,Kandy,True,98.0,0.519,0,0,served,VEH058,1,2026-03-09-VEH058-T1,0.0
2026-03-09,ORD0094914,2026-03-09,OUT080,Fresh,fresh_dry,Kandy,Kandy,True,118.7,0.666,0,0,served,VEH059,1,2026-03-09-VEH059-T1,0.0
2026-03-09,ORD0094915,2026-03-09,OUT081,Fresh,fresh_dry,Kandy,Kandy,True,110.1,0.736,0,0,served,VEH059,1,2026-03-09-VEH059-T1,0.0
2026-03-09,ORD0094916,2026-03-09,OUT082,Fresh,fresh_dry,Kandy,Kandy,True,132.2,0.815,0,0,served,VEH059,1,2026-03-09-VEH059-T1,0.0
2026-03-09,ORD0094917,2026-03-09,OUT082,Fresh,fresh_chilled,Kandy,Kandy,True,96.7,0.541,0,0,served,VEH058,1,2026-03-09-VEH058-T1,0.0
2026-03-09,ORD0094918,2026-03-09,OUT083,Fresh,fresh_dry,Kandy,Kandy,True,112.3,0.632,0,0,served,VEH059,1,2026-03-09-VEH059-T1,0.0
2026-03-09,ORD0094919,2026-03-09,OUT084,Fresh,fresh_dry,Kandy,Kandy,False,244.2,1.322,0,0,served,VEH059,2,2026-03-09-VEH059-T2,0.0
2026-03-09,ORD0094920,2026-03-09,OUT085,Fresh,fresh_dry,Kandy,Kandy,False,245.1,1.389,0,0,served,VEH059,1,2026-03-09-VEH059-T1,0.0
2026-03-09,ORD0094921,2026-03-09,OUT085,Fresh,fresh_chilled,Kandy,Kandy,False,339.6,1.721,0,0,served,VEH042,2,2026-03-09-VEH042-T2,0.0
2026-03-09,ORD0094922,2026-03-09,OUT086,Fresh,fresh_dry,Kandy,Kandy,False,256.6,1.369,0,0,served,VEH042,2,2026-03-09-VEH042-T2,0.0
2026-03-09,ORD0094923,2026-03-09,OUT086,Fresh,fresh_chilled,Kandy,Kandy,False,378.7,1.837,0,0,served,VEH042,2,2026-03-09-VEH042-T2,0.0
2026-03-09,ORD0094924,2026-03-09,OUT087,Fresh,fresh_dry,Kandy,Kandy,False,233.2,1.416,0,0,served,VEH058,1,2026-03-09-VEH058-T1,0.0
2026-03-09,ORD0094925,2026-03-09,OUT087,Fresh,fresh_chilled,Kandy,Kandy,False,183.0,0.988,0,0,served,VEH058,1,2026-03-09-VEH058-T1,0.0
2026-03-09,ORD0094926,2026-03-09,OUT096,Fresh,fresh_dry,Matale,Kandy,False,279.0,1.269,0,0,served,VEH058,2,2026-03-09-VEH058-T2,0.0
2026-03-09,ORD0094927,2026-03-09,OUT096,Fresh,fresh_chilled,Matale,Kandy,False,164.9,0.885,0,0,served,VEH058,2,2026-03-09-VEH058-T2,0.0
2026-03-09,ORD0094928,2026-03-09,OUT097,Fresh,fresh_dry,Matale,Kandy,False,507.8,2.996,0,0,served,VEH046,2,2026-03-09-VEH046-T2,0.0
2026-03-09,ORD0094929,2026-03-09,OUT098,Fresh,fresh_dry,Matale,Kandy,False,357.1,1.841,0,0,served,VEH043,1,2026-03-09-VEH043-T1,0.0
2026-03-09,ORD0094930,2026-03-09,OUT098,Fresh,fresh_chilled,Matale,Kandy,False,346.0,1.79,0,0,served,VEH043,1,2026-03-09-VEH043-T1,0.0
2026-03-09,ORD0094931,2026-03-09,OUT099,Fresh,fresh_dry,Matale,Kandy,False,382.2,2.202,0,0,served,VEH046,2,2026-03-09-VEH046-T2,0.0
2026-03-09,ORD0094932,2026-03-09,OUT099,Fresh,fresh_chilled,Matale,Kandy,False,210.7,1.096,0,0,served,VEH058,2,2026-03-09-VEH058-T2,0.0
2026-03-09,ORD0094933,2026-03-09,OUT100,Fresh,fresh_dry,Matale,Kandy,False,538.2,2.849,0,0,served,VEH046,2,2026-03-09-VEH046-T2,0.0
2026-03-09,ORD0094934,2026-03-09,OUT101,Fresh,fresh_dry,Matale,Kandy,False,416.9,2.186,0,0,served,VEH043,1,2026-03-09-VEH043-T1,0.0
2026-03-09,ORD0094935,2026-03-09,OUT101,Fresh,fresh_chilled,Matale,Kandy,False,288.4,1.578,0,0,served,VEH043,1,2026-03-09-VEH043-T1,0.0
2026-03-09,ORD0094936,2026-03-09,OUT102,Style,style,Matale,Kandy,False,1003.8,14.503,0,0,served,VEH056,2,2026-03-09-VEH056-T2,0.0
2026-03-09,ORD0094937,2026-03-09,OUT103,Tech,tech,Matale,Kandy,False,599.2,1.75,0,0,served,VEH057,2,2026-03-09-VEH057-T2,0.0
2026-03-09,ORD0094938,2026-03-09,OUT104,Fresh,fresh_dry,Nuwara Eliya,Kandy,False,248.0,1.372,0,0,served,VEH048,1,2026-03-09-VEH048-T1,0.0
2026-03-09,ORD0094939,2026-03-09,OUT105,Fresh,fresh_dry,Nuwara Eliya,Kandy,False,387.0,1.933,0,0,served,VEH039,1,2026-03-09-VEH039-T1,0.0
2026-03-09,ORD0094940,2026-03-09,OUT105,Fresh,fresh_chilled,Nuwara Eliya,Kandy,False,152.0,0.857,0,0,served,VEH039,1,2026-03-09-VEH039-T1,0.0
2026-03-09,ORD0094941,2026-03-09,OUT106,Fresh,fresh_dry,Nuwara Eliya,Kandy,False,511.6,2.708,0,0,served,VEH048,1,2026-03-09-VEH048-T1,0.0
2026-03-09,ORD0094942,2026-03-09,OUT107,Fresh,fresh_dry,Nuwara Eliya,Kandy,False,349.9,1.969,0,0,served,VEH048,1,2026-03-09-VEH048-T1,0.0
2026-03-09,ORD0094943,2026-03-09,OUT108,Fresh,fresh_dry,Nuwara Eliya,Kandy,False,396.9,2.09,0,0,served,VEH039,1,2026-03-09-VEH039-T1,0.0
2026-03-09,ORD0094944,2026-03-09,OUT108,Fresh,fresh_chilled,Nuwara Eliya,Kandy,False,293.1,1.571,0,0,served,VEH039,1,2026-03-09-VEH039-T1,0.0
2026-03-09,ORD0094945,2026-03-09,OUT110,Fresh,fresh_dry,Badulla,Kandy,False,222.5,1.238,0,0,served,VEH060,1,2026-03-09-VEH060-T1,0.0
2026-03-09,ORD0094946,2026-03-09,OUT110,Fresh,fresh_chilled,Badulla,Kandy,False,223.0,1.273,0,0,served,VEH057,1,2026-03-09-VEH057-T1,0.0
2026-03-09,ORD0094947,2026-03-09,OUT111,Fresh,fresh_dry,Badulla,Kandy,False,190.9,0.965,0,0,served,VEH060,1,2026-03-09-VEH060-T1,0.0
2026-03-09,ORD0094948,2026-03-09,OUT111,Fresh,fresh_chilled,Badulla,Kandy,False,93.0,0.519,0,0,served,VEH057,1,2026-03-09-VEH057-T1,0.0
2026-03-09,ORD0094949,2026-03-09,OUT112,Fresh,fresh_dry,Badulla,Kandy,False,301.8,1.763,0,0,served,VEH056,1,2026-03-09-VEH056-T1,0.0
2026-03-09,ORD0094950,2026-03-09,OUT113,Fresh,fresh_dry,Badulla,Kandy,False,581.1,3.154,0,0,served,VEH041,1,2026-03-09-VEH041-T1,0.0
2026-03-09,ORD0094951,2026-03-09,OUT113,Fresh,fresh_chilled,Badulla,Kandy,False,321.6,1.696,0,0,served,VEH041,1,2026-03-09-VEH041-T1,0.0
2026-03-09,ORD0094952,2026-03-09,OUT114,Style,style,Badulla,Kandy,False,545.2,8.499,0,0,served,VEH060,2,2026-03-09-VEH060-T2,0.0
2026-03-09,ORD0094953,2026-03-09,OUT116,Fresh,fresh_dry,Kegalle,Kandy,False,482.3,2.565,0,0,served,VEH046,1,2026-03-09-VEH046-T1,0.0
2026-03-09,ORD0094954,2026-03-09,OUT116,Fresh,fresh_chilled,Kegalle,Kandy,False,282.9,1.402,0,0,served,VEH042,1,2026-03-09-VEH042-T1,0.0
2026-03-09,ORD0094955,2026-03-09,OUT117,Fresh,fresh_dry,Kegalle,Kandy,False,633.1,3.611,0,0,served,VEH046,1,2026-03-09-VEH046-T1,0.0
2026-03-09,ORD0094956,2026-03-09,OUT118,Fresh,fresh_dry,Kegalle,Kandy,False,681.6,3.478,0,0,served,VEH042,1,2026-03-09-VEH042-T1,0.0
2026-03-09,ORD0094957,2026-03-09,OUT118,Fresh,fresh_chilled,Kegalle,Kandy,False,473.8,2.404,0,0,served,VEH042,1,2026-03-09-VEH042-T1,0.0
2026-03-09,ORD0094958,2026-03-09,OUT119,Fresh,fresh_dry,Kegalle,Kandy,False,279.6,1.524,0,0,served,VEH046,1,2026-03-09-VEH046-T1,0.0
2026-03-09,ORD0094959,2026-03-09,OUT119,Fresh,fresh_chilled,Kegalle,Kandy,False,418.6,2.166,0,0,served,VEH042,1,2026-03-09-VEH042-T1,0.0
2026-03-10,ORD0094960,2026-03-10,OUT001,Fresh,fresh_dry,Colombo,Peliyagoda,True,103.7,0.589,0,0,served,VEH037,1,2026-03-10-VEH037-T1,0.0
2026-03-10,ORD0094961,2026-03-10,OUT001,Fresh,fresh_chilled,Colombo,Peliyagoda,True,77.9,0.406,0,0,served,VEH036,2,2026-03-10-VEH036-T2,0.0
2026-03-10,ORD0094962,2026-03-10,OUT002,Fresh,fresh_dry,Colombo,Peliyagoda,True,107.2,0.563,0,0,served,VEH036,2,2026-03-10-VEH036-T2,0.0
2026-03-10,ORD0094963,2026-03-10,OUT002,Fresh,fresh_chilled,Colombo,Peliyagoda,True,115.0,0.601,0,0,served,VEH036,2,2026-03-10-VEH036-T2,0.0
2026-03-10,ORD0094964,2026-03-10,OUT003,Fresh,fresh_dry,Colombo,Peliyagoda,True,75.8,0.473,0,0,served,VEH037,1,2026-03-10-VEH037-T1,0.0
2026-03-10,ORD0094965,2026-03-10,OUT004,Fresh,fresh_dry,Colombo,Peliyagoda,False,211.0,1.199,0,0,served,VEH037,1,2026-03-10-VEH037-T1,0.0
2026-03-10,ORD0094966,2026-03-10,OUT005,Fresh,fresh_dry,Colombo,Peliyagoda,False,294.4,1.394,0,0,served,VEH027,1,2026-03-10-VEH027-T1,0.0
2026-03-10,ORD0094967,2026-03-10,OUT006,Fresh,fresh_dry,Colombo,Peliyagoda,False,468.6,2.369,0,0,served,VEH006,1,2026-03-10-VEH006-T1,0.0
2026-03-10,ORD0094968,2026-03-10,OUT006,Fresh,fresh_chilled,Colombo,Peliyagoda,False,517.1,2.37,0,0,served,VEH006,1,2026-03-10-VEH006-T1,0.0
2026-03-10,ORD0094969,2026-03-10,OUT007,Fresh,fresh_dry,Colombo,Peliyagoda,False,475.2,2.869,0,0,served,VEH027,1,2026-03-10-VEH027-T1,0.0
2026-03-10,ORD0094970,2026-03-10,OUT008,Fresh,fresh_dry,Colombo,Peliyagoda,False,329.5,1.572,0,0,served,VEH006,1,2026-03-10-VEH006-T1,0.0
2026-03-10,ORD0094971,2026-03-10,OUT008,Fresh,fresh_chilled,Colombo,Peliyagoda,False,217.5,1.138,0,0,served,VEH006,1,2026-03-10-VEH006-T1,0.0
2026-03-10,ORD0094972,2026-03-10,OUT009,Fresh,fresh_dry,Colombo,Peliyagoda,False,260.5,1.482,0,0,served,VEH037,1,2026-03-10-VEH037-T1,0.0
2026-03-10,ORD0094973,2026-03-10,OUT009,Fresh,fresh_chilled,Colombo,Peliyagoda,False,206.8,1.204,0,0,served,VEH036,2,2026-03-10-VEH036-T2,0.0
2026-03-10,ORD0094974,2026-03-10,OUT010,Fresh,fresh_dry,Colombo,Peliyagoda,False,352.8,1.847,0,0,served,VEH006,1,2026-03-10-VEH006-T1,0.0
2026-03-10,ORD0094975,2026-03-10,OUT010,Fresh,fresh_chilled,Colombo,Peliyagoda,False,225.1,1.137,0,0,served,VEH006,1,2026-03-10-VEH006-T1,0.0
2026-03-10,ORD0094976,2026-03-10,OUT011,Fresh,fresh_dry,Colombo,Peliyagoda,False,360.4,1.657,0,0,served,VEH006,1,2026-03-10-VEH006-T1,0.0
2026-03-10,ORD0094977,2026-03-10,OUT011,Fresh,fresh_chilled,Colombo,Peliyagoda,False,242.7,1.415,0,0,served,VEH006,1,2026-03-10-VEH006-T1,0.0
2026-03-10,ORD0094978,2026-03-10,OUT012,Fresh,fresh_dry,Colombo,Peliyagoda,False,223.4,1.216,0,0,served,VEH036,2,2026-03-10-VEH036-T2,0.0
2026-03-10,ORD0094979,2026-03-10,OUT012,Fresh,fresh_chilled,Colombo,Peliyagoda,False,272.4,1.425,0,0,served,VEH036,2,2026-03-10-VEH036-T2,0.0
2026-03-10,ORD0094980,2026-03-10,OUT013,Fresh,fresh_dry,Colombo,Peliyagoda,False,539.2,3.449,0,0,served,VEH027,1,2026-03-10-VEH027-T1,0.0
2026-03-10,ORD0094981,2026-03-10,OUT014,Fresh,fresh_dry,Colombo,Peliyagoda,False,204.0,1.15,0,0,served,VEH037,1,2026-03-10-VEH037-T1,0.0
2026-03-10,ORD0094982,2026-03-10,OUT021,Tech,tech,Colombo,Peliyagoda,False,550.2,1.842,0,0,served,VEH038,2,2026-03-10-VEH038-T2,0.0
2026-03-10,ORD0094983,2026-03-10,OUT022,Tech,tech,Colombo,Peliyagoda,False,560.5,1.783,0,0,served,VEH038,2,2026-03-10-VEH038-T2,0.0
2026-03-10,ORD0094984,2026-03-10,OUT023,Tech,tech,Colombo,Peliyagoda,False,931.1,3.471,0,0,served,VEH035,2,2026-03-10-VEH035-T2,0.0
2026-03-10,ORD0094985,2026-03-10,OUT025,Fresh,fresh_dry,Gampaha,Peliyagoda,False,197.8,0.961,0,0,served,VEH008,1,2026-03-10-VEH008-T1,0.0
2026-03-10,ORD0094986,2026-03-10,OUT025,Fresh,fresh_chilled,Gampaha,Peliyagoda,False,171.3,0.939,0,0,served,VEH007,1,2026-03-10-VEH007-T1,0.0
2026-03-10,ORD0094987,2026-03-10,OUT026,Fresh,fresh_dry,Gampaha,Peliyagoda,False,267.7,1.336,0,0,served,VEH008,1,2026-03-10-VEH008-T1,0.0
2026-03-10,ORD0094988,2026-03-10,OUT026,Fresh,fresh_chilled,Gampaha,Peliyagoda,False,134.7,0.723,0,0,served,VEH007,1,2026-03-10-VEH007-T1,0.0
2026-03-10,ORD0094989,2026-03-10,OUT027,Fresh,fresh_dry,Gampaha,Peliyagoda,False,316.8,1.654,0,0,served,VEH007,1,2026-03-10-VEH007-T1,0.0
2026-03-10,ORD0094990,2026-03-10,OUT027,Fresh,fresh_chilled,Gampaha,Peliyagoda,False,288.4,1.595,0,0,served,VEH007,1,2026-03-10-VEH007-T1,0.0
2026-03-10,ORD0094991,2026-03-10,OUT028,Fresh,fresh_dry,Gampaha,Peliyagoda,False,400.0,2.38,0,0,served,VEH008,1,2026-03-10-VEH008-T1,0.0
2026-03-10,ORD0094992,2026-03-10,OUT028,Fresh,fresh_chilled,Gampaha,Peliyagoda,False,266.0,1.491,0,0,served,VEH036,1,2026-03-10-VEH036-T1,0.0
2026-03-10,ORD0094993,2026-03-10,OUT029,Fresh,fresh_dry,Gampaha,Peliyagoda,False,329.5,1.894,0,0,served,VEH008,1,2026-03-10-VEH008-T1,0.0
2026-03-10,ORD0094994,2026-03-10,OUT029,Fresh,fresh_chilled,Gampaha,Peliyagoda,False,323.8,1.516,0,0,served,VEH007,1,2026-03-10-VEH007-T1,0.0
2026-03-10,ORD0094995,2026-03-10,OUT030,Fresh,fresh_dry,Gampaha,Peliyagoda,False,360.7,2.273,0,0,served,VEH008,1,2026-03-10-VEH008-T1,0.0
2026-03-10,ORD0094996,2026-03-10,OUT030,Fresh,fresh_chilled,Gampaha,Peliyagoda,False,291.1,1.596,0,0,served,VEH036,1,2026-03-10-VEH036-T1,0.0
2026-03-10,ORD0094997,2026-03-10,OUT031,Fresh,fresh_dry,Gampaha,Peliyagoda,False,737.4,4.037,0,0,served,VEH008,1,2026-03-10-VEH008-T1,0.0
2026-03-10,ORD0094998,2026-03-10,OUT031,Fresh,fresh_chilled,Gampaha,Peliyagoda,False,1083.9,5.191,0,0,served,VEH007,1,2026-03-10-VEH007-T1,0.0
2026-03-10,ORD0094999,2026-03-10,OUT032,Fresh,fresh_dry,Gampaha,Peliyagoda,False,581.0,3.246,0,0,served,VEH007,1,2026-03-10-VEH007-T1,0.0
2026-03-10,ORD0095000,2026-03-10,OUT032,Fresh,fresh_chilled,Gampaha,Peliyagoda,False,660.1,3.799,0,0,served,VEH007,1,2026-03-10-VEH007-T1,0.0
2026-03-10,ORD0095001,2026-03-10,OUT033,Fresh,fresh_dry,Gampaha,Peliyagoda,False,344.3,1.831,0,0,served,VEH008,1,2026-03-10-VEH008-T1,0.0
2026-03-10,ORD0095002,2026-03-10,OUT034,Fresh,fresh_dry,Gampaha,Peliyagoda,False,338.0,1.68,0,0,served,VEH008,1,2026-03-10-VEH008-T1,0.0
2026-03-10,ORD0095003,2026-03-10,OUT034,Fresh,fresh_chilled,Gampaha,Peliyagoda,False,396.1,1.879,0,0,served,VEH036,1,2026-03-10-VEH036-T1,0.0
2026-03-10,ORD0095004,2026-03-10,OUT040,Fresh,fresh_dry,Kalutara,Peliyagoda,False,468.9,2.381,0,0,served,VEH018,1,2026-03-10-VEH018-T1,0.0
2026-03-10,ORD0095005,2026-03-10,OUT040,Fresh,fresh_chilled,Kalutara,Peliyagoda,False,350.0,1.834,0,0,served,VEH003,1,2026-03-10-VEH003-T1,0.0
2026-03-10,ORD0095006,2026-03-10,OUT041,Fresh,fresh_dry,Kalutara,Peliyagoda,False,351.0,1.871,0,0,served,VEH018,1,2026-03-10-VEH018-T1,0.0
2026-03-10,ORD0095007,2026-03-10,OUT041,Fresh,fresh_chilled,Kalutara,Peliyagoda,False,301.3,1.512,0,0,served,VEH003,1,2026-03-10-VEH003-T1,0.0
2026-03-10,ORD0095008,2026-03-10,OUT042,Fresh,fresh_dry,Kalutara,Peliyagoda,False,565.2,3.25,0,0,served,VEH018,1,2026-03-10-VEH018-T1,0.0
2026-03-10,ORD0095009,2026-03-10,OUT042,Fresh,fresh_chilled,Kalutara,Peliyagoda,False,594.3,3.194,0,0,served,VEH003,1,2026-03-10-VEH003-T1,0.0
2026-03-10,ORD0095010,2026-03-10,OUT043,Fresh,fresh_dry,Kalutara,Peliyagoda,False,175.1,0.906,0,0,served,VEH018,1,2026-03-10-VEH018-T1,0.0
2026-03-10,ORD0095011,2026-03-10,OUT043,Fresh,fresh_chilled,Kalutara,Peliyagoda,False,137.0,0.813,0,0,served,VEH003,1,2026-03-10-VEH003-T1,0.0
2026-03-10,ORD0095012,2026-03-10,OUT044,Fresh,fresh_dry,Kalutara,Peliyagoda,False,325.0,1.891,0,0,served,VEH018,1,2026-03-10-VEH018-T1,0.0
2026-03-10,ORD0095013,2026-03-10,OUT044,Fresh,fresh_chilled,Kalutara,Peliyagoda,False,160.3,0.856,0,0,served,VEH003,1,2026-03-10-VEH003-T1,0.0
2026-03-10,ORD0095014,2026-03-10,OUT045,Fresh,fresh_dry,Kalutara,Peliyagoda,False,214.7,1.129,0,0,served,VEH003,1,2026-03-10-VEH003-T1,0.0
2026-03-10,ORD0095015,2026-03-10,OUT045,Fresh,fresh_chilled,Kalutara,Peliyagoda,False,280.8,1.567,0,0,served,VEH003,1,2026-03-10-VEH003-T1,0.0
2026-03-10,ORD0095016,2026-03-10,OUT046,Fresh,fresh_dry,Kalutara,Peliyagoda,False,264.2,1.319,0,0,served,VEH018,1,2026-03-10-VEH018-T1,0.0
2026-03-10,ORD0095017,2026-03-10,OUT046,Fresh,fresh_chilled,Kalutara,Peliyagoda,False,211.8,1.184,0,0,served,VEH003,1,2026-03-10-VEH003-T1,0.0
2026-03-10,ORD0095018,2026-03-10,OUT049,Tech,tech,Kalutara,Peliyagoda,False,572.2,1.9,0,0,served,VEH037,2,2026-03-10-VEH037-T2,0.0
2026-03-10,ORD0095019,2026-03-10,OUT050,Fresh,fresh_dry,Galle,Peliyagoda,False,258.5,1.553,0,0,served,VEH005,1,2026-03-10-VEH005-T1,0.0
2026-03-10,ORD0095020,2026-03-10,OUT050,Fresh,fresh_chilled,Galle,Peliyagoda,False,412.8,2.286,0,0,served,VEH005,1,2026-03-10-VEH005-T1,0.0
2026-03-10,ORD0095021,2026-03-10,OUT051,Fresh,fresh_dry,Galle,Peliyagoda,False,205.4,1.15,0,0,served,VEH005,1,2026-03-10-VEH005-T1,0.0
2026-03-10,ORD0095022,2026-03-10,OUT051,Fresh,fresh_chilled,Galle,Peliyagoda,False,116.9,0.61,0,0,served,VEH005,1,2026-03-10-VEH005-T1,0.0
2026-03-10,ORD0095023,2026-03-10,OUT052,Fresh,fresh_dry,Galle,Peliyagoda,False,424.8,2.444,0,0,served,VEH005,1,2026-03-10-VEH005-T1,0.0
2026-03-10,ORD0095024,2026-03-10,OUT052,Fresh,fresh_chilled,Galle,Peliyagoda,False,338.6,1.777,0,0,served,VEH005,1,2026-03-10-VEH005-T1,0.0
2026-03-10,ORD0095025,2026-03-10,OUT053,Fresh,fresh_dry,Galle,Peliyagoda,False,89.4,0.508,0,0,served,VEH038,1,2026-03-10-VEH038-T1,0.0
2026-03-10,ORD0095026,2026-03-10,OUT054,Fresh,fresh_dry,Galle,Peliyagoda,False,530.7,2.747,0,0,served,VEH038,1,2026-03-10-VEH038-T1,0.0
2026-03-10,ORD0095027,2026-03-10,OUT055,Fresh,fresh_dry,Galle,Peliyagoda,False,388.0,2.045,0,0,served,VEH038,1,2026-03-10-VEH038-T1,0.0
2026-03-10,ORD0095028,2026-03-10,OUT055,Fresh,fresh_chilled,Galle,Peliyagoda,False,213.0,1.254,0,0,served,VEH005,1,2026-03-10-VEH005-T1,0.0
2026-03-10,ORD0095029,2026-03-10,OUT059,Fresh,fresh_dry,Matara,Peliyagoda,False,414.7,2.075,0,0,served,VEH004,1,2026-03-10-VEH004-T1,0.0
2026-03-10,ORD0095030,2026-03-10,OUT059,Fresh,fresh_chilled,Matara,Peliyagoda,False,322.4,1.63,0,0,served,VEH004,1,2026-03-10-VEH004-T1,0.0
2026-03-10,ORD0095031,2026-03-10,OUT060,Fresh,fresh_dry,Matara,Peliyagoda,False,288.9,1.45,0,0,served,VEH004,1,2026-03-10-VEH004-T1,0.0
2026-03-10,ORD0095032,2026-03-10,OUT060,Fresh,fresh_chilled,Matara,Peliyagoda,False,408.0,2.276,0,0,served,VEH035,1,2026-03-10-VEH035-T1,0.0
2026-03-10,ORD0095033,2026-03-10,OUT061,Fresh,fresh_dry,Matara,Peliyagoda,False,343.2,1.852,0,0,served,VEH035,1,2026-03-10-VEH035-T1,0.0
2026-03-10,ORD0095034,2026-03-10,OUT061,Fresh,fresh_chilled,Matara,Peliyagoda,False,184.8,0.969,0,0,served,VEH035,1,2026-03-10-VEH035-T1,0.0
2026-03-10,ORD0095035,2026-03-10,OUT062,Fresh,fresh_dry,Matara,Peliyagoda,False,454.6,2.39,0,0,served,VEH004,1,2026-03-10-VEH004-T1,0.0
2026-03-10,ORD0095036,2026-03-10,OUT062,Fresh,fresh_chilled,Matara,Peliyagoda,False,284.2,1.431,0,0,served,VEH004,1,2026-03-10-VEH004-T1,0.0
2026-03-10,ORD0095037,2026-03-10,OUT065,Fresh,fresh_dry,Kurunegala,Peliyagoda,False,342.6,1.824,0,0,served,VEH016,1,2026-03-10-VEH016-T1,0.0
2026-03-10,ORD0095038,2026-03-10,OUT065,Fresh,fresh_chilled,Kurunegala,Peliyagoda,False,573.0,3.112,0,0,deferred,,,,
2026-03-10,ORD0095039,2026-03-10,OUT066,Fresh,fresh_dry,Kurunegala,Peliyagoda,False,270.1,1.57,0,0,served,VEH015,1,2026-03-10-VEH015-T1,0.0
2026-03-10,ORD0095040,2026-03-10,OUT066,Fresh,fresh_chilled,Kurunegala,Peliyagoda,False,252.6,1.331,0,0,served,VEH001,1,2026-03-10-VEH001-T1,0.0
2026-03-10,ORD0095041,2026-03-10,OUT067,Fresh,fresh_dry,Kurunegala,Peliyagoda,False,359.7,1.644,0,0,served,VEH016,1,2026-03-10-VEH016-T1,0.0
2026-03-10,ORD0095042,2026-03-10,OUT067,Fresh,fresh_chilled,Kurunegala,Peliyagoda,False,346.0,1.788,0,0,served,VEH001,1,2026-03-10-VEH001-T1,0.0
2026-03-10,ORD0095043,2026-03-10,OUT068,Fresh,fresh_dry,Kurunegala,Peliyagoda,False,304.8,1.551,0,0,served,VEH015,1,2026-03-10-VEH015-T1,0.0
2026-03-10,ORD0095044,2026-03-10,OUT068,Fresh,fresh_chilled,Kurunegala,Peliyagoda,False,186.2,1.016,0,0,served,VEH001,1,2026-03-10-VEH001-T1,0.0
2026-03-10,ORD0095045,2026-03-10,OUT069,Fresh,fresh_dry,Kurunegala,Peliyagoda,False,335.9,1.717,0,0,served,VEH015,1,2026-03-10-VEH015-T1,0.0
2026-03-10,ORD0095046,2026-03-10,OUT069,Fresh,fresh_chilled,Kurunegala,Peliyagoda,False,232.8,1.28,0,0,served,VEH001,1,2026-03-10-VEH001-T1,0.0
2026-03-10,ORD0095047,2026-03-10,OUT073,Fresh,fresh_dry,Puttalam,Peliyagoda,False,298.5,1.663,0,0,served,VEH025,1,2026-03-10-VEH025-T1,0.0
2026-03-10,ORD0095048,2026-03-10,OUT073,Fresh,fresh_chilled,Puttalam,Peliyagoda,False,287.1,1.608,0,0,served,VEH002,1,2026-03-10-VEH002-T1,0.0
2026-03-10,ORD0095049,2026-03-10,OUT074,Fresh,fresh_dry,Puttalam,Peliyagoda,False,321.9,1.864,0,0,served,VEH025,1,2026-03-10-VEH025-T1,0.0
2026-03-10,ORD0095050,2026-03-10,OUT075,Fresh,fresh_dry,Puttalam,Peliyagoda,False,158.4,0.918,0,0,served,VEH002,1,2026-03-10-VEH002-T1,0.0
2026-03-10,ORD0095051,2026-03-10,OUT075,Fresh,fresh_chilled,Puttalam,Peliyagoda,False,239.0,1.183,0,0,served,VEH002,1,2026-03-10-VEH002-T1,0.0
2026-03-10,ORD0095052,2026-03-10,OUT076,Fresh,fresh_dry,Kandy,Kandy,True,156.3,0.786,0,0,served,VEH059,1,2026-03-10-VEH059-T1,0.0
2026-03-10,ORD0095053,2026-03-10,OUT077,Fresh,fresh_dry,Kandy,Kandy,True,94.5,0.457,0,0,served,VEH059,1,2026-03-10-VEH059-T1,0.0
2026-03-10,ORD0095054,2026-03-10,OUT078,Fresh,fresh_dry,Kandy,Kandy,True,143.9,0.79,0,0,served,VEH060,1,2026-03-10-VEH060-T1,0.0
2026-03-10,ORD0095055,2026-03-10,OUT078,Fresh,fresh_chilled,Kandy,Kandy,True,153.0,0.784,0,0,served,VEH058,1,2026-03-10-VEH058-T1,0.0
2026-03-10,ORD0095056,2026-03-10,OUT079,Fresh,fresh_dry,Kandy,Kandy,True,90.3,0.522,0,0,served,VEH059,1,2026-03-10-VEH059-T1,0.0
2026-03-10,ORD0095057,2026-03-10,OUT079,Fresh,fresh_chilled,Kandy,Kandy,True,73.7,0.366,0,0,served,VEH058,1,2026-03-10-VEH058-T1,0.0
2026-03-10,ORD0095058,2026-03-10,OUT080,Fresh,fresh_dry,Kandy,Kandy,True,93.2,0.518,0,0,served,VEH058,2,2026-03-10-VEH058-T2,0.0
2026-03-10,ORD0095059,2026-03-10,OUT080,Fresh,fresh_chilled,Kandy,Kandy,True,69.9,0.419,0,0,served,VEH058,2,2026-03-10-VEH058-T2,0.0
2026-03-10,ORD0095060,2026-03-10,OUT081,Fresh,fresh_dry,Kandy,Kandy,True,134.2,0.664,0,0,served,VEH058,1,2026-03-10-VEH058-T1,0.0
2026-03-10,ORD0095061,2026-03-10,OUT081,Fresh,fresh_chilled,Kandy,Kandy,True,177.6,0.974,0,0,served,VEH058,1,2026-03-10-VEH058-T1,0.0
2026-03-10,ORD0095062,2026-03-10,OUT082,Fresh,fresh_dry,Kandy,Kandy,True,130.9,0.698,0,0,served,VEH060,1,2026-03-10-VEH060-T1,0.0
2026-03-10,ORD0095063,2026-03-10,OUT083,Fresh,fresh_dry,Kandy,Kandy,True,111.8,0.598,0,0,served,VEH058,1,2026-03-10-VEH058-T1,0.0
2026-03-10,ORD0095064,2026-03-10,OUT083,Fresh,fresh_chilled,Kandy,Kandy,True,77.5,0.398,0,0,served,VEH058,1,2026-03-10-VEH058-T1,0.0
2026-03-10,ORD0095065,2026-03-10,OUT084,Fresh,fresh_dry,Kandy,Kandy,False,175.3,0.903,0,0,served,VEH059,1,2026-03-10-VEH059-T1,0.0
2026-03-10,ORD0095066,2026-03-10,OUT084,Fresh,fresh_chilled,Kandy,Kandy,False,223.3,1.412,0,0,served,VEH039,2,2026-03-10-VEH039-T2,0.0
2026-03-10,ORD0095067,2026-03-10,OUT085,Fresh,fresh_dry,Kandy,Kandy,False,295.0,1.804,0,0,served,VEH058,2,2026-03-10-VEH058-T2,0.0
2026-03-10,ORD0095068,2026-03-10,OUT085,Fresh,fresh_chilled,Kandy,Kandy,False,382.8,2.288,0,0,served,VEH058,2,2026-03-10-VEH058-T2,0.0
2026-03-10,ORD0095069,2026-03-10,OUT086,Fresh,fresh_dry,Kandy,Kandy,False,249.3,1.288,0,0,served,VEH059,1,2026-03-10-VEH059-T1,0.0
2026-03-10,ORD0095070,2026-03-10,OUT086,Fresh,fresh_chilled,Kandy,Kandy,False,200.9,1.056,0,0,served,VEH058,1,2026-03-10-VEH058-T1,0.0
2026-03-10,ORD0095071,2026-03-10,OUT087,Fresh,fresh_dry,Kandy,Kandy,False,336.7,1.892,0,0,served,VEH060,1,2026-03-10-VEH060-T1,0.0
2026-03-10,ORD0095072,2026-03-10,OUT096,Fresh,fresh_dry,Matale,Kandy,False,216.8,1.181,0,0,served,VEH059,2,2026-03-10-VEH059-T2,0.0
2026-03-10,ORD0095073,2026-03-10,OUT097,Fresh,fresh_dry,Matale,Kandy,False,451.7,2.461,0,0,served,VEH039,1,2026-03-10-VEH039-T1,0.0
2026-03-10,ORD0095074,2026-03-10,OUT097,Fresh,fresh_chilled,Matale,Kandy,False,619.2,3.348,0,0,served,VEH039,1,2026-03-10-VEH039-T1,0.0
2026-03-10,ORD0095075,2026-03-10,OUT098,Fresh,fresh_dry,Matale,Kandy,False,406.9,2.142,0,0,served,VEH059,2,2026-03-10-VEH059-T2,0.0
2026-03-10,ORD0095076,2026-03-10,OUT098,Fresh,fresh_chilled,Matale,Kandy,False,404.0,1.951,0,0,served,VEH039,1,2026-03-10-VEH039-T1,0.0
2026-03-10,ORD0095077,2026-03-10,OUT099,Fresh,fresh_dry,Matale,Kandy,False,380.2,2.2,0,0,served,VEH039,1,2026-03-10-VEH039-T1,0.0
2026-03-10,ORD0095078,2026-03-10,OUT099,Fresh,fresh_chilled,Matale,Kandy,False,352.3,1.944,0,0,served,VEH039,1,2026-03-10-VEH039-T1,0.0
2026-03-10,ORD0095079,2026-03-10,OUT100,Fresh,fresh_dry,Matale,Kandy,False,498.6,2.634,0,0,served,VEH039,1,2026-03-10-VEH039-T1,0.0
2026-03-10,ORD0095080,2026-03-10,OUT100,Fresh,fresh_chilled,Matale,Kandy,False,522.4,2.619,0,0,served,VEH039,1,2026-03-10-VEH039-T1,0.0
2026-03-10,ORD0095081,2026-03-10,OUT101,Fresh,fresh_dry,Matale,Kandy,False,226.1,1.358,0,0,served,VEH059,2,2026-03-10-VEH059-T2,0.0
2026-03-10,ORD0095082,2026-03-10,OUT104,Fresh,fresh_dry,Nuwara Eliya,Kandy,False,267.9,1.515,0,0,served,VEH057,1,2026-03-10-VEH057-T1,0.0
2026-03-10,ORD0095083,2026-03-10,OUT104,Fresh,fresh_chilled,Nuwara Eliya,Kandy,False,268.6,1.351,0,0,served,VEH057,1,2026-03-10-VEH057-T1,0.0
2026-03-10,ORD0095084,2026-03-10,OUT105,Fresh,fresh_dry,Nuwara Eliya,Kandy,False,192.9,1.142,0,0,served,VEH060,2,2026-03-10-VEH060-T2,0.0
2026-03-10,ORD0095085,2026-03-10,OUT105,Fresh,fresh_chilled,Nuwara Eliya,Kandy,False,141.8,0.737,0,0,served,VEH057,1,2026-03-10-VEH057-T1,0.0
2026-03-10,ORD0095086,2026-03-10,OUT106,Fresh,fresh_dry,Nuwara Eliya,Kandy,False,336.8,1.78,0,0,served,VEH042,1,2026-03-10-VEH042-T1,0.0
2026-03-10,ORD0095087,2026-03-10,OUT106,Fresh,fresh_chilled,Nuwara Eliya,Kandy,False,252.6,1.283,0,0,served,VEH042,1,2026-03-10-VEH042-T1,0.0
2026-03-10,ORD0095088,2026-03-10,OUT107,Fresh,fresh_dry,Nuwara Eliya,Kandy,False,451.3,2.152,0,0,served,VEH042,1,2026-03-10-VEH042-T1,0.0
2026-03-10,ORD0095089,2026-03-10,OUT107,Fresh,fresh_chilled,Nuwara Eliya,Kandy,False,265.4,1.418,0,0,served,VEH042,1,2026-03-10-VEH042-T1,0.0
2026-03-10,ORD0095090,2026-03-10,OUT108,Fresh,fresh_dry,Nuwara Eliya,Kandy,False,350.0,1.891,0,0,served,VEH060,2,2026-03-10-VEH060-T2,0.0
2026-03-10,ORD0095091,2026-03-10,OUT108,Fresh,fresh_chilled,Nuwara Eliya,Kandy,False,198.0,1.057,0,0,served,VEH057,1,2026-03-10-VEH057-T1,0.0
2026-03-10,ORD0095092,2026-03-10,OUT110,Fresh,fresh_dry,Badulla,Kandy,False,276.1,1.542,0,0,served,VEH046,1,2026-03-10-VEH046-T1,0.0
2026-03-10,ORD0095093,2026-03-10,OUT111,Fresh,fresh_dry,Badulla,Kandy,False,191.7,0.935,0,0,served,VEH046,1,2026-03-10-VEH046-T1,0.0
2026-03-10,ORD0095094,2026-03-10,OUT112,Fresh,fresh_dry,Badulla,Kandy,False,433.8,2.352,0,0,served,VEH056,1,2026-03-10-VEH056-T1,0.0
2026-03-10,ORD0095095,2026-03-10,OUT112,Fresh,fresh_chilled,Badulla,Kandy,False,287.9,1.618,0,0,served,VEH041,1,2026-03-10-VEH041-T1,0.0
2026-03-10,ORD0095096,2026-03-10,OUT113,Fresh,fresh_dry,Badulla,Kandy,False,462.5,2.731,0,0,served,VEH056,1,2026-03-10-VEH056-T1,0.0
2026-03-10,ORD0095097,2026-03-10,OUT113,Fresh,fresh_chilled,Badulla,Kandy,False,368.3,1.875,0,0,served,VEH041,1,2026-03-10-VEH041-T1,0.0
2026-03-10,ORD0095098,2026-03-10,OUT116,Fresh,fresh_dry,Kegalle,Kandy,False,370.1,2.085,0,0,served,VEH043,1,2026-03-10-VEH043-T1,0.0
2026-03-10,ORD0095099,2026-03-10,OUT116,Fresh,fresh_chilled,Kegalle,Kandy,False,228.8,1.158,0,0,served,VEH043,1,2026-03-10-VEH043-T1,0.0
2026-03-10,ORD0095100,2026-03-10,OUT117,Fresh,fresh_dry,Kegalle,Kandy,False,440.9,2.768,0,0,served,VEH043,1,2026-03-10-VEH043-T1,0.0
2026-03-10,ORD0095101,2026-03-10,OUT118,Fresh,fresh_dry,Kegalle,Kandy,False,553.1,3.077,0,0,served,VEH043,1,2026-03-10-VEH043-T1,0.0
2026-03-10,ORD0095102,2026-03-10,OUT119,Fresh,fresh_dry,Kegalle,Kandy,False,268.4,1.528,0,0,served,VEH043,1,2026-03-10-VEH043-T1,0.0
2026-03-11,ORD0095038,2026-03-10,OUT065,Fresh,fresh_chilled,Kurunegala,Peliyagoda,False,573.0,3.112,1,1,served,VEH005,1,2026-03-11-VEH005-T1,0.0
2026-03-11,ORD0095103,2026-03-11,OUT001,Fresh,fresh_dry,Colombo,Peliyagoda,True,60.2,0.368,0,0,served,VEH036,1,2026-03-11-VEH036-T1,0.0
2026-03-11,ORD0095104,2026-03-11,OUT001,Fresh,fresh_chilled,Colombo,Peliyagoda,True,111.3,0.54,0,0,served,VEH036,1,2026-03-11-VEH036-T1,0.0
2026-03-11,ORD0095105,2026-03-11,OUT002,Fresh,fresh_dry,Colombo,Peliyagoda,True,127.6,0.681,0,0,served,VEH036,1,2026-03-11-VEH036-T1,0.0
2026-03-11,ORD0095106,2026-03-11,OUT003,Fresh,fresh_dry,Colombo,Peliyagoda,True,80.3,0.442,0,0,served,VEH036,1,2026-03-11-VEH036-T1,0.0
2026-03-11,ORD0095107,2026-03-11,OUT003,Fresh,fresh_chilled,Colombo,Peliyagoda,True,72.5,0.402,0,0,served,VEH036,1,2026-03-11-VEH036-T1,0.0
2026-03-11,ORD0095108,2026-03-11,OUT004,Fresh,fresh_dry,Colombo,Peliyagoda,False,265.7,1.313,0,0,served,VEH025,1,2026-03-11-VEH025-T1,0.0
2026-03-11,ORD0095109,2026-03-11,OUT004,Fresh,fresh_chilled,Colombo,Peliyagoda,False,117.7,0.589,0,0,served,VEH036,1,2026-03-11-VEH036-T1,0.0
2026-03-11,ORD0095110,2026-03-11,OUT005,Fresh,fresh_dry,Colombo,Peliyagoda,False,369.3,1.909,0,0,served,VEH001,1,2026-03-11-VEH001-T1,0.0
2026-03-11,ORD0095111,2026-03-11,OUT005,Fresh,fresh_chilled,Colombo,Peliyagoda,False,408.8,2.227,0,0,served,VEH001,1,2026-03-11-VEH001-T1,0.0
2026-03-11,ORD0095112,2026-03-11,OUT006,Fresh,fresh_dry,Colombo,Peliyagoda,False,406.8,2.205,0,0,served,VEH025,1,2026-03-11-VEH025-T1,0.0
2026-03-11,ORD0095113,2026-03-11,OUT007,Fresh,fresh_dry,Colombo,Peliyagoda,False,626.4,3.418,0,0,served,VEH025,1,2026-03-11-VEH025-T1,0.0
2026-03-11,ORD0095114,2026-03-11,OUT007,Fresh,fresh_chilled,Colombo,Peliyagoda,False,311.7,1.701,0,0,served,VEH001,1,2026-03-11-VEH001-T1,0.0
2026-03-11,ORD0095115,2026-03-11,OUT008,Fresh,fresh_dry,Colombo,Peliyagoda,False,379.2,1.978,0,0,served,VEH036,1,2026-03-11-VEH036-T1,0.0
2026-03-11,ORD0095116,2026-03-11,OUT009,Fresh,fresh_dry,Colombo,Peliyagoda,False,257.3,1.507,0,0,served,VEH001,1,2026-03-11-VEH001-T1,0.0
2026-03-11,ORD0095117,2026-03-11,OUT010,Fresh,fresh_dry,Colombo,Peliyagoda,False,343.2,1.745,0,0,served,VEH001,1,2026-03-11-VEH001-T1,0.0
2026-03-11,ORD0095118,2026-03-11,OUT011,Fresh,fresh_dry,Colombo,Peliyagoda,False,286.0,1.603,0,0,served,VEH025,1,2026-03-11-VEH025-T1,0.0
2026-03-11,ORD0095119,2026-03-11,OUT011,Fresh,fresh_chilled,Colombo,Peliyagoda,False,256.8,1.337,0,0,served,VEH001,1,2026-03-11-VEH001-T1,0.0
2026-03-11,ORD0095120,2026-03-11,OUT012,Fresh,fresh_dry,Colombo,Peliyagoda,False,318.9,1.69,0,0,served,VEH025,1,2026-03-11-VEH025-T1,0.0
2026-03-11,ORD0095121,2026-03-11,OUT012,Fresh,fresh_chilled,Colombo,Peliyagoda,False,272.8,1.418,0,0,served,VEH001,1,2026-03-11-VEH001-T1,0.0
2026-03-11,ORD0095122,2026-03-11,OUT013,Fresh,fresh_dry,Colombo,Peliyagoda,False,555.2,3.197,0,0,served,VEH025,1,2026-03-11-VEH025-T1,0.0
2026-03-11,ORD0095123,2026-03-11,OUT013,Fresh,fresh_chilled,Colombo,Peliyagoda,False,452.2,2.534,0,0,served,VEH001,1,2026-03-11-VEH001-T1,0.0
2026-03-11,ORD0095124,2026-03-11,OUT014,Fresh,fresh_dry,Colombo,Peliyagoda,False,264.9,1.368,0,0,served,VEH001,1,2026-03-11-VEH001-T1,0.0
2026-03-11,ORD0095125,2026-03-11,OUT014,Fresh,fresh_chilled,Colombo,Peliyagoda,False,322.3,1.726,0,0,served,VEH001,1,2026-03-11-VEH001-T1,0.0
2026-03-11,ORD0095126,2026-03-11,OUT025,Fresh,fresh_dry,Gampaha,Peliyagoda,False,248.8,1.226,0,0,served,VEH006,1,2026-03-11-VEH006-T1,0.0
2026-03-11,ORD0095127,2026-03-11,OUT025,Fresh,fresh_chilled,Gampaha,Peliyagoda,False,161.1,0.839,0,0,served,VEH006,1,2026-03-11-VEH006-T1,0.0
2026-03-11,ORD0095128,2026-03-11,OUT026,Fresh,fresh_dry,Gampaha,Peliyagoda,False,346.7,1.752,0,0,served,VEH017,1,2026-03-11-VEH017-T1,0.0
2026-03-11,ORD0095129,2026-03-11,OUT027,Fresh,fresh_dry,Gampaha,Peliyagoda,False,335.9,1.755,0,0,served,VEH017,1,2026-03-11-VEH017-T1,0.0
2026-03-11,ORD0095130,2026-03-11,OUT028,Fresh,fresh_dry,Gampaha,Peliyagoda,False,622.7,2.993,0,0,served,VEH006,1,2026-03-11-VEH006-T1,0.0
2026-03-11,ORD0095131,2026-03-11,OUT028,Fresh,fresh_chilled,Gampaha,Peliyagoda,False,384.3,2.087,0,0,served,VEH006,1,2026-03-11-VEH006-T1,0.0
2026-03-11,ORD0095132,2026-03-11,OUT029,Fresh,fresh_dry,Gampaha,Peliyagoda,False,291.5,1.622,0,0,served,VEH017,1,2026-03-11-VEH017-T1,0.0
2026-03-11,ORD0095133,2026-03-11,OUT030,Fresh,fresh_dry,Gampaha,Peliyagoda,False,386.2,2.069,0,0,served,VEH017,1,2026-03-11-VEH017-T1,0.0
2026-03-11,ORD0095134,2026-03-11,OUT031,Fresh,fresh_dry,Gampaha,Peliyagoda,False,835.1,4.346,0,0,served,VEH006,1,2026-03-11-VEH006-T1,0.0
2026-03-11,ORD0095135,2026-03-11,OUT031,Fresh,fresh_chilled,Gampaha,Peliyagoda,False,708.3,3.912,0,0,served,VEH006,1,2026-03-11-VEH006-T1,0.0
2026-03-11,ORD0095136,2026-03-11,OUT032,Fresh,fresh_dry,Gampaha,Peliyagoda,False,686.3,3.596,0,0,served,VEH006,1,2026-03-11-VEH006-T1,0.0
2026-03-11,ORD0095137,2026-03-11,OUT032,Fresh,fresh_chilled,Gampaha,Peliyagoda,False,870.4,4.683,0,0,served,VEH006,1,2026-03-11-VEH006-T1,0.0
2026-03-11,ORD0095138,2026-03-11,OUT033,Fresh,fresh_dry,Gampaha,Peliyagoda,False,332.0,1.955,0,0,served,VEH006,1,2026-03-11-VEH006-T1,0.0
2026-03-11,ORD0095139,2026-03-11,OUT033,Fresh,fresh_chilled,Gampaha,Peliyagoda,False,369.3,2.187,0,0,served,VEH006,1,2026-03-11-VEH006-T1,0.0
2026-03-11,ORD0095140,2026-03-11,OUT034,Fresh,fresh_dry,Gampaha,Peliyagoda,False,271.7,1.457,0,0,served,VEH017,1,2026-03-11-VEH017-T1,0.0
2026-03-11,ORD0095141,2026-03-11,OUT035,Style,style,Gampaha,Peliyagoda,False,623.8,10.144,0,0,served,VEH034,2,2026-03-11-VEH034-T2,0.0
2026-03-11,ORD0095142,2026-03-11,OUT036,Style,style,Gampaha,Peliyagoda,False,471.0,7.504,0,0,served,VEH037,2,2026-03-11-VEH037-T2,0.0
2026-03-11,ORD0095143,2026-03-11,OUT037,Style,style,Gampaha,Peliyagoda,False,338.5,6.031,0,0,served,VEH034,2,2026-03-11-VEH034-T2,0.0
2026-03-11,ORD0095144,2026-03-11,OUT040,Fresh,fresh_dry,Kalutara,Peliyagoda,False,442.7,2.512,0,0,served,VEH003,1,2026-03-11-VEH003-T1,0.0
2026-03-11,ORD0095145,2026-03-11,OUT040,Fresh,fresh_chilled,Kalutara,Peliyagoda,False,325.3,1.641,0,0,served,VEH003,1,2026-03-11-VEH003-T1,0.0
2026-03-11,ORD0095146,2026-03-11,OUT041,Fresh,fresh_dry,Kalutara,Peliyagoda,False,360.1,1.982,0,0,served,VEH003,1,2026-03-11-VEH003-T1,0.0
2026-03-11,ORD0095147,2026-03-11,OUT041,Fresh,fresh_chilled,Kalutara,Peliyagoda,False,164.4,0.985,0,0,served,VEH003,1,2026-03-11-VEH003-T1,0.0
2026-03-11,ORD0095148,2026-03-11,OUT042,Fresh,fresh_dry,Kalutara,Peliyagoda,False,876.8,4.746,0,0,served,VEH003,1,2026-03-11-VEH003-T1,0.0
2026-03-11,ORD0095149,2026-03-11,OUT042,Fresh,fresh_chilled,Kalutara,Peliyagoda,False,568.4,3.3,0,0,served,VEH003,1,2026-03-11-VEH003-T1,0.0
2026-03-11,ORD0095150,2026-03-11,OUT043,Fresh,fresh_dry,Kalutara,Peliyagoda,False,201.6,1.029,0,0,served,VEH027,1,2026-03-11-VEH027-T1,0.0
2026-03-11,ORD0095151,2026-03-11,OUT044,Fresh,fresh_dry,Kalutara,Peliyagoda,False,272.9,1.482,0,0,served,VEH027,1,2026-03-11-VEH027-T1,0.0
2026-03-11,ORD0095152,2026-03-11,OUT045,Fresh,fresh_dry,Kalutara,Peliyagoda,False,260.3,1.397,0,0,served,VEH027,1,2026-03-11-VEH027-T1,0.0
2026-03-11,ORD0095153,2026-03-11,OUT046,Fresh,fresh_dry,Kalutara,Peliyagoda,False,279.1,1.413,0,0,served,VEH027,1,2026-03-11-VEH027-T1,0.0
2026-03-11,ORD0095154,2026-03-11,OUT050,Fresh,fresh_dry,Galle,Peliyagoda,False,287.6,1.609,0,0,served,VEH016,1,2026-03-11-VEH016-T1,0.0
2026-03-11,ORD0095155,2026-03-11,OUT050,Fresh,fresh_chilled,Galle,Peliyagoda,False,373.6,1.876,0,0,served,VEH007,1,2026-03-11-VEH007-T1,0.0
2026-03-11,ORD0095156,2026-03-11,OUT051,Fresh,fresh_dry,Galle,Peliyagoda,False,150.7,0.781,0,0,served,VEH016,1,2026-03-11-VEH016-T1,0.0
2026-03-11,ORD0095157,2026-03-11,OUT051,Fresh,fresh_chilled,Galle,Peliyagoda,False,137.0,0.633,0,0,served,VEH007,1,2026-03-11-VEH007-T1,0.0
2026-03-11,ORD0095158,2026-03-11,OUT052,Fresh,fresh_dry,Galle,Peliyagoda,False,528.7,2.993,0,0,served,VEH016,1,2026-03-11-VEH016-T1,0.0
2026-03-11,ORD0095159,2026-03-11,OUT052,Fresh,fresh_chilled,Galle,Peliyagoda,False,327.2,1.623,0,0,served,VEH007,1,2026-03-11-VEH007-T1,0.0
2026-03-11,ORD0095160,2026-03-11,OUT053,Fresh,fresh_dry,Galle,Peliyagoda,False,153.9,0.83,0,0,served,VEH007,1,2026-03-11-VEH007-T1,0.0
2026-03-11,ORD0095161,2026-03-11,OUT053,Fresh,fresh_chilled,Galle,Peliyagoda,False,148.8,0.737,0,0,served,VEH007,1,2026-03-11-VEH007-T1,0.0
2026-03-11,ORD0095162,2026-03-11,OUT054,Fresh,fresh_dry,Galle,Peliyagoda,False,754.7,3.84,0,0,served,VEH016,1,2026-03-11-VEH016-T1,0.0
2026-03-11,ORD0095163,2026-03-11,OUT054,Fresh,fresh_chilled,Galle,Peliyagoda,False,594.9,3.179,0,0,served,VEH007,1,2026-03-11-VEH007-T1,0.0
2026-03-11,ORD0095164,2026-03-11,OUT055,Fresh,fresh_dry,Galle,Peliyagoda,False,419.7,2.122,0,0,served,VEH016,1,2026-03-11-VEH016-T1,0.0
2026-03-11,ORD0095165,2026-03-11,OUT055,Fresh,fresh_chilled,Galle,Peliyagoda,False,240.1,1.148,0,0,served,VEH007,1,2026-03-11-VEH007-T1,0.0
2026-03-11,ORD0095166,2026-03-11,OUT059,Fresh,fresh_dry,Matara,Peliyagoda,False,302.5,1.622,0,0,served,VEH037,1,2026-03-11-VEH037-T1,0.0
2026-03-11,ORD0095167,2026-03-11,OUT060,Fresh,fresh_dry,Matara,Peliyagoda,False,217.8,1.222,0,0,served,VEH037,1,2026-03-11-VEH037-T1,0.0
2026-03-11,ORD0095168,2026-03-11,OUT061,Fresh,fresh_dry,Matara,Peliyagoda,False,417.4,2.014,0,0,served,VEH037,1,2026-03-11-VEH037-T1,0.0
2026-03-11,ORD0095169,2026-03-11,OUT062,Fresh,fresh_dry,Matara,Peliyagoda,False,295.4,1.624,0,0,served,VEH015,1,2026-03-11-VEH015-T1,0.0
2026-03-11,ORD0095170,2026-03-11,OUT065,Fresh,fresh_dry,Kurunegala,Peliyagoda,False,423.8,2.358,0,1,served,VEH005,1,2026-03-11-VEH005-T1,0.0
2026-03-11,ORD0095171,2026-03-11,OUT066,Fresh,fresh_dry,Kurunegala,Peliyagoda,False,354.7,1.871,0,0,served,VEH038,1,2026-03-11-VEH038-T1,0.0
2026-03-11,ORD0095172,2026-03-11,OUT067,Fresh,fresh_dry,Kurunegala,Peliyagoda,False,316.2,1.533,0,0,served,VEH038,1,2026-03-11-VEH038-T1,0.0
2026-03-11,ORD0095173,2026-03-11,OUT067,Fresh,fresh_chilled,Kurunegala,Peliyagoda,False,285.2,1.742,0,0,served,VEH002,1,2026-03-11-VEH002-T1,0.0
2026-03-11,ORD0095174,2026-03-11,OUT068,Fresh,fresh_dry,Kurunegala,Peliyagoda,False,398.2,2.55,0,0,served,VEH002,1,2026-03-11-VEH002-T1,0.0
2026-03-11,ORD0095175,2026-03-11,OUT068,Fresh,fresh_chilled,Kurunegala,Peliyagoda,False,186.3,1.036,0,0,served,VEH002,1,2026-03-11-VEH002-T1,0.0
2026-03-11,ORD0095176,2026-03-11,OUT069,Fresh,fresh_dry,Kurunegala,Peliyagoda,False,429.6,2.226,0,0,served,VEH005,1,2026-03-11-VEH005-T1,0.0
2026-03-11,ORD0095177,2026-03-11,OUT069,Fresh,fresh_chilled,Kurunegala,Peliyagoda,False,165.1,0.975,0,0,served,VEH005,1,2026-03-11-VEH005-T1,0.0
2026-03-11,ORD0095178,2026-03-11,OUT073,Fresh,fresh_dry,Puttalam,Peliyagoda,False,262.3,1.418,0,0,served,VEH034,1,2026-03-11-VEH034-T1,0.0
2026-03-11,ORD0095179,2026-03-11,OUT073,Fresh,fresh_chilled,Puttalam,Peliyagoda,False,283.2,1.49,0,0,served,VEH035,1,2026-03-11-VEH035-T1,0.0
2026-03-11,ORD0095180,2026-03-11,OUT074,Fresh,fresh_dry,Puttalam,Peliyagoda,False,436.5,2.615,0,0,served,VEH034,1,2026-03-11-VEH034-T1,0.0
2026-03-11,ORD0095181,2026-03-11,OUT075,Fresh,fresh_dry,Puttalam,Peliyagoda,False,213.3,1.036,0,0,served,VEH035,1,2026-03-11-VEH035-T1,0.0
2026-03-11,ORD0095182,2026-03-11,OUT075,Fresh,fresh_chilled,Puttalam,Peliyagoda,False,141.1,0.828,0,0,served,VEH035,1,2026-03-11-VEH035-T1,0.0
2026-03-11,ORD0095183,2026-03-11,OUT076,Fresh,fresh_dry,Kandy,Kandy,True,195.6,1.17,0,0,served,VEH060,1,2026-03-11-VEH060-T1,0.0
2026-03-11,ORD0095184,2026-03-11,OUT076,Fresh,fresh_chilled,Kandy,Kandy,True,147.3,0.719,0,0,served,VEH057,1,2026-03-11-VEH057-T1,0.0
2026-03-11,ORD0095185,2026-03-11,OUT077,Fresh,fresh_dry,Kandy,Kandy,True,71.6,0.418,0,0,served,VEH060,1,2026-03-11-VEH060-T1,0.0
2026-03-11,ORD0095186,2026-03-11,OUT078,Fresh,fresh_dry,Kandy,Kandy,True,153.7,0.702,0,0,served,VEH060,1,2026-03-11-VEH060-T1,0.0
2026-03-11,ORD0095187,2026-03-11,OUT079,Fresh,fresh_dry,Kandy,Kandy,True,99.7,0.527,0,0,served,VEH060,1,2026-03-11-VEH060-T1,0.0
2026-03-11,ORD0095188,2026-03-11,OUT080,Fresh,fresh_dry,Kandy,Kandy,True,104.2,0.58,0,0,served,VEH060,1,2026-03-11-VEH060-T1,0.0
2026-03-11,ORD0095189,2026-03-11,OUT080,Fresh,fresh_chilled,Kandy,Kandy,True,89.3,0.488,0,0,served,VEH057,1,2026-03-11-VEH057-T1,0.0
2026-03-11,ORD0095190,2026-03-11,OUT081,Fresh,fresh_dry,Kandy,Kandy,True,119.1,0.687,0,0,served,VEH060,1,2026-03-11-VEH060-T1,0.0
2026-03-11,ORD0095191,2026-03-11,OUT081,Fresh,fresh_chilled,Kandy,Kandy,True,169.4,0.817,0,0,served,VEH057,1,2026-03-11-VEH057-T1,0.0
2026-03-11,ORD0095192,2026-03-11,OUT082,Fresh,fresh_dry,Kandy,Kandy,True,182.3,0.988,0,0,served,VEH057,1,2026-03-11-VEH057-T1,0.0
2026-03-11,ORD0095193,2026-03-11,OUT082,Fresh,fresh_chilled,Kandy,Kandy,True,105.8,0.562,0,0,served,VEH057,1,2026-03-11-VEH057-T1,0.0
2026-03-11,ORD0095194,2026-03-11,OUT083,Fresh,fresh_dry,Kandy,Kandy,True,90.0,0.462,0,0,served,VEH060,1,2026-03-11-VEH060-T1,0.0
2026-03-11,ORD0095195,2026-03-11,OUT083,Fresh,fresh_chilled,Kandy,Kandy,True,109.4,0.613,0,0,served,VEH057,1,2026-03-11-VEH057-T1,0.0
2026-03-11,ORD0095196,2026-03-11,OUT084,Fresh,fresh_dry,Kandy,Kandy,False,298.7,1.493,0,0,served,VEH040,1,2026-03-11-VEH040-T1,0.0
2026-03-11,ORD0095197,2026-03-11,OUT084,Fresh,fresh_chilled,Kandy,Kandy,False,223.0,1.294,0,0,served,VEH057,1,2026-03-11-VEH057-T1,0.0
2026-03-11,ORD0095198,2026-03-11,OUT085,Fresh,fresh_dry,Kandy,Kandy,False,407.3,2.01,0,0,served,VEH040,1,2026-03-11-VEH040-T1,0.0
2026-03-11,ORD0095199,2026-03-11,OUT085,Fresh,fresh_chilled,Kandy,Kandy,False,370.9,2.063,0,0,served,VEH040,1,2026-03-11-VEH040-T1,0.0
2026-03-11,ORD0095200,2026-03-11,OUT086,Fresh,fresh_dry,Kandy,Kandy,False,271.6,1.416,0,0,served,VEH060,1,2026-03-11-VEH060-T1,0.0
2026-03-11,ORD0095201,2026-03-11,OUT087,Fresh,fresh_dry,Kandy,Kandy,False,300.9,1.62,0,0,served,VEH040,1,2026-03-11-VEH040-T1,0.0
2026-03-11,ORD0095202,2026-03-11,OUT087,Fresh,fresh_chilled,Kandy,Kandy,False,202.3,1.002,0,0,served,VEH040,1,2026-03-11-VEH040-T1,0.0
2026-03-11,ORD0095203,2026-03-11,OUT093,Tech,tech,Kandy,Kandy,True,138.3,0.522,0,0,served,VEH059,2,2026-03-11-VEH059-T2,0.0
2026-03-11,ORD0095204,2026-03-11,OUT094,Tech,tech,Kandy,Kandy,False,2267.3,7.408,0,0,served,VEH056,2,2026-03-11-VEH056-T2,0.0
2026-03-11,ORD0095205,2026-03-11,OUT096,Fresh,fresh_dry,Matale,Kandy,False,181.5,0.991,0,0,served,VEH057,2,2026-03-11-VEH057-T2,0.0
2026-03-11,ORD0095206,2026-03-11,OUT097,Fresh,fresh_dry,Matale,Kandy,False,483.4,2.446,0,0,served,VEH043,1,2026-03-11-VEH043-T1,0.0
2026-03-11,ORD0095207,2026-03-11,OUT097,Fresh,fresh_chilled,Matale,Kandy,False,447.5,2.543,0,0,served,VEH043,1,2026-03-11-VEH043-T1,0.0
2026-03-11,ORD0095208,2026-03-11,OUT098,Fresh,fresh_dry,Matale,Kandy,False,377.3,2.216,0,0,served,VEH043,1,2026-03-11-VEH043-T1,0.0
2026-03-11,ORD0095209,2026-03-11,OUT099,Fresh,fresh_dry,Matale,Kandy,False,279.9,1.599,0,0,served,VEH043,1,2026-03-11-VEH043-T1,0.0
2026-03-11,ORD0095210,2026-03-11,OUT099,Fresh,fresh_chilled,Matale,Kandy,False,346.2,1.705,0,0,served,VEH043,1,2026-03-11-VEH043-T1,0.0
2026-03-11,ORD0095211,2026-03-11,OUT100,Fresh,fresh_dry,Matale,Kandy,False,497.1,2.593,0,0,served,VEH043,1,2026-03-11-VEH043-T1,0.0
2026-03-11,ORD0095212,2026-03-11,OUT100,Fresh,fresh_chilled,Matale,Kandy,False,464.4,2.812,0,0,served,VEH057,2,2026-03-11-VEH057-T2,0.0
2026-03-11,ORD0095213,2026-03-11,OUT101,Fresh,fresh_dry,Matale,Kandy,False,320.0,1.618,0,0,served,VEH043,1,2026-03-11-VEH043-T1,0.0
2026-03-11,ORD0095214,2026-03-11,OUT101,Fresh,fresh_chilled,Matale,Kandy,False,424.5,2.424,0,0,served,VEH043,1,2026-03-11-VEH043-T1,0.0
2026-03-11,ORD0095215,2026-03-11,OUT104,Fresh,fresh_dry,Nuwara Eliya,Kandy,False,212.1,1.261,0,0,served,VEH039,1,2026-03-11-VEH039-T1,0.0
2026-03-11,ORD0095216,2026-03-11,OUT104,Fresh,fresh_chilled,Nuwara Eliya,Kandy,False,236.7,1.198,0,0,served,VEH039,1,2026-03-11-VEH039-T1,0.0
2026-03-11,ORD0095217,2026-03-11,OUT105,Fresh,fresh_dry,Nuwara Eliya,Kandy,False,324.3,1.648,0,0,served,VEH056,1,2026-03-11-VEH056-T1,0.0
2026-03-11,ORD0095218,2026-03-11,OUT105,Fresh,fresh_chilled,Nuwara Eliya,Kandy,False,156.8,0.821,0,0,served,VEH039,1,2026-03-11-VEH039-T1,0.0
2026-03-11,ORD0095219,2026-03-11,OUT106,Fresh,fresh_dry,Nuwara Eliya,Kandy,False,302.7,1.665,0,0,served,VEH056,1,2026-03-11-VEH056-T1,0.0
2026-03-11,ORD0095220,2026-03-11,OUT106,Fresh,fresh_chilled,Nuwara Eliya,Kandy,False,180.2,0.916,0,0,served,VEH039,1,2026-03-11-VEH039-T1,0.0
2026-03-11,ORD0095221,2026-03-11,OUT107,Fresh,fresh_dry,Nuwara Eliya,Kandy,False,404.7,2.224,0,0,served,VEH056,1,2026-03-11-VEH056-T1,0.0
2026-03-11,ORD0095222,2026-03-11,OUT107,Fresh,fresh_chilled,Nuwara Eliya,Kandy,False,216.2,1.342,0,0,served,VEH039,1,2026-03-11-VEH039-T1,0.0
2026-03-11,ORD0095223,2026-03-11,OUT108,Fresh,fresh_dry,Nuwara Eliya,Kandy,False,323.6,1.846,0,0,served,VEH056,1,2026-03-11-VEH056-T1,0.0
2026-03-11,ORD0095224,2026-03-11,OUT110,Fresh,fresh_dry,Badulla,Kandy,False,252.0,1.405,0,0,served,VEH059,1,2026-03-11-VEH059-T1,0.0
2026-03-11,ORD0095225,2026-03-11,OUT110,Fresh,fresh_chilled,Badulla,Kandy,False,175.1,0.885,0,0,served,VEH041,1,2026-03-11-VEH041-T1,0.0
2026-03-11,ORD0095226,2026-03-11,OUT111,Fresh,fresh_dry,Badulla,Kandy,False,137.8,0.736,0,0,served,VEH046,1,2026-03-11-VEH046-T1,0.0
2026-03-11,ORD0095227,2026-03-11,OUT111,Fresh,fresh_chilled,Badulla,Kandy,False,96.7,0.537,0,0,served,VEH042,1,2026-03-11-VEH042-T1,0.0
2026-03-11,ORD0095228,2026-03-11,OUT112,Fresh,fresh_dry,Badulla,Kandy,False,348.7,1.958,0,0,served,VEH046,1,2026-03-11-VEH046-T1,0.0
2026-03-11,ORD0095229,2026-03-11,OUT112,Fresh,fresh_chilled,Badulla,Kandy,False,254.4,1.326,0,0,served,VEH042,1,2026-03-11-VEH042-T1,0.0
2026-03-11,ORD0095230,2026-03-11,OUT113,Fresh,fresh_dry,Badulla,Kandy,False,648.0,3.326,0,0,served,VEH059,1,2026-03-11-VEH059-T1,0.0
2026-03-11,ORD0095231,2026-03-11,OUT113,Fresh,fresh_chilled,Badulla,Kandy,False,292.5,1.586,0,0,served,VEH041,1,2026-03-11-VEH041-T1,0.0
2026-03-11,ORD0095232,2026-03-11,OUT115,Tech,tech,Badulla,Kandy,False,1107.6,3.504,0,0,served,VEH060,2,2026-03-11-VEH060-T2,0.0
2026-03-11,ORD0095233,2026-03-11,OUT116,Fresh,fresh_dry,Kegalle,Kandy,False,436.9,2.342,0,0,served,VEH040,2,2026-03-11-VEH040-T2,0.0
2026-03-11,ORD0095234,2026-03-11,OUT116,Fresh,fresh_chilled,Kegalle,Kandy,False,194.4,1.145,0,0,served,VEH040,2,2026-03-11-VEH040-T2,0.0
2026-03-11,ORD0095235,2026-03-11,OUT117,Fresh,fresh_dry,Kegalle,Kandy,False,312.3,1.766,0,0,served,VEH058,2,2026-03-11-VEH058-T2,0.0
2026-03-11,ORD0095236,2026-03-11,OUT117,Fresh,fresh_chilled,Kegalle,Kandy,False,515.7,2.843,0,0,served,VEH058,2,2026-03-11-VEH058-T2,0.0
2026-03-11,ORD0095237,2026-03-11,OUT118,Fresh,fresh_dry,Kegalle,Kandy,False,661.8,4.016,0,0,served,VEH040,2,2026-03-11-VEH040-T2,0.0
2026-03-11,ORD0095238,2026-03-11,OUT119,Fresh,fresh_dry,Kegalle,Kandy,False,313.3,1.891,0,0,served,VEH058,1,2026-03-11-VEH058-T1,0.0
2026-03-11,ORD0095239,2026-03-11,OUT119,Fresh,fresh_chilled,Kegalle,Kandy,False,425.0,2.174,0,0,served,VEH058,1,2026-03-11-VEH058-T1,0.0
2026-03-11,ORD0095240,2026-03-11,OUT120,Style,style,Kegalle,Kandy,False,642.5,10.991,0,0,served,VEH046,2,2026-03-11-VEH046-T2,0.0
2026-03-12,ORD0095241,2026-03-12,OUT001,Fresh,fresh_dry,Colombo,Peliyagoda,True,70.8,0.39,0,0,served,VEH036,1,2026-03-12-VEH036-T1,0.0
2026-03-12,ORD0095242,2026-03-12,OUT001,Fresh,fresh_chilled,Colombo,Peliyagoda,True,129.3,0.674,0,0,served,VEH036,1,2026-03-12-VEH036-T1,0.0
2026-03-12,ORD0095243,2026-03-12,OUT002,Fresh,fresh_dry,Colombo,Peliyagoda,True,108.0,0.597,0,0,served,VEH036,1,2026-03-12-VEH036-T1,0.0
2026-03-12,ORD0095244,2026-03-12,OUT002,Fresh,fresh_chilled,Colombo,Peliyagoda,True,74.3,0.425,0,0,served,VEH036,1,2026-03-12-VEH036-T1,0.0
2026-03-12,ORD0095245,2026-03-12,OUT003,Fresh,fresh_dry,Colombo,Peliyagoda,True,94.5,0.486,0,0,served,VEH036,1,2026-03-12-VEH036-T1,0.0
2026-03-12,ORD0095246,2026-03-12,OUT003,Fresh,fresh_chilled,Colombo,Peliyagoda,True,65.7,0.346,0,0,served,VEH036,1,2026-03-12-VEH036-T1,0.0
2026-03-12,ORD0095247,2026-03-12,OUT004,Fresh,fresh_dry,Colombo,Peliyagoda,False,207.3,1.162,0,0,served,VEH037,1,2026-03-12-VEH037-T1,0.0
2026-03-12,ORD0095248,2026-03-12,OUT004,Fresh,fresh_chilled,Colombo,Peliyagoda,False,145.7,0.783,0,0,served,VEH006,1,2026-03-12-VEH006-T1,0.0
2026-03-12,ORD0095249,2026-03-12,OUT005,Fresh,fresh_dry,Colombo,Peliyagoda,False,515.2,2.746,0,0,served,VEH006,1,2026-03-12-VEH006-T1,0.0
2026-03-12,ORD0095250,2026-03-12,OUT005,Fresh,fresh_chilled,Colombo,Peliyagoda,False,339.5,2.054,0,0,served,VEH006,1,2026-03-12-VEH006-T1,0.0
2026-03-12,ORD0095251,2026-03-12,OUT006,Fresh,fresh_dry,Colombo,Peliyagoda,False,520.9,2.928,0,0,served,VEH006,1,2026-03-12-VEH006-T1,0.0
2026-03-12,ORD0095252,2026-03-12,OUT006,Fresh,fresh_chilled,Colombo,Peliyagoda,False,453.8,2.274,0,0,served,VEH006,1,2026-03-12-VEH006-T1,0.0
2026-03-12,ORD0095253,2026-03-12,OUT007,Fresh,fresh_dry,Colombo,Peliyagoda,False,663.7,3.476,0,0,served,VEH015,2,2026-03-12-VEH015-T2,0.0
2026-03-12,ORD0095254,2026-03-12,OUT008,Fresh,fresh_dry,Colombo,Peliyagoda,False,323.2,1.712,0,0,served,VEH015,2,2026-03-12-VEH015-T2,0.0
2026-03-12,ORD0095255,2026-03-12,OUT008,Fresh,fresh_chilled,Colombo,Peliyagoda,False,216.6,1.138,0,0,served,VEH006,1,2026-03-12-VEH006-T1,0.0
2026-03-12,ORD0095256,2026-03-12,OUT009,Fresh,fresh_dry,Colombo,Peliyagoda,False,298.8,1.613,0,0,served,VEH037,1,2026-03-12-VEH037-T1,0.0
2026-03-12,ORD0095257,2026-03-12,OUT009,Fresh,fresh_chilled,Colombo,Peliyagoda,False,261.1,1.312,0,0,served,VEH036,1,2026-03-12-VEH036-T1,0.0
2026-03-12,ORD0095258,2026-03-12,OUT010,Fresh,fresh_dry,Colombo,Peliyagoda,False,305.3,1.678,0,0,served,VEH037,1,2026-03-12-VEH037-T1,0.0
2026-03-12,ORD0095259,2026-03-12,OUT010,Fresh,fresh_chilled,Colombo,Peliyagoda,False,217.7,1.273,0,0,served,VEH036,1,2026-03-12-VEH036-T1,0.0
2026-03-12,ORD0095260,2026-03-12,OUT011,Fresh,fresh_dry,Colombo,Peliyagoda,False,251.5,1.265,0,0,served,VEH006,1,2026-03-12-VEH006-T1,0.0
2026-03-12,ORD0095261,2026-03-12,OUT011,Fresh,fresh_chilled,Colombo,Peliyagoda,False,261.5,1.487,0,0,served,VEH006,1,2026-03-12-VEH006-T1,0.0
2026-03-12,ORD0095262,2026-03-12,OUT012,Fresh,fresh_dry,Colombo,Peliyagoda,False,281.5,1.597,0,0,served,VEH037,1,2026-03-12-VEH037-T1,0.0
2026-03-12,ORD0095263,2026-03-12,OUT013,Fresh,fresh_dry,Colombo,Peliyagoda,False,858.2,4.663,0,0,served,VEH015,2,2026-03-12-VEH015-T2,0.0
2026-03-12,ORD0095264,2026-03-12,OUT013,Fresh,fresh_chilled,Colombo,Peliyagoda,False,410.1,2.161,0,0,served,VEH006,1,2026-03-12-VEH006-T1,0.0
2026-03-12,ORD0095265,2026-03-12,OUT014,Fresh,fresh_dry,Colombo,Peliyagoda,False,273.3,1.393,0,0,served,VEH015,2,2026-03-12-VEH015-T2,0.0
2026-03-12,ORD0095266,2026-03-12,OUT014,Fresh,fresh_chilled,Colombo,Peliyagoda,False,259.7,1.613,0,0,served,VEH006,1,2026-03-12-VEH006-T1,0.0
2026-03-12,ORD0095267,2026-03-12,OUT015,Style,style,Colombo,Peliyagoda,False,392.4,5.753,0,0,served,VEH016,2,2026-03-12-VEH016-T2,0.0
2026-03-12,ORD0095268,2026-03-12,OUT016,Style,style,Colombo,Peliyagoda,False,543.2,7.263,0,0,served,VEH008,2,2026-03-12-VEH008-T2,0.0
2026-03-12,ORD0095269,2026-03-12,OUT017,Style,style,Colombo,Peliyagoda,False,696.6,10.74,0,0,served,VEH016,2,2026-03-12-VEH016-T2,0.0
2026-03-12,ORD0095270,2026-03-12,OUT018,Style,style,Colombo,Peliyagoda,False,308.5,5.642,0,0,served,VEH008,2,2026-03-12-VEH008-T2,0.0
2026-03-12,ORD0095271,2026-03-12,OUT019,Style,style,Colombo,Peliyagoda,False,452.8,6.488,0,0,served,VEH038,2,2026-03-12-VEH038-T2,0.0
2026-03-12,ORD0095272,2026-03-12,OUT020,Style,style,Colombo,Peliyagoda,False,597.6,8.328,0,0,served,VEH008,2,2026-03-12-VEH008-T2,0.0
2026-03-12,ORD0095273,2026-03-12,OUT025,Fresh,fresh_dry,Gampaha,Peliyagoda,False,266.5,1.496,0,0,served,VEH003,1,2026-03-12-VEH003-T1,0.0
2026-03-12,ORD0095274,2026-03-12,OUT025,Fresh,fresh_chilled,Gampaha,Peliyagoda,False,138.6,0.752,0,0,served,VEH003,1,2026-03-12-VEH003-T1,0.0
2026-03-12,ORD0095275,2026-03-12,OUT026,Fresh,fresh_dry,Gampaha,Peliyagoda,False,307.2,1.662,0,0,served,VEH003,1,2026-03-12-VEH003-T1,0.0
2026-03-12,ORD0095276,2026-03-12,OUT026,Fresh,fresh_chilled,Gampaha,Peliyagoda,False,227.0,1.207,0,0,served,VEH003,1,2026-03-12-VEH003-T1,0.0
2026-03-12,ORD0095277,2026-03-12,OUT027,Fresh,fresh_dry,Gampaha,Peliyagoda,False,442.7,2.112,0,0,served,VEH037,2,2026-03-12-VEH037-T2,0.0
2026-03-12,ORD0095278,2026-03-12,OUT027,Fresh,fresh_chilled,Gampaha,Peliyagoda,False,309.4,1.694,0,0,served,VEH003,1,2026-03-12-VEH003-T1,0.0
2026-03-12,ORD0095279,2026-03-12,OUT028,Fresh,fresh_dry,Gampaha,Peliyagoda,False,332.4,1.891,0,0,served,VEH015,1,2026-03-12-VEH015-T1,0.0
2026-03-12,ORD0095280,2026-03-12,OUT029,Fresh,fresh_dry,Gampaha,Peliyagoda,False,305.6,1.827,0,0,served,VEH037,2,2026-03-12-VEH037-T2,0.0
2026-03-12,ORD0095281,2026-03-12,OUT030,Fresh,fresh_dry,Gampaha,Peliyagoda,False,488.7,2.689,0,0,served,VEH003,1,2026-03-12-VEH003-T1,0.0
2026-03-12,ORD0095282,2026-03-12,OUT030,Fresh,fresh_chilled,Gampaha,Peliyagoda,False,357.0,1.877,0,0,served,VEH003,1,2026-03-12-VEH003-T1,0.0
2026-03-12,ORD0095283,2026-03-12,OUT031,Fresh,fresh_dry,Gampaha,Peliyagoda,False,886.0,5.107,0,0,served,VEH015,1,2026-03-12-VEH015-T1,0.0
2026-03-12,ORD0095284,2026-03-12,OUT032,Fresh,fresh_dry,Gampaha,Peliyagoda,False,732.8,4.01,0,0,served,VEH015,1,2026-03-12-VEH015-T1,0.0
2026-03-12,ORD0095285,2026-03-12,OUT033,Fresh,fresh_dry,Gampaha,Peliyagoda,False,235.0,1.555,0,0,served,VEH037,2,2026-03-12-VEH037-T2,0.0
2026-03-12,ORD0095286,2026-03-12,OUT033,Fresh,fresh_chilled,Gampaha,Peliyagoda,False,704.3,3.311,0,0,served,VEH003,1,2026-03-12-VEH003-T1,0.0
2026-03-12,ORD0095287,2026-03-12,OUT034,Fresh,fresh_dry,Gampaha,Peliyagoda,False,445.9,2.189,0,0,served,VEH003,1,2026-03-12-VEH003-T1,0.0
2026-03-12,ORD0095288,2026-03-12,OUT034,Fresh,fresh_chilled,Gampaha,Peliyagoda,False,530.2,2.508,0,0,served,VEH003,1,2026-03-12-VEH003-T1,0.0
2026-03-12,ORD0095289,2026-03-12,OUT040,Fresh,fresh_dry,Kalutara,Peliyagoda,False,527.9,3.109,0,0,served,VEH035,2,2026-03-12-VEH035-T2,0.0
2026-03-12,ORD0095290,2026-03-12,OUT041,Fresh,fresh_dry,Kalutara,Peliyagoda,False,328.0,1.651,0,0,served,VEH004,1,2026-03-12-VEH004-T1,0.0
2026-03-12,ORD0095291,2026-03-12,OUT041,Fresh,fresh_chilled,Kalutara,Peliyagoda,False,318.6,1.871,0,0,served,VEH004,1,2026-03-12-VEH004-T1,0.0
2026-03-12,ORD0095292,2026-03-12,OUT042,Fresh,fresh_dry,Kalutara,Peliyagoda,False,782.9,4.009,0,0,served,VEH004,1,2026-03-12-VEH004-T1,0.0
2026-03-12,ORD0095293,2026-03-12,OUT042,Fresh,fresh_chilled,Kalutara,Peliyagoda,False,436.3,2.717,0,0,served,VEH035,1,2026-03-12-VEH035-T1,0.0
2026-03-12,ORD0095294,2026-03-12,OUT043,Fresh,fresh_dry,Kalutara,Peliyagoda,False,183.1,0.94,0,0,served,VEH004,1,2026-03-12-VEH004-T1,0.0
2026-03-12,ORD0095295,2026-03-12,OUT043,Fresh,fresh_chilled,Kalutara,Peliyagoda,False,212.0,1.104,0,0,served,VEH004,1,2026-03-12-VEH004-T1,0.0
2026-03-12,ORD0095296,2026-03-12,OUT044,Fresh,fresh_dry,Kalutara,Peliyagoda,False,350.3,1.992,0,0,served,VEH004,1,2026-03-12-VEH004-T1,0.0
2026-03-12,ORD0095297,2026-03-12,OUT045,Fresh,fresh_dry,Kalutara,Peliyagoda,False,251.6,1.322,0,0,served,VEH035,1,2026-03-12-VEH035-T1,0.0
2026-03-12,ORD0095298,2026-03-12,OUT045,Fresh,fresh_chilled,Kalutara,Peliyagoda,False,262.2,1.29,0,0,served,VEH035,1,2026-03-12-VEH035-T1,0.0
2026-03-12,ORD0095299,2026-03-12,OUT046,Fresh,fresh_dry,Kalutara,Peliyagoda,False,234.3,1.261,0,0,served,VEH004,1,2026-03-12-VEH004-T1,0.0
2026-03-12,ORD0095300,2026-03-12,OUT046,Fresh,fresh_chilled,Kalutara,Peliyagoda,False,194.4,1.156,0,0,served,VEH004,1,2026-03-12-VEH004-T1,0.0
2026-03-12,ORD0095301,2026-03-12,OUT050,Fresh,fresh_dry,Galle,Peliyagoda,False,403.3,2.261,0,0,served,VEH005,1,2026-03-12-VEH005-T1,0.0
2026-03-12,ORD0095302,2026-03-12,OUT050,Fresh,fresh_chilled,Galle,Peliyagoda,False,397.2,2.062,0,0,served,VEH005,1,2026-03-12-VEH005-T1,0.0
2026-03-12,ORD0095303,2026-03-12,OUT051,Fresh,fresh_dry,Galle,Peliyagoda,False,179.7,1.058,0,0,served,VEH008,1,2026-03-12-VEH008-T1,0.0
2026-03-12,ORD0095304,2026-03-12,OUT051,Fresh,fresh_chilled,Galle,Peliyagoda,False,127.9,0.675,0,0,served,VEH005,1,2026-03-12-VEH005-T1,0.0
2026-03-12,ORD0095305,2026-03-12,OUT052,Fresh,fresh_dry,Galle,Peliyagoda,False,467.8,2.471,0,0,served,VEH008,1,2026-03-12-VEH008-T1,0.0
2026-03-12,ORD0095306,2026-03-12,OUT052,Fresh,fresh_chilled,Galle,Peliyagoda,False,381.9,1.922,0,0,served,VEH005,1,2026-03-12-VEH005-T1,0.0
2026-03-12,ORD0095307,2026-03-12,OUT053,Fresh,fresh_dry,Galle,Peliyagoda,False,223.8,1.191,0,0,served,VEH008,1,2026-03-12-VEH008-T1,0.0
2026-03-12,ORD0095308,2026-03-12,OUT053,Fresh,fresh_chilled,Galle,Peliyagoda,False,141.8,0.941,0,0,served,VEH005,1,2026-03-12-VEH005-T1,0.0
2026-03-12,ORD0095309,2026-03-12,OUT054,Fresh,fresh_dry,Galle,Peliyagoda,False,779.0,4.174,0,0,served,VEH008,1,2026-03-12-VEH008-T1,0.0
2026-03-12,ORD0095310,2026-03-12,OUT054,Fresh,fresh_chilled,Galle,Peliyagoda,False,519.9,2.724,0,0,served,VEH005,1,2026-03-12-VEH005-T1,0.0
2026-03-12,ORD0095311,2026-03-12,OUT055,Fresh,fresh_dry,Galle,Peliyagoda,False,247.6,1.401,0,0,served,VEH008,1,2026-03-12-VEH008-T1,0.0
2026-03-12,ORD0095312,2026-03-12,OUT055,Fresh,fresh_chilled,Galle,Peliyagoda,False,250.9,1.447,0,0,served,VEH005,1,2026-03-12-VEH005-T1,0.0
2026-03-12,ORD0095313,2026-03-12,OUT059,Fresh,fresh_dry,Matara,Peliyagoda,False,425.6,2.538,0,0,served,VEH025,1,2026-03-12-VEH025-T1,0.0
2026-03-12,ORD0095314,2026-03-12,OUT059,Fresh,fresh_chilled,Matara,Peliyagoda,False,458.8,2.196,0,0,served,VEH007,1,2026-03-12-VEH007-T1,0.0
2026-03-12,ORD0095315,2026-03-12,OUT060,Fresh,fresh_dry,Matara,Peliyagoda,False,333.7,1.805,0,0,served,VEH007,1,2026-03-12-VEH007-T1,0.0
2026-03-12,ORD0095316,2026-03-12,OUT060,Fresh,fresh_chilled,Matara,Peliyagoda,False,406.2,2.082,0,0,served,VEH007,1,2026-03-12-VEH007-T1,0.0
2026-03-12,ORD0095317,2026-03-12,OUT061,Fresh,fresh_dry,Matara,Peliyagoda,False,466.9,2.525,0,0,served,VEH025,1,2026-03-12-VEH025-T1,0.0
2026-03-12,ORD0095318,2026-03-12,OUT061,Fresh,fresh_chilled,Matara,Peliyagoda,False,266.7,1.491,0,0,served,VEH007,1,2026-03-12-VEH007-T1,0.0
2026-03-12,ORD0095319,2026-03-12,OUT062,Fresh,fresh_dry,Matara,Peliyagoda,False,512.4,2.722,0,0,served,VEH025,1,2026-03-12-VEH025-T1,0.0
2026-03-12,ORD0095320,2026-03-12,OUT062,Fresh,fresh_chilled,Matara,Peliyagoda,False,305.3,1.632,0,0,served,VEH007,1,2026-03-12-VEH007-T1,0.0
2026-03-12,ORD0095321,2026-03-12,OUT065,Fresh,fresh_dry,Kurunegala,Peliyagoda,False,504.5,2.628,0,1,served,VEH016,1,2026-03-12-VEH016-T1,0.0
2026-03-12,ORD0095322,2026-03-12,OUT065,Fresh,fresh_chilled,Kurunegala,Peliyagoda,False,548.5,3.196,0,1,served,VEH001,1,2026-03-12-VEH001-T1,0.0
2026-03-12,ORD0095323,2026-03-12,OUT066,Fresh,fresh_dry,Kurunegala,Peliyagoda,False,341.5,1.701,0,0,served,VEH016,1,2026-03-12-VEH016-T1,0.0
2026-03-12,ORD0095324,2026-03-12,OUT066,Fresh,fresh_chilled,Kurunegala,Peliyagoda,False,426.7,2.229,0,0,served,VEH001,1,2026-03-12-VEH001-T1,0.0
2026-03-12,ORD0095325,2026-03-12,OUT067,Fresh,fresh_dry,Kurunegala,Peliyagoda,False,350.5,2.074,0,0,served,VEH001,1,2026-03-12-VEH001-T1,0.0
2026-03-12,ORD0095326,2026-03-12,OUT067,Fresh,fresh_chilled,Kurunegala,Peliyagoda,False,316.3,1.633,0,0,served,VEH001,1,2026-03-12-VEH001-T1,0.0
2026-03-12,ORD0095327,2026-03-12,OUT068,Fresh,fresh_dry,Kurunegala,Peliyagoda,False,356.2,1.798,0,0,served,VEH016,1,2026-03-12-VEH016-T1,0.0
2026-03-12,ORD0095328,2026-03-12,OUT069,Fresh,fresh_dry,Kurunegala,Peliyagoda,False,445.0,2.282,0,0,served,VEH016,1,2026-03-12-VEH016-T1,0.0
2026-03-12,ORD0095329,2026-03-12,OUT073,Fresh,fresh_dry,Puttalam,Peliyagoda,False,399.1,2.082,0,0,served,VEH002,1,2026-03-12-VEH002-T1,0.0
2026-03-12,ORD0095330,2026-03-12,OUT073,Fresh,fresh_chilled,Puttalam,Peliyagoda,False,333.2,1.965,0,0,served,VEH002,1,2026-03-12-VEH002-T1,0.0
2026-03-12,ORD0095331,2026-03-12,OUT074,Fresh,fresh_dry,Puttalam,Peliyagoda,False,419.7,2.125,0,0,served,VEH038,1,2026-03-12-VEH038-T1,0.0
2026-03-12,ORD0095332,2026-03-12,OUT074,Fresh,fresh_chilled,Puttalam,Peliyagoda,False,346.6,1.667,0,0,served,VEH002,1,2026-03-12-VEH002-T1,0.0
2026-03-12,ORD0095333,2026-03-12,OUT075,Fresh,fresh_dry,Puttalam,Peliyagoda,False,248.8,1.287,0,0,served,VEH038,1,2026-03-12-VEH038-T1,0.0
2026-03-12,ORD0095334,2026-03-12,OUT076,Fresh,fresh_dry,Kandy,Kandy,True,130.3,0.809,0,0,served,VEH059,1,2026-03-12-VEH059-T1,0.0
2026-03-12,ORD0095335,2026-03-12,OUT076,Fresh,fresh_chilled,Kandy,Kandy,True,119.2,0.595,0,0,served,VEH058,1,2026-03-12-VEH058-T1,0.0
2026-03-12,ORD0095336,2026-03-12,OUT077,Fresh,fresh_dry,Kandy,Kandy,True,129.3,0.661,0,0,served,VEH059,1,2026-03-12-VEH059-T1,0.0
2026-03-12,ORD0095337,2026-03-12,OUT077,Fresh,fresh_chilled,Kandy,Kandy,True,68.5,0.384,0,0,served,VEH058,1,2026-03-12-VEH058-T1,0.0
2026-03-12,ORD0095338,2026-03-12,OUT078,Fresh,fresh_dry,Kandy,Kandy,True,128.7,0.67,0,0,served,VEH059,1,2026-03-12-VEH059-T1,0.0
2026-03-12,ORD0095339,2026-03-12,OUT078,Fresh,fresh_chilled,Kandy,Kandy,True,174.0,0.829,0,0,served,VEH058,1,2026-03-12-VEH058-T1,0.0
2026-03-12,ORD0095340,2026-03-12,OUT079,Fresh,fresh_dry,Kandy,Kandy,True,98.7,0.571,0,0,served,VEH059,1,2026-03-12-VEH059-T1,0.0
2026-03-12,ORD0095341,2026-03-12,OUT079,Fresh,fresh_chilled,Kandy,Kandy,True,132.1,0.689,0,0,served,VEH058,1,2026-03-12-VEH058-T1,0.0
2026-03-12,ORD0095342,2026-03-12,OUT080,Fresh,fresh_dry,Kandy,Kandy,True,117.3,0.652,0,0,served,VEH058,1,2026-03-12-VEH058-T1,0.0
2026-03-12,ORD0095343,2026-03-12,OUT080,Fresh,fresh_chilled,Kandy,Kandy,True,105.8,0.615,0,0,served,VEH058,1,2026-03-12-VEH058-T1,0.0
2026-03-12,ORD0095344,2026-03-12,OUT081,Fresh,fresh_dry,Kandy,Kandy,True,216.1,1.137,0,0,served,VEH059,1,2026-03-12-VEH059-T1,0.0
2026-03-12,ORD0095345,2026-03-12,OUT081,Fresh,fresh_chilled,Kandy,Kandy,True,207.7,1.01,0,0,served,VEH058,1,2026-03-12-VEH058-T1,0.0
2026-03-12,ORD0095346,2026-03-12,OUT082,Fresh,fresh_dry,Kandy,Kandy,True,131.0,0.715,0,0,served,VEH059,1,2026-03-12-VEH059-T1,0.0
2026-03-12,ORD0095347,2026-03-12,OUT082,Fresh,fresh_chilled,Kandy,Kandy,True,105.0,0.49,0,0,served,VEH058,1,2026-03-12-VEH058-T1,0.0
2026-03-12,ORD0095348,2026-03-12,OUT083,Fresh,fresh_dry,Kandy,Kandy,True,114.4,0.602,0,0,served,VEH059,1,2026-03-12-VEH059-T1,0.0
2026-03-12,ORD0095349,2026-03-12,OUT084,Fresh,fresh_dry,Kandy,Kandy,False,235.2,1.225,0,0,served,VEH042,1,2026-03-12-VEH042-T1,0.0
2026-03-12,ORD0095350,2026-03-12,OUT084,Fresh,fresh_chilled,Kandy,Kandy,False,227.0,1.112,0,0,served,VEH042,1,2026-03-12-VEH042-T1,0.0
2026-03-12,ORD0095351,2026-03-12,OUT085,Fresh,fresh_dry,Kandy,Kandy,False,299.9,1.503,0,0,served,VEH042,1,2026-03-12-VEH042-T1,0.0
2026-03-12,ORD0095352,2026-03-12,OUT086,Fresh,fresh_dry,Kandy,Kandy,False,248.3,1.331,0,0,served,VEH059,1,2026-03-12-VEH059-T1,0.0
2026-03-12,ORD0095353,2026-03-12,OUT087,Fresh,fresh_dry,Kandy,Kandy,False,305.1,1.887,0,0,served,VEH042,1,2026-03-12-VEH042-T1,0.0
2026-03-12,ORD0095354,2026-03-12,OUT087,Fresh,fresh_chilled,Kandy,Kandy,False,205.2,1.058,0,0,served,VEH042,1,2026-03-12-VEH042-T1,0.0
2026-03-12,ORD0095355,2026-03-12,OUT088,Style,style,Kandy,Kandy,True,134.5,2.105,0,0,served,VEH060,2,2026-03-12-VEH060-T2,0.0
2026-03-12,ORD0095356,2026-03-12,OUT089,Style,style,Kandy,Kandy,False,546.6,7.912,0,0,served,VEH059,2,2026-03-12-VEH059-T2,0.0
2026-03-12,ORD0095357,2026-03-12,OUT090,Style,style,Kandy,Kandy,False,388.7,6.859,0,0,served,VEH060,2,2026-03-12-VEH060-T2,0.0
2026-03-12,ORD0095358,2026-03-12,OUT091,Style,style,Kandy,Kandy,False,709.1,10.414,0,0,served,VEH046,2,2026-03-12-VEH046-T2,0.0
2026-03-12,ORD0095359,2026-03-12,OUT092,Style,style,Kandy,Kandy,False,642.2,11.151,0,0,served,VEH046,2,2026-03-12-VEH046-T2,0.0
2026-03-12,ORD0095360,2026-03-12,OUT094,Tech,tech,Kandy,Kandy,False,1425.8,4.675,0,0,served,VEH056,2,2026-03-12-VEH056-T2,0.0
2026-03-12,ORD0095361,2026-03-12,OUT095,Tech,tech,Kandy,Kandy,False,618.8,2.111,0,0,served,VEH057,2,2026-03-12-VEH057-T2,0.0
2026-03-12,ORD0095362,2026-03-12,OUT096,Fresh,fresh_dry,Matale,Kandy,False,146.0,0.904,0,0,served,VEH058,2,2026-03-12-VEH058-T2,0.0
2026-03-12,ORD0095363,2026-03-12,OUT096,Fresh,fresh_chilled,Matale,Kandy,False,188.3,1.123,0,0,served,VEH058,2,2026-03-12-VEH058-T2,0.0
2026-03-12,ORD0095364,2026-03-12,OUT097,Fresh,fresh_dry,Matale,Kandy,False,360.3,2.416,0,0,served,VEH043,2,2026-03-12-VEH043-T2,0.0
2026-03-12,ORD0095365,2026-03-12,OUT097,Fresh,fresh_chilled,Matale,Kandy,False,628.7,2.968,0,0,served,VEH043,2,2026-03-12-VEH043-T2,0.0
2026-03-12,ORD0095366,2026-03-12,OUT098,Fresh,fresh_dry,Matale,Kandy,False,446.2,2.588,0,0,served,VEH043,1,2026-03-12-VEH043-T1,0.0
2026-03-12,ORD0095367,2026-03-12,OUT099,Fresh,fresh_dry,Matale,Kandy,False,371.4,1.994,0,0,served,VEH043,2,2026-03-12-VEH043-T2,0.0
2026-03-12,ORD0095368,2026-03-12,OUT100,Fresh,fresh_dry,Matale,Kandy,False,599.1,3.157,0,0,served,VEH043,1,2026-03-12-VEH043-T1,0.0
2026-03-12,ORD0095369,2026-03-12,OUT100,Fresh,fresh_chilled,Matale,Kandy,False,509.0,2.595,0,0,served,VEH043,1,2026-03-12-VEH043-T1,0.0
2026-03-12,ORD0095370,2026-03-12,OUT101,Fresh,fresh_dry,Matale,Kandy,False,315.0,1.725,0,0,served,VEH043,2,2026-03-12-VEH043-T2,0.0
2026-03-12,ORD0095371,2026-03-12,OUT104,Fresh,fresh_dry,Nuwara Eliya,Kandy,False,251.0,1.529,0,0,served,VEH046,1,2026-03-12-VEH046-T1,0.0
2026-03-12,ORD0095372,2026-03-12,OUT105,Fresh,fresh_dry,Nuwara Eliya,Kandy,False,310.0,1.589,0,0,served,VEH046,1,2026-03-12-VEH046-T1,0.0
2026-03-12,ORD0095373,2026-03-12,OUT106,Fresh,fresh_dry,Nuwara Eliya,Kandy,False,399.7,2.004,0,0,served,VEH041,1,2026-03-12-VEH041-T1,0.0
2026-03-12,ORD0095374,2026-03-12,OUT106,Fresh,fresh_chilled,Nuwara Eliya,Kandy,False,292.6,1.589,0,0,served,VEH041,1,2026-03-12-VEH041-T1,0.0
2026-03-12,ORD0095375,2026-03-12,OUT107,Fresh,fresh_dry,Nuwara Eliya,Kandy,False,341.7,1.745,0,0,served,VEH041,1,2026-03-12-VEH041-T1,0.0
2026-03-12,ORD0095376,2026-03-12,OUT107,Fresh,fresh_chilled,Nuwara Eliya,Kandy,False,426.2,2.198,0,0,served,VEH041,1,2026-03-12-VEH041-T1,0.0
2026-03-12,ORD0095377,2026-03-12,OUT108,Fresh,fresh_dry,Nuwara Eliya,Kandy,False,251.2,1.601,0,0,served,VEH046,1,2026-03-12-VEH046-T1,0.0
2026-03-12,ORD0095378,2026-03-12,OUT108,Fresh,fresh_chilled,Nuwara Eliya,Kandy,False,285.7,1.583,0,0,served,VEH041,1,2026-03-12-VEH041-T1,0.0
2026-03-12,ORD0095379,2026-03-12,OUT110,Fresh,fresh_dry,Badulla,Kandy,False,243.5,1.388,0,0,served,VEH060,1,2026-03-12-VEH060-T1,0.0
2026-03-12,ORD0095380,2026-03-12,OUT110,Fresh,fresh_chilled,Badulla,Kandy,False,241.2,1.3,0,0,served,VEH057,1,2026-03-12-VEH057-T1,0.0
2026-03-12,ORD0095381,2026-03-12,OUT111,Fresh,fresh_dry,Badulla,Kandy,False,149.2,0.873,0,0,served,VEH039,1,2026-03-12-VEH039-T1,0.0
2026-03-12,ORD0095382,2026-03-12,OUT111,Fresh,fresh_chilled,Badulla,Kandy,False,135.4,0.752,0,0,served,VEH039,1,2026-03-12-VEH039-T1,0.0
2026-03-12,ORD0095383,2026-03-12,OUT112,Fresh,fresh_dry,Badulla,Kandy,False,522.5,2.626,0,0,served,VEH060,1,2026-03-12-VEH060-T1,0.0
2026-03-12,ORD0095384,2026-03-12,OUT113,Fresh,fresh_dry,Badulla,Kandy,False,657.8,3.052,0,0,served,VEH056,1,2026-03-12-VEH056-T1,0.0
2026-03-12,ORD0095385,2026-03-12,OUT113,Fresh,fresh_chilled,Badulla,Kandy,False,272.8,1.632,0,0,served,VEH057,1,2026-03-12-VEH057-T1,0.0
2026-03-12,ORD0095386,2026-03-12,OUT116,Fresh,fresh_dry,Kegalle,Kandy,False,481.6,2.461,0,0,served,VEH040,1,2026-03-12-VEH040-T1,0.0
2026-03-12,ORD0095387,2026-03-12,OUT117,Fresh,fresh_dry,Kegalle,Kandy,False,567.9,3.158,0,0,served,VEH040,1,2026-03-12-VEH040-T1,0.0
2026-03-12,ORD0095388,2026-03-12,OUT117,Fresh,fresh_chilled,Kegalle,Kandy,False,606.8,3.411,0,0,served,VEH040,1,2026-03-12-VEH040-T1,0.0
2026-03-12,ORD0095389,2026-03-12,OUT118,Fresh,fresh_dry,Kegalle,Kandy,False,772.1,4.267,0,0,served,VEH040,1,2026-03-12-VEH040-T1,0.0
2026-03-12,ORD0095390,2026-03-12,OUT118,Fresh,fresh_chilled,Kegalle,Kandy,False,612.8,3.185,0,0,served,VEH040,1,2026-03-12-VEH040-T1,0.0
2026-03-12,ORD0095391,2026-03-12,OUT119,Fresh,fresh_dry,Kegalle,Kandy,False,349.1,1.81,0,0,served,VEH040,1,2026-03-12-VEH040-T1,0.0
2026-03-12,ORD0095392,2026-03-12,OUT119,Fresh,fresh_chilled,Kegalle,Kandy,False,455.4,2.705,0,0,served,VEH040,1,2026-03-12-VEH040-T1,0.0
2026-03-13,ORD0095393,2026-03-13,OUT001,Fresh,fresh_dry,Colombo,Peliyagoda,True,114.2,0.622,0,0,served,VEH036,1,2026-03-13-VEH036-T1,0.0
2026-03-13,ORD0095394,2026-03-13,OUT001,Fresh,fresh_chilled,Colombo,Peliyagoda,True,102.0,0.569,0,0,served,VEH036,1,2026-03-13-VEH036-T1,0.0
2026-03-13,ORD0095395,2026-03-13,OUT002,Fresh,fresh_dry,Colombo,Peliyagoda,True,120.9,0.639,0,0,served,VEH036,1,2026-03-13-VEH036-T1,0.0
2026-03-13,ORD0095396,2026-03-13,OUT002,Fresh,fresh_chilled,Colombo,Peliyagoda,True,112.1,0.594,0,0,served,VEH036,1,2026-03-13-VEH036-T1,0.0
2026-03-13,ORD0095397,2026-03-13,OUT003,Fresh,fresh_dry,Colombo,Peliyagoda,True,111.0,0.629,0,0,served,VEH036,1,2026-03-13-VEH036-T1,0.0
2026-03-13,ORD0095398,2026-03-13,OUT003,Fresh,fresh_chilled,Colombo,Peliyagoda,True,101.8,0.532,0,0,served,VEH036,1,2026-03-13-VEH036-T1,0.0
2026-03-13,ORD0095399,2026-03-13,OUT004,Fresh,fresh_dry,Colombo,Peliyagoda,False,231.7,1.288,0,0,served,VEH025,1,2026-03-13-VEH025-T1,0.0
2026-03-13,ORD0095401,2026-03-13,OUT005,Fresh,fresh_dry,Colombo,Peliyagoda,False,573.3,3.23,0,0,served,VEH004,1,2026-03-13-VEH004-T1,0.0
2026-03-13,ORD0095402,2026-03-13,OUT005,Fresh,fresh_chilled,Colombo,Peliyagoda,False,576.5,2.92,0,0,served,VEH004,1,2026-03-13-VEH004-T1,0.0
2026-03-13,ORD0095403,2026-03-13,OUT006,Fresh,fresh_dry,Colombo,Peliyagoda,False,600.2,3.377,0,0,served,VEH025,1,2026-03-13-VEH025-T1,0.0
2026-03-13,ORD0095404,2026-03-13,OUT007,Fresh,fresh_dry,Colombo,Peliyagoda,False,750.6,3.86,0,0,served,VEH004,1,2026-03-13-VEH004-T1,0.0
2026-03-13,ORD0095405,2026-03-13,OUT007,Fresh,fresh_chilled,Colombo,Peliyagoda,False,483.5,2.795,0,0,served,VEH004,1,2026-03-13-VEH004-T1,0.0
2026-03-13,ORD0095406,2026-03-13,OUT008,Fresh,fresh_dry,Colombo,Peliyagoda,False,474.4,2.624,0,0,served,VEH025,1,2026-03-13-VEH025-T1,0.0
2026-03-13,ORD0095408,2026-03-13,OUT009,Fresh,fresh_dry,Colombo,Peliyagoda,False,306.4,1.557,0,0,served,VEH025,1,2026-03-13-VEH025-T1,0.0
2026-03-13,ORD0095409,2026-03-13,OUT009,Fresh,fresh_chilled,Colombo,Peliyagoda,False,337.2,1.826,0,0,served,VEH036,1,2026-03-13-VEH036-T1,0.0
2026-03-13,ORD0095410,2026-03-13,OUT010,Fresh,fresh_dry,Colombo,Peliyagoda,False,363.7,2.08,0,0,served,VEH025,1,2026-03-13-VEH025-T1,0.0
2026-03-13,ORD0095411,2026-03-13,OUT011,Fresh,fresh_dry,Colombo,Peliyagoda,False,429.4,2.276,0,0,served,VEH025,1,2026-03-13-VEH025-T1,0.0
2026-03-13,ORD0095412,2026-03-13,OUT012,Fresh,fresh_dry,Colombo,Peliyagoda,False,360.3,2.081,0,0,served,VEH025,1,2026-03-13-VEH025-T1,0.0
2026-03-13,ORD0095413,2026-03-13,OUT013,Fresh,fresh_dry,Colombo,Peliyagoda,False,938.2,4.836,0,0,served,VEH004,1,2026-03-13-VEH004-T1,0.0
2026-03-13,ORD0095414,2026-03-13,OUT013,Fresh,fresh_chilled,Colombo,Peliyagoda,False,457.4,2.499,0,0,served,VEH004,1,2026-03-13-VEH004-T1,0.0
2026-03-13,ORD0095415,2026-03-13,OUT014,Fresh,fresh_dry,Colombo,Peliyagoda,False,285.4,1.525,0,0,served,VEH025,1,2026-03-13-VEH025-T1,0.0
2026-03-13,ORD0095416,2026-03-13,OUT021,Tech,tech,Colombo,Peliyagoda,False,1614.6,5.112,0,0,served,VEH025,2,2026-03-13-VEH025-T2,0.0
2026-03-13,ORD0095417,2026-03-13,OUT025,Fresh,fresh_dry,Gampaha,Peliyagoda,False,203.2,1.258,0,0,served,VEH034,1,2026-03-13-VEH034-T1,0.0
2026-03-13,ORD0095418,2026-03-13,OUT026,Fresh,fresh_dry,Gampaha,Peliyagoda,False,356.4,1.988,0,0,served,VEH001,1,2026-03-13-VEH001-T1,0.0
2026-03-13,ORD0095419,2026-03-13,OUT026,Fresh,fresh_chilled,Gampaha,Peliyagoda,False,258.1,1.498,0,0,served,VEH001,1,2026-03-13-VEH001-T1,0.0
2026-03-13,ORD0095420,2026-03-13,OUT027,Fresh,fresh_dry,Gampaha,Peliyagoda,False,384.5,2.032,0,0,served,VEH034,1,2026-03-13-VEH034-T1,0.0
2026-03-13,ORD0095421,2026-03-13,OUT028,Fresh,fresh_dry,Gampaha,Peliyagoda,False,415.3,2.141,0,0,served,VEH001,1,2026-03-13-VEH001-T1,0.0
2026-03-13,ORD0095422,2026-03-13,OUT028,Fresh,fresh_chilled,Gampaha,Peliyagoda,False,263.6,1.543,0,0,served,VEH001,1,2026-03-13-VEH001-T1,0.0
2026-03-13,ORD0095423,2026-03-13,OUT029,Fresh,fresh_dry,Gampaha,Peliyagoda,False,395.4,2.139,0,0,served,VEH001,1,2026-03-13-VEH001-T1,0.0
2026-03-13,ORD0095424,2026-03-13,OUT029,Fresh,fresh_chilled,Gampaha,Peliyagoda,False,294.9,1.556,0,0,served,VEH001,1,2026-03-13-VEH001-T1,0.0
2026-03-13,ORD0095425,2026-03-13,OUT030,Fresh,fresh_dry,Gampaha,Peliyagoda,False,323.0,1.952,0,0,served,VEH001,1,2026-03-13-VEH001-T1,0.0
2026-03-13,ORD0095426,2026-03-13,OUT030,Fresh,fresh_chilled,Gampaha,Peliyagoda,False,456.5,2.36,0,0,served,VEH001,1,2026-03-13-VEH001-T1,0.0
2026-03-13,ORD0095427,2026-03-13,OUT031,Fresh,fresh_dry,Gampaha,Peliyagoda,False,1128.8,6.463,0,0,served,VEH034,1,2026-03-13-VEH034-T1,0.0
2026-03-13,ORD0095428,2026-03-13,OUT032,Fresh,fresh_dry,Gampaha,Peliyagoda,False,611.6,3.881,0,0,served,VEH034,1,2026-03-13-VEH034-T1,0.0
2026-03-13,ORD0095429,2026-03-13,OUT032,Fresh,fresh_chilled,Gampaha,Peliyagoda,False,640.8,4.117,0,0,served,VEH006,2,2026-03-13-VEH006-T2,0.0
2026-03-13,ORD0095430,2026-03-13,OUT033,Fresh,fresh_dry,Gampaha,Peliyagoda,False,588.3,3.297,0,0,served,VEH034,1,2026-03-13-VEH034-T1,0.0
2026-03-13,ORD0095431,2026-03-13,OUT034,Fresh,fresh_dry,Gampaha,Peliyagoda,False,335.8,1.833,0,0,served,VEH001,1,2026-03-13-VEH001-T1,0.0
2026-03-13,ORD0095432,2026-03-13,OUT034,Fresh,fresh_chilled,Gampaha,Peliyagoda,False,676.2,3.475,0,0,served,VEH001,1,2026-03-13-VEH001-T1,0.0
2026-03-13,ORD0095433,2026-03-13,OUT040,Fresh,fresh_dry,Kalutara,Peliyagoda,False,471.1,2.612,0,0,served,VEH016,1,2026-03-13-VEH016-T1,0.0
2026-03-13,ORD0095434,2026-03-13,OUT041,Fresh,fresh_dry,Kalutara,Peliyagoda,False,340.8,1.8,0,0,served,VEH016,1,2026-03-13-VEH016-T1,0.0
2026-03-13,ORD0095435,2026-03-13,OUT042,Fresh,fresh_dry,Kalutara,Peliyagoda,False,895.5,4.996,0,0,served,VEH016,1,2026-03-13-VEH016-T1,0.0
2026-03-13,ORD0095436,2026-03-13,OUT043,Fresh,fresh_dry,Kalutara,Peliyagoda,False,264.7,1.471,0,0,served,VEH016,1,2026-03-13-VEH016-T1,0.0
2026-03-13,ORD0095437,2026-03-13,OUT043,Fresh,fresh_chilled,Kalutara,Peliyagoda,False,191.3,1.089,0,0,served,VEH006,1,2026-03-13-VEH006-T1,0.0
2026-03-13,ORD0095438,2026-03-13,OUT044,Fresh,fresh_dry,Kalutara,Peliyagoda,False,356.6,1.8,0,0,served,VEH016,1,2026-03-13-VEH016-T1,0.0
2026-03-13,ORD0095439,2026-03-13,OUT044,Fresh,fresh_chilled,Kalutara,Peliyagoda,False,195.6,1.045,0,0,served,VEH006,1,2026-03-13-VEH006-T1,0.0
2026-03-13,ORD0095440,2026-03-13,OUT045,Fresh,fresh_dry,Kalutara,Peliyagoda,False,254.8,1.37,0,0,served,VEH016,1,2026-03-13-VEH016-T1,0.0
2026-03-13,ORD0095441,2026-03-13,OUT046,Fresh,fresh_dry,Kalutara,Peliyagoda,False,205.8,1.239,0,0,served,VEH006,1,2026-03-13-VEH006-T1,0.0
2026-03-13,ORD0095442,2026-03-13,OUT046,Fresh,fresh_chilled,Kalutara,Peliyagoda,False,253.1,1.323,0,0,served,VEH006,1,2026-03-13-VEH006-T1,0.0
2026-03-13,ORD0095443,2026-03-13,OUT050,Fresh,fresh_dry,Galle,Peliyagoda,False,460.0,2.489,0,0,served,VEH002,1,2026-03-13-VEH002-T1,0.0
2026-03-13,ORD0095444,2026-03-13,OUT051,Fresh,fresh_dry,Galle,Peliyagoda,False,196.1,1.166,0,0,served,VEH002,1,2026-03-13-VEH002-T1,0.0
2026-03-13,ORD0095445,2026-03-13,OUT052,Fresh,fresh_dry,Galle,Peliyagoda,False,412.3,2.269,0,0,served,VEH037,1,2026-03-13-VEH037-T1,0.0
2026-03-13,ORD0095446,2026-03-13,OUT053,Fresh,fresh_dry,Galle,Peliyagoda,False,155.9,0.859,0,0,served,VEH002,1,2026-03-13-VEH002-T1,0.0
2026-03-13,ORD0095447,2026-03-13,OUT053,Fresh,fresh_chilled,Galle,Peliyagoda,False,207.5,1.075,0,0,served,VEH002,1,2026-03-13-VEH002-T1,0.0
2026-03-13,ORD0095448,2026-03-13,OUT054,Fresh,fresh_dry,Galle,Peliyagoda,False,864.6,4.517,0,0,served,VEH002,1,2026-03-13-VEH002-T1,0.0
2026-03-13,ORD0095449,2026-03-13,OUT054,Fresh,fresh_chilled,Galle,Peliyagoda,False,748.9,3.804,0,0,served,VEH002,1,2026-03-13-VEH002-T1,0.0
2026-03-13,ORD0095450,2026-03-13,OUT055,Fresh,fresh_dry,Galle,Peliyagoda,False,494.1,2.395,0,0,served,VEH037,1,2026-03-13-VEH037-T1,0.0
2026-03-13,ORD0095451,2026-03-13,OUT056,Style,style,Galle,Peliyagoda,False,357.9,5.805,0,0,served,VEH034,2,2026-03-13-VEH034-T2,0.0
2026-03-13,ORD0095452,2026-03-13,OUT057,Style,style,Galle,Peliyagoda,False,848.7,12.305,0,0,served,VEH034,2,2026-03-13-VEH034-T2,0.0
2026-03-13,ORD0095453,2026-03-13,OUT059,Fresh,fresh_dry,Matara,Peliyagoda,False,462.5,2.389,0,0,served,VEH017,1,2026-03-13-VEH017-T1,0.0
2026-03-13,ORD0095454,2026-03-13,OUT060,Fresh,fresh_dry,Matara,Peliyagoda,False,296.2,1.623,0,0,served,VEH017,1,2026-03-13-VEH017-T1,0.0
2026-03-13,ORD0095455,2026-03-13,OUT060,Fresh,fresh_chilled,Matara,Peliyagoda,False,406.7,2.314,0,0,served,VEH035,1,2026-03-13-VEH035-T1,0.0
2026-03-13,ORD0095456,2026-03-13,OUT061,Fresh,fresh_dry,Matara,Peliyagoda,False,378.6,2.256,0,0,served,VEH017,1,2026-03-13-VEH017-T1,0.0
2026-03-13,ORD0095457,2026-03-13,OUT062,Fresh,fresh_dry,Matara,Peliyagoda,False,376.5,1.94,0,0,served,VEH017,1,2026-03-13-VEH017-T1,0.0
2026-03-13,ORD0095458,2026-03-13,OUT062,Fresh,fresh_chilled,Matara,Peliyagoda,False,459.4,2.319,0,0,served,VEH035,1,2026-03-13-VEH035-T1,0.0
2026-03-13,ORD0095459,2026-03-13,OUT063,Style,style,Matara,Peliyagoda,False,433.0,6.764,0,0,served,VEH037,2,2026-03-13-VEH037-T2,0.0
2026-03-13,ORD0095460,2026-03-13,OUT065,Fresh,fresh_dry,Kurunegala,Peliyagoda,False,609.0,2.948,0,1,served,VEH003,1,2026-03-13-VEH003-T1,0.0
2026-03-13,ORD0095461,2026-03-13,OUT065,Fresh,fresh_chilled,Kurunegala,Peliyagoda,False,613.1,3.217,0,1,served,VEH003,1,2026-03-13-VEH003-T1,0.0
2026-03-13,ORD0095462,2026-03-13,OUT066,Fresh,fresh_dry,Kurunegala,Peliyagoda,False,325.8,1.727,0,0,served,VEH015,1,2026-03-13-VEH015-T1,0.0
2026-03-13,ORD0095463,2026-03-13,OUT066,Fresh,fresh_chilled,Kurunegala,Peliyagoda,False,353.3,1.705,0,0,served,VEH003,1,2026-03-13-VEH003-T1,0.0
2026-03-13,ORD0095464,2026-03-13,OUT067,Fresh,fresh_dry,Kurunegala,Peliyagoda,False,454.0,2.414,0,0,served,VEH015,1,2026-03-13-VEH015-T1,0.0
2026-03-13,ORD0095465,2026-03-13,OUT067,Fresh,fresh_chilled,Kurunegala,Peliyagoda,False,393.8,2.054,0,0,served,VEH003,1,2026-03-13-VEH003-T1,0.0
2026-03-13,ORD0095466,2026-03-13,OUT068,Fresh,fresh_dry,Kurunegala,Peliyagoda,False,313.1,1.696,0,0,served,VEH015,1,2026-03-13-VEH015-T1,0.0
2026-03-13,ORD0095467,2026-03-13,OUT069,Fresh,fresh_dry,Kurunegala,Peliyagoda,False,364.9,1.931,0,0,served,VEH015,1,2026-03-13-VEH015-T1,0.0
2026-03-13,ORD0095468,2026-03-13,OUT070,Style,style,Kurunegala,Peliyagoda,False,581.6,8.945,0,0,served,VEH015,2,2026-03-13-VEH015-T2,0.0
2026-03-13,ORD0095469,2026-03-13,OUT071,Style,style,Kurunegala,Peliyagoda,False,575.3,9.168,0,0,served,VEH015,2,2026-03-13-VEH015-T2,0.0
2026-03-13,ORD0095470,2026-03-13,OUT073,Fresh,fresh_dry,Puttalam,Peliyagoda,False,558.2,2.943,0,0,served,VEH038,1,2026-03-13-VEH038-T1,0.0
2026-03-13,ORD0095471,2026-03-13,OUT074,Fresh,fresh_dry,Puttalam,Peliyagoda,False,410.3,2.27,0,0,served,VEH007,1,2026-03-13-VEH007-T1,0.0
2026-03-13,ORD0095472,2026-03-13,OUT074,Fresh,fresh_chilled,Puttalam,Peliyagoda,False,507.5,2.652,0,0,served,VEH007,1,2026-03-13-VEH007-T1,0.0
2026-03-13,ORD0095473,2026-03-13,OUT075,Fresh,fresh_dry,Puttalam,Peliyagoda,False,178.1,1.008,0,0,served,VEH038,1,2026-03-13-VEH038-T1,0.0
2026-03-13,ORD0095474,2026-03-13,OUT076,Fresh,fresh_dry,Kandy,Kandy,True,193.6,1.058,0,0,served,VEH058,2,2026-03-13-VEH058-T2,0.0
2026-03-13,ORD0095475,2026-03-13,OUT076,Fresh,fresh_chilled,Kandy,Kandy,True,120.1,0.663,0,0,served,VEH058,1,2026-03-13-VEH058-T1,0.0
2026-03-13,ORD0095476,2026-03-13,OUT077,Fresh,fresh_dry,Kandy,Kandy,True,138.5,0.771,0,0,served,VEH059,1,2026-03-13-VEH059-T1,0.0
2026-03-13,ORD0095477,2026-03-13,OUT077,Fresh,fresh_chilled,Kandy,Kandy,True,69.9,0.392,0,0,served,VEH058,1,2026-03-13-VEH058-T1,0.0
2026-03-13,ORD0095478,2026-03-13,OUT078,Fresh,fresh_dry,Kandy,Kandy,True,223.4,1.177,0,0,served,VEH059,1,2026-03-13-VEH059-T1,0.0
2026-03-13,ORD0095479,2026-03-13,OUT079,Fresh,fresh_dry,Kandy,Kandy,True,108.9,0.682,0,0,served,VEH059,1,2026-03-13-VEH059-T1,0.0
2026-03-13,ORD0095480,2026-03-13,OUT080,Fresh,fresh_dry,Kandy,Kandy,True,136.8,0.814,0,0,served,VEH058,1,2026-03-13-VEH058-T1,0.0
2026-03-13,ORD0095481,2026-03-13,OUT080,Fresh,fresh_chilled,Kandy,Kandy,True,136.6,0.78,0,0,served,VEH058,1,2026-03-13-VEH058-T1,0.0
2026-03-13,ORD0095482,2026-03-13,OUT081,Fresh,fresh_dry,Kandy,Kandy,True,158.5,0.819,0,0,served,VEH059,1,2026-03-13-VEH059-T1,0.0
2026-03-13,ORD0095483,2026-03-13,OUT082,Fresh,fresh_dry,Kandy,Kandy,True,154.2,0.882,0,0,served,VEH058,1,2026-03-13-VEH058-T1,0.0
2026-03-13,ORD0095484,2026-03-13,OUT082,Fresh,fresh_chilled,Kandy,Kandy,True,82.3,0.417,0,0,served,VEH058,1,2026-03-13-VEH058-T1,0.0
2026-03-13,ORD0095485,2026-03-13,OUT083,Fresh,fresh_dry,Kandy,Kandy,True,128.9,0.669,0,0,served,VEH058,1,2026-03-13-VEH058-T1,0.0
2026-03-13,ORD0095486,2026-03-13,OUT083,Fresh,fresh_chilled,Kandy,Kandy,True,110.6,0.693,0,0,served,VEH058,1,2026-03-13-VEH058-T1,0.0
2026-03-13,ORD0095487,2026-03-13,OUT084,Fresh,fresh_dry,Kandy,Kandy,False,325.7,1.738,0,0,served,VEH058,2,2026-03-13-VEH058-T2,0.0
2026-03-13,ORD0095488,2026-03-13,OUT084,Fresh,fresh_chilled,Kandy,Kandy,False,266.4,1.586,0,0,served,VEH058,2,2026-03-13-VEH058-T2,0.0
2026-03-13,ORD0095489,2026-03-13,OUT085,Fresh,fresh_dry,Kandy,Kandy,False,459.2,2.392,0,0,served,VEH043,1,2026-03-13-VEH043-T1,0.0
2026-03-13,ORD0095490,2026-03-13,OUT085,Fresh,fresh_chilled,Kandy,Kandy,False,497.9,2.728,0,0,served,VEH043,1,2026-03-13-VEH043-T1,0.0
2026-03-13,ORD0095491,2026-03-13,OUT086,Fresh,fresh_dry,Kandy,Kandy,False,239.5,1.277,0,0,served,VEH043,1,2026-03-13-VEH043-T1,0.0
2026-03-13,ORD0095492,2026-03-13,OUT086,Fresh,fresh_chilled,Kandy,Kandy,False,279.4,1.593,0,0,served,VEH043,1,2026-03-13-VEH043-T1,0.0
2026-03-13,ORD0095493,2026-03-13,OUT087,Fresh,fresh_dry,Kandy,Kandy,False,423.5,2.42,0,0,served,VEH059,1,2026-03-13-VEH059-T1,0.0
2026-03-13,ORD0095494,2026-03-13,OUT096,Fresh,fresh_dry,Matale,Kandy,False,264.1,1.392,0,0,served,VEH043,2,2026-03-13-VEH043-T2,0.0
2026-03-13,ORD0095495,2026-03-13,OUT096,Fresh,fresh_chilled,Matale,Kandy,False,214.9,1.022,0,0,served,VEH043,2,2026-03-13-VEH043-T2,0.0
2026-03-13,ORD0095496,2026-03-13,OUT097,Fresh,fresh_dry,Matale,Kandy,False,545.8,2.693,0,0,served,VEH046,1,2026-03-13-VEH046-T1,0.0
2026-03-13,ORD0095497,2026-03-13,OUT098,Fresh,fresh_dry,Matale,Kandy,False,441.6,2.199,0,0,served,VEH043,2,2026-03-13-VEH043-T2,0.0
2026-03-13,ORD0095498,2026-03-13,OUT098,Fresh,fresh_chilled,Matale,Kandy,False,561.4,3.006,0,0,served,VEH043,2,2026-03-13-VEH043-T2,0.0
2026-03-13,ORD0095499,2026-03-13,OUT099,Fresh,fresh_dry,Matale,Kandy,False,613.4,3.154,0,0,served,VEH059,2,2026-03-13-VEH059-T2,0.0
2026-03-13,ORD0095500,2026-03-13,OUT100,Fresh,fresh_dry,Matale,Kandy,False,626.2,3.142,0,0,served,VEH046,1,2026-03-13-VEH046-T1,0.0
2026-03-13,ORD0095501,2026-03-13,OUT101,Fresh,fresh_dry,Matale,Kandy,False,423.9,2.771,0,0,served,VEH059,2,2026-03-13-VEH059-T2,0.0
2026-03-13,ORD0095502,2026-03-13,OUT101,Fresh,fresh_chilled,Matale,Kandy,False,384.3,2.115,0,0,served,VEH043,2,2026-03-13-VEH043-T2,0.0
2026-03-13,ORD0095503,2026-03-13,OUT104,Fresh,fresh_dry,Nuwara Eliya,Kandy,False,477.7,2.447,0,0,served,VEH041,1,2026-03-13-VEH041-T1,0.0
2026-03-13,ORD0095504,2026-03-13,OUT104,Fresh,fresh_chilled,Nuwara Eliya,Kandy,False,220.4,1.333,0,0,served,VEH041,1,2026-03-13-VEH041-T1,0.0
2026-03-13,ORD0095505,2026-03-13,OUT105,Fresh,fresh_dry,Nuwara Eliya,Kandy,False,365.5,1.941,0,0,served,VEH046,2,2026-03-13-VEH046-T2,0.0
2026-03-13,ORD0095506,2026-03-13,OUT106,Fresh,fresh_dry,Nuwara Eliya,Kandy,False,391.1,2.275,0,0,served,VEH046,2,2026-03-13-VEH046-T2,0.0
2026-03-13,ORD0095507,2026-03-13,OUT107,Fresh,fresh_dry,Nuwara Eliya,Kandy,False,455.0,2.228,0,0,served,VEH041,1,2026-03-13-VEH041-T1,0.0
2026-03-13,ORD0095508,2026-03-13,OUT107,Fresh,fresh_chilled,Nuwara Eliya,Kandy,False,289.2,1.485,0,0,served,VEH041,1,2026-03-13-VEH041-T1,0.0
2026-03-13,ORD0095509,2026-03-13,OUT108,Fresh,fresh_dry,Nuwara Eliya,Kandy,False,422.2,2.478,0,0,served,VEH041,1,2026-03-13-VEH041-T1,0.0
2026-03-13,ORD0095510,2026-03-13,OUT110,Fresh,fresh_dry,Badulla,Kandy,False,274.9,1.609,0,0,served,VEH060,1,2026-03-13-VEH060-T1,0.0
2026-03-13,ORD0095511,2026-03-13,OUT111,Fresh,fresh_dry,Badulla,Kandy,False,253.4,1.29,0,0,served,VEH056,1,2026-03-13-VEH056-T1,0.0
2026-03-13,ORD0095512,2026-03-13,OUT111,Fresh,fresh_chilled,Badulla,Kandy,False,161.2,0.793,0,0,served,VEH057,1,2026-03-13-VEH057-T1,0.0
2026-03-13,ORD0095513,2026-03-13,OUT112,Fresh,fresh_dry,Badulla,Kandy,False,478.9,2.698,0,0,served,VEH060,1,2026-03-13-VEH060-T1,0.0
2026-03-13,ORD0095514,2026-03-13,OUT112,Fresh,fresh_chilled,Badulla,Kandy,False,355.4,1.923,0,0,served,VEH057,1,2026-03-13-VEH057-T1,0.0
2026-03-13,ORD0095515,2026-03-13,OUT113,Fresh,fresh_dry,Badulla,Kandy,False,508.4,2.657,0,0,served,VEH056,1,2026-03-13-VEH056-T1,0.0
2026-03-13,ORD0095516,2026-03-13,OUT116,Fresh,fresh_dry,Kegalle,Kandy,False,543.3,3.168,0,0,served,VEH039,1,2026-03-13-VEH039-T1,0.0
2026-03-13,ORD0095517,2026-03-13,OUT116,Fresh,fresh_chilled,Kegalle,Kandy,False,360.6,1.757,0,0,served,VEH039,1,2026-03-13-VEH039-T1,0.0
2026-03-13,ORD0095518,2026-03-13,OUT117,Fresh,fresh_dry,Kegalle,Kandy,False,667.6,3.477,0,0,served,VEH039,1,2026-03-13-VEH039-T1,0.0
2026-03-13,ORD0095519,2026-03-13,OUT117,Fresh,fresh_chilled,Kegalle,Kandy,False,463.0,2.497,0,0,served,VEH039,1,2026-03-13-VEH039-T1,0.0
2026-03-13,ORD0095520,2026-03-13,OUT118,Fresh,fresh_dry,Kegalle,Kandy,False,899.0,4.736,0,0,served,VEH039,1,2026-03-13-VEH039-T1,0.0
2026-03-13,ORD0095521,2026-03-13,OUT118,Fresh,fresh_chilled,Kegalle,Kandy,False,777.4,3.944,0,0,served,VEH039,1,2026-03-13-VEH039-T1,0.0
2026-03-13,ORD0095522,2026-03-13,OUT119,Fresh,fresh_dry,Kegalle,Kandy,False,363.3,1.791,0,0,served,VEH039,1,2026-03-13-VEH039-T1,0.0
2026-03-13,ORD0095523,2026-03-13,OUT119,Fresh,fresh_chilled,Kegalle,Kandy,False,510.8,2.665,0,0,served,VEH039,1,2026-03-13-VEH039-T1,0.0
2026-03-14,ORD0095524,2026-03-14,OUT001,Fresh,fresh_dry,Colombo,Peliyagoda,True,92.7,0.526,0,0,served,VEH037,2,2026-03-14-VEH037-T2,0.0
2026-03-14,ORD0095525,2026-03-14,OUT002,Fresh,fresh_dry,Colombo,Peliyagoda,True,136.4,0.758,0,0,served,VEH037,2,2026-03-14-VEH037-T2,0.0
2026-03-14,ORD0095526,2026-03-14,OUT002,Fresh,fresh_chilled,Colombo,Peliyagoda,True,93.8,0.507,0,0,served,VEH036,2,2026-03-14-VEH036-T2,0.0
2026-03-14,ORD0095527,2026-03-14,OUT003,Fresh,fresh_dry,Colombo,Peliyagoda,True,127.5,0.657,0,0,served,VEH037,2,2026-03-14-VEH037-T2,0.0
2026-03-14,ORD0095528,2026-03-14,OUT003,Fresh,fresh_chilled,Colombo,Peliyagoda,True,74.6,0.404,0,0,served,VEH036,2,2026-03-14-VEH036-T2,0.0
2026-03-14,ORD0095529,2026-03-14,OUT004,Fresh,fresh_dry,Colombo,Peliyagoda,False,161.3,0.954,0,0,served,VEH027,1,2026-03-14-VEH027-T1,0.0
2026-03-14,ORD0095530,2026-03-14,OUT004,Fresh,fresh_chilled,Colombo,Peliyagoda,False,189.6,0.916,0,0,served,VEH006,1,2026-03-14-VEH006-T1,0.0
2026-03-14,ORD0095531,2026-03-14,OUT005,Fresh,fresh_dry,Colombo,Peliyagoda,False,608.3,2.953,0,0,served,VEH025,1,2026-03-14-VEH025-T1,0.0
2026-03-14,ORD0095532,2026-03-14,OUT005,Fresh,fresh_chilled,Colombo,Peliyagoda,False,349.5,1.924,0,0,served,VEH036,2,2026-03-14-VEH036-T2,0.0
2026-03-14,ORD0095533,2026-03-14,OUT006,Fresh,fresh_dry,Colombo,Peliyagoda,False,618.6,3.293,0,0,served,VEH006,1,2026-03-14-VEH006-T1,0.0
2026-03-14,ORD0095534,2026-03-14,OUT006,Fresh,fresh_chilled,Colombo,Peliyagoda,False,539.2,3.374,0,0,served,VEH006,1,2026-03-14-VEH006-T1,0.0
2026-03-14,ORD0095535,2026-03-14,OUT007,Fresh,fresh_dry,Colombo,Peliyagoda,False,701.5,3.433,0,0,served,VEH025,1,2026-03-14-VEH025-T1,0.0
2026-03-14,ORD0095536,2026-03-14,OUT007,Fresh,fresh_chilled,Colombo,Peliyagoda,False,489.6,2.718,0,0,served,VEH006,1,2026-03-14-VEH006-T1,0.0
2026-03-14,ORD0095537,2026-03-14,OUT008,Fresh,fresh_dry,Colombo,Peliyagoda,False,489.2,2.673,0,0,served,VEH025,1,2026-03-14-VEH025-T1,0.0
2026-03-14,ORD0095538,2026-03-14,OUT009,Fresh,fresh_dry,Colombo,Peliyagoda,False,362.7,2.049,0,0,served,VEH027,1,2026-03-14-VEH027-T1,0.0
2026-03-14,ORD0095540,2026-03-14,OUT010,Fresh,fresh_dry,Colombo,Peliyagoda,False,352.5,1.708,0,0,served,VEH027,1,2026-03-14-VEH027-T1,0.0
2026-03-14,ORD0095541,2026-03-14,OUT010,Fresh,fresh_chilled,Colombo,Peliyagoda,False,282.5,1.521,0,0,served,VEH006,1,2026-03-14-VEH006-T1,0.0
2026-03-14,ORD0095542,2026-03-14,OUT011,Fresh,fresh_dry,Colombo,Peliyagoda,False,312.7,1.901,0,0,served,VEH037,2,2026-03-14-VEH037-T2,0.0
2026-03-14,ORD0095543,2026-03-14,OUT012,Fresh,fresh_dry,Colombo,Peliyagoda,False,330.6,1.903,0,0,served,VEH027,1,2026-03-14-VEH027-T1,0.0
2026-03-14,ORD0095544,2026-03-14,OUT012,Fresh,fresh_chilled,Colombo,Peliyagoda,False,337.6,1.754,0,0,served,VEH006,1,2026-03-14-VEH006-T1,0.0
2026-03-14,ORD0095545,2026-03-14,OUT013,Fresh,fresh_dry,Colombo,Peliyagoda,False,821.3,4.047,0,0,served,VEH027,1,2026-03-14-VEH027-T1,0.0
2026-03-14,ORD0095546,2026-03-14,OUT013,Fresh,fresh_chilled,Colombo,Peliyagoda,False,518.5,2.916,0,0,served,VEH006,1,2026-03-14-VEH006-T1,0.0
2026-03-14,ORD0095547,2026-03-14,OUT014,Fresh,fresh_dry,Colombo,Peliyagoda,False,285.4,1.436,0,0,served,VEH006,1,2026-03-14-VEH006-T1,0.0
2026-03-14,ORD0095548,2026-03-14,OUT014,Fresh,fresh_chilled,Colombo,Peliyagoda,False,269.1,1.483,0,0,served,VEH006,1,2026-03-14-VEH006-T1,0.0
2026-03-14,ORD0095549,2026-03-14,OUT025,Fresh,fresh_dry,Gampaha,Peliyagoda,False,207.2,1.241,0,0,served,VEH017,1,2026-03-14-VEH017-T1,0.0
2026-03-14,ORD0095550,2026-03-14,OUT026,Fresh,fresh_dry,Gampaha,Peliyagoda,False,354.8,1.789,0,0,served,VEH017,1,2026-03-14-VEH017-T1,0.0
2026-03-14,ORD0095551,2026-03-14,OUT026,Fresh,fresh_chilled,Gampaha,Peliyagoda,False,220.9,1.086,0,0,served,VEH003,1,2026-03-14-VEH003-T1,0.0
2026-03-14,ORD0095552,2026-03-14,OUT027,Fresh,fresh_dry,Gampaha,Peliyagoda,False,561.3,2.737,0,0,served,VEH037,1,2026-03-14-VEH037-T1,0.0
2026-03-14,ORD0095553,2026-03-14,OUT027,Fresh,fresh_chilled,Gampaha,Peliyagoda,False,283.3,1.81,0,0,served,VEH003,1,2026-03-14-VEH003-T1,0.0
2026-03-14,ORD0095554,2026-03-14,OUT028,Fresh,fresh_dry,Gampaha,Peliyagoda,False,487.4,2.554,0,0,served,VEH005,1,2026-03-14-VEH005-T1,0.0
2026-03-14,ORD0095555,2026-03-14,OUT028,Fresh,fresh_chilled,Gampaha,Peliyagoda,False,360.4,2.2,0,0,served,VEH005,1,2026-03-14-VEH005-T1,0.0
2026-03-14,ORD0095556,2026-03-14,OUT029,Fresh,fresh_dry,Gampaha,Peliyagoda,False,301.7,1.666,0,0,served,VEH017,1,2026-03-14-VEH017-T1,0.0
2026-03-14,ORD0095557,2026-03-14,OUT029,Fresh,fresh_chilled,Gampaha,Peliyagoda,False,370.9,1.924,0,0,served,VEH005,1,2026-03-14-VEH005-T1,0.0
2026-03-14,ORD0095558,2026-03-14,OUT030,Fresh,fresh_dry,Gampaha,Peliyagoda,False,463.6,2.398,0,0,served,VEH037,1,2026-03-14-VEH037-T1,0.0
2026-03-14,ORD0095559,2026-03-14,OUT031,Fresh,fresh_dry,Gampaha,Peliyagoda,False,882.3,4.699,0,0,served,VEH005,1,2026-03-14-VEH005-T1,0.0
2026-03-14,ORD0095560,2026-03-14,OUT031,Fresh,fresh_chilled,Gampaha,Peliyagoda,False,814.7,4.301,0,0,served,VEH005,1,2026-03-14-VEH005-T1,0.0
2026-03-14,ORD0095561,2026-03-14,OUT032,Fresh,fresh_dry,Gampaha,Peliyagoda,False,943.8,4.869,0,0,served,VEH017,1,2026-03-14-VEH017-T1,0.0
2026-03-14,ORD0095562,2026-03-14,OUT032,Fresh,fresh_chilled,Gampaha,Peliyagoda,False,1009.4,5.31,0,0,served,VEH003,1,2026-03-14-VEH003-T1,0.0
2026-03-14,ORD0095563,2026-03-14,OUT033,Fresh,fresh_dry,Gampaha,Peliyagoda,False,534.2,2.859,0,0,served,VEH017,1,2026-03-14-VEH017-T1,0.0
2026-03-14,ORD0095564,2026-03-14,OUT033,Fresh,fresh_chilled,Gampaha,Peliyagoda,False,468.7,2.448,0,0,served,VEH005,1,2026-03-14-VEH005-T1,0.0
2026-03-14,ORD0095565,2026-03-14,OUT034,Fresh,fresh_dry,Gampaha,Peliyagoda,False,404.0,2.556,0,0,served,VEH017,1,2026-03-14-VEH017-T1,0.0
2026-03-14,ORD0095566,2026-03-14,OUT034,Fresh,fresh_chilled,Gampaha,Peliyagoda,False,228.2,1.28,0,0,served,VEH003,1,2026-03-14-VEH003-T1,0.0
2026-03-14,ORD0095567,2026-03-14,OUT038,Tech,tech,Gampaha,Peliyagoda,False,1452.4,5.165,0,0,served,VEH016,2,2026-03-14-VEH016-T2,0.0
2026-03-14,ORD0095568,2026-03-14,OUT040,Fresh,fresh_dry,Kalutara,Peliyagoda,False,634.4,3.22,0,0,served,VEH008,1,2026-03-14-VEH008-T1,0.0
2026-03-14,ORD0095569,2026-03-14,OUT040,Fresh,fresh_chilled,Kalutara,Peliyagoda,False,430.5,2.596,0,0,served,VEH036,1,2026-03-14-VEH036-T1,0.0
2026-03-14,ORD0095570,2026-03-14,OUT041,Fresh,fresh_dry,Kalutara,Peliyagoda,False,403.3,1.958,0,0,served,VEH008,1,2026-03-14-VEH008-T1,0.0
2026-03-14,ORD0095571,2026-03-14,OUT041,Fresh,fresh_chilled,Kalutara,Peliyagoda,False,288.2,1.545,0,0,served,VEH036,1,2026-03-14-VEH036-T1,0.0
2026-03-14,ORD0095572,2026-03-14,OUT042,Fresh,fresh_dry,Kalutara,Peliyagoda,False,1054.0,5.723,0,0,served,VEH008,1,2026-03-14-VEH008-T1,0.0
2026-03-14,ORD0095573,2026-03-14,OUT043,Fresh,fresh_dry,Kalutara,Peliyagoda,False,235.8,1.362,0,0,served,VEH008,1,2026-03-14-VEH008-T1,0.0
2026-03-14,ORD0095574,2026-03-14,OUT044,Fresh,fresh_dry,Kalutara,Peliyagoda,False,348.4,1.825,0,0,served,VEH008,1,2026-03-14-VEH008-T1,0.0
2026-03-14,ORD0095575,2026-03-14,OUT044,Fresh,fresh_chilled,Kalutara,Peliyagoda,False,190.9,1.092,0,0,served,VEH003,2,2026-03-14-VEH003-T2,0.0
2026-03-14,ORD0095576,2026-03-14,OUT045,Fresh,fresh_dry,Kalutara,Peliyagoda,False,284.9,1.464,0,0,served,VEH008,1,2026-03-14-VEH008-T1,0.0
2026-03-14,ORD0095577,2026-03-14,OUT045,Fresh,fresh_chilled,Kalutara,Peliyagoda,False,283.8,1.506,0,0,served,VEH036,1,2026-03-14-VEH036-T1,0.0
2026-03-14,ORD0095578,2026-03-14,OUT046,Fresh,fresh_dry,Kalutara,Peliyagoda,False,325.3,1.776,0,0,served,VEH008,1,2026-03-14-VEH008-T1,0.0
2026-03-14,ORD0095579,2026-03-14,OUT046,Fresh,fresh_chilled,Kalutara,Peliyagoda,False,250.0,1.361,0,0,served,VEH003,2,2026-03-14-VEH003-T2,0.0
2026-03-14,ORD0095580,2026-03-14,OUT050,Fresh,fresh_dry,Galle,Peliyagoda,False,367.6,1.977,0,0,served,VEH025,2,2026-03-14-VEH025-T2,0.0
2026-03-14,ORD0095581,2026-03-14,OUT051,Fresh,fresh_dry,Galle,Peliyagoda,False,168.6,0.988,0,0,served,VEH004,1,2026-03-14-VEH004-T1,0.0
2026-03-14,ORD0095582,2026-03-14,OUT052,Fresh,fresh_dry,Galle,Peliyagoda,False,522.9,3.007,0,0,served,VEH004,1,2026-03-14-VEH004-T1,0.0
2026-03-14,ORD0095583,2026-03-14,OUT052,Fresh,fresh_chilled,Galle,Peliyagoda,False,382.0,2.105,0,0,served,VEH004,1,2026-03-14-VEH004-T1,0.0
2026-03-14,ORD0095584,2026-03-14,OUT053,Fresh,fresh_dry,Galle,Peliyagoda,False,148.4,0.889,0,0,served,VEH004,1,2026-03-14-VEH004-T1,0.0
2026-03-14,ORD0095585,2026-03-14,OUT054,Fresh,fresh_dry,Galle,Peliyagoda,False,665.1,3.445,0,0,served,VEH004,1,2026-03-14-VEH004-T1,0.0
2026-03-14,ORD0095586,2026-03-14,OUT055,Fresh,fresh_dry,Galle,Peliyagoda,False,390.1,2.094,0,0,served,VEH004,1,2026-03-14-VEH004-T1,0.0
2026-03-14,ORD0095587,2026-03-14,OUT055,Fresh,fresh_chilled,Galle,Peliyagoda,False,303.9,1.594,0,0,served,VEH004,1,2026-03-14-VEH004-T1,0.0
2026-03-14,ORD0095588,2026-03-14,OUT059,Fresh,fresh_dry,Matara,Peliyagoda,False,485.5,2.531,0,0,served,VEH007,1,2026-03-14-VEH007-T1,0.0
2026-03-14,ORD0095589,2026-03-14,OUT059,Fresh,fresh_chilled,Matara,Peliyagoda,False,443.2,2.372,0,0,served,VEH035,1,2026-03-14-VEH035-T1,0.0
2026-03-14,ORD0095590,2026-03-14,OUT060,Fresh,fresh_dry,Matara,Peliyagoda,False,364.5,1.98,0,0,served,VEH007,1,2026-03-14-VEH007-T1,0.0
2026-03-14,ORD0095591,2026-03-14,OUT060,Fresh,fresh_chilled,Matara,Peliyagoda,False,429.0,2.111,0,0,served,VEH035,1,2026-03-14-VEH035-T1,0.0
2026-03-14,ORD0095592,2026-03-14,OUT061,Fresh,fresh_dry,Matara,Peliyagoda,False,339.9,1.897,0,0,served,VEH007,1,2026-03-14-VEH007-T1,0.0
2026-03-14,ORD0095593,2026-03-14,OUT061,Fresh,fresh_chilled,Matara,Peliyagoda,False,232.3,1.3,0,0,served,VEH007,1,2026-03-14-VEH007-T1,0.0
2026-03-14,ORD0095594,2026-03-14,OUT062,Fresh,fresh_dry,Matara,Peliyagoda,False,597.7,3.034,0,0,served,VEH007,1,2026-03-14-VEH007-T1,0.0
2026-03-14,ORD0095595,2026-03-14,OUT065,Fresh,fresh_dry,Kurunegala,Peliyagoda,False,599.5,2.969,0,1,served,VEH034,1,2026-03-14-VEH034-T1,0.0
2026-03-14,ORD0095596,2026-03-14,OUT065,Fresh,fresh_chilled,Kurunegala,Peliyagoda,False,674.9,3.257,0,1,served,VEH001,1,2026-03-14-VEH001-T1,0.0
2026-03-14,ORD0095597,2026-03-14,OUT066,Fresh,fresh_dry,Kurunegala,Peliyagoda,False,368.7,2.023,0,0,served,VEH038,1,2026-03-14-VEH038-T1,0.0
2026-03-14,ORD0095598,2026-03-14,OUT066,Fresh,fresh_chilled,Kurunegala,Peliyagoda,False,264.3,1.558,0,0,served,VEH001,1,2026-03-14-VEH001-T1,0.0
2026-03-14,ORD0095599,2026-03-14,OUT067,Fresh,fresh_dry,Kurunegala,Peliyagoda,False,386.5,2.117,0,0,served,VEH038,1,2026-03-14-VEH038-T1,0.0
2026-03-14,ORD0095600,2026-03-14,OUT068,Fresh,fresh_dry,Kurunegala,Peliyagoda,False,438.4,2.372,0,0,served,VEH038,1,2026-03-14-VEH038-T1,0.0
2026-03-14,ORD0095601,2026-03-14,OUT068,Fresh,fresh_chilled,Kurunegala,Peliyagoda,False,339.2,1.781,0,0,served,VEH001,1,2026-03-14-VEH001-T1,0.0
2026-03-14,ORD0095602,2026-03-14,OUT069,Fresh,fresh_dry,Kurunegala,Peliyagoda,False,495.8,2.719,0,0,served,VEH034,1,2026-03-14-VEH034-T1,0.0
2026-03-14,ORD0095603,2026-03-14,OUT069,Fresh,fresh_chilled,Kurunegala,Peliyagoda,False,297.2,1.518,0,0,served,VEH001,1,2026-03-14-VEH001-T1,0.0
2026-03-14,ORD0095604,2026-03-14,OUT072,Tech,tech,Kurunegala,Peliyagoda,False,590.5,2.017,0,0,served,VEH038,2,2026-03-14-VEH038-T2,0.0
2026-03-14,ORD0095605,2026-03-14,OUT073,Fresh,fresh_dry,Puttalam,Peliyagoda,False,385.9,1.951,0,0,served,VEH016,1,2026-03-14-VEH016-T1,0.0
2026-03-14,ORD0095606,2026-03-14,OUT074,Fresh,fresh_dry,Puttalam,Peliyagoda,False,516.8,2.78,0,0,served,VEH016,1,2026-03-14-VEH016-T1,0.0
2026-03-14,ORD0095607,2026-03-14,OUT074,Fresh,fresh_chilled,Puttalam,Peliyagoda,False,356.7,1.9,0,0,served,VEH002,1,2026-03-14-VEH002-T1,0.0
2026-03-14,ORD0095608,2026-03-14,OUT075,Fresh,fresh_dry,Puttalam,Peliyagoda,False,221.5,1.2,0,0,served,VEH002,1,2026-03-14-VEH002-T1,0.0
2026-03-14,ORD0095609,2026-03-14,OUT075,Fresh,fresh_chilled,Puttalam,Peliyagoda,False,218.7,1.158,0,0,served,VEH002,1,2026-03-14-VEH002-T1,0.0
2026-03-14,ORD0095610,2026-03-14,OUT076,Fresh,fresh_dry,Kandy,Kandy,True,127.9,0.749,0,0,served,VEH058,1,2026-03-14-VEH058-T1,0.0
2026-03-14,ORD0095611,2026-03-14,OUT076,Fresh,fresh_chilled,Kandy,Kandy,True,169.3,0.905,0,0,served,VEH058,1,2026-03-14-VEH058-T1,0.0
2026-03-14,ORD0095612,2026-03-14,OUT077,Fresh,fresh_dry,Kandy,Kandy,True,146.5,0.752,0,0,served,VEH059,1,2026-03-14-VEH059-T1,0.0
2026-03-14,ORD0095613,2026-03-14,OUT077,Fresh,fresh_chilled,Kandy,Kandy,True,100.3,0.509,0,0,served,VEH058,1,2026-03-14-VEH058-T1,0.0
2026-03-14,ORD0095614,2026-03-14,OUT078,Fresh,fresh_dry,Kandy,Kandy,True,174.6,0.975,0,0,served,VEH059,1,2026-03-14-VEH059-T1,0.0
2026-03-14,ORD0095615,2026-03-14,OUT078,Fresh,fresh_chilled,Kandy,Kandy,True,181.8,0.973,0,0,served,VEH058,1,2026-03-14-VEH058-T1,0.0
2026-03-14,ORD0095616,2026-03-14,OUT079,Fresh,fresh_dry,Kandy,Kandy,True,158.5,0.798,0,0,served,VEH059,1,2026-03-14-VEH059-T1,0.0
2026-03-14,ORD0095617,2026-03-14,OUT079,Fresh,fresh_chilled,Kandy,Kandy,True,95.6,0.61,0,0,served,VEH058,1,2026-03-14-VEH058-T1,0.0
2026-03-14,ORD0095618,2026-03-14,OUT080,Fresh,fresh_dry,Kandy,Kandy,True,131.1,0.673,0,0,served,VEH059,1,2026-03-14-VEH059-T1,0.0
2026-03-14,ORD0095619,2026-03-14,OUT081,Fresh,fresh_dry,Kandy,Kandy,True,150.0,0.746,0,0,served,VEH059,1,2026-03-14-VEH059-T1,0.0
2026-03-14,ORD0095620,2026-03-14,OUT081,Fresh,fresh_chilled,Kandy,Kandy,True,164.8,0.889,0,0,served,VEH058,1,2026-03-14-VEH058-T1,0.0
2026-03-14,ORD0095621,2026-03-14,OUT082,Fresh,fresh_dry,Kandy,Kandy,True,138.6,0.702,0,0,served,VEH059,1,2026-03-14-VEH059-T1,0.0
2026-03-14,ORD0095622,2026-03-14,OUT083,Fresh,fresh_dry,Kandy,Kandy,True,78.8,0.432,0,0,served,VEH059,1,2026-03-14-VEH059-T1,0.0
2026-03-14,ORD0095623,2026-03-14,OUT083,Fresh,fresh_chilled,Kandy,Kandy,True,155.9,0.838,0,0,served,VEH058,1,2026-03-14-VEH058-T1,0.0
2026-03-14,ORD0095624,2026-03-14,OUT084,Fresh,fresh_dry,Kandy,Kandy,False,254.2,1.36,0,0,served,VEH052,1,2026-03-14-VEH052-T1,0.0
2026-03-14,ORD0095625,2026-03-14,OUT085,Fresh,fresh_dry,Kandy,Kandy,False,441.4,2.238,0,0,served,VEH052,1,2026-03-14-VEH052-T1,0.0
2026-03-14,ORD0095626,2026-03-14,OUT086,Fresh,fresh_dry,Kandy,Kandy,False,339.6,1.796,0,0,served,VEH039,1,2026-03-14-VEH039-T1,0.0
2026-03-14,ORD0095627,2026-03-14,OUT086,Fresh,fresh_chilled,Kandy,Kandy,False,425.4,2.106,0,0,served,VEH039,1,2026-03-14-VEH039-T1,0.0
2026-03-14,ORD0095628,2026-03-14,OUT087,Fresh,fresh_dry,Kandy,Kandy,False,326.5,1.599,0,0,served,VEH039,1,2026-03-14-VEH039-T1,0.0
2026-03-14,ORD0095629,2026-03-14,OUT087,Fresh,fresh_chilled,Kandy,Kandy,False,193.9,1.111,0,0,served,VEH039,1,2026-03-14-VEH039-T1,0.0
2026-03-14,ORD0095630,2026-03-14,OUT096,Fresh,fresh_dry,Matale,Kandy,False,191.4,1.033,0,0,served,VEH058,2,2026-03-14-VEH058-T2,0.0
2026-03-14,ORD0095631,2026-03-14,OUT096,Fresh,fresh_chilled,Matale,Kandy,False,173.5,0.845,0,0,served,VEH058,2,2026-03-14-VEH058-T2,0.0
2026-03-14,ORD0095632,2026-03-14,OUT097,Fresh,fresh_dry,Matale,Kandy,False,466.1,2.657,0,0,served,VEH042,1,2026-03-14-VEH042-T1,0.0
2026-03-14,ORD0095633,2026-03-14,OUT097,Fresh,fresh_chilled,Matale,Kandy,False,510.1,2.729,0,0,served,VEH042,1,2026-03-14-VEH042-T1,0.0
2026-03-14,ORD0095634,2026-03-14,OUT098,Fresh,fresh_dry,Matale,Kandy,False,347.5,1.976,0,0,served,VEH042,1,2026-03-14-VEH042-T1,0.0
2026-03-14,ORD0095635,2026-03-14,OUT098,Fresh,fresh_chilled,Matale,Kandy,False,385.5,2.125,0,0,served,VEH042,1,2026-03-14-VEH042-T1,0.0
2026-03-14,ORD0095636,2026-03-14,OUT099,Fresh,fresh_dry,Matale,Kandy,False,352.9,2.039,0,0,served,VEH042,1,2026-03-14-VEH042-T1,0.0
2026-03-14,ORD0095637,2026-03-14,OUT099,Fresh,fresh_chilled,Matale,Kandy,False,279.0,1.607,0,0,served,VEH042,1,2026-03-14-VEH042-T1,0.0
2026-03-14,ORD0095638,2026-03-14,OUT100,Fresh,fresh_dry,Matale,Kandy,False,629.9,2.876,0,0,served,VEH042,1,2026-03-14-VEH042-T1,0.0
2026-03-14,ORD0095639,2026-03-14,OUT100,Fresh,fresh_chilled,Matale,Kandy,False,502.3,2.683,0,0,served,VEH058,2,2026-03-14-VEH058-T2,0.0
2026-03-14,ORD0095640,2026-03-14,OUT101,Fresh,fresh_dry,Matale,Kandy,False,367.5,2.136,0,0,served,VEH042,1,2026-03-14-VEH042-T1,0.0
2026-03-14,ORD0095641,2026-03-14,OUT101,Fresh,fresh_chilled,Matale,Kandy,False,421.8,2.444,0,0,served,VEH042,1,2026-03-14-VEH042-T1,0.0
2026-03-14,ORD0095642,2026-03-14,OUT103,Tech,tech,Matale,Kandy,False,371.6,1.36,0,0,served,VEH060,2,2026-03-14-VEH060-T2,0.0
2026-03-14,ORD0095643,2026-03-14,OUT104,Fresh,fresh_dry,Nuwara Eliya,Kandy,False,300.3,1.829,0,0,served,VEH041,1,2026-03-14-VEH041-T1,0.0
2026-03-14,ORD0095644,2026-03-14,OUT104,Fresh,fresh_chilled,Nuwara Eliya,Kandy,False,215.4,1.299,0,0,served,VEH041,1,2026-03-14-VEH041-T1,0.0
2026-03-14,ORD0095645,2026-03-14,OUT105,Fresh,fresh_dry,Nuwara Eliya,Kandy,False,222.8,1.235,0,0,served,VEH046,1,2026-03-14-VEH046-T1,0.0
2026-03-14,ORD0095646,2026-03-14,OUT105,Fresh,fresh_chilled,Nuwara Eliya,Kandy,False,196.0,1.109,0,0,served,VEH041,1,2026-03-14-VEH041-T1,0.0
2026-03-14,ORD0095647,2026-03-14,OUT106,Fresh,fresh_dry,Nuwara Eliya,Kandy,False,433.8,2.271,0,0,served,VEH046,1,2026-03-14-VEH046-T1,0.0
2026-03-14,ORD0095648,2026-03-14,OUT106,Fresh,fresh_chilled,Nuwara Eliya,Kandy,False,234.4,1.368,0,0,served,VEH041,1,2026-03-14-VEH041-T1,0.0
2026-03-14,ORD0095649,2026-03-14,OUT107,Fresh,fresh_dry,Nuwara Eliya,Kandy,False,336.4,2.104,0,0,served,VEH046,1,2026-03-14-VEH046-T1,0.0
2026-03-14,ORD0095650,2026-03-14,OUT108,Fresh,fresh_dry,Nuwara Eliya,Kandy,False,378.0,2.354,0,0,served,VEH046,1,2026-03-14-VEH046-T1,0.0
2026-03-14,ORD0095651,2026-03-14,OUT108,Fresh,fresh_chilled,Nuwara Eliya,Kandy,False,304.2,1.664,0,0,served,VEH041,1,2026-03-14-VEH041-T1,0.0
2026-03-14,ORD0095652,2026-03-14,OUT109,Style,style,Nuwara Eliya,Kandy,False,501.5,7.755,0,0,served,VEH059,2,2026-03-14-VEH059-T2,0.0
2026-03-14,ORD0095653,2026-03-14,OUT110,Fresh,fresh_dry,Badulla,Kandy,False,346.3,1.923,0,0,served,VEH060,1,2026-03-14-VEH060-T1,0.0
2026-03-14,ORD0095654,2026-03-14,OUT110,Fresh,fresh_chilled,Badulla,Kandy,False,201.0,1.08,0,0,served,VEH057,1,2026-03-14-VEH057-T1,0.0
2026-03-14,ORD0095655,2026-03-14,OUT111,Fresh,fresh_dry,Badulla,Kandy,False,251.3,1.366,0,0,served,VEH060,1,2026-03-14-VEH060-T1,0.0
2026-03-14,ORD0095656,2026-03-14,OUT112,Fresh,fresh_dry,Badulla,Kandy,False,514.3,2.818,0,0,served,VEH056,1,2026-03-14-VEH056-T1,0.0
2026-03-14,ORD0095657,2026-03-14,OUT112,Fresh,fresh_chilled,Badulla,Kandy,False,395.5,2.235,0,0,served,VEH057,1,2026-03-14-VEH057-T1,0.0
2026-03-14,ORD0095658,2026-03-14,OUT113,Fresh,fresh_dry,Badulla,Kandy,False,547.4,3.043,0,0,served,VEH056,1,2026-03-14-VEH056-T1,0.0
2026-03-14,ORD0095659,2026-03-14,OUT116,Fresh,fresh_dry,Kegalle,Kandy,False,404.2,2.217,0,0,served,VEH039,2,2026-03-14-VEH039-T2,0.0
2026-03-14,ORD0095660,2026-03-14,OUT117,Fresh,fresh_dry,Kegalle,Kandy,False,603.8,3.211,0,0,served,VEH052,2,2026-03-14-VEH052-T2,0.0
2026-03-14,ORD0095661,2026-03-14,OUT117,Fresh,fresh_chilled,Kegalle,Kandy,False,669.9,3.625,0,0,served,VEH039,2,2026-03-14-VEH039-T2,0.0
2026-03-14,ORD0095662,2026-03-14,OUT118,Fresh,fresh_dry,Kegalle,Kandy,False,868.6,4.724,0,0,served,VEH039,2,2026-03-14-VEH039-T2,0.0
2026-03-14,ORD0095663,2026-03-14,OUT118,Fresh,fresh_chilled,Kegalle,Kandy,False,581.9,3.496,0,0,served,VEH039,2,2026-03-14-VEH039-T2,0.0
2026-03-14,ORD0095664,2026-03-14,OUT119,Fresh,fresh_dry,Kegalle,Kandy,False,318.8,1.866,0,0,served,VEH052,2,2026-03-14-VEH052-T2,0.0
2026-03-16,ORD0095665,2026-03-16,OUT001,Fresh,fresh_dry,Colombo,Peliyagoda,True,64.2,0.442,0,0,served,VEH037,1,2026-03-16-VEH037-T1,0.0
2026-03-16,ORD0095666,2026-03-16,OUT002,Fresh,fresh_dry,Colombo,Peliyagoda,True,97.3,0.562,0,0,served,VEH037,1,2026-03-16-VEH037-T1,0.0
2026-03-16,ORD0095667,2026-03-16,OUT003,Fresh,fresh_dry,Colombo,Peliyagoda,True,104.8,0.591,0,0,served,VEH037,1,2026-03-16-VEH037-T1,0.0
2026-03-16,ORD0095668,2026-03-16,OUT004,Fresh,fresh_dry,Colombo,Peliyagoda,False,227.2,1.299,0,0,served,VEH037,1,2026-03-16-VEH037-T1,0.0
2026-03-16,ORD0095669,2026-03-16,OUT005,Fresh,fresh_dry,Colombo,Peliyagoda,False,597.7,3.041,0,0,served,VEH034,1,2026-03-16-VEH034-T1,0.0
2026-03-16,ORD0095670,2026-03-16,OUT006,Fresh,fresh_dry,Colombo,Peliyagoda,False,670.3,3.38,0,0,served,VEH034,1,2026-03-16-VEH034-T1,0.0
2026-03-16,ORD0095671,2026-03-16,OUT006,Fresh,fresh_chilled,Colombo,Peliyagoda,False,368.6,2.176,0,0,served,VEH001,1,2026-03-16-VEH001-T1,0.0
2026-03-16,ORD0095672,2026-03-16,OUT007,Fresh,fresh_dry,Colombo,Peliyagoda,False,594.5,3.14,0,0,served,VEH034,1,2026-03-16-VEH034-T1,0.0
2026-03-16,ORD0095673,2026-03-16,OUT007,Fresh,fresh_chilled,Colombo,Peliyagoda,False,501.5,2.711,0,0,served,VEH006,1,2026-03-16-VEH006-T1,0.0
2026-03-16,ORD0095674,2026-03-16,OUT008,Fresh,fresh_dry,Colombo,Peliyagoda,False,389.0,2.238,0,0,served,VEH001,1,2026-03-16-VEH001-T1,0.0
2026-03-16,ORD0095675,2026-03-16,OUT008,Fresh,fresh_chilled,Colombo,Peliyagoda,False,185.3,1.139,0,0,served,VEH001,1,2026-03-16-VEH001-T1,0.0
2026-03-16,ORD0095676,2026-03-16,OUT009,Fresh,fresh_dry,Colombo,Peliyagoda,False,235.9,1.338,0,0,served,VEH034,1,2026-03-16-VEH034-T1,0.0
2026-03-16,ORD0095677,2026-03-16,OUT010,Fresh,fresh_dry,Colombo,Peliyagoda,False,462.4,2.532,0,0,served,VEH001,1,2026-03-16-VEH001-T1,0.0
2026-03-16,ORD0095678,2026-03-16,OUT010,Fresh,fresh_chilled,Colombo,Peliyagoda,False,269.1,1.494,0,0,served,VEH001,1,2026-03-16-VEH001-T1,0.0
2026-03-16,ORD0095679,2026-03-16,OUT011,Fresh,fresh_dry,Colombo,Peliyagoda,False,413.0,2.347,0,0,served,VEH037,1,2026-03-16-VEH037-T1,0.0
2026-03-16,ORD0095680,2026-03-16,OUT011,Fresh,fresh_chilled,Colombo,Peliyagoda,False,278.3,1.454,0,0,served,VEH001,1,2026-03-16-VEH001-T1,0.0
2026-03-16,ORD0095681,2026-03-16,OUT012,Fresh,fresh_dry,Colombo,Peliyagoda,False,325.4,1.891,0,0,served,VEH006,1,2026-03-16-VEH006-T1,0.0
2026-03-16,ORD0095682,2026-03-16,OUT012,Fresh,fresh_chilled,Colombo,Peliyagoda,False,204.0,1.2,0,0,served,VEH006,1,2026-03-16-VEH006-T1,0.0
2026-03-16,ORD0095683,2026-03-16,OUT013,Fresh,fresh_dry,Colombo,Peliyagoda,False,639.8,3.484,0,0,served,VEH034,1,2026-03-16-VEH034-T1,0.0
2026-03-16,ORD0095684,2026-03-16,OUT014,Fresh,fresh_dry,Colombo,Peliyagoda,False,277.6,1.372,0,0,served,VEH001,1,2026-03-16-VEH001-T1,0.0
2026-03-16,ORD0095685,2026-03-16,OUT014,Fresh,fresh_chilled,Colombo,Peliyagoda,False,318.8,1.922,0,0,served,VEH001,1,2026-03-16-VEH001-T1,0.0
2026-03-16,ORD0095686,2026-03-16,OUT025,Fresh,fresh_dry,Gampaha,Peliyagoda,False,192.0,1.028,0,0,served,VEH006,2,2026-03-16-VEH006-T2,0.0
2026-03-16,ORD0095687,2026-03-16,OUT025,Fresh,fresh_chilled,Gampaha,Peliyagoda,False,186.9,1.077,0,0,served,VEH005,1,2026-03-16-VEH005-T1,0.0
2026-03-16,ORD0095688,2026-03-16,OUT026,Fresh,fresh_dry,Gampaha,Peliyagoda,False,220.2,1.273,0,0,served,VEH034,2,2026-03-16-VEH034-T2,0.0
2026-03-16,ORD0095689,2026-03-16,OUT027,Fresh,fresh_dry,Gampaha,Peliyagoda,False,324.8,1.788,0,0,served,VEH005,1,2026-03-16-VEH005-T1,0.0
2026-03-16,ORD0095690,2026-03-16,OUT027,Fresh,fresh_chilled,Gampaha,Peliyagoda,False,274.0,1.613,0,0,served,VEH005,1,2026-03-16-VEH005-T1,0.0
2026-03-16,ORD0095691,2026-03-16,OUT028,Fresh,fresh_dry,Gampaha,Peliyagoda,False,440.0,2.327,0,0,served,VEH034,2,2026-03-16-VEH034-T2,0.0
2026-03-16,ORD0095692,2026-03-16,OUT029,Fresh,fresh_dry,Gampaha,Peliyagoda,False,371.1,1.822,0,0,served,VEH005,1,2026-03-16-VEH005-T1,0.0
2026-03-16,ORD0095693,2026-03-16,OUT029,Fresh,fresh_chilled,Gampaha,Peliyagoda,False,372.2,1.921,0,0,served,VEH005,1,2026-03-16-VEH005-T1,0.0
2026-03-16,ORD0095694,2026-03-16,OUT030,Fresh,fresh_dry,Gampaha,Peliyagoda,False,307.1,1.681,0,0,served,VEH005,1,2026-03-16-VEH005-T1,0.0
2026-03-16,ORD0095695,2026-03-16,OUT030,Fresh,fresh_chilled,Gampaha,Peliyagoda,False,438.1,2.231,0,0,served,VEH005,1,2026-03-16-VEH005-T1,0.0
2026-03-16,ORD0095696,2026-03-16,OUT031,Fresh,fresh_dry,Gampaha,Peliyagoda,False,1092.3,5.491,0,0,served,VEH005,1,2026-03-16-VEH005-T1,0.0
2026-03-16,ORD0095697,2026-03-16,OUT031,Fresh,fresh_chilled,Gampaha,Peliyagoda,False,925.2,4.523,0,0,served,VEH005,1,2026-03-16-VEH005-T1,0.0
2026-03-16,ORD0095698,2026-03-16,OUT032,Fresh,fresh_dry,Gampaha,Peliyagoda,False,773.9,4.034,0,0,served,VEH034,2,2026-03-16-VEH034-T2,0.0
2026-03-16,ORD0095699,2026-03-16,OUT033,Fresh,fresh_dry,Gampaha,Peliyagoda,False,466.1,2.511,0,0,served,VEH034,2,2026-03-16-VEH034-T2,0.0
2026-03-16,ORD0095700,2026-03-16,OUT033,Fresh,fresh_chilled,Gampaha,Peliyagoda,False,472.0,2.535,0,0,served,VEH005,1,2026-03-16-VEH005-T1,0.0
2026-03-16,ORD0095701,2026-03-16,OUT034,Fresh,fresh_dry,Gampaha,Peliyagoda,False,391.0,2.273,0,0,served,VEH006,2,2026-03-16-VEH006-T2,0.0
2026-03-16,ORD0095702,2026-03-16,OUT040,Fresh,fresh_dry,Kalutara,Peliyagoda,False,729.7,3.719,0,0,served,VEH017,1,2026-03-16-VEH017-T1,0.0
2026-03-16,ORD0095703,2026-03-16,OUT040,Fresh,fresh_chilled,Kalutara,Peliyagoda,False,366.6,2.124,0,0,served,VEH003,1,2026-03-16-VEH003-T1,0.0
2026-03-16,ORD0095704,2026-03-16,OUT041,Fresh,fresh_dry,Kalutara,Peliyagoda,False,341.1,1.824,0,0,served,VEH017,1,2026-03-16-VEH017-T1,0.0
2026-03-16,ORD0095705,2026-03-16,OUT042,Fresh,fresh_dry,Kalutara,Peliyagoda,False,623.5,3.68,0,0,served,VEH017,1,2026-03-16-VEH017-T1,0.0
2026-03-16,ORD0095706,2026-03-16,OUT042,Fresh,fresh_chilled,Kalutara,Peliyagoda,False,666.1,3.503,0,0,served,VEH003,1,2026-03-16-VEH003-T1,0.0
2026-03-16,ORD0095707,2026-03-16,OUT043,Fresh,fresh_dry,Kalutara,Peliyagoda,False,187.4,0.992,0,0,served,VEH003,1,2026-03-16-VEH003-T1,0.0
2026-03-16,ORD0095708,2026-03-16,OUT043,Fresh,fresh_chilled,Kalutara,Peliyagoda,False,217.1,1.097,0,0,served,VEH003,1,2026-03-16-VEH003-T1,0.0
2026-03-16,ORD0095709,2026-03-16,OUT044,Fresh,fresh_dry,Kalutara,Peliyagoda,False,326.6,1.916,0,0,served,VEH017,1,2026-03-16-VEH017-T1,0.0
2026-03-16,ORD0095710,2026-03-16,OUT044,Fresh,fresh_chilled,Kalutara,Peliyagoda,False,263.9,1.375,0,0,served,VEH003,1,2026-03-16-VEH003-T1,0.0
2026-03-16,ORD0095711,2026-03-16,OUT045,Fresh,fresh_dry,Kalutara,Peliyagoda,False,217.3,1.143,0,0,served,VEH003,1,2026-03-16-VEH003-T1,0.0
2026-03-16,ORD0095712,2026-03-16,OUT045,Fresh,fresh_chilled,Kalutara,Peliyagoda,False,220.8,1.192,0,0,served,VEH003,1,2026-03-16-VEH003-T1,0.0
2026-03-16,ORD0095713,2026-03-16,OUT046,Fresh,fresh_dry,Kalutara,Peliyagoda,False,242.4,1.33,0,0,served,VEH017,1,2026-03-16-VEH017-T1,0.0
2026-03-16,ORD0095714,2026-03-16,OUT047,Style,style,Kalutara,Peliyagoda,False,421.9,7.047,0,0,served,VEH038,2,2026-03-16-VEH038-T2,0.0
2026-03-16,ORD0095715,2026-03-16,OUT048,Style,style,Kalutara,Peliyagoda,False,420.6,6.828,0,0,served,VEH037,2,2026-03-16-VEH037-T2,0.0
2026-03-16,ORD0095716,2026-03-16,OUT050,Fresh,fresh_dry,Galle,Peliyagoda,False,372.3,2.006,0,0,served,VEH016,1,2026-03-16-VEH016-T1,0.0
2026-03-16,ORD0095717,2026-03-16,OUT050,Fresh,fresh_chilled,Galle,Peliyagoda,False,359.8,2.125,0,0,served,VEH007,1,2026-03-16-VEH007-T1,0.0
2026-03-16,ORD0095718,2026-03-16,OUT051,Fresh,fresh_dry,Galle,Peliyagoda,False,204.5,1.077,0,0,served,VEH007,1,2026-03-16-VEH007-T1,0.0
2026-03-16,ORD0095719,2026-03-16,OUT051,Fresh,fresh_chilled,Galle,Peliyagoda,False,131.9,0.734,0,0,served,VEH007,1,2026-03-16-VEH007-T1,0.0
2026-03-16,ORD0095720,2026-03-16,OUT052,Fresh,fresh_dry,Galle,Peliyagoda,False,506.1,2.736,0,0,served,VEH016,1,2026-03-16-VEH016-T1,0.0
2026-03-16,ORD0095721,2026-03-16,OUT053,Fresh,fresh_dry,Galle,Peliyagoda,False,172.7,1.02,0,0,served,VEH007,1,2026-03-16-VEH007-T1,0.0
2026-03-16,ORD0095722,2026-03-16,OUT053,Fresh,fresh_chilled,Galle,Peliyagoda,False,217.0,1.098,0,0,served,VEH007,1,2026-03-16-VEH007-T1,0.0
2026-03-16,ORD0095723,2026-03-16,OUT054,Fresh,fresh_dry,Galle,Peliyagoda,False,662.4,3.41,0,0,served,VEH007,1,2026-03-16-VEH007-T1,0.0
2026-03-16,ORD0095724,2026-03-16,OUT054,Fresh,fresh_chilled,Galle,Peliyagoda,False,633.5,3.241,0,0,served,VEH007,1,2026-03-16-VEH007-T1,0.0
2026-03-16,ORD0095725,2026-03-16,OUT055,Fresh,fresh_dry,Galle,Peliyagoda,False,368.5,1.852,0,0,served,VEH016,1,2026-03-16-VEH016-T1,0.0
2026-03-16,ORD0095726,2026-03-16,OUT059,Fresh,fresh_dry,Matara,Peliyagoda,False,450.5,2.32,0,0,served,VEH015,1,2026-03-16-VEH015-T1,0.0
2026-03-16,ORD0095727,2026-03-16,OUT059,Fresh,fresh_chilled,Matara,Peliyagoda,False,318.0,1.651,0,0,served,VEH035,1,2026-03-16-VEH035-T1,0.0
2026-03-16,ORD0095728,2026-03-16,OUT060,Fresh,fresh_dry,Matara,Peliyagoda,False,299.4,1.747,0,0,served,VEH015,1,2026-03-16-VEH015-T1,0.0
2026-03-16,ORD0095729,2026-03-16,OUT061,Fresh,fresh_dry,Matara,Peliyagoda,False,266.2,1.348,0,0,served,VEH015,1,2026-03-16-VEH015-T1,0.0
2026-03-16,ORD0095730,2026-03-16,OUT061,Fresh,fresh_chilled,Matara,Peliyagoda,False,167.9,0.912,0,0,served,VEH035,1,2026-03-16-VEH035-T1,0.0
2026-03-16,ORD0095731,2026-03-16,OUT062,Fresh,fresh_dry,Matara,Peliyagoda,False,382.1,2.048,0,0,served,VEH015,1,2026-03-16-VEH015-T1,0.0
2026-03-16,ORD0095732,2026-03-16,OUT062,Fresh,fresh_chilled,Matara,Peliyagoda,False,476.5,2.458,0,0,served,VEH035,1,2026-03-16-VEH035-T1,0.0
2026-03-16,ORD0095733,2026-03-16,OUT065,Fresh,fresh_dry,Kurunegala,Peliyagoda,False,483.9,2.788,0,1,served,VEH025,1,2026-03-16-VEH025-T1,0.0
2026-03-16,ORD0095734,2026-03-16,OUT066,Fresh,fresh_dry,Kurunegala,Peliyagoda,False,384.8,2.01,0,0,served,VEH025,1,2026-03-16-VEH025-T1,0.0
2026-03-16,ORD0095735,2026-03-16,OUT067,Fresh,fresh_dry,Kurunegala,Peliyagoda,False,312.2,1.643,0,0,served,VEH025,1,2026-03-16-VEH025-T1,0.0
2026-03-16,ORD0095736,2026-03-16,OUT068,Fresh,fresh_dry,Kurunegala,Peliyagoda,False,369.2,2.141,0,0,served,VEH002,1,2026-03-16-VEH002-T1,0.0
2026-03-16,ORD0095737,2026-03-16,OUT068,Fresh,fresh_chilled,Kurunegala,Peliyagoda,False,311.2,1.709,0,0,served,VEH002,1,2026-03-16-VEH002-T1,0.0
2026-03-16,ORD0095738,2026-03-16,OUT069,Fresh,fresh_dry,Kurunegala,Peliyagoda,False,320.0,1.763,0,0,served,VEH002,1,2026-03-16-VEH002-T1,0.0
2026-03-16,ORD0095739,2026-03-16,OUT069,Fresh,fresh_chilled,Kurunegala,Peliyagoda,False,198.6,1.136,0,0,served,VEH002,1,2026-03-16-VEH002-T1,0.0
2026-03-16,ORD0095740,2026-03-16,OUT073,Fresh,fresh_dry,Puttalam,Peliyagoda,False,306.4,1.627,0,0,served,VEH038,1,2026-03-16-VEH038-T1,0.0
2026-03-16,ORD0095741,2026-03-16,OUT073,Fresh,fresh_chilled,Puttalam,Peliyagoda,False,371.4,1.855,0,0,served,VEH036,1,2026-03-16-VEH036-T1,0.0
2026-03-16,ORD0095742,2026-03-16,OUT074,Fresh,fresh_dry,Puttalam,Peliyagoda,False,330.9,1.964,0,0,served,VEH038,1,2026-03-16-VEH038-T1,0.0
2026-03-16,ORD0095743,2026-03-16,OUT074,Fresh,fresh_chilled,Puttalam,Peliyagoda,False,282.1,1.8,0,0,served,VEH036,1,2026-03-16-VEH036-T1,0.0
2026-03-16,ORD0095744,2026-03-16,OUT075,Fresh,fresh_dry,Puttalam,Peliyagoda,False,171.6,0.921,0,0,served,VEH038,1,2026-03-16-VEH038-T1,0.0
2026-03-16,ORD0095745,2026-03-16,OUT075,Fresh,fresh_chilled,Puttalam,Peliyagoda,False,258.8,1.234,0,0,served,VEH036,1,2026-03-16-VEH036-T1,0.0
2026-03-16,ORD0095746,2026-03-16,OUT076,Fresh,fresh_dry,Kandy,Kandy,True,163.9,0.879,0,0,served,VEH059,1,2026-03-16-VEH059-T1,0.0
2026-03-16,ORD0095747,2026-03-16,OUT077,Fresh,fresh_dry,Kandy,Kandy,True,88.1,0.462,0,0,served,VEH058,1,2026-03-16-VEH058-T1,0.0
2026-03-16,ORD0095748,2026-03-16,OUT077,Fresh,fresh_chilled,Kandy,Kandy,True,85.7,0.435,0,0,served,VEH058,1,2026-03-16-VEH058-T1,0.0
2026-03-16,ORD0095749,2026-03-16,OUT078,Fresh,fresh_dry,Kandy,Kandy,True,177.1,0.881,0,0,served,VEH058,1,2026-03-16-VEH058-T1,0.0
2026-03-16,ORD0095750,2026-03-16,OUT078,Fresh,fresh_chilled,Kandy,Kandy,True,167.7,0.868,0,0,served,VEH058,1,2026-03-16-VEH058-T1,0.0
2026-03-16,ORD0095751,2026-03-16,OUT079,Fresh,fresh_dry,Kandy,Kandy,True,119.4,0.637,0,0,served,VEH058,2,2026-03-16-VEH058-T2,0.0
2026-03-16,ORD0095752,2026-03-16,OUT079,Fresh,fresh_chilled,Kandy,Kandy,True,143.2,0.761,0,0,served,VEH058,2,2026-03-16-VEH058-T2,0.0
2026-03-16,ORD0095753,2026-03-16,OUT080,Fresh,fresh_dry,Kandy,Kandy,True,117.6,0.59,0,0,served,VEH058,1,2026-03-16-VEH058-T1,0.0
2026-03-16,ORD0095754,2026-03-16,OUT081,Fresh,fresh_dry,Kandy,Kandy,True,155.0,0.816,0,0,served,VEH059,1,2026-03-16-VEH059-T1,0.0
2026-03-16,ORD0095755,2026-03-16,OUT082,Fresh,fresh_dry,Kandy,Kandy,True,117.1,0.645,0,0,served,VEH058,1,2026-03-16-VEH058-T1,0.0
2026-03-16,ORD0095756,2026-03-16,OUT082,Fresh,fresh_chilled,Kandy,Kandy,True,72.3,0.358,0,0,served,VEH058,1,2026-03-16-VEH058-T1,0.0
2026-03-16,ORD0095757,2026-03-16,OUT083,Fresh,fresh_dry,Kandy,Kandy,True,111.4,0.524,0,0,served,VEH059,1,2026-03-16-VEH059-T1,0.0
2026-03-16,ORD0095758,2026-03-16,OUT084,Fresh,fresh_dry,Kandy,Kandy,False,172.8,1.018,0,0,served,VEH058,1,2026-03-16-VEH058-T1,0.0
2026-03-16,ORD0095759,2026-03-16,OUT085,Fresh,fresh_dry,Kandy,Kandy,False,250.0,1.297,0,0,served,VEH059,1,2026-03-16-VEH059-T1,0.0
2026-03-16,ORD0095760,2026-03-16,OUT085,Fresh,fresh_chilled,Kandy,Kandy,False,425.7,2.143,0,0,served,VEH043,1,2026-03-16-VEH043-T1,0.0
2026-03-16,ORD0095761,2026-03-16,OUT086,Fresh,fresh_dry,Kandy,Kandy,False,264.8,1.498,0,0,served,VEH043,1,2026-03-16-VEH043-T1,0.0
2026-03-16,ORD0095762,2026-03-16,OUT086,Fresh,fresh_chilled,Kandy,Kandy,False,239.9,1.259,0,0,served,VEH043,1,2026-03-16-VEH043-T1,0.0
2026-03-16,ORD0095763,2026-03-16,OUT087,Fresh,fresh_dry,Kandy,Kandy,False,387.2,2.08,0,0,served,VEH043,1,2026-03-16-VEH043-T1,0.0
2026-03-16,ORD0095764,2026-03-16,OUT087,Fresh,fresh_chilled,Kandy,Kandy,False,191.5,1.096,0,0,served,VEH043,1,2026-03-16-VEH043-T1,0.0
2026-03-16,ORD0095765,2026-03-16,OUT096,Fresh,fresh_dry,Matale,Kandy,False,202.8,1.168,0,0,served,VEH042,1,2026-03-16-VEH042-T1,0.0
2026-03-16,ORD0095766,2026-03-16,OUT096,Fresh,fresh_chilled,Matale,Kandy,False,164.1,0.925,0,0,served,VEH042,1,2026-03-16-VEH042-T1,0.0
2026-03-16,ORD0095767,2026-03-16,OUT097,Fresh,fresh_dry,Matale,Kandy,False,424.7,2.359,0,0,served,VEH042,1,2026-03-16-VEH042-T1,0.0
2026-03-16,ORD0095768,2026-03-16,OUT098,Fresh,fresh_dry,Matale,Kandy,False,383.9,2.03,0,0,served,VEH043,2,2026-03-16-VEH043-T2,0.0
2026-03-16,ORD0095769,2026-03-16,OUT098,Fresh,fresh_chilled,Matale,Kandy,False,453.4,2.426,0,0,served,VEH043,2,2026-03-16-VEH043-T2,0.0
2026-03-16,ORD0095770,2026-03-16,OUT099,Fresh,fresh_dry,Matale,Kandy,False,534.6,2.678,0,0,served,VEH042,1,2026-03-16-VEH042-T1,0.0
2026-03-16,ORD0095771,2026-03-16,OUT099,Fresh,fresh_chilled,Matale,Kandy,False,293.8,1.573,0,0,served,VEH042,1,2026-03-16-VEH042-T1,0.0
2026-03-16,ORD0095772,2026-03-16,OUT100,Fresh,fresh_dry,Matale,Kandy,False,496.3,2.818,0,0,served,VEH042,1,2026-03-16-VEH042-T1,0.0
2026-03-16,ORD0095773,2026-03-16,OUT101,Fresh,fresh_dry,Matale,Kandy,False,309.2,1.63,0,0,served,VEH043,2,2026-03-16-VEH043-T2,0.0
2026-03-16,ORD0095774,2026-03-16,OUT101,Fresh,fresh_chilled,Matale,Kandy,False,538.2,2.581,0,0,served,VEH043,2,2026-03-16-VEH043-T2,0.0
2026-03-16,ORD0095775,2026-03-16,OUT102,Style,style,Matale,Kandy,False,683.0,10.672,0,0,served,VEH041,2,2026-03-16-VEH041-T2,0.0
2026-03-16,ORD0095776,2026-03-16,OUT103,Tech,tech,Matale,Kandy,False,619.9,2.143,0,0,served,VEH060,2,2026-03-16-VEH060-T2,0.0
2026-03-16,ORD0095777,2026-03-16,OUT104,Fresh,fresh_dry,Nuwara Eliya,Kandy,False,252.9,1.345,0,0,served,VEH059,2,2026-03-16-VEH059-T2,0.0
2026-03-16,ORD0095778,2026-03-16,OUT105,Fresh,fresh_dry,Nuwara Eliya,Kandy,False,215.9,1.261,0,0,served,VEH039,1,2026-03-16-VEH039-T1,0.0
2026-03-16,ORD0095779,2026-03-16,OUT105,Fresh,fresh_chilled,Nuwara Eliya,Kandy,False,138.7,0.753,0,0,served,VEH039,1,2026-03-16-VEH039-T1,0.0
2026-03-16,ORD0095780,2026-03-16,OUT106,Fresh,fresh_dry,Nuwara Eliya,Kandy,False,343.9,1.872,0,0,served,VEH059,2,2026-03-16-VEH059-T2,0.0
2026-03-16,ORD0095781,2026-03-16,OUT107,Fresh,fresh_dry,Nuwara Eliya,Kandy,False,340.8,1.824,0,0,served,VEH039,1,2026-03-16-VEH039-T1,0.0
2026-03-16,ORD0095782,2026-03-16,OUT108,Fresh,fresh_dry,Nuwara Eliya,Kandy,False,503.7,2.343,0,0,served,VEH039,1,2026-03-16-VEH039-T1,0.0
2026-03-16,ORD0095783,2026-03-16,OUT108,Fresh,fresh_chilled,Nuwara Eliya,Kandy,False,217.5,1.28,0,0,served,VEH039,1,2026-03-16-VEH039-T1,0.0
2026-03-16,ORD0095784,2026-03-16,OUT110,Fresh,fresh_dry,Badulla,Kandy,False,283.6,1.509,0,0,served,VEH056,1,2026-03-16-VEH056-T1,0.0
2026-03-16,ORD0095785,2026-03-16,OUT110,Fresh,fresh_chilled,Badulla,Kandy,False,215.0,1.108,0,0,served,VEH057,1,2026-03-16-VEH057-T1,0.0
2026-03-16,ORD0095786,2026-03-16,OUT111,Fresh,fresh_dry,Badulla,Kandy,False,180.8,0.975,0,0,served,VEH060,1,2026-03-16-VEH060-T1,0.0
2026-03-16,ORD0095787,2026-03-16,OUT111,Fresh,fresh_chilled,Badulla,Kandy,False,126.4,0.709,0,0,served,VEH057,1,2026-03-16-VEH057-T1,0.0
2026-03-16,ORD0095788,2026-03-16,OUT112,Fresh,fresh_dry,Badulla,Kandy,False,510.6,2.53,0,0,served,VEH060,1,2026-03-16-VEH060-T1,0.0
2026-03-16,ORD0095789,2026-03-16,OUT113,Fresh,fresh_dry,Badulla,Kandy,False,517.0,2.698,0,0,served,VEH041,1,2026-03-16-VEH041-T1,0.0
2026-03-16,ORD0095790,2026-03-16,OUT113,Fresh,fresh_chilled,Badulla,Kandy,False,362.8,1.865,0,0,served,VEH041,1,2026-03-16-VEH041-T1,0.0
2026-03-16,ORD0095791,2026-03-16,OUT114,Style,style,Badulla,Kandy,False,598.7,9.085,0,0,served,VEH056,2,2026-03-16-VEH056-T2,0.0
2026-03-16,ORD0095792,2026-03-16,OUT116,Fresh,fresh_dry,Kegalle,Kandy,False,476.2,2.749,0,0,served,VEH040,1,2026-03-16-VEH040-T1,0.0
2026-03-16,ORD0095793,2026-03-16,OUT116,Fresh,fresh_chilled,Kegalle,Kandy,False,271.4,1.606,0,0,served,VEH040,1,2026-03-16-VEH040-T1,0.0
2026-03-16,ORD0095794,2026-03-16,OUT117,Fresh,fresh_dry,Kegalle,Kandy,False,498.9,2.721,0,0,served,VEH040,1,2026-03-16-VEH040-T1,0.0
2026-03-16,ORD0095795,2026-03-16,OUT118,Fresh,fresh_dry,Kegalle,Kandy,False,744.7,4.361,0,0,served,VEH040,1,2026-03-16-VEH040-T1,0.0
2026-03-16,ORD0095796,2026-03-16,OUT118,Fresh,fresh_chilled,Kegalle,Kandy,False,455.2,2.504,0,0,served,VEH040,1,2026-03-16-VEH040-T1,0.0
2026-03-16,ORD0095797,2026-03-16,OUT119,Fresh,fresh_dry,Kegalle,Kandy,False,313.9,1.74,0,0,served,VEH040,1,2026-03-16-VEH040-T1,0.0
2026-03-16,ORD0095798,2026-03-16,OUT119,Fresh,fresh_chilled,Kegalle,Kandy,False,356.4,1.929,0,0,served,VEH040,1,2026-03-16-VEH040-T1,0.0
2026-03-17,ORD0095799,2026-03-17,OUT001,Fresh,fresh_dry,Colombo,Peliyagoda,True,75.1,0.384,0,0,served,VEH036,2,2026-03-17-VEH036-T2,0.0
2026-03-17,ORD0095800,2026-03-17,OUT001,Fresh,fresh_chilled,Colombo,Peliyagoda,True,118.6,0.686,0,0,served,VEH036,2,2026-03-17-VEH036-T2,0.0
2026-03-17,ORD0095801,2026-03-17,OUT002,Fresh,fresh_dry,Colombo,Peliyagoda,True,80.0,0.447,0,0,served,VEH036,2,2026-03-17-VEH036-T2,0.0
2026-03-17,ORD0095802,2026-03-17,OUT002,Fresh,fresh_chilled,Colombo,Peliyagoda,True,99.7,0.479,0,0,served,VEH036,2,2026-03-17-VEH036-T2,0.0
2026-03-17,ORD0095803,2026-03-17,OUT003,Fresh,fresh_dry,Colombo,Peliyagoda,True,82.9,0.467,0,0,served,VEH037,1,2026-03-17-VEH037-T1,0.0
2026-03-17,ORD0095804,2026-03-17,OUT004,Fresh,fresh_dry,Colombo,Peliyagoda,False,193.9,1.021,0,0,served,VEH037,2,2026-03-17-VEH037-T2,0.0
2026-03-17,ORD0095805,2026-03-17,OUT005,Fresh,fresh_dry,Colombo,Peliyagoda,False,324.5,1.865,0,0,served,VEH037,2,2026-03-17-VEH037-T2,0.0
2026-03-17,ORD0095806,2026-03-17,OUT006,Fresh,fresh_dry,Colombo,Peliyagoda,False,429.3,2.356,0,0,served,VEH006,1,2026-03-17-VEH006-T1,0.0
2026-03-17,ORD0095807,2026-03-17,OUT006,Fresh,fresh_chilled,Colombo,Peliyagoda,False,431.0,2.543,0,0,served,VEH006,1,2026-03-17-VEH006-T1,0.0
2026-03-17,ORD0095808,2026-03-17,OUT007,Fresh,fresh_dry,Colombo,Peliyagoda,False,449.0,2.777,0,0,served,VEH037,1,2026-03-17-VEH037-T1,0.0
2026-03-17,ORD0095809,2026-03-17,OUT008,Fresh,fresh_dry,Colombo,Peliyagoda,False,239.6,1.248,0,0,served,VEH006,1,2026-03-17-VEH006-T1,0.0
2026-03-17,ORD0095810,2026-03-17,OUT008,Fresh,fresh_chilled,Colombo,Peliyagoda,False,176.2,0.968,0,0,served,VEH036,2,2026-03-17-VEH036-T2,0.0
2026-03-17,ORD0095811,2026-03-17,OUT009,Fresh,fresh_dry,Colombo,Peliyagoda,False,258.3,1.415,0,0,served,VEH006,1,2026-03-17-VEH006-T1,0.0
2026-03-17,ORD0095812,2026-03-17,OUT009,Fresh,fresh_chilled,Colombo,Peliyagoda,False,300.1,1.573,0,0,served,VEH006,1,2026-03-17-VEH006-T1,0.0
2026-03-17,ORD0095813,2026-03-17,OUT010,Fresh,fresh_dry,Colombo,Peliyagoda,False,310.5,1.72,0,0,served,VEH006,1,2026-03-17-VEH006-T1,0.0
2026-03-17,ORD0095814,2026-03-17,OUT010,Fresh,fresh_chilled,Colombo,Peliyagoda,False,257.3,1.381,0,0,served,VEH036,2,2026-03-17-VEH036-T2,0.0
2026-03-17,ORD0095815,2026-03-17,OUT011,Fresh,fresh_dry,Colombo,Peliyagoda,False,325.6,1.878,0,0,served,VEH006,1,2026-03-17-VEH006-T1,0.0
2026-03-17,ORD0095816,2026-03-17,OUT011,Fresh,fresh_chilled,Colombo,Peliyagoda,False,238.1,1.337,0,0,served,VEH006,1,2026-03-17-VEH006-T1,0.0
2026-03-17,ORD0095817,2026-03-17,OUT012,Fresh,fresh_dry,Colombo,Peliyagoda,False,291.3,1.71,0,0,served,VEH037,1,2026-03-17-VEH037-T1,0.0
2026-03-17,ORD0095818,2026-03-17,OUT012,Fresh,fresh_chilled,Colombo,Peliyagoda,False,188.3,1.09,0,0,served,VEH036,2,2026-03-17-VEH036-T2,0.0
2026-03-17,ORD0095819,2026-03-17,OUT013,Fresh,fresh_dry,Colombo,Peliyagoda,False,816.8,3.924,0,0,served,VEH006,1,2026-03-17-VEH006-T1,0.0
2026-03-17,ORD0095820,2026-03-17,OUT014,Fresh,fresh_dry,Colombo,Peliyagoda,False,218.9,1.092,0,0,served,VEH037,1,2026-03-17-VEH037-T1,0.0
2026-03-17,ORD0095821,2026-03-17,OUT021,Tech,tech,Colombo,Peliyagoda,False,1804.6,6.135,0,0,served,VEH008,2,2026-03-17-VEH008-T2,0.0
2026-03-17,ORD0095822,2026-03-17,OUT024,Tech,tech,Colombo,Peliyagoda,False,516.1,1.937,0,0,served,VEH008,2,2026-03-17-VEH008-T2,0.0
2026-03-17,ORD0095823,2026-03-17,OUT025,Fresh,fresh_dry,Gampaha,Peliyagoda,False,202.7,1.113,0,0,served,VEH003,1,2026-03-17-VEH003-T1,0.0
2026-03-17,ORD0095824,2026-03-17,OUT025,Fresh,fresh_chilled,Gampaha,Peliyagoda,False,121.5,0.653,0,0,served,VEH003,1,2026-03-17-VEH003-T1,0.0
2026-03-17,ORD0095825,2026-03-17,OUT026,Fresh,fresh_dry,Gampaha,Peliyagoda,False,250.2,1.38,0,0,served,VEH017,1,2026-03-17-VEH017-T1,0.0
2026-03-17,ORD0095826,2026-03-17,OUT026,Fresh,fresh_chilled,Gampaha,Peliyagoda,False,168.2,0.894,0,0,served,VEH003,1,2026-03-17-VEH003-T1,0.0
2026-03-17,ORD0095827,2026-03-17,OUT027,Fresh,fresh_dry,Gampaha,Peliyagoda,False,287.4,1.552,0,0,served,VEH017,1,2026-03-17-VEH017-T1,0.0
2026-03-17,ORD0095828,2026-03-17,OUT027,Fresh,fresh_chilled,Gampaha,Peliyagoda,False,227.2,1.075,0,0,served,VEH003,1,2026-03-17-VEH003-T1,0.0
2026-03-17,ORD0095829,2026-03-17,OUT028,Fresh,fresh_dry,Gampaha,Peliyagoda,False,331.3,1.866,0,0,served,VEH017,1,2026-03-17-VEH017-T1,0.0
2026-03-17,ORD0095830,2026-03-17,OUT028,Fresh,fresh_chilled,Gampaha,Peliyagoda,False,327.3,1.67,0,0,served,VEH003,1,2026-03-17-VEH003-T1,0.0
2026-03-17,ORD0095831,2026-03-17,OUT029,Fresh,fresh_dry,Gampaha,Peliyagoda,False,286.1,1.475,0,0,served,VEH017,1,2026-03-17-VEH017-T1,0.0
2026-03-17,ORD0095832,2026-03-17,OUT029,Fresh,fresh_chilled,Gampaha,Peliyagoda,False,340.2,1.701,0,0,served,VEH003,1,2026-03-17-VEH003-T1,0.0
2026-03-17,ORD0095833,2026-03-17,OUT030,Fresh,fresh_dry,Gampaha,Peliyagoda,False,256.9,1.418,0,0,served,VEH017,1,2026-03-17-VEH017-T1,0.0
2026-03-17,ORD0095834,2026-03-17,OUT030,Fresh,fresh_chilled,Gampaha,Peliyagoda,False,293.8,1.69,0,0,served,VEH003,1,2026-03-17-VEH003-T1,0.0
2026-03-17,ORD0095835,2026-03-17,OUT031,Fresh,fresh_dry,Gampaha,Peliyagoda,False,1004.1,5.058,0,0,served,VEH003,1,2026-03-17-VEH003-T1,0.0
2026-03-17,ORD0095836,2026-03-17,OUT031,Fresh,fresh_chilled,Gampaha,Peliyagoda,False,864.3,4.422,0,0,served,VEH003,1,2026-03-17-VEH003-T1,0.0
2026-03-17,ORD0095837,2026-03-17,OUT032,Fresh,fresh_dry,Gampaha,Peliyagoda,False,469.9,2.631,0,0,served,VEH036,1,2026-03-17-VEH036-T1,0.0
2026-03-17,ORD0095838,2026-03-17,OUT032,Fresh,fresh_chilled,Gampaha,Peliyagoda,False,532.7,3.017,0,0,served,VEH036,1,2026-03-17-VEH036-T1,0.0
2026-03-17,ORD0095839,2026-03-17,OUT033,Fresh,fresh_dry,Gampaha,Peliyagoda,False,458.5,2.349,0,0,served,VEH017,1,2026-03-17-VEH017-T1,0.0
2026-03-17,ORD0095840,2026-03-17,OUT034,Fresh,fresh_dry,Gampaha,Peliyagoda,False,347.8,1.922,0,0,served,VEH017,1,2026-03-17-VEH017-T1,0.0
2026-03-17,ORD0095841,2026-03-17,OUT034,Fresh,fresh_chilled,Gampaha,Peliyagoda,False,376.5,2.242,0,0,served,VEH003,1,2026-03-17-VEH003-T1,0.0
2026-03-17,ORD0095842,2026-03-17,OUT040,Fresh,fresh_dry,Kalutara,Peliyagoda,False,468.7,2.392,0,0,served,VEH008,1,2026-03-17-VEH008-T1,0.0
2026-03-17,ORD0095843,2026-03-17,OUT040,Fresh,fresh_chilled,Kalutara,Peliyagoda,False,329.0,1.751,0,0,served,VEH004,1,2026-03-17-VEH004-T1,0.0
2026-03-17,ORD0095844,2026-03-17,OUT041,Fresh,fresh_dry,Kalutara,Peliyagoda,False,265.5,1.515,0,0,served,VEH008,1,2026-03-17-VEH008-T1,0.0
2026-03-17,ORD0095845,2026-03-17,OUT041,Fresh,fresh_chilled,Kalutara,Peliyagoda,False,195.8,1.164,0,0,served,VEH004,1,2026-03-17-VEH004-T1,0.0
2026-03-17,ORD0095846,2026-03-17,OUT042,Fresh,fresh_dry,Kalutara,Peliyagoda,False,949.8,5.128,0,0,served,VEH008,1,2026-03-17-VEH008-T1,0.0
2026-03-17,ORD0095847,2026-03-17,OUT042,Fresh,fresh_chilled,Kalutara,Peliyagoda,False,601.7,2.892,0,0,served,VEH004,1,2026-03-17-VEH004-T1,0.0
2026-03-17,ORD0095848,2026-03-17,OUT043,Fresh,fresh_dry,Kalutara,Peliyagoda,False,119.0,0.759,0,0,served,VEH008,1,2026-03-17-VEH008-T1,0.0
2026-03-17,ORD0095849,2026-03-17,OUT043,Fresh,fresh_chilled,Kalutara,Peliyagoda,False,182.5,0.962,0,0,served,VEH004,1,2026-03-17-VEH004-T1,0.0
2026-03-17,ORD0095850,2026-03-17,OUT044,Fresh,fresh_dry,Kalutara,Peliyagoda,False,272.4,1.334,0,0,served,VEH008,1,2026-03-17-VEH008-T1,0.0
2026-03-17,ORD0095851,2026-03-17,OUT044,Fresh,fresh_chilled,Kalutara,Peliyagoda,False,155.7,0.887,0,0,served,VEH004,1,2026-03-17-VEH004-T1,0.0
2026-03-17,ORD0095852,2026-03-17,OUT045,Fresh,fresh_dry,Kalutara,Peliyagoda,False,210.6,1.054,0,0,served,VEH008,1,2026-03-17-VEH008-T1,0.0
2026-03-17,ORD0095853,2026-03-17,OUT045,Fresh,fresh_chilled,Kalutara,Peliyagoda,False,229.2,1.296,0,0,served,VEH004,1,2026-03-17-VEH004-T1,0.0
2026-03-17,ORD0095854,2026-03-17,OUT046,Fresh,fresh_dry,Kalutara,Peliyagoda,False,215.1,1.215,0,0,served,VEH004,1,2026-03-17-VEH004-T1,0.0
2026-03-17,ORD0095855,2026-03-17,OUT046,Fresh,fresh_chilled,Kalutara,Peliyagoda,False,215.9,1.143,0,0,served,VEH004,1,2026-03-17-VEH004-T1,0.0
2026-03-17,ORD0095856,2026-03-17,OUT050,Fresh,fresh_dry,Galle,Peliyagoda,False,327.9,1.802,0,0,served,VEH005,1,2026-03-17-VEH005-T1,0.0
2026-03-17,ORD0095857,2026-03-17,OUT050,Fresh,fresh_chilled,Galle,Peliyagoda,False,439.6,2.185,0,0,served,VEH005,1,2026-03-17-VEH005-T1,0.0
2026-03-17,ORD0095858,2026-03-17,OUT051,Fresh,fresh_dry,Galle,Peliyagoda,False,182.5,1.005,0,0,served,VEH005,1,2026-03-17-VEH005-T1,0.0
2026-03-17,ORD0095859,2026-03-17,OUT051,Fresh,fresh_chilled,Galle,Peliyagoda,False,102.3,0.565,0,0,served,VEH005,1,2026-03-17-VEH005-T1,0.0
2026-03-17,ORD0095860,2026-03-17,OUT052,Fresh,fresh_dry,Galle,Peliyagoda,False,331.4,1.995,0,0,served,VEH025,1,2026-03-17-VEH025-T1,0.0
2026-03-17,ORD0095861,2026-03-17,OUT052,Fresh,fresh_chilled,Galle,Peliyagoda,False,328.4,1.743,0,0,served,VEH005,1,2026-03-17-VEH005-T1,0.0
2026-03-17,ORD0095862,2026-03-17,OUT053,Fresh,fresh_dry,Galle,Peliyagoda,False,156.2,0.882,0,0,served,VEH025,1,2026-03-17-VEH025-T1,0.0
2026-03-17,ORD0095863,2026-03-17,OUT054,Fresh,fresh_dry,Galle,Peliyagoda,False,389.9,2.16,0,0,served,VEH025,1,2026-03-17-VEH025-T1,0.0
2026-03-17,ORD0095864,2026-03-17,OUT055,Fresh,fresh_dry,Galle,Peliyagoda,False,338.2,1.736,0,0,served,VEH005,1,2026-03-17-VEH005-T1,0.0
2026-03-17,ORD0095865,2026-03-17,OUT055,Fresh,fresh_chilled,Galle,Peliyagoda,False,274.7,1.445,0,0,served,VEH005,1,2026-03-17-VEH005-T1,0.0
2026-03-17,ORD0095866,2026-03-17,OUT059,Fresh,fresh_dry,Matara,Peliyagoda,False,326.7,1.763,0,0,served,VEH038,1,2026-03-17-VEH038-T1,0.0
2026-03-17,ORD0095867,2026-03-17,OUT059,Fresh,fresh_chilled,Matara,Peliyagoda,False,340.0,1.79,0,0,served,VEH007,1,2026-03-17-VEH007-T1,0.0
2026-03-17,ORD0095868,2026-03-17,OUT060,Fresh,fresh_dry,Matara,Peliyagoda,False,314.6,1.683,0,0,served,VEH007,1,2026-03-17-VEH007-T1,0.0
2026-03-17,ORD0095869,2026-03-17,OUT060,Fresh,fresh_chilled,Matara,Peliyagoda,False,343.1,1.664,0,0,served,VEH007,1,2026-03-17-VEH007-T1,0.0
2026-03-17,ORD0095870,2026-03-17,OUT061,Fresh,fresh_dry,Matara,Peliyagoda,False,318.9,1.702,0,0,served,VEH038,1,2026-03-17-VEH038-T1,0.0
2026-03-17,ORD0095871,2026-03-17,OUT061,Fresh,fresh_chilled,Matara,Peliyagoda,False,239.0,1.199,0,0,served,VEH007,1,2026-03-17-VEH007-T1,0.0
2026-03-17,ORD0095872,2026-03-17,OUT062,Fresh,fresh_dry,Matara,Peliyagoda,False,468.5,2.388,0,0,served,VEH038,1,2026-03-17-VEH038-T1,0.0
2026-03-17,ORD0095873,2026-03-17,OUT062,Fresh,fresh_chilled,Matara,Peliyagoda,False,230.5,1.278,0,0,served,VEH007,1,2026-03-17-VEH007-T1,0.0
2026-03-17,ORD0095874,2026-03-17,OUT064,Tech,tech,Matara,Peliyagoda,False,402.0,1.186,0,0,served,VEH038,2,2026-03-17-VEH038-T2,0.0
2026-03-17,ORD0095875,2026-03-17,OUT065,Fresh,fresh_dry,Kurunegala,Peliyagoda,False,391.4,2.207,0,1,served,VEH001,1,2026-03-17-VEH001-T1,0.0
2026-03-17,ORD0095876,2026-03-17,OUT065,Fresh,fresh_chilled,Kurunegala,Peliyagoda,False,493.9,2.866,0,1,served,VEH001,1,2026-03-17-VEH001-T1,0.0
2026-03-17,ORD0095877,2026-03-17,OUT066,Fresh,fresh_dry,Kurunegala,Peliyagoda,False,284.9,1.765,0,0,served,VEH015,1,2026-03-17-VEH015-T1,0.0
2026-03-17,ORD0095878,2026-03-17,OUT066,Fresh,fresh_chilled,Kurunegala,Peliyagoda,False,269.7,1.542,0,0,served,VEH001,1,2026-03-17-VEH001-T1,0.0
2026-03-17,ORD0095879,2026-03-17,OUT067,Fresh,fresh_dry,Kurunegala,Peliyagoda,False,272.3,1.391,0,0,served,VEH015,1,2026-03-17-VEH015-T1,0.0
2026-03-17,ORD0095880,2026-03-17,OUT067,Fresh,fresh_chilled,Kurunegala,Peliyagoda,False,366.8,1.935,0,0,served,VEH001,1,2026-03-17-VEH001-T1,0.0
2026-03-17,ORD0095881,2026-03-17,OUT068,Fresh,fresh_dry,Kurunegala,Peliyagoda,False,308.9,1.5,0,0,served,VEH035,1,2026-03-17-VEH035-T1,0.0
2026-03-17,ORD0095882,2026-03-17,OUT068,Fresh,fresh_chilled,Kurunegala,Peliyagoda,False,368.3,2.158,0,0,served,VEH035,1,2026-03-17-VEH035-T1,0.0
2026-03-17,ORD0095883,2026-03-17,OUT069,Fresh,fresh_dry,Kurunegala,Peliyagoda,False,288.5,1.733,0,0,served,VEH015,1,2026-03-17-VEH015-T1,0.0
2026-03-17,ORD0095884,2026-03-17,OUT069,Fresh,fresh_chilled,Kurunegala,Peliyagoda,False,175.8,1.02,0,0,served,VEH035,1,2026-03-17-VEH035-T1,0.0
2026-03-17,ORD0095885,2026-03-17,OUT073,Fresh,fresh_dry,Puttalam,Peliyagoda,False,316.6,1.583,0,0,served,VEH002,1,2026-03-17-VEH002-T1,0.0
2026-03-17,ORD0095886,2026-03-17,OUT073,Fresh,fresh_chilled,Puttalam,Peliyagoda,False,282.3,1.507,0,0,served,VEH002,1,2026-03-17-VEH002-T1,0.0
2026-03-17,ORD0095887,2026-03-17,OUT074,Fresh,fresh_dry,Puttalam,Peliyagoda,False,316.1,1.664,0,0,served,VEH016,1,2026-03-17-VEH016-T1,0.0
2026-03-17,ORD0095888,2026-03-17,OUT075,Fresh,fresh_dry,Puttalam,Peliyagoda,False,233.3,1.142,0,0,served,VEH016,1,2026-03-17-VEH016-T1,0.0
2026-03-17,ORD0095889,2026-03-17,OUT075,Fresh,fresh_chilled,Puttalam,Peliyagoda,False,167.5,0.983,0,0,served,VEH002,1,2026-03-17-VEH002-T1,0.0
2026-03-17,ORD0095890,2026-03-17,OUT076,Fresh,fresh_dry,Kandy,Kandy,True,156.9,0.744,0,0,served,VEH059,1,2026-03-17-VEH059-T1,0.0
2026-03-17,ORD0095891,2026-03-17,OUT077,Fresh,fresh_dry,Kandy,Kandy,True,100.3,0.48,0,0,served,VEH059,1,2026-03-17-VEH059-T1,0.0
2026-03-17,ORD0095892,2026-03-17,OUT078,Fresh,fresh_dry,Kandy,Kandy,True,161.0,0.807,0,0,served,VEH058,1,2026-03-17-VEH058-T1,0.0
2026-03-17,ORD0095893,2026-03-17,OUT078,Fresh,fresh_chilled,Kandy,Kandy,True,135.4,0.648,0,0,served,VEH058,1,2026-03-17-VEH058-T1,0.0
2026-03-17,ORD0095894,2026-03-17,OUT079,Fresh,fresh_dry,Kandy,Kandy,True,95.7,0.544,0,0,served,VEH059,1,2026-03-17-VEH059-T1,0.0
2026-03-17,ORD0095895,2026-03-17,OUT079,Fresh,fresh_chilled,Kandy,Kandy,True,92.6,0.509,0,0,served,VEH058,1,2026-03-17-VEH058-T1,0.0
2026-03-17,ORD0095896,2026-03-17,OUT080,Fresh,fresh_dry,Kandy,Kandy,True,93.5,0.507,0,0,served,VEH058,1,2026-03-17-VEH058-T1,0.0
2026-03-17,ORD0095897,2026-03-17,OUT080,Fresh,fresh_chilled,Kandy,Kandy,True,129.1,0.661,0,0,served,VEH058,1,2026-03-17-VEH058-T1,0.0
2026-03-17,ORD0095898,2026-03-17,OUT081,Fresh,fresh_dry,Kandy,Kandy,True,123.6,0.713,0,0,served,VEH058,1,2026-03-17-VEH058-T1,0.0
2026-03-17,ORD0095899,2026-03-17,OUT081,Fresh,fresh_chilled,Kandy,Kandy,True,185.3,1.01,0,0,served,VEH058,1,2026-03-17-VEH058-T1,0.0
2026-03-17,ORD0095900,2026-03-17,OUT082,Fresh,fresh_dry,Kandy,Kandy,True,132.8,0.852,0,0,served,VEH059,1,2026-03-17-VEH059-T1,0.0
2026-03-17,ORD0095901,2026-03-17,OUT083,Fresh,fresh_dry,Kandy,Kandy,True,93.3,0.566,0,0,served,VEH059,1,2026-03-17-VEH059-T1,0.0
2026-03-17,ORD0095902,2026-03-17,OUT083,Fresh,fresh_chilled,Kandy,Kandy,True,116.0,0.629,0,0,served,VEH058,1,2026-03-17-VEH058-T1,0.0
2026-03-17,ORD0095903,2026-03-17,OUT084,Fresh,fresh_dry,Kandy,Kandy,False,272.0,1.456,0,0,served,VEH039,2,2026-03-17-VEH039-T2,0.0
2026-03-17,ORD0095904,2026-03-17,OUT084,Fresh,fresh_chilled,Kandy,Kandy,False,204.6,1.232,0,0,served,VEH039,2,2026-03-17-VEH039-T2,0.0
2026-03-17,ORD0095905,2026-03-17,OUT085,Fresh,fresh_dry,Kandy,Kandy,False,429.9,2.146,0,0,served,VEH039,2,2026-03-17-VEH039-T2,0.0
2026-03-17,ORD0095906,2026-03-17,OUT085,Fresh,fresh_chilled,Kandy,Kandy,False,425.1,2.397,0,0,served,VEH039,2,2026-03-17-VEH039-T2,0.0
2026-03-17,ORD0095907,2026-03-17,OUT086,Fresh,fresh_dry,Kandy,Kandy,False,252.1,1.177,0,0,served,VEH059,1,2026-03-17-VEH059-T1,0.0
2026-03-17,ORD0095908,2026-03-17,OUT086,Fresh,fresh_chilled,Kandy,Kandy,False,301.2,1.647,0,0,served,VEH039,2,2026-03-17-VEH039-T2,0.0
2026-03-17,ORD0095909,2026-03-17,OUT087,Fresh,fresh_dry,Kandy,Kandy,False,250.5,1.359,0,0,served,VEH059,1,2026-03-17-VEH059-T1,0.0
2026-03-17,ORD0095910,2026-03-17,OUT096,Fresh,fresh_dry,Matale,Kandy,False,171.1,0.91,0,0,served,VEH059,2,2026-03-17-VEH059-T2,0.0
2026-03-17,ORD0095911,2026-03-17,OUT097,Fresh,fresh_dry,Matale,Kandy,False,409.8,2.258,0,0,served,VEH042,1,2026-03-17-VEH042-T1,0.0
2026-03-17,ORD0095912,2026-03-17,OUT097,Fresh,fresh_chilled,Matale,Kandy,False,483.8,2.701,0,0,served,VEH042,1,2026-03-17-VEH042-T1,0.0
2026-03-17,ORD0095913,2026-03-17,OUT098,Fresh,fresh_dry,Matale,Kandy,False,353.3,1.753,0,0,served,VEH042,1,2026-03-17-VEH042-T1,0.0
2026-03-17,ORD0095914,2026-03-17,OUT098,Fresh,fresh_chilled,Matale,Kandy,False,343.6,1.921,0,0,served,VEH042,1,2026-03-17-VEH042-T1,0.0
2026-03-17,ORD0095915,2026-03-17,OUT099,Fresh,fresh_dry,Matale,Kandy,False,343.2,1.859,0,0,served,VEH042,1,2026-03-17-VEH042-T1,0.0
2026-03-17,ORD0095916,2026-03-17,OUT099,Fresh,fresh_chilled,Matale,Kandy,False,291.3,1.486,0,0,served,VEH042,1,2026-03-17-VEH042-T1,0.0
2026-03-17,ORD0095917,2026-03-17,OUT100,Fresh,fresh_dry,Matale,Kandy,False,491.7,2.366,0,0,served,VEH042,1,2026-03-17-VEH042-T1,0.0
2026-03-17,ORD0095918,2026-03-17,OUT100,Fresh,fresh_chilled,Matale,Kandy,False,364.0,2.324,0,0,served,VEH042,1,2026-03-17-VEH042-T1,0.0
2026-03-17,ORD0095919,2026-03-17,OUT101,Fresh,fresh_dry,Matale,Kandy,False,329.8,2.127,0,0,served,VEH042,1,2026-03-17-VEH042-T1,0.0
2026-03-17,ORD0095920,2026-03-17,OUT104,Fresh,fresh_dry,Nuwara Eliya,Kandy,False,255.6,1.357,0,0,served,VEH056,1,2026-03-17-VEH056-T1,0.0
2026-03-17,ORD0095921,2026-03-17,OUT104,Fresh,fresh_chilled,Nuwara Eliya,Kandy,False,249.3,1.239,0,0,served,VEH041,1,2026-03-17-VEH041-T1,0.0
2026-03-17,ORD0095922,2026-03-17,OUT105,Fresh,fresh_dry,Nuwara Eliya,Kandy,False,197.6,1.147,0,0,served,VEH056,1,2026-03-17-VEH056-T1,0.0
2026-03-17,ORD0095923,2026-03-17,OUT105,Fresh,fresh_chilled,Nuwara Eliya,Kandy,False,192.2,1.025,0,0,served,VEH041,1,2026-03-17-VEH041-T1,0.0
2026-03-17,ORD0095924,2026-03-17,OUT106,Fresh,fresh_dry,Nuwara Eliya,Kandy,False,344.3,1.748,0,0,served,VEH056,1,2026-03-17-VEH056-T1,0.0
2026-03-17,ORD0095925,2026-03-17,OUT106,Fresh,fresh_chilled,Nuwara Eliya,Kandy,False,170.0,1.059,0,0,served,VEH041,1,2026-03-17-VEH041-T1,0.0
2026-03-17,ORD0095926,2026-03-17,OUT107,Fresh,fresh_dry,Nuwara Eliya,Kandy,False,334.2,1.798,0,0,served,VEH056,1,2026-03-17-VEH056-T1,0.0
2026-03-17,ORD0095927,2026-03-17,OUT107,Fresh,fresh_chilled,Nuwara Eliya,Kandy,False,285.1,1.491,0,0,served,VEH041,1,2026-03-17-VEH041-T1,0.0
2026-03-17,ORD0095928,2026-03-17,OUT108,Fresh,fresh_dry,Nuwara Eliya,Kandy,False,433.7,2.077,0,0,served,VEH056,1,2026-03-17-VEH056-T1,0.0
2026-03-17,ORD0095929,2026-03-17,OUT108,Fresh,fresh_chilled,Nuwara Eliya,Kandy,False,168.2,0.966,0,0,served,VEH041,1,2026-03-17-VEH041-T1,0.0
2026-03-17,ORD0095930,2026-03-17,OUT110,Fresh,fresh_dry,Badulla,Kandy,False,305.0,1.761,0,0,served,VEH046,1,2026-03-17-VEH046-T1,0.0
2026-03-17,ORD0095931,2026-03-17,OUT111,Fresh,fresh_dry,Badulla,Kandy,False,166.2,0.856,0,0,served,VEH060,1,2026-03-17-VEH060-T1,0.0
2026-03-17,ORD0095932,2026-03-17,OUT112,Fresh,fresh_dry,Badulla,Kandy,False,398.0,2.319,0,0,served,VEH060,1,2026-03-17-VEH060-T1,0.0
2026-03-17,ORD0095933,2026-03-17,OUT112,Fresh,fresh_chilled,Badulla,Kandy,False,292.3,1.675,0,0,served,VEH057,1,2026-03-17-VEH057-T1,0.0
2026-03-17,ORD0095934,2026-03-17,OUT113,Fresh,fresh_dry,Badulla,Kandy,False,489.2,2.324,0,0,served,VEH046,1,2026-03-17-VEH046-T1,0.0
2026-03-17,ORD0095935,2026-03-17,OUT113,Fresh,fresh_chilled,Badulla,Kandy,False,294.5,1.743,0,0,served,VEH057,1,2026-03-17-VEH057-T1,0.0
2026-03-17,ORD0095936,2026-03-17,OUT116,Fresh,fresh_dry,Kegalle,Kandy,False,337.8,1.815,0,0,served,VEH039,1,2026-03-17-VEH039-T1,0.0
2026-03-17,ORD0095937,2026-03-17,OUT116,Fresh,fresh_chilled,Kegalle,Kandy,False,247.5,1.414,0,0,served,VEH039,1,2026-03-17-VEH039-T1,0.0
2026-03-17,ORD0095938,2026-03-17,OUT117,Fresh,fresh_dry,Kegalle,Kandy,False,573.0,3.133,0,0,served,VEH052,1,2026-03-17-VEH052-T1,0.0
2026-03-17,ORD0095939,2026-03-17,OUT118,Fresh,fresh_dry,Kegalle,Kandy,False,705.4,3.858,0,0,served,VEH052,1,2026-03-17-VEH052-T1,0.0
2026-03-17,ORD0095940,2026-03-17,OUT119,Fresh,fresh_dry,Kegalle,Kandy,False,211.4,1.164,0,0,served,VEH052,1,2026-03-17-VEH052-T1,0.0
2026-03-18,ORD0095941,2026-03-18,OUT001,Fresh,fresh_dry,Colombo,Peliyagoda,True,85.0,0.484,0,0,served,VEH037,1,2026-03-18-VEH037-T1,0.0
2026-03-18,ORD0095942,2026-03-18,OUT001,Fresh,fresh_chilled,Colombo,Peliyagoda,True,103.9,0.574,0,0,served,VEH036,1,2026-03-18-VEH036-T1,0.0
2026-03-18,ORD0095943,2026-03-18,OUT002,Fresh,fresh_dry,Colombo,Peliyagoda,True,102.4,0.617,0,0,served,VEH038,1,2026-03-18-VEH038-T1,0.0
2026-03-18,ORD0095944,2026-03-18,OUT003,Fresh,fresh_dry,Colombo,Peliyagoda,True,95.7,0.529,0,0,served,VEH036,1,2026-03-18-VEH036-T1,0.0
2026-03-18,ORD0095945,2026-03-18,OUT003,Fresh,fresh_chilled,Colombo,Peliyagoda,True,77.2,0.394,0,0,served,VEH036,1,2026-03-18-VEH036-T1,0.0
2026-03-18,ORD0095946,2026-03-18,OUT004,Fresh,fresh_dry,Colombo,Peliyagoda,False,169.0,1.013,0,0,served,VEH037,1,2026-03-18-VEH037-T1,0.0
2026-03-18,ORD0095947,2026-03-18,OUT004,Fresh,fresh_chilled,Colombo,Peliyagoda,False,111.6,0.633,0,0,served,VEH036,1,2026-03-18-VEH036-T1,0.0
2026-03-18,ORD0095948,2026-03-18,OUT005,Fresh,fresh_dry,Colombo,Peliyagoda,False,438.2,2.294,0,0,served,VEH005,1,2026-03-18-VEH005-T1,0.0
2026-03-18,ORD0095949,2026-03-18,OUT005,Fresh,fresh_chilled,Colombo,Peliyagoda,False,370.1,1.98,0,0,served,VEH005,1,2026-03-18-VEH005-T1,0.0
2026-03-18,ORD0095950,2026-03-18,OUT006,Fresh,fresh_dry,Colombo,Peliyagoda,False,649.2,3.286,0,0,served,VEH005,1,2026-03-18-VEH005-T1,0.0
2026-03-18,ORD0095951,2026-03-18,OUT007,Fresh,fresh_dry,Colombo,Peliyagoda,False,680.9,3.47,0,0,served,VEH005,1,2026-03-18-VEH005-T1,0.0
2026-03-18,ORD0095952,2026-03-18,OUT007,Fresh,fresh_chilled,Colombo,Peliyagoda,False,349.3,1.877,0,0,served,VEH005,1,2026-03-18-VEH005-T1,0.0
2026-03-18,ORD0095953,2026-03-18,OUT008,Fresh,fresh_dry,Colombo,Peliyagoda,False,271.9,1.578,0,0,served,VEH005,1,2026-03-18-VEH005-T1,0.0
2026-03-18,ORD0095954,2026-03-18,OUT009,Fresh,fresh_dry,Colombo,Peliyagoda,False,250.1,1.334,0,0,served,VEH037,1,2026-03-18-VEH037-T1,0.0
2026-03-18,ORD0095955,2026-03-18,OUT010,Fresh,fresh_dry,Colombo,Peliyagoda,False,346.4,1.749,0,0,served,VEH037,1,2026-03-18-VEH037-T1,0.0
2026-03-18,ORD0095956,2026-03-18,OUT011,Fresh,fresh_dry,Colombo,Peliyagoda,False,343.8,1.937,0,0,served,VEH005,1,2026-03-18-VEH005-T1,0.0
2026-03-18,ORD0095957,2026-03-18,OUT011,Fresh,fresh_chilled,Colombo,Peliyagoda,False,239.3,1.187,0,0,served,VEH005,1,2026-03-18-VEH005-T1,0.0
2026-03-18,ORD0095958,2026-03-18,OUT012,Fresh,fresh_dry,Colombo,Peliyagoda,False,337.2,1.562,0,0,served,VEH005,1,2026-03-18-VEH005-T1,0.0
2026-03-18,ORD0095959,2026-03-18,OUT012,Fresh,fresh_chilled,Colombo,Peliyagoda,False,259.7,1.197,0,0,served,VEH005,1,2026-03-18-VEH005-T1,0.0
2026-03-18,ORD0095960,2026-03-18,OUT013,Fresh,fresh_dry,Colombo,Peliyagoda,False,947.1,4.618,0,0,served,VEH038,1,2026-03-18-VEH038-T1,0.0
2026-03-18,ORD0095961,2026-03-18,OUT013,Fresh,fresh_chilled,Colombo,Peliyagoda,False,391.5,1.876,0,0,served,VEH036,1,2026-03-18-VEH036-T1,0.0
2026-03-18,ORD0095962,2026-03-18,OUT014,Fresh,fresh_dry,Colombo,Peliyagoda,False,215.7,1.133,0,0,served,VEH036,2,2026-03-18-VEH036-T2,0.0
2026-03-18,ORD0095963,2026-03-18,OUT014,Fresh,fresh_chilled,Colombo,Peliyagoda,False,280.8,1.499,0,0,served,VEH036,2,2026-03-18-VEH036-T2,0.0
2026-03-18,ORD0095964,2026-03-18,OUT025,Fresh,fresh_dry,Gampaha,Peliyagoda,False,171.6,0.988,0,0,served,VEH017,1,2026-03-18-VEH017-T1,0.0
2026-03-18,ORD0095965,2026-03-18,OUT025,Fresh,fresh_chilled,Gampaha,Peliyagoda,False,128.2,0.664,0,0,served,VEH001,1,2026-03-18-VEH001-T1,0.0
2026-03-18,ORD0095966,2026-03-18,OUT026,Fresh,fresh_dry,Gampaha,Peliyagoda,False,263.5,1.634,0,0,served,VEH017,1,2026-03-18-VEH017-T1,0.0
2026-03-18,ORD0095967,2026-03-18,OUT027,Fresh,fresh_dry,Gampaha,Peliyagoda,False,322.4,1.935,0,0,served,VEH017,1,2026-03-18-VEH017-T1,0.0
2026-03-18,ORD0095968,2026-03-18,OUT028,Fresh,fresh_dry,Gampaha,Peliyagoda,False,308.1,1.893,0,0,served,VEH001,1,2026-03-18-VEH001-T1,0.0
2026-03-18,ORD0095969,2026-03-18,OUT028,Fresh,fresh_chilled,Gampaha,Peliyagoda,False,289.0,1.415,0,0,served,VEH001,1,2026-03-18-VEH001-T1,0.0
2026-03-18,ORD0095970,2026-03-18,OUT029,Fresh,fresh_dry,Gampaha,Peliyagoda,False,287.7,1.687,0,0,served,VEH017,1,2026-03-18-VEH017-T1,0.0
2026-03-18,ORD0095971,2026-03-18,OUT030,Fresh,fresh_dry,Gampaha,Peliyagoda,False,378.3,2.017,0,0,served,VEH017,1,2026-03-18-VEH017-T1,0.0
2026-03-18,ORD0095972,2026-03-18,OUT031,Fresh,fresh_dry,Gampaha,Peliyagoda,False,1146.9,5.913,0,0,served,VEH001,1,2026-03-18-VEH001-T1,0.0
2026-03-18,ORD0095973,2026-03-18,OUT031,Fresh,fresh_chilled,Gampaha,Peliyagoda,False,755.8,3.844,0,0,served,VEH001,1,2026-03-18-VEH001-T1,0.0
2026-03-18,ORD0095974,2026-03-18,OUT032,Fresh,fresh_dry,Gampaha,Peliyagoda,False,613.4,3.605,0,0,served,VEH001,1,2026-03-18-VEH001-T1,0.0
2026-03-18,ORD0095975,2026-03-18,OUT032,Fresh,fresh_chilled,Gampaha,Peliyagoda,False,771.1,3.951,0,0,served,VEH001,1,2026-03-18-VEH001-T1,0.0
2026-03-18,ORD0095976,2026-03-18,OUT033,Fresh,fresh_dry,Gampaha,Peliyagoda,False,278.6,1.476,0,0,served,VEH017,1,2026-03-18-VEH017-T1,0.0
2026-03-18,ORD0095977,2026-03-18,OUT033,Fresh,fresh_chilled,Gampaha,Peliyagoda,False,326.2,1.765,0,0,served,VEH001,1,2026-03-18-VEH001-T1,0.0
2026-03-18,ORD0095978,2026-03-18,OUT034,Fresh,fresh_dry,Gampaha,Peliyagoda,False,350.6,1.789,0,0,served,VEH017,1,2026-03-18-VEH017-T1,0.0
2026-03-18,ORD0095979,2026-03-18,OUT035,Style,style,Gampaha,Peliyagoda,False,749.2,13.233,0,0,served,VEH016,2,2026-03-18-VEH016-T2,0.0
2026-03-18,ORD0095980,2026-03-18,OUT036,Style,style,Gampaha,Peliyagoda,False,787.4,11.06,0,0,served,VEH015,2,2026-03-18-VEH015-T2,0.0
2026-03-18,ORD0095981,2026-03-18,OUT037,Style,style,Gampaha,Peliyagoda,False,233.6,3.873,0,0,served,VEH015,2,2026-03-18-VEH015-T2,0.0
2026-03-18,ORD0095982,2026-03-18,OUT040,Fresh,fresh_dry,Kalutara,Peliyagoda,False,355.9,2.241,0,0,served,VEH037,2,2026-03-18-VEH037-T2,0.0
2026-03-18,ORD0095983,2026-03-18,OUT040,Fresh,fresh_chilled,Kalutara,Peliyagoda,False,499.4,2.799,0,0,served,VEH003,1,2026-03-18-VEH003-T1,0.0
2026-03-18,ORD0095984,2026-03-18,OUT041,Fresh,fresh_dry,Kalutara,Peliyagoda,False,215.0,1.205,0,0,served,VEH003,1,2026-03-18-VEH003-T1,0.0
2026-03-18,ORD0095985,2026-03-18,OUT041,Fresh,fresh_chilled,Kalutara,Peliyagoda,False,237.6,1.318,0,0,served,VEH003,1,2026-03-18-VEH003-T1,0.0
2026-03-18,ORD0095986,2026-03-18,OUT042,Fresh,fresh_dry,Kalutara,Peliyagoda,False,941.4,4.407,0,0,served,VEH003,1,2026-03-18-VEH003-T1,0.0
2026-03-18,ORD0095987,2026-03-18,OUT042,Fresh,fresh_chilled,Kalutara,Peliyagoda,False,605.0,3.212,0,0,served,VEH003,1,2026-03-18-VEH003-T1,0.0
2026-03-18,ORD0095988,2026-03-18,OUT043,Fresh,fresh_dry,Kalutara,Peliyagoda,False,161.9,0.972,0,0,served,VEH003,1,2026-03-18-VEH003-T1,0.0
2026-03-18,ORD0095989,2026-03-18,OUT044,Fresh,fresh_dry,Kalutara,Peliyagoda,False,252.7,1.343,0,0,served,VEH003,1,2026-03-18-VEH003-T1,0.0
2026-03-18,ORD0095990,2026-03-18,OUT045,Fresh,fresh_dry,Kalutara,Peliyagoda,False,218.0,1.185,0,0,served,VEH037,2,2026-03-18-VEH037-T2,0.0
2026-03-18,ORD0095991,2026-03-18,OUT046,Fresh,fresh_dry,Kalutara,Peliyagoda,False,206.4,1.168,0,0,served,VEH003,1,2026-03-18-VEH003-T1,0.0
2026-03-18,ORD0095992,2026-03-18,OUT049,Tech,tech,Kalutara,Peliyagoda,False,878.7,2.874,0,0,served,VEH038,2,2026-03-18-VEH038-T2,0.0
2026-03-18,ORD0095993,2026-03-18,OUT050,Fresh,fresh_dry,Galle,Peliyagoda,False,267.6,1.484,0,0,served,VEH016,1,2026-03-18-VEH016-T1,0.0
2026-03-18,ORD0095994,2026-03-18,OUT050,Fresh,fresh_chilled,Galle,Peliyagoda,False,312.8,1.737,0,0,served,VEH007,1,2026-03-18-VEH007-T1,0.0
2026-03-18,ORD0095995,2026-03-18,OUT051,Fresh,fresh_dry,Galle,Peliyagoda,False,197.6,1.048,0,0,served,VEH007,1,2026-03-18-VEH007-T1,0.0
2026-03-18,ORD0095996,2026-03-18,OUT051,Fresh,fresh_chilled,Galle,Peliyagoda,False,162.2,0.828,0,0,served,VEH007,1,2026-03-18-VEH007-T1,0.0
2026-03-18,ORD0095997,2026-03-18,OUT052,Fresh,fresh_dry,Galle,Peliyagoda,False,450.2,2.364,0,0,served,VEH016,1,2026-03-18-VEH016-T1,0.0
2026-03-18,ORD0095998,2026-03-18,OUT052,Fresh,fresh_chilled,Galle,Peliyagoda,False,379.6,2.079,0,0,served,VEH007,1,2026-03-18-VEH007-T1,0.0
2026-03-18,ORD0095999,2026-03-18,OUT053,Fresh,fresh_dry,Galle,Peliyagoda,False,135.8,0.648,0,0,served,VEH016,1,2026-03-18-VEH016-T1,0.0
2026-03-18,ORD0096000,2026-03-18,OUT053,Fresh,fresh_chilled,Galle,Peliyagoda,False,186.7,1.001,0,0,served,VEH007,1,2026-03-18-VEH007-T1,0.0
2026-03-18,ORD0096001,2026-03-18,OUT054,Fresh,fresh_dry,Galle,Peliyagoda,False,597.8,3.181,0,0,served,VEH016,1,2026-03-18-VEH016-T1,0.0
2026-03-18,ORD0096002,2026-03-18,OUT054,Fresh,fresh_chilled,Galle,Peliyagoda,False,632.7,3.46,0,0,served,VEH007,1,2026-03-18-VEH007-T1,0.0
2026-03-18,ORD0096003,2026-03-18,OUT055,Fresh,fresh_dry,Galle,Peliyagoda,False,356.9,2.031,0,0,served,VEH016,1,2026-03-18-VEH016-T1,0.0
2026-03-18,ORD0096004,2026-03-18,OUT055,Fresh,fresh_chilled,Galle,Peliyagoda,False,278.5,1.57,0,0,served,VEH007,1,2026-03-18-VEH007-T1,0.0
2026-03-18,ORD0096005,2026-03-18,OUT059,Fresh,fresh_dry,Matara,Peliyagoda,False,472.5,2.381,0,0,served,VEH025,1,2026-03-18-VEH025-T1,0.0
2026-03-18,ORD0096006,2026-03-18,OUT060,Fresh,fresh_dry,Matara,Peliyagoda,False,315.5,1.837,0,0,served,VEH025,1,2026-03-18-VEH025-T1,0.0
2026-03-18,ORD0096007,2026-03-18,OUT061,Fresh,fresh_dry,Matara,Peliyagoda,False,278.2,1.484,0,0,served,VEH025,1,2026-03-18-VEH025-T1,0.0
2026-03-18,ORD0096008,2026-03-18,OUT062,Fresh,fresh_dry,Matara,Peliyagoda,False,408.5,1.834,0,0,served,VEH025,1,2026-03-18-VEH025-T1,0.0
2026-03-18,ORD0096009,2026-03-18,OUT065,Fresh,fresh_dry,Kurunegala,Peliyagoda,False,491.1,2.675,0,1,served,VEH018,1,2026-03-18-VEH018-T1,0.0
2026-03-18,ORD0096010,2026-03-18,OUT066,Fresh,fresh_dry,Kurunegala,Peliyagoda,False,321.2,1.793,0,0,served,VEH018,1,2026-03-18-VEH018-T1,0.0
2026-03-18,ORD0096011,2026-03-18,OUT067,Fresh,fresh_dry,Kurunegala,Peliyagoda,False,290.5,1.449,0,0,served,VEH018,1,2026-03-18-VEH018-T1,0.0
2026-03-18,ORD0096012,2026-03-18,OUT067,Fresh,fresh_chilled,Kurunegala,Peliyagoda,False,273.8,1.558,0,0,served,VEH002,1,2026-03-18-VEH002-T1,0.0
2026-03-18,ORD0096013,2026-03-18,OUT068,Fresh,fresh_dry,Kurunegala,Peliyagoda,False,325.2,1.765,0,0,served,VEH018,1,2026-03-18-VEH018-T1,0.0
2026-03-18,ORD0096014,2026-03-18,OUT068,Fresh,fresh_chilled,Kurunegala,Peliyagoda,False,197.9,1.13,0,0,served,VEH002,1,2026-03-18-VEH002-T1,0.0
2026-03-18,ORD0096015,2026-03-18,OUT069,Fresh,fresh_dry,Kurunegala,Peliyagoda,False,326.2,1.644,0,0,served,VEH002,1,2026-03-18-VEH002-T1,0.0
2026-03-18,ORD0096016,2026-03-18,OUT069,Fresh,fresh_chilled,Kurunegala,Peliyagoda,False,241.5,1.166,0,0,served,VEH002,1,2026-03-18-VEH002-T1,0.0
2026-03-18,ORD0096017,2026-03-18,OUT073,Fresh,fresh_dry,Puttalam,Peliyagoda,False,385.0,2.135,0,0,served,VEH015,1,2026-03-18-VEH015-T1,0.0
2026-03-18,ORD0096018,2026-03-18,OUT073,Fresh,fresh_chilled,Puttalam,Peliyagoda,False,413.7,2.453,0,0,served,VEH035,1,2026-03-18-VEH035-T1,0.0
2026-03-18,ORD0096019,2026-03-18,OUT074,Fresh,fresh_dry,Puttalam,Peliyagoda,False,357.5,1.939,0,0,served,VEH015,1,2026-03-18-VEH015-T1,0.0
2026-03-18,ORD0096020,2026-03-18,OUT075,Fresh,fresh_dry,Puttalam,Peliyagoda,False,172.6,0.951,0,0,served,VEH035,1,2026-03-18-VEH035-T1,0.0
2026-03-18,ORD0096021,2026-03-18,OUT075,Fresh,fresh_chilled,Puttalam,Peliyagoda,False,155.0,0.951,0,0,served,VEH035,1,2026-03-18-VEH035-T1,0.0
2026-03-18,ORD0096022,2026-03-18,OUT076,Fresh,fresh_dry,Kandy,Kandy,True,143.7,0.816,0,0,served,VEH059,1,2026-03-18-VEH059-T1,0.0
2026-03-18,ORD0096023,2026-03-18,OUT076,Fresh,fresh_chilled,Kandy,Kandy,True,112.1,0.617,0,0,served,VEH058,1,2026-03-18-VEH058-T1,0.0
2026-03-18,ORD0096024,2026-03-18,OUT077,Fresh,fresh_dry,Kandy,Kandy,True,95.1,0.522,0,0,served,VEH059,1,2026-03-18-VEH059-T1,0.0
2026-03-18,ORD0096025,2026-03-18,OUT078,Fresh,fresh_dry,Kandy,Kandy,True,137.9,0.754,0,0,served,VEH059,1,2026-03-18-VEH059-T1,0.0
2026-03-18,ORD0096026,2026-03-18,OUT079,Fresh,fresh_dry,Kandy,Kandy,True,119.6,0.604,0,0,served,VEH059,1,2026-03-18-VEH059-T1,0.0
2026-03-18,ORD0096027,2026-03-18,OUT080,Fresh,fresh_dry,Kandy,Kandy,True,122.3,0.648,0,0,served,VEH059,1,2026-03-18-VEH059-T1,0.0
2026-03-18,ORD0096028,2026-03-18,OUT080,Fresh,fresh_chilled,Kandy,Kandy,True,125.7,0.673,0,0,served,VEH058,1,2026-03-18-VEH058-T1,0.0
2026-03-18,ORD0096029,2026-03-18,OUT081,Fresh,fresh_dry,Kandy,Kandy,True,158.7,0.789,0,0,served,VEH059,1,2026-03-18-VEH059-T1,0.0
2026-03-18,ORD0096030,2026-03-18,OUT081,Fresh,fresh_chilled,Kandy,Kandy,True,107.4,0.608,0,0,served,VEH058,1,2026-03-18-VEH058-T1,0.0
2026-03-18,ORD0096031,2026-03-18,OUT082,Fresh,fresh_dry,Kandy,Kandy,True,185.3,1.012,0,0,served,VEH058,1,2026-03-18-VEH058-T1,0.0
2026-03-18,ORD0096032,2026-03-18,OUT082,Fresh,fresh_chilled,Kandy,Kandy,True,103.5,0.452,0,0,served,VEH058,1,2026-03-18-VEH058-T1,0.0
2026-03-18,ORD0096033,2026-03-18,OUT083,Fresh,fresh_dry,Kandy,Kandy,True,90.3,0.468,0,0,served,VEH058,1,2026-03-18-VEH058-T1,0.0
2026-03-18,ORD0096034,2026-03-18,OUT083,Fresh,fresh_chilled,Kandy,Kandy,True,94.3,0.49,0,0,served,VEH058,1,2026-03-18-VEH058-T1,0.0
2026-03-18,ORD0096035,2026-03-18,OUT084,Fresh,fresh_dry,Kandy,Kandy,False,237.0,1.137,0,0,served,VEH043,1,2026-03-18-VEH043-T1,0.0
2026-03-18,ORD0096036,2026-03-18,OUT084,Fresh,fresh_chilled,Kandy,Kandy,False,267.2,1.308,0,0,served,VEH043,1,2026-03-18-VEH043-T1,0.0
2026-03-18,ORD0096037,2026-03-18,OUT085,Fresh,fresh_dry,Kandy,Kandy,False,274.4,1.405,0,0,served,VEH043,1,2026-03-18-VEH043-T1,0.0
2026-03-18,ORD0096038,2026-03-18,OUT085,Fresh,fresh_chilled,Kandy,Kandy,False,522.9,2.682,0,0,served,VEH043,1,2026-03-18-VEH043-T1,0.0
2026-03-18,ORD0096039,2026-03-18,OUT086,Fresh,fresh_dry,Kandy,Kandy,False,294.1,1.459,0,0,served,VEH059,2,2026-03-18-VEH059-T2,0.0
2026-03-18,ORD0096040,2026-03-18,OUT087,Fresh,fresh_dry,Kandy,Kandy,False,223.9,1.246,0,0,served,VEH043,1,2026-03-18-VEH043-T1,0.0
2026-03-18,ORD0096041,2026-03-18,OUT087,Fresh,fresh_chilled,Kandy,Kandy,False,237.9,1.281,0,0,served,VEH043,1,2026-03-18-VEH043-T1,0.0
2026-03-18,ORD0096042,2026-03-18,OUT096,Fresh,fresh_dry,Matale,Kandy,False,193.2,1.08,0,0,served,VEH058,2,2026-03-18-VEH058-T2,0.0
2026-03-18,ORD0096043,2026-03-18,OUT097,Fresh,fresh_dry,Matale,Kandy,False,287.4,1.653,0,0,served,VEH040,1,2026-03-18-VEH040-T1,0.0
2026-03-18,ORD0096044,2026-03-18,OUT097,Fresh,fresh_chilled,Matale,Kandy,False,401.1,2.326,0,0,served,VEH040,1,2026-03-18-VEH040-T1,0.0
2026-03-18,ORD0096045,2026-03-18,OUT098,Fresh,fresh_dry,Matale,Kandy,False,420.4,2.347,0,0,served,VEH058,2,2026-03-18-VEH058-T2,0.0
2026-03-18,ORD0096046,2026-03-18,OUT099,Fresh,fresh_dry,Matale,Kandy,False,324.4,1.84,0,0,served,VEH040,1,2026-03-18-VEH040-T1,0.0
2026-03-18,ORD0096047,2026-03-18,OUT099,Fresh,fresh_chilled,Matale,Kandy,False,197.9,1.161,0,0,served,VEH040,1,2026-03-18-VEH040-T1,0.0
2026-03-18,ORD0096048,2026-03-18,OUT100,Fresh,fresh_dry,Matale,Kandy,False,530.6,2.725,0,0,served,VEH040,1,2026-03-18-VEH040-T1,0.0
2026-03-18,ORD0096049,2026-03-18,OUT100,Fresh,fresh_chilled,Matale,Kandy,False,528.9,2.857,0,0,served,VEH040,1,2026-03-18-VEH040-T1,0.0
2026-03-18,ORD0096050,2026-03-18,OUT101,Fresh,fresh_dry,Matale,Kandy,False,408.7,2.11,0,0,served,VEH040,1,2026-03-18-VEH040-T1,0.0
2026-03-18,ORD0096051,2026-03-18,OUT101,Fresh,fresh_chilled,Matale,Kandy,False,334.6,1.77,0,0,served,VEH040,1,2026-03-18-VEH040-T1,0.0
2026-03-18,ORD0096052,2026-03-18,OUT104,Fresh,fresh_dry,Nuwara Eliya,Kandy,False,310.3,1.691,0,0,served,VEH039,1,2026-03-18-VEH039-T1,0.0
2026-03-18,ORD0096053,2026-03-18,OUT104,Fresh,fresh_chilled,Nuwara Eliya,Kandy,False,319.5,1.59,0,0,served,VEH039,1,2026-03-18-VEH039-T1,0.0
2026-03-18,ORD0096054,2026-03-18,OUT105,Fresh,fresh_dry,Nuwara Eliya,Kandy,False,277.1,1.29,0,0,served,VEH056,1,2026-03-18-VEH056-T1,0.0
2026-03-18,ORD0096055,2026-03-18,OUT105,Fresh,fresh_chilled,Nuwara Eliya,Kandy,False,200.9,1.064,0,0,served,VEH039,1,2026-03-18-VEH039-T1,0.0
2026-03-18,ORD0096056,2026-03-18,OUT106,Fresh,fresh_dry,Nuwara Eliya,Kandy,False,216.4,1.272,0,0,served,VEH056,1,2026-03-18-VEH056-T1,0.0
2026-03-18,ORD0096057,2026-03-18,OUT106,Fresh,fresh_chilled,Nuwara Eliya,Kandy,False,293.5,1.51,0,0,served,VEH039,1,2026-03-18-VEH039-T1,0.0
2026-03-18,ORD0096058,2026-03-18,OUT107,Fresh,fresh_dry,Nuwara Eliya,Kandy,False,336.2,1.894,0,0,served,VEH056,1,2026-03-18-VEH056-T1,0.0
2026-03-18,ORD0096059,2026-03-18,OUT107,Fresh,fresh_chilled,Nuwara Eliya,Kandy,False,306.7,1.509,0,0,served,VEH039,1,2026-03-18-VEH039-T1,0.0
2026-03-18,ORD0096060,2026-03-18,OUT108,Fresh,fresh_dry,Nuwara Eliya,Kandy,False,321.1,1.568,0,0,served,VEH056,1,2026-03-18-VEH056-T1,0.0
2026-03-18,ORD0096061,2026-03-18,OUT110,Fresh,fresh_dry,Badulla,Kandy,False,282.3,1.526,0,0,served,VEH046,1,2026-03-18-VEH046-T1,0.0
2026-03-18,ORD0096062,2026-03-18,OUT110,Fresh,fresh_chilled,Badulla,Kandy,False,169.0,1.023,0,0,served,VEH041,1,2026-03-18-VEH041-T1,0.0
2026-03-18,ORD0096063,2026-03-18,OUT111,Fresh,fresh_dry,Badulla,Kandy,False,133.4,0.759,0,0,served,VEH046,1,2026-03-18-VEH046-T1,0.0
2026-03-18,ORD0096064,2026-03-18,OUT111,Fresh,fresh_chilled,Badulla,Kandy,False,131.3,0.671,0,0,served,VEH041,1,2026-03-18-VEH041-T1,0.0
2026-03-18,ORD0096065,2026-03-18,OUT112,Fresh,fresh_dry,Badulla,Kandy,False,495.6,2.63,0,0,served,VEH060,1,2026-03-18-VEH060-T1,0.0
2026-03-18,ORD0096066,2026-03-18,OUT112,Fresh,fresh_chilled,Badulla,Kandy,False,419.7,2.183,0,0,served,VEH057,1,2026-03-18-VEH057-T1,0.0
2026-03-18,ORD0096067,2026-03-18,OUT113,Fresh,fresh_dry,Badulla,Kandy,False,546.4,2.763,0,0,served,VEH060,1,2026-03-18-VEH060-T1,0.0
2026-03-18,ORD0096068,2026-03-18,OUT113,Fresh,fresh_chilled,Badulla,Kandy,False,342.3,1.641,0,0,served,VEH057,1,2026-03-18-VEH057-T1,0.0
2026-03-18,ORD0096069,2026-03-18,OUT116,Fresh,fresh_dry,Kegalle,Kandy,False,461.0,2.26,0,0,served,VEH042,1,2026-03-18-VEH042-T1,0.0
2026-03-18,ORD0096070,2026-03-18,OUT116,Fresh,fresh_chilled,Kegalle,Kandy,False,206.2,1.135,0,0,served,VEH042,1,2026-03-18-VEH042-T1,0.0
2026-03-18,ORD0096071,2026-03-18,OUT117,Fresh,fresh_dry,Kegalle,Kandy,False,511.2,2.718,0,0,served,VEH042,1,2026-03-18-VEH042-T1,0.0
2026-03-18,ORD0096072,2026-03-18,OUT117,Fresh,fresh_chilled,Kegalle,Kandy,False,429.1,2.468,0,0,served,VEH042,1,2026-03-18-VEH042-T1,0.0
2026-03-18,ORD0096073,2026-03-18,OUT118,Fresh,fresh_dry,Kegalle,Kandy,False,523.4,2.891,0,0,served,VEH042,1,2026-03-18-VEH042-T1,0.0
2026-03-18,ORD0096074,2026-03-18,OUT119,Fresh,fresh_dry,Kegalle,Kandy,False,333.1,1.79,0,0,served,VEH042,1,2026-03-18-VEH042-T1,0.0
2026-03-18,ORD0096075,2026-03-18,OUT119,Fresh,fresh_chilled,Kegalle,Kandy,False,294.0,1.603,0,0,served,VEH042,1,2026-03-18-VEH042-T1,0.0
2026-03-18,ORD0096076,2026-03-18,OUT120,Style,style,Kegalle,Kandy,False,874.0,14.29,0,0,served,VEH046,2,2026-03-18-VEH046-T2,0.0
2026-03-19,ORD0096077,2026-03-19,OUT001,Fresh,fresh_dry,Colombo,Peliyagoda,True,70.0,0.429,0,0,served,VEH036,1,2026-03-19-VEH036-T1,0.0
2026-03-19,ORD0096078,2026-03-19,OUT001,Fresh,fresh_chilled,Colombo,Peliyagoda,True,135.0,0.698,0,0,served,VEH036,1,2026-03-19-VEH036-T1,0.0
2026-03-19,ORD0096079,2026-03-19,OUT002,Fresh,fresh_dry,Colombo,Peliyagoda,True,120.5,0.65,0,0,served,VEH037,1,2026-03-19-VEH037-T1,0.0
2026-03-19,ORD0096080,2026-03-19,OUT002,Fresh,fresh_chilled,Colombo,Peliyagoda,True,94.9,0.52,0,0,served,VEH036,1,2026-03-19-VEH036-T1,0.0
2026-03-19,ORD0096081,2026-03-19,OUT003,Fresh,fresh_dry,Colombo,Peliyagoda,True,76.8,0.479,0,0,served,VEH037,1,2026-03-19-VEH037-T1,0.0
2026-03-19,ORD0096082,2026-03-19,OUT003,Fresh,fresh_chilled,Colombo,Peliyagoda,True,62.6,0.347,0,0,served,VEH035,2,2026-03-19-VEH035-T2,0.0
2026-03-19,ORD0096083,2026-03-19,OUT004,Fresh,fresh_dry,Colombo,Peliyagoda,False,225.8,1.096,0,0,served,VEH037,1,2026-03-19-VEH037-T1,0.0
2026-03-19,ORD0096084,2026-03-19,OUT004,Fresh,fresh_chilled,Colombo,Peliyagoda,False,158.3,0.824,0,0,served,VEH035,2,2026-03-19-VEH035-T2,0.0
2026-03-19,ORD0096085,2026-03-19,OUT005,Fresh,fresh_dry,Colombo,Peliyagoda,False,385.0,2.2,0,0,served,VEH004,1,2026-03-19-VEH004-T1,0.0
2026-03-19,ORD0096086,2026-03-19,OUT005,Fresh,fresh_chilled,Colombo,Peliyagoda,False,343.6,1.879,0,0,served,VEH004,1,2026-03-19-VEH004-T1,0.0
2026-03-19,ORD0096087,2026-03-19,OUT006,Fresh,fresh_dry,Colombo,Peliyagoda,False,546.9,2.819,0,0,served,VEH004,1,2026-03-19-VEH004-T1,0.0
2026-03-19,ORD0096088,2026-03-19,OUT006,Fresh,fresh_chilled,Colombo,Peliyagoda,False,637.5,3.419,0,0,served,VEH004,1,2026-03-19-VEH004-T1,0.0
2026-03-19,ORD0096089,2026-03-19,OUT007,Fresh,fresh_dry,Colombo,Peliyagoda,False,741.7,4.008,0,0,served,VEH016,2,2026-03-19-VEH016-T2,0.0
2026-03-19,ORD0096090,2026-03-19,OUT008,Fresh,fresh_dry,Colombo,Peliyagoda,False,377.4,2.002,0,0,served,VEH035,2,2026-03-19-VEH035-T2,0.0
2026-03-19,ORD0096091,2026-03-19,OUT008,Fresh,fresh_chilled,Colombo,Peliyagoda,False,279.7,1.408,0,0,served,VEH035,2,2026-03-19-VEH035-T2,0.0
2026-03-19,ORD0096092,2026-03-19,OUT009,Fresh,fresh_dry,Colombo,Peliyagoda,False,350.0,1.826,0,0,served,VEH036,1,2026-03-19-VEH036-T1,0.0
2026-03-19,ORD0096093,2026-03-19,OUT009,Fresh,fresh_chilled,Colombo,Peliyagoda,False,237.0,1.406,0,0,served,VEH036,1,2026-03-19-VEH036-T1,0.0
2026-03-19,ORD0096094,2026-03-19,OUT010,Fresh,fresh_dry,Colombo,Peliyagoda,False,381.6,2.134,0,0,served,VEH004,1,2026-03-19-VEH004-T1,0.0
2026-03-19,ORD0096095,2026-03-19,OUT010,Fresh,fresh_chilled,Colombo,Peliyagoda,False,339.1,1.866,0,0,served,VEH004,1,2026-03-19-VEH004-T1,0.0
2026-03-19,ORD0096096,2026-03-19,OUT011,Fresh,fresh_dry,Colombo,Peliyagoda,False,309.8,1.725,0,0,served,VEH004,1,2026-03-19-VEH004-T1,0.0
2026-03-19,ORD0096097,2026-03-19,OUT011,Fresh,fresh_chilled,Colombo,Peliyagoda,False,212.3,1.14,0,0,served,VEH004,1,2026-03-19-VEH004-T1,0.0
2026-03-19,ORD0096098,2026-03-19,OUT012,Fresh,fresh_dry,Colombo,Peliyagoda,False,246.0,1.539,0,0,served,VEH037,1,2026-03-19-VEH037-T1,0.0
2026-03-19,ORD0096099,2026-03-19,OUT013,Fresh,fresh_dry,Colombo,Peliyagoda,False,808.1,4.28,0,0,served,VEH016,2,2026-03-19-VEH016-T2,0.0
2026-03-19,ORD0096100,2026-03-19,OUT013,Fresh,fresh_chilled,Colombo,Peliyagoda,False,481.9,2.646,0,0,served,VEH004,1,2026-03-19-VEH004-T1,0.0
2026-03-19,ORD0096101,2026-03-19,OUT014,Fresh,fresh_dry,Colombo,Peliyagoda,False,306.0,1.545,0,0,served,VEH037,1,2026-03-19-VEH037-T1,0.0
2026-03-19,ORD0096102,2026-03-19,OUT014,Fresh,fresh_chilled,Colombo,Peliyagoda,False,327.7,1.729,0,0,served,VEH004,1,2026-03-19-VEH004-T1,0.0
2026-03-19,ORD0096103,2026-03-19,OUT015,Style,style,Colombo,Peliyagoda,False,531.2,8.157,0,0,served,VEH038,2,2026-03-19-VEH038-T2,0.0
2026-03-19,ORD0096104,2026-03-19,OUT016,Style,style,Colombo,Peliyagoda,False,372.0,5.949,0,0,served,VEH008,2,2026-03-19-VEH008-T2,0.0
2026-03-19,ORD0096105,2026-03-19,OUT017,Style,style,Colombo,Peliyagoda,False,778.8,12.017,0,0,served,VEH008,2,2026-03-19-VEH008-T2,0.0
2026-03-19,ORD0096106,2026-03-19,OUT018,Style,style,Colombo,Peliyagoda,False,466.1,6.889,0,0,served,VEH015,2,2026-03-19-VEH015-T2,0.0
2026-03-19,ORD0096107,2026-03-19,OUT019,Style,style,Colombo,Peliyagoda,False,518.6,8.229,0,0,served,VEH027,2,2026-03-19-VEH027-T2,0.0
2026-03-19,ORD0096108,2026-03-19,OUT020,Style,style,Colombo,Peliyagoda,False,759.8,14.587,0,0,served,VEH015,2,2026-03-19-VEH015-T2,0.0
2026-03-19,ORD0096109,2026-03-19,OUT025,Fresh,fresh_dry,Gampaha,Peliyagoda,False,202.4,1.153,0,0,served,VEH016,1,2026-03-19-VEH016-T1,0.0
2026-03-19,ORD0096110,2026-03-19,OUT025,Fresh,fresh_chilled,Gampaha,Peliyagoda,False,126.2,0.797,0,0,served,VEH036,2,2026-03-19-VEH036-T2,0.0
2026-03-19,ORD0096111,2026-03-19,OUT026,Fresh,fresh_dry,Gampaha,Peliyagoda,False,250.3,1.313,0,0,served,VEH036,2,2026-03-19-VEH036-T2,0.0
2026-03-19,ORD0096112,2026-03-19,OUT026,Fresh,fresh_chilled,Gampaha,Peliyagoda,False,213.7,1.155,0,0,served,VEH036,2,2026-03-19-VEH036-T2,0.0
2026-03-19,ORD0096113,2026-03-19,OUT027,Fresh,fresh_dry,Gampaha,Peliyagoda,False,418.9,2.086,0,0,served,VEH003,1,2026-03-19-VEH003-T1,0.0
2026-03-19,ORD0096114,2026-03-19,OUT027,Fresh,fresh_chilled,Gampaha,Peliyagoda,False,234.0,1.222,0,0,served,VEH003,1,2026-03-19-VEH003-T1,0.0
2026-03-19,ORD0096115,2026-03-19,OUT028,Fresh,fresh_dry,Gampaha,Peliyagoda,False,486.2,2.58,0,0,served,VEH016,1,2026-03-19-VEH016-T1,0.0
2026-03-19,ORD0096116,2026-03-19,OUT029,Fresh,fresh_dry,Gampaha,Peliyagoda,False,389.7,2.109,0,0,served,VEH036,2,2026-03-19-VEH036-T2,0.0
2026-03-19,ORD0096117,2026-03-19,OUT030,Fresh,fresh_dry,Gampaha,Peliyagoda,False,405.2,1.977,0,0,served,VEH003,1,2026-03-19-VEH003-T1,0.0
2026-03-19,ORD0096118,2026-03-19,OUT030,Fresh,fresh_chilled,Gampaha,Peliyagoda,False,371.9,2.117,0,0,served,VEH003,1,2026-03-19-VEH003-T1,0.0
2026-03-19,ORD0096119,2026-03-19,OUT031,Fresh,fresh_dry,Gampaha,Peliyagoda,False,719.9,3.894,0,0,served,VEH016,1,2026-03-19-VEH016-T1,0.0
2026-03-19,ORD0096120,2026-03-19,OUT032,Fresh,fresh_dry,Gampaha,Peliyagoda,False,758.4,3.93,0,0,served,VEH016,1,2026-03-19-VEH016-T1,0.0
2026-03-19,ORD0096121,2026-03-19,OUT033,Fresh,fresh_dry,Gampaha,Peliyagoda,False,354.3,2.229,0,0,served,VEH003,1,2026-03-19-VEH003-T1,0.0
2026-03-19,ORD0096122,2026-03-19,OUT033,Fresh,fresh_chilled,Gampaha,Peliyagoda,False,540.8,3.087,0,0,served,VEH003,1,2026-03-19-VEH003-T1,0.0
2026-03-19,ORD0096123,2026-03-19,OUT034,Fresh,fresh_dry,Gampaha,Peliyagoda,False,309.2,1.812,0,0,served,VEH003,1,2026-03-19-VEH003-T1,0.0
2026-03-19,ORD0096124,2026-03-19,OUT034,Fresh,fresh_chilled,Gampaha,Peliyagoda,False,446.3,2.472,0,0,served,VEH003,1,2026-03-19-VEH003-T1,0.0
2026-03-19,ORD0096125,2026-03-19,OUT040,Fresh,fresh_dry,Kalutara,Peliyagoda,False,576.8,3.035,0,0,served,VEH015,1,2026-03-19-VEH015-T1,0.0
2026-03-19,ORD0096126,2026-03-19,OUT041,Fresh,fresh_dry,Kalutara,Peliyagoda,False,277.9,1.56,0,0,served,VEH006,1,2026-03-19-VEH006-T1,0.0
2026-03-19,ORD0096127,2026-03-19,OUT041,Fresh,fresh_chilled,Kalutara,Peliyagoda,False,297.5,1.483,0,0,served,VEH006,1,2026-03-19-VEH006-T1,0.0
2026-03-19,ORD0096128,2026-03-19,OUT042,Fresh,fresh_dry,Kalutara,Peliyagoda,False,916.2,4.884,0,0,served,VEH006,1,2026-03-19-VEH006-T1,0.0
2026-03-19,ORD0096129,2026-03-19,OUT042,Fresh,fresh_chilled,Kalutara,Peliyagoda,False,652.6,3.613,0,0,served,VEH006,1,2026-03-19-VEH006-T1,0.0
2026-03-19,ORD0096130,2026-03-19,OUT043,Fresh,fresh_dry,Kalutara,Peliyagoda,False,209.7,1.04,0,0,served,VEH006,1,2026-03-19-VEH006-T1,0.0
2026-03-19,ORD0096131,2026-03-19,OUT043,Fresh,fresh_chilled,Kalutara,Peliyagoda,False,206.7,1.174,0,0,served,VEH006,1,2026-03-19-VEH006-T1,0.0
2026-03-19,ORD0096132,2026-03-19,OUT044,Fresh,fresh_dry,Kalutara,Peliyagoda,False,307.1,1.795,0,0,served,VEH015,1,2026-03-19-VEH015-T1,0.0
2026-03-19,ORD0096133,2026-03-19,OUT045,Fresh,fresh_dry,Kalutara,Peliyagoda,False,251.5,1.222,0,0,served,VEH015,1,2026-03-19-VEH015-T1,0.0
2026-03-19,ORD0096134,2026-03-19,OUT045,Fresh,fresh_chilled,Kalutara,Peliyagoda,False,236.4,1.29,0,0,served,VEH035,1,2026-03-19-VEH035-T1,0.0
2026-03-19,ORD0096135,2026-03-19,OUT046,Fresh,fresh_dry,Kalutara,Peliyagoda,False,299.9,1.606,0,0,served,VEH015,1,2026-03-19-VEH015-T1,0.0
2026-03-19,ORD0096136,2026-03-19,OUT046,Fresh,fresh_chilled,Kalutara,Peliyagoda,False,215.6,1.201,0,0,served,VEH035,1,2026-03-19-VEH035-T1,0.0
2026-03-19,ORD0096137,2026-03-19,OUT050,Fresh,fresh_dry,Galle,Peliyagoda,False,268.8,1.456,0,0,served,VEH027,1,2026-03-19-VEH027-T1,0.0
2026-03-19,ORD0096138,2026-03-19,OUT050,Fresh,fresh_chilled,Galle,Peliyagoda,False,381.7,1.958,0,0,served,VEH005,1,2026-03-19-VEH005-T1,0.0
2026-03-19,ORD0096139,2026-03-19,OUT051,Fresh,fresh_dry,Galle,Peliyagoda,False,231.9,1.235,0,0,served,VEH027,1,2026-03-19-VEH027-T1,0.0
2026-03-19,ORD0096140,2026-03-19,OUT051,Fresh,fresh_chilled,Galle,Peliyagoda,False,105.0,0.594,0,0,served,VEH005,1,2026-03-19-VEH005-T1,0.0
2026-03-19,ORD0096141,2026-03-19,OUT052,Fresh,fresh_dry,Galle,Peliyagoda,False,383.1,2.138,0,0,served,VEH027,1,2026-03-19-VEH027-T1,0.0
2026-03-19,ORD0096142,2026-03-19,OUT052,Fresh,fresh_chilled,Galle,Peliyagoda,False,339.7,1.683,0,0,served,VEH005,1,2026-03-19-VEH005-T1,0.0
2026-03-19,ORD0096143,2026-03-19,OUT053,Fresh,fresh_dry,Galle,Peliyagoda,False,137.8,0.809,0,0,served,VEH005,1,2026-03-19-VEH005-T1,0.0
2026-03-19,ORD0096144,2026-03-19,OUT053,Fresh,fresh_chilled,Galle,Peliyagoda,False,155.8,0.931,0,0,served,VEH005,1,2026-03-19-VEH005-T1,0.0
2026-03-19,ORD0096145,2026-03-19,OUT054,Fresh,fresh_dry,Galle,Peliyagoda,False,710.0,3.983,0,0,served,VEH027,1,2026-03-19-VEH027-T1,0.0
2026-03-19,ORD0096146,2026-03-19,OUT054,Fresh,fresh_chilled,Galle,Peliyagoda,False,591.2,2.905,0,0,served,VEH005,1,2026-03-19-VEH005-T1,0.0
2026-03-19,ORD0096147,2026-03-19,OUT055,Fresh,fresh_dry,Galle,Peliyagoda,False,294.1,1.548,0,0,served,VEH027,1,2026-03-19-VEH027-T1,0.0
2026-03-19,ORD0096148,2026-03-19,OUT055,Fresh,fresh_chilled,Galle,Peliyagoda,False,334.2,1.805,0,0,served,VEH005,1,2026-03-19-VEH005-T1,0.0
2026-03-19,ORD0096149,2026-03-19,OUT059,Fresh,fresh_dry,Matara,Peliyagoda,False,289.5,1.663,0,0,served,VEH038,1,2026-03-19-VEH038-T1,0.0
2026-03-19,ORD0096150,2026-03-19,OUT059,Fresh,fresh_chilled,Matara,Peliyagoda,False,480.8,2.554,0,0,served,VEH007,1,2026-03-19-VEH007-T1,0.0
2026-03-19,ORD0096151,2026-03-19,OUT060,Fresh,fresh_dry,Matara,Peliyagoda,False,316.8,1.545,0,0,served,VEH038,1,2026-03-19-VEH038-T1,0.0
2026-03-19,ORD0096152,2026-03-19,OUT060,Fresh,fresh_chilled,Matara,Peliyagoda,False,402.7,2.232,0,0,served,VEH007,1,2026-03-19-VEH007-T1,0.0
2026-03-19,ORD0096153,2026-03-19,OUT061,Fresh,fresh_dry,Matara,Peliyagoda,False,362.8,2.107,0,0,served,VEH038,1,2026-03-19-VEH038-T1,0.0
2026-03-19,ORD0096154,2026-03-19,OUT061,Fresh,fresh_chilled,Matara,Peliyagoda,False,236.6,1.345,0,0,served,VEH007,1,2026-03-19-VEH007-T1,0.0
2026-03-19,ORD0096155,2026-03-19,OUT062,Fresh,fresh_dry,Matara,Peliyagoda,False,388.7,2.247,0,0,served,VEH007,1,2026-03-19-VEH007-T1,0.0
2026-03-19,ORD0096156,2026-03-19,OUT062,Fresh,fresh_chilled,Matara,Peliyagoda,False,285.5,1.594,0,0,served,VEH007,1,2026-03-19-VEH007-T1,0.0
2026-03-19,ORD0096157,2026-03-19,OUT065,Fresh,fresh_dry,Kurunegala,Peliyagoda,False,557.1,3.015,0,1,served,VEH025,1,2026-03-19-VEH025-T1,0.0
2026-03-19,ORD0096158,2026-03-19,OUT065,Fresh,fresh_chilled,Kurunegala,Peliyagoda,False,640.6,3.483,0,1,served,VEH001,1,2026-03-19-VEH001-T1,0.0
2026-03-19,ORD0096159,2026-03-19,OUT066,Fresh,fresh_dry,Kurunegala,Peliyagoda,False,384.4,1.832,0,0,served,VEH025,1,2026-03-19-VEH025-T1,0.0
2026-03-19,ORD0096160,2026-03-19,OUT066,Fresh,fresh_chilled,Kurunegala,Peliyagoda,False,418.5,2.243,0,0,served,VEH001,1,2026-03-19-VEH001-T1,0.0
2026-03-19,ORD0096161,2026-03-19,OUT067,Fresh,fresh_dry,Kurunegala,Peliyagoda,False,324.9,1.714,0,0,served,VEH001,1,2026-03-19-VEH001-T1,0.0
2026-03-19,ORD0096162,2026-03-19,OUT067,Fresh,fresh_chilled,Kurunegala,Peliyagoda,False,204.4,1.295,0,0,served,VEH001,1,2026-03-19-VEH001-T1,0.0
2026-03-19,ORD0096163,2026-03-19,OUT068,Fresh,fresh_dry,Kurunegala,Peliyagoda,False,404.6,1.957,0,0,served,VEH025,1,2026-03-19-VEH025-T1,0.0
2026-03-19,ORD0096164,2026-03-19,OUT069,Fresh,fresh_dry,Kurunegala,Peliyagoda,False,349.7,1.837,0,0,served,VEH025,1,2026-03-19-VEH025-T1,0.0
2026-03-19,ORD0096165,2026-03-19,OUT073,Fresh,fresh_dry,Puttalam,Peliyagoda,False,370.4,1.967,0,0,served,VEH002,1,2026-03-19-VEH002-T1,0.0
2026-03-19,ORD0096166,2026-03-19,OUT073,Fresh,fresh_chilled,Puttalam,Peliyagoda,False,393.0,2.053,0,0,served,VEH002,1,2026-03-19-VEH002-T1,0.0
2026-03-19,ORD0096167,2026-03-19,OUT074,Fresh,fresh_dry,Puttalam,Peliyagoda,False,400.2,2.084,0,0,served,VEH008,1,2026-03-19-VEH008-T1,0.0
2026-03-19,ORD0096168,2026-03-19,OUT074,Fresh,fresh_chilled,Puttalam,Peliyagoda,False,326.1,1.888,0,0,served,VEH002,1,2026-03-19-VEH002-T1,0.0
2026-03-19,ORD0096169,2026-03-19,OUT075,Fresh,fresh_dry,Puttalam,Peliyagoda,False,181.4,1.02,0,0,served,VEH008,1,2026-03-19-VEH008-T1,0.0
2026-03-19,ORD0096170,2026-03-19,OUT076,Fresh,fresh_dry,Kandy,Kandy,True,206.3,1.142,0,0,served,VEH059,1,2026-03-19-VEH059-T1,0.0
2026-03-19,ORD0096171,2026-03-19,OUT076,Fresh,fresh_chilled,Kandy,Kandy,True,121.1,0.716,0,0,served,VEH058,1,2026-03-19-VEH058-T1,0.0
2026-03-19,ORD0096172,2026-03-19,OUT077,Fresh,fresh_dry,Kandy,Kandy,True,133.5,0.659,0,0,served,VEH059,1,2026-03-19-VEH059-T1,0.0
2026-03-19,ORD0096173,2026-03-19,OUT077,Fresh,fresh_chilled,Kandy,Kandy,True,104.9,0.571,0,0,served,VEH058,1,2026-03-19-VEH058-T1,0.0
2026-03-19,ORD0096174,2026-03-19,OUT078,Fresh,fresh_dry,Kandy,Kandy,True,125.6,0.724,0,0,served,VEH058,1,2026-03-19-VEH058-T1,0.0
2026-03-19,ORD0096175,2026-03-19,OUT078,Fresh,fresh_chilled,Kandy,Kandy,True,169.9,0.993,0,0,served,VEH058,1,2026-03-19-VEH058-T1,0.0
2026-03-19,ORD0096176,2026-03-19,OUT079,Fresh,fresh_dry,Kandy,Kandy,True,107.8,0.538,0,0,served,VEH059,1,2026-03-19-VEH059-T1,0.0
2026-03-19,ORD0096177,2026-03-19,OUT079,Fresh,fresh_chilled,Kandy,Kandy,True,108.4,0.617,0,0,served,VEH058,1,2026-03-19-VEH058-T1,0.0
2026-03-19,ORD0096178,2026-03-19,OUT080,Fresh,fresh_dry,Kandy,Kandy,True,105.9,0.621,0,0,served,VEH059,1,2026-03-19-VEH059-T1,0.0
2026-03-19,ORD0096179,2026-03-19,OUT080,Fresh,fresh_chilled,Kandy,Kandy,True,102.7,0.582,0,0,served,VEH058,1,2026-03-19-VEH058-T1,0.0
2026-03-19,ORD0096180,2026-03-19,OUT081,Fresh,fresh_dry,Kandy,Kandy,True,138.2,0.711,0,0,served,VEH059,1,2026-03-19-VEH059-T1,0.0
2026-03-19,ORD0096181,2026-03-19,OUT081,Fresh,fresh_chilled,Kandy,Kandy,True,164.0,0.786,0,0,served,VEH058,1,2026-03-19-VEH058-T1,0.0
2026-03-19,ORD0096182,2026-03-19,OUT082,Fresh,fresh_dry,Kandy,Kandy,True,118.5,0.633,0,0,served,VEH059,1,2026-03-19-VEH059-T1,0.0
2026-03-19,ORD0096183,2026-03-19,OUT082,Fresh,fresh_chilled,Kandy,Kandy,True,71.0,0.396,0,0,served,VEH058,1,2026-03-19-VEH058-T1,0.0
2026-03-19,ORD0096184,2026-03-19,OUT083,Fresh,fresh_dry,Kandy,Kandy,True,66.3,0.362,0,0,served,VEH059,1,2026-03-19-VEH059-T1,0.0
2026-03-19,ORD0096185,2026-03-19,OUT084,Fresh,fresh_dry,Kandy,Kandy,False,296.0,1.583,0,0,served,VEH058,2,2026-03-19-VEH058-T2,0.0
2026-03-19,ORD0096186,2026-03-19,OUT084,Fresh,fresh_chilled,Kandy,Kandy,False,314.0,1.554,0,0,served,VEH042,2,2026-03-19-VEH042-T2,0.0
2026-03-19,ORD0096187,2026-03-19,OUT085,Fresh,fresh_dry,Kandy,Kandy,False,474.8,2.22,0,0,served,VEH042,2,2026-03-19-VEH042-T2,0.0
2026-03-19,ORD0096188,2026-03-19,OUT086,Fresh,fresh_dry,Kandy,Kandy,False,215.1,1.345,0,0,served,VEH059,1,2026-03-19-VEH059-T1,0.0
2026-03-19,ORD0096189,2026-03-19,OUT087,Fresh,fresh_dry,Kandy,Kandy,False,384.8,2.229,0,0,served,VEH058,2,2026-03-19-VEH058-T2,0.0
2026-03-19,ORD0096190,2026-03-19,OUT087,Fresh,fresh_chilled,Kandy,Kandy,False,199.1,1.093,0,0,served,VEH042,2,2026-03-19-VEH042-T2,0.0
2026-03-19,ORD0096191,2026-03-19,OUT088,Style,style,Kandy,Kandy,True,128.5,2.016,0,0,served,VEH060,2,2026-03-19-VEH060-T2,0.0
2026-03-19,ORD0096192,2026-03-19,OUT089,Style,style,Kandy,Kandy,False,312.5,5.526,0,0,served,VEH060,2,2026-03-19-VEH060-T2,0.0
2026-03-19,ORD0096193,2026-03-19,OUT090,Style,style,Kandy,Kandy,False,528.0,7.798,0,0,served,VEH059,2,2026-03-19-VEH059-T2,0.0
2026-03-19,ORD0096194,2026-03-19,OUT091,Style,style,Kandy,Kandy,False,765.6,11.256,0,0,served,VEH046,2,2026-03-19-VEH046-T2,0.0
2026-03-19,ORD0096195,2026-03-19,OUT092,Style,style,Kandy,Kandy,False,559.8,8.059,0,0,served,VEH046,2,2026-03-19-VEH046-T2,0.0
2026-03-19,ORD0096196,2026-03-19,OUT095,Tech,tech,Kandy,Kandy,False,1659.3,5.256,0,0,served,VEH056,2,2026-03-19-VEH056-T2,0.0
2026-03-19,ORD0096197,2026-03-19,OUT096,Fresh,fresh_dry,Matale,Kandy,False,166.6,0.987,0,0,served,VEH043,1,2026-03-19-VEH043-T1,0.0
2026-03-19,ORD0096198,2026-03-19,OUT096,Fresh,fresh_chilled,Matale,Kandy,False,128.7,0.713,0,0,served,VEH043,1,2026-03-19-VEH043-T1,0.0
2026-03-19,ORD0096199,2026-03-19,OUT097,Fresh,fresh_dry,Matale,Kandy,False,407.5,2.521,0,0,served,VEH043,1,2026-03-19-VEH043-T1,0.0
2026-03-19,ORD0096200,2026-03-19,OUT097,Fresh,fresh_chilled,Matale,Kandy,False,552.9,2.975,0,0,served,VEH043,1,2026-03-19-VEH043-T1,0.0
2026-03-19,ORD0096201,2026-03-19,OUT098,Fresh,fresh_dry,Matale,Kandy,False,514.4,2.472,0,0,served,VEH043,1,2026-03-19-VEH043-T1,0.0
2026-03-19,ORD0096202,2026-03-19,OUT099,Fresh,fresh_dry,Matale,Kandy,False,442.6,2.351,0,0,served,VEH043,1,2026-03-19-VEH043-T1,0.0
2026-03-19,ORD0096203,2026-03-19,OUT100,Fresh,fresh_dry,Matale,Kandy,False,485.3,2.768,0,0,served,VEH043,1,2026-03-19-VEH043-T1,0.0
2026-03-19,ORD0096204,2026-03-19,OUT100,Fresh,fresh_chilled,Matale,Kandy,False,510.2,2.833,0,0,served,VEH043,1,2026-03-19-VEH043-T1,0.0
2026-03-19,ORD0096205,2026-03-19,OUT101,Fresh,fresh_dry,Matale,Kandy,False,403.6,2.161,0,0,served,VEH043,1,2026-03-19-VEH043-T1,0.0
2026-03-19,ORD0096206,2026-03-19,OUT104,Fresh,fresh_dry,Nuwara Eliya,Kandy,False,359.0,2.066,0,0,served,VEH046,1,2026-03-19-VEH046-T1,0.0
2026-03-19,ORD0096207,2026-03-19,OUT105,Fresh,fresh_dry,Nuwara Eliya,Kandy,False,316.3,1.684,0,0,served,VEH046,1,2026-03-19-VEH046-T1,0.0
2026-03-19,ORD0096208,2026-03-19,OUT106,Fresh,fresh_dry,Nuwara Eliya,Kandy,False,368.6,1.939,0,0,served,VEH041,1,2026-03-19-VEH041-T1,0.0
2026-03-19,ORD0096209,2026-03-19,OUT106,Fresh,fresh_chilled,Nuwara Eliya,Kandy,False,231.0,1.317,0,0,served,VEH041,1,2026-03-19-VEH041-T1,0.0
2026-03-19,ORD0096210,2026-03-19,OUT107,Fresh,fresh_dry,Nuwara Eliya,Kandy,False,516.2,2.778,0,0,served,VEH046,1,2026-03-19-VEH046-T1,0.0
2026-03-19,ORD0096211,2026-03-19,OUT107,Fresh,fresh_chilled,Nuwara Eliya,Kandy,False,328.7,1.673,0,0,served,VEH041,1,2026-03-19-VEH041-T1,0.0
2026-03-19,ORD0096212,2026-03-19,OUT108,Fresh,fresh_dry,Nuwara Eliya,Kandy,False,319.8,1.876,0,0,served,VEH041,1,2026-03-19-VEH041-T1,0.0
2026-03-19,ORD0096213,2026-03-19,OUT108,Fresh,fresh_chilled,Nuwara Eliya,Kandy,False,319.6,1.607,0,0,served,VEH041,1,2026-03-19-VEH041-T1,0.0
2026-03-19,ORD0096214,2026-03-19,OUT110,Fresh,fresh_dry,Badulla,Kandy,False,275.0,1.533,0,0,served,VEH060,1,2026-03-19-VEH060-T1,0.0
2026-03-19,ORD0096215,2026-03-19,OUT110,Fresh,fresh_chilled,Badulla,Kandy,False,171.4,1.012,0,0,served,VEH039,1,2026-03-19-VEH039-T1,0.0
2026-03-19,ORD0096216,2026-03-19,OUT111,Fresh,fresh_dry,Badulla,Kandy,False,203.0,1.081,0,0,served,VEH057,1,2026-03-19-VEH057-T1,0.0
2026-03-19,ORD0096217,2026-03-19,OUT111,Fresh,fresh_chilled,Badulla,Kandy,False,130.0,0.682,0,0,served,VEH057,1,2026-03-19-VEH057-T1,0.0
2026-03-19,ORD0096218,2026-03-19,OUT112,Fresh,fresh_dry,Badulla,Kandy,False,527.7,2.961,0,0,served,VEH048,1,2026-03-19-VEH048-T1,0.0
2026-03-19,ORD0096219,2026-03-19,OUT113,Fresh,fresh_dry,Badulla,Kandy,False,402.8,2.192,0,0,served,VEH060,1,2026-03-19-VEH060-T1,0.0
2026-03-19,ORD0096220,2026-03-19,OUT113,Fresh,fresh_chilled,Badulla,Kandy,False,238.3,1.299,0,0,served,VEH039,1,2026-03-19-VEH039-T1,0.0
2026-03-19,ORD0096221,2026-03-19,OUT116,Fresh,fresh_dry,Kegalle,Kandy,False,444.2,2.217,0,0,served,VEH056,1,2026-03-19-VEH056-T1,0.0
2026-03-19,ORD0096222,2026-03-19,OUT117,Fresh,fresh_dry,Kegalle,Kandy,False,486.7,2.751,0,0,served,VEH042,1,2026-03-19-VEH042-T1,0.0
2026-03-19,ORD0096223,2026-03-19,OUT117,Fresh,fresh_chilled,Kegalle,Kandy,False,528.7,2.766,0,0,served,VEH042,1,2026-03-19-VEH042-T1,0.0
2026-03-19,ORD0096224,2026-03-19,OUT118,Fresh,fresh_dry,Kegalle,Kandy,False,702.2,3.485,0,0,served,VEH056,1,2026-03-19-VEH056-T1,0.0
2026-03-19,ORD0096225,2026-03-19,OUT118,Fresh,fresh_chilled,Kegalle,Kandy,False,569.0,3.174,0,0,served,VEH042,1,2026-03-19-VEH042-T1,0.0
2026-03-19,ORD0096226,2026-03-19,OUT119,Fresh,fresh_dry,Kegalle,Kandy,False,368.0,1.885,0,0,served,VEH042,1,2026-03-19-VEH042-T1,0.0
2026-03-19,ORD0096227,2026-03-19,OUT119,Fresh,fresh_chilled,Kegalle,Kandy,False,343.3,1.746,0,0,served,VEH042,1,2026-03-19-VEH042-T1,0.0
2026-03-20,ORD0096228,2026-03-20,OUT001,Fresh,fresh_dry,Colombo,Peliyagoda,True,103.0,0.549,0,0,served,VEH036,1,2026-03-20-VEH036-T1,0.0
2026-03-20,ORD0096229,2026-03-20,OUT001,Fresh,fresh_chilled,Colombo,Peliyagoda,True,111.9,0.601,0,0,served,VEH036,1,2026-03-20-VEH036-T1,0.0
2026-03-20,ORD0096230,2026-03-20,OUT002,Fresh,fresh_dry,Colombo,Peliyagoda,True,125.4,0.673,0,0,served,VEH036,1,2026-03-20-VEH036-T1,0.0
2026-03-20,ORD0096231,2026-03-20,OUT002,Fresh,fresh_chilled,Colombo,Peliyagoda,True,99.5,0.515,0,0,served,VEH036,1,2026-03-20-VEH036-T1,0.0
2026-03-20,ORD0096232,2026-03-20,OUT003,Fresh,fresh_dry,Colombo,Peliyagoda,True,97.6,0.594,0,0,served,VEH036,1,2026-03-20-VEH036-T1,0.0
2026-03-20,ORD0096233,2026-03-20,OUT003,Fresh,fresh_chilled,Colombo,Peliyagoda,True,72.9,0.418,0,0,served,VEH036,1,2026-03-20-VEH036-T1,0.0
2026-03-20,ORD0096234,2026-03-20,OUT004,Fresh,fresh_dry,Colombo,Peliyagoda,False,213.4,1.177,0,0,served,VEH025,1,2026-03-20-VEH025-T1,0.0
2026-03-20,ORD0096235,2026-03-20,OUT004,Fresh,fresh_chilled,Colombo,Peliyagoda,False,143.4,0.773,0,0,served,VEH036,1,2026-03-20-VEH036-T1,0.0
2026-03-20,ORD0096236,2026-03-20,OUT005,Fresh,fresh_dry,Colombo,Peliyagoda,False,456.3,2.482,0,0,served,VEH001,1,2026-03-20-VEH001-T1,0.0
2026-03-20,ORD0096237,2026-03-20,OUT005,Fresh,fresh_chilled,Colombo,Peliyagoda,False,585.6,3.062,0,0,served,VEH001,1,2026-03-20-VEH001-T1,0.0
2026-03-20,ORD0096238,2026-03-20,OUT006,Fresh,fresh_dry,Colombo,Peliyagoda,False,579.4,3.217,0,0,served,VEH025,1,2026-03-20-VEH025-T1,0.0
2026-03-20,ORD0096239,2026-03-20,OUT007,Fresh,fresh_dry,Colombo,Peliyagoda,False,755.1,4.177,0,0,served,VEH001,1,2026-03-20-VEH001-T1,0.0
2026-03-20,ORD0096240,2026-03-20,OUT007,Fresh,fresh_chilled,Colombo,Peliyagoda,False,666.0,3.86,0,0,served,VEH001,1,2026-03-20-VEH001-T1,0.0
2026-03-20,ORD0096241,2026-03-20,OUT008,Fresh,fresh_dry,Colombo,Peliyagoda,False,537.5,2.858,0,0,served,VEH025,1,2026-03-20-VEH025-T1,0.0
2026-03-20,ORD0096242,2026-03-20,OUT008,Fresh,fresh_chilled,Colombo,Peliyagoda,False,181.9,1.103,0,0,served,VEH036,1,2026-03-20-VEH036-T1,0.0
2026-03-20,ORD0096243,2026-03-20,OUT009,Fresh,fresh_dry,Colombo,Peliyagoda,False,296.5,1.698,0,0,served,VEH001,1,2026-03-20-VEH001-T1,0.0
2026-03-20,ORD0096244,2026-03-20,OUT009,Fresh,fresh_chilled,Colombo,Peliyagoda,False,250.1,1.331,0,0,served,VEH001,1,2026-03-20-VEH001-T1,0.0
2026-03-20,ORD0096245,2026-03-20,OUT010,Fresh,fresh_dry,Colombo,Peliyagoda,False,481.5,2.326,0,0,served,VEH025,1,2026-03-20-VEH025-T1,0.0
2026-03-20,ORD0096246,2026-03-20,OUT011,Fresh,fresh_dry,Colombo,Peliyagoda,False,396.2,1.853,0,0,served,VEH025,1,2026-03-20-VEH025-T1,0.0
2026-03-20,ORD0096247,2026-03-20,OUT012,Fresh,fresh_dry,Colombo,Peliyagoda,False,429.0,2.391,0,0,served,VEH025,1,2026-03-20-VEH025-T1,0.0
2026-03-20,ORD0096248,2026-03-20,OUT013,Fresh,fresh_dry,Colombo,Peliyagoda,False,807.6,4.015,0,0,served,VEH001,1,2026-03-20-VEH001-T1,0.0
2026-03-20,ORD0096249,2026-03-20,OUT013,Fresh,fresh_chilled,Colombo,Peliyagoda,False,525.3,2.696,0,0,served,VEH001,1,2026-03-20-VEH001-T1,0.0
2026-03-20,ORD0096250,2026-03-20,OUT014,Fresh,fresh_dry,Colombo,Peliyagoda,False,247.7,1.295,0,0,served,VEH025,1,2026-03-20-VEH025-T1,0.0
2026-03-20,ORD0096251,2026-03-20,OUT021,Tech,tech,Colombo,Peliyagoda,False,1591.0,5.32,0,0,served,VEH034,2,2026-03-20-VEH034-T2,0.0
2026-03-20,ORD0096252,2026-03-20,OUT022,Tech,tech,Colombo,Peliyagoda,False,840.9,3.101,0,0,served,VEH034,2,2026-03-20-VEH034-T2,0.0
2026-03-20,ORD0096253,2026-03-20,OUT024,Tech,tech,Colombo,Peliyagoda,False,790.4,2.477,0,0,served,VEH034,2,2026-03-20-VEH034-T2,0.0
2026-03-20,ORD0096254,2026-03-20,OUT025,Fresh,fresh_dry,Gampaha,Peliyagoda,False,323.8,1.634,0,0,served,VEH018,1,2026-03-20-VEH018-T1,0.0
2026-03-20,ORD0096255,2026-03-20,OUT026,Fresh,fresh_dry,Gampaha,Peliyagoda,False,398.8,2.124,0,0,served,VEH005,1,2026-03-20-VEH005-T1,0.0
2026-03-20,ORD0096256,2026-03-20,OUT026,Fresh,fresh_chilled,Gampaha,Peliyagoda,False,224.4,1.253,0,0,served,VEH005,1,2026-03-20-VEH005-T1,0.0
2026-03-20,ORD0096257,2026-03-20,OUT027,Fresh,fresh_dry,Gampaha,Peliyagoda,False,369.0,2.095,0,0,served,VEH018,1,2026-03-20-VEH018-T1,0.0
2026-03-20,ORD0096258,2026-03-20,OUT028,Fresh,fresh_dry,Gampaha,Peliyagoda,False,323.7,2.004,0,0,served,VEH005,1,2026-03-20-VEH005-T1,0.0
2026-03-20,ORD0096259,2026-03-20,OUT028,Fresh,fresh_chilled,Gampaha,Peliyagoda,False,372.5,1.977,0,0,served,VEH005,1,2026-03-20-VEH005-T1,0.0
2026-03-20,ORD0096260,2026-03-20,OUT029,Fresh,fresh_dry,Gampaha,Peliyagoda,False,363.1,1.887,0,0,served,VEH018,1,2026-03-20-VEH018-T1,0.0
2026-03-20,ORD0096261,2026-03-20,OUT029,Fresh,fresh_chilled,Gampaha,Peliyagoda,False,338.5,1.846,0,0,served,VEH005,1,2026-03-20-VEH005-T1,0.0
2026-03-20,ORD0096262,2026-03-20,OUT030,Fresh,fresh_dry,Gampaha,Peliyagoda,False,525.1,2.671,0,0,served,VEH005,1,2026-03-20-VEH005-T1,0.0
2026-03-20,ORD0096263,2026-03-20,OUT030,Fresh,fresh_chilled,Gampaha,Peliyagoda,False,616.8,3.206,0,0,served,VEH005,1,2026-03-20-VEH005-T1,0.0
2026-03-20,ORD0096264,2026-03-20,OUT031,Fresh,fresh_dry,Gampaha,Peliyagoda,False,1024.2,5.478,0,0,served,VEH005,1,2026-03-20-VEH005-T1,0.0
2026-03-20,ORD0096265,2026-03-20,OUT032,Fresh,fresh_dry,Gampaha,Peliyagoda,False,819.4,4.516,0,0,served,VEH018,1,2026-03-20-VEH018-T1,0.0
2026-03-20,ORD0096266,2026-03-20,OUT032,Fresh,fresh_chilled,Gampaha,Peliyagoda,False,970.6,4.733,0,0,served,VEH005,1,2026-03-20-VEH005-T1,0.0
2026-03-20,ORD0096267,2026-03-20,OUT033,Fresh,fresh_dry,Gampaha,Peliyagoda,False,398.2,2.028,0,0,served,VEH018,1,2026-03-20-VEH018-T1,0.0
2026-03-20,ORD0096268,2026-03-20,OUT034,Fresh,fresh_dry,Gampaha,Peliyagoda,False,358.1,1.854,0,0,served,VEH018,1,2026-03-20-VEH018-T1,0.0
2026-03-20,ORD0096269,2026-03-20,OUT034,Fresh,fresh_chilled,Gampaha,Peliyagoda,False,424.5,2.281,0,0,served,VEH005,1,2026-03-20-VEH005-T1,0.0
2026-03-20,ORD0096270,2026-03-20,OUT040,Fresh,fresh_dry,Kalutara,Peliyagoda,False,603.5,2.986,0,0,served,VEH034,1,2026-03-20-VEH034-T1,0.0
2026-03-20,ORD0096271,2026-03-20,OUT041,Fresh,fresh_dry,Kalutara,Peliyagoda,False,377.2,2.284,0,0,served,VEH034,1,2026-03-20-VEH034-T1,0.0
2026-03-20,ORD0096272,2026-03-20,OUT042,Fresh,fresh_dry,Kalutara,Peliyagoda,False,1072.0,6.164,0,0,served,VEH034,1,2026-03-20-VEH034-T1,0.0
2026-03-20,ORD0096273,2026-03-20,OUT043,Fresh,fresh_dry,Kalutara,Peliyagoda,False,207.3,1.075,0,0,served,VEH004,1,2026-03-20-VEH004-T1,0.0
2026-03-20,ORD0096274,2026-03-20,OUT043,Fresh,fresh_chilled,Kalutara,Peliyagoda,False,211.6,1.201,0,0,served,VEH004,1,2026-03-20-VEH004-T1,0.0
2026-03-20,ORD0096275,2026-03-20,OUT044,Fresh,fresh_dry,Kalutara,Peliyagoda,False,330.5,1.769,0,0,served,VEH004,1,2026-03-20-VEH004-T1,0.0
2026-03-20,ORD0096276,2026-03-20,OUT044,Fresh,fresh_chilled,Kalutara,Peliyagoda,False,248.9,1.291,0,0,served,VEH004,1,2026-03-20-VEH004-T1,0.0
2026-03-20,ORD0096277,2026-03-20,OUT045,Fresh,fresh_dry,Kalutara,Peliyagoda,False,197.0,1.162,0,0,served,VEH034,1,2026-03-20-VEH034-T1,0.0
2026-03-20,ORD0096278,2026-03-20,OUT046,Fresh,fresh_dry,Kalutara,Peliyagoda,False,457.1,2.095,0,0,served,VEH004,1,2026-03-20-VEH004-T1,0.0
2026-03-20,ORD0096279,2026-03-20,OUT046,Fresh,fresh_chilled,Kalutara,Peliyagoda,False,323.2,1.738,0,0,served,VEH004,1,2026-03-20-VEH004-T1,0.0
2026-03-20,ORD0096280,2026-03-20,OUT050,Fresh,fresh_dry,Galle,Peliyagoda,False,371.5,1.779,0,0,served,VEH002,1,2026-03-20-VEH002-T1,0.0
2026-03-20,ORD0096281,2026-03-20,OUT051,Fresh,fresh_dry,Galle,Peliyagoda,False,203.6,1.145,0,0,served,VEH037,1,2026-03-20-VEH037-T1,0.0
2026-03-20,ORD0096282,2026-03-20,OUT052,Fresh,fresh_dry,Galle,Peliyagoda,False,552.9,2.752,0,0,served,VEH037,1,2026-03-20-VEH037-T1,0.0
2026-03-20,ORD0096283,2026-03-20,OUT053,Fresh,fresh_dry,Galle,Peliyagoda,False,189.2,1.001,0,0,served,VEH002,1,2026-03-20-VEH002-T1,0.0
2026-03-20,ORD0096284,2026-03-20,OUT053,Fresh,fresh_chilled,Galle,Peliyagoda,False,164.4,0.992,0,0,served,VEH002,1,2026-03-20-VEH002-T1,0.0
2026-03-20,ORD0096285,2026-03-20,OUT054,Fresh,fresh_dry,Galle,Peliyagoda,False,637.8,3.039,0,0,served,VEH002,1,2026-03-20-VEH002-T1,0.0
2026-03-20,ORD0096286,2026-03-20,OUT054,Fresh,fresh_chilled,Galle,Peliyagoda,False,1007.7,5.638,0,0,served,VEH002,1,2026-03-20-VEH002-T1,0.0
2026-03-20,ORD0096287,2026-03-20,OUT055,Fresh,fresh_dry,Galle,Peliyagoda,False,336.0,1.762,0,0,served,VEH037,1,2026-03-20-VEH037-T1,0.0
2026-03-20,ORD0096288,2026-03-20,OUT056,Style,style,Galle,Peliyagoda,False,347.4,5.692,0,0,served,VEH035,2,2026-03-20-VEH035-T2,0.0
2026-03-20,ORD0096289,2026-03-20,OUT057,Style,style,Galle,Peliyagoda,False,1032.1,15.799,0,0,served,VEH025,2,2026-03-20-VEH025-T2,0.0
2026-03-20,ORD0096290,2026-03-20,OUT059,Fresh,fresh_dry,Matara,Peliyagoda,False,470.8,2.491,0,0,served,VEH016,1,2026-03-20-VEH016-T1,0.0
2026-03-20,ORD0096291,2026-03-20,OUT060,Fresh,fresh_dry,Matara,Peliyagoda,False,372.7,1.817,0,0,served,VEH016,1,2026-03-20-VEH016-T1,0.0
2026-03-20,ORD0096292,2026-03-20,OUT060,Fresh,fresh_chilled,Matara,Peliyagoda,False,386.5,2.086,0,0,served,VEH035,1,2026-03-20-VEH035-T1,0.0
2026-03-20,ORD0096293,2026-03-20,OUT061,Fresh,fresh_dry,Matara,Peliyagoda,False,406.4,2.05,0,0,served,VEH016,1,2026-03-20-VEH016-T1,0.0
2026-03-20,ORD0096294,2026-03-20,OUT062,Fresh,fresh_dry,Matara,Peliyagoda,False,458.9,2.289,0,0,served,VEH016,1,2026-03-20-VEH016-T1,0.0
2026-03-20,ORD0096295,2026-03-20,OUT062,Fresh,fresh_chilled,Matara,Peliyagoda,False,357.1,2.237,0,0,served,VEH035,1,2026-03-20-VEH035-T1,0.0
2026-03-20,ORD0096296,2026-03-20,OUT063,Style,style,Matara,Peliyagoda,False,496.8,7.603,0,0,served,VEH037,2,2026-03-20-VEH037-T2,0.0
2026-03-20,ORD0096297,2026-03-20,OUT064,Tech,tech,Matara,Peliyagoda,False,520.6,1.752,0,0,served,VEH038,2,2026-03-20-VEH038-T2,0.0
2026-03-20,ORD0096298,2026-03-20,OUT065,Fresh,fresh_dry,Kurunegala,Peliyagoda,False,474.0,2.635,0,1,served,VEH017,1,2026-03-20-VEH017-T1,0.0
2026-03-20,ORD0096299,2026-03-20,OUT065,Fresh,fresh_chilled,Kurunegala,Peliyagoda,False,677.2,3.477,0,1,served,VEH003,1,2026-03-20-VEH003-T1,0.0
2026-03-20,ORD0096300,2026-03-20,OUT066,Fresh,fresh_dry,Kurunegala,Peliyagoda,False,255.6,1.726,0,0,served,VEH003,1,2026-03-20-VEH003-T1,0.0
2026-03-20,ORD0096301,2026-03-20,OUT066,Fresh,fresh_chilled,Kurunegala,Peliyagoda,False,372.2,2.175,0,0,served,VEH003,1,2026-03-20-VEH003-T1,0.0
2026-03-20,ORD0096302,2026-03-20,OUT067,Fresh,fresh_dry,Kurunegala,Peliyagoda,False,473.1,2.338,0,0,served,VEH017,1,2026-03-20-VEH017-T1,0.0
2026-03-20,ORD0096303,2026-03-20,OUT067,Fresh,fresh_chilled,Kurunegala,Peliyagoda,False,332.7,1.951,0,0,served,VEH003,1,2026-03-20-VEH003-T1,0.0
2026-03-20,ORD0096304,2026-03-20,OUT068,Fresh,fresh_dry,Kurunegala,Peliyagoda,False,432.8,2.11,0,0,served,VEH017,1,2026-03-20-VEH017-T1,0.0
2026-03-20,ORD0096305,2026-03-20,OUT069,Fresh,fresh_dry,Kurunegala,Peliyagoda,False,354.8,2.213,0,0,served,VEH017,1,2026-03-20-VEH017-T1,0.0
2026-03-20,ORD0096306,2026-03-20,OUT070,Style,style,Kurunegala,Peliyagoda,False,408.3,6.549,0,0,served,VEH017,2,2026-03-20-VEH017-T2,0.0
2026-03-20,ORD0096307,2026-03-20,OUT071,Style,style,Kurunegala,Peliyagoda,False,446.3,6.917,0,0,served,VEH017,2,2026-03-20-VEH017-T2,0.0
2026-03-20,ORD0096308,2026-03-20,OUT072,Tech,tech,Kurunegala,Peliyagoda,False,736.5,2.515,0,0,served,VEH036,2,2026-03-20-VEH036-T2,0.0
2026-03-20,ORD0096309,2026-03-20,OUT073,Fresh,fresh_dry,Puttalam,Peliyagoda,False,420.8,2.276,0,0,served,VEH038,1,2026-03-20-VEH038-T1,0.0
2026-03-20,ORD0096310,2026-03-20,OUT074,Fresh,fresh_dry,Puttalam,Peliyagoda,False,377.1,2.064,0,0,served,VEH007,1,2026-03-20-VEH007-T1,0.0
2026-03-20,ORD0096311,2026-03-20,OUT074,Fresh,fresh_chilled,Puttalam,Peliyagoda,False,446.7,2.272,0,0,served,VEH007,1,2026-03-20-VEH007-T1,0.0
2026-03-20,ORD0096312,2026-03-20,OUT075,Fresh,fresh_dry,Puttalam,Peliyagoda,False,189.4,1.001,0,0,served,VEH038,1,2026-03-20-VEH038-T1,0.0
2026-03-20,ORD0096313,2026-03-20,OUT076,Fresh,fresh_dry,Kandy,Kandy,True,224.7,1.045,0,0,served,VEH059,1,2026-03-20-VEH059-T1,0.0
2026-03-20,ORD0096314,2026-03-20,OUT076,Fresh,fresh_chilled,Kandy,Kandy,True,117.2,0.685,0,0,served,VEH058,1,2026-03-20-VEH058-T1,0.0
2026-03-20,ORD0096315,2026-03-20,OUT077,Fresh,fresh_dry,Kandy,Kandy,True,115.4,0.66,0,0,served,VEH059,1,2026-03-20-VEH059-T1,0.0
2026-03-20,ORD0096316,2026-03-20,OUT077,Fresh,fresh_chilled,Kandy,Kandy,True,123.6,0.647,0,0,served,VEH058,1,2026-03-20-VEH058-T1,0.0
2026-03-20,ORD0096317,2026-03-20,OUT078,Fresh,fresh_dry,Kandy,Kandy,True,131.3,0.793,0,0,served,VEH059,1,2026-03-20-VEH059-T1,0.0
2026-03-20,ORD0096318,2026-03-20,OUT079,Fresh,fresh_dry,Kandy,Kandy,True,111.1,0.614,0,0,served,VEH059,1,2026-03-20-VEH059-T1,0.0
2026-03-20,ORD0096319,2026-03-20,OUT080,Fresh,fresh_dry,Kandy,Kandy,True,126.2,0.737,0,0,served,VEH059,1,2026-03-20-VEH059-T1,0.0
2026-03-20,ORD0096320,2026-03-20,OUT080,Fresh,fresh_chilled,Kandy,Kandy,True,121.7,0.772,0,0,served,VEH058,1,2026-03-20-VEH058-T1,0.0
2026-03-20,ORD0096321,2026-03-20,OUT081,Fresh,fresh_dry,Kandy,Kandy,True,161.7,0.83,0,0,served,VEH059,1,2026-03-20-VEH059-T1,0.0
2026-03-20,ORD0096322,2026-03-20,OUT082,Fresh,fresh_dry,Kandy,Kandy,True,174.2,1.029,0,0,served,VEH059,1,2026-03-20-VEH059-T1,0.0
2026-03-20,ORD0096323,2026-03-20,OUT082,Fresh,fresh_chilled,Kandy,Kandy,True,99.1,0.575,0,0,served,VEH058,1,2026-03-20-VEH058-T1,0.0
2026-03-20,ORD0096324,2026-03-20,OUT083,Fresh,fresh_dry,Kandy,Kandy,True,94.7,0.489,0,0,served,VEH059,1,2026-03-20-VEH059-T1,0.0
2026-03-20,ORD0096325,2026-03-20,OUT083,Fresh,fresh_chilled,Kandy,Kandy,True,153.4,0.749,0,0,served,VEH058,1,2026-03-20-VEH058-T1,0.0
2026-03-20,ORD0096326,2026-03-20,OUT084,Fresh,fresh_dry,Kandy,Kandy,False,398.7,1.986,0,0,served,VEH059,2,2026-03-20-VEH059-T2,0.0
2026-03-20,ORD0096327,2026-03-20,OUT084,Fresh,fresh_chilled,Kandy,Kandy,False,278.0,1.639,0,0,served,VEH058,2,2026-03-20-VEH058-T2,0.0
2026-03-20,ORD0096328,2026-03-20,OUT085,Fresh,fresh_dry,Kandy,Kandy,False,347.7,1.835,0,0,served,VEH058,2,2026-03-20-VEH058-T2,0.0
2026-03-20,ORD0096329,2026-03-20,OUT085,Fresh,fresh_chilled,Kandy,Kandy,False,384.1,2.335,0,0,served,VEH058,1,2026-03-20-VEH058-T1,0.0
2026-03-20,ORD0096330,2026-03-20,OUT086,Fresh,fresh_dry,Kandy,Kandy,False,331.8,1.769,0,0,served,VEH059,2,2026-03-20-VEH059-T2,0.0
2026-03-20,ORD0096331,2026-03-20,OUT086,Fresh,fresh_chilled,Kandy,Kandy,False,318.8,1.791,0,0,served,VEH058,2,2026-03-20-VEH058-T2,0.0
2026-03-20,ORD0096332,2026-03-20,OUT087,Fresh,fresh_dry,Kandy,Kandy,False,378.1,2.177,0,0,served,VEH059,2,2026-03-20-VEH059-T2,0.0
2026-03-20,ORD0096333,2026-03-20,OUT096,Fresh,fresh_dry,Matale,Kandy,False,236.6,1.246,0,0,served,VEH042,1,2026-03-20-VEH042-T1,0.0
2026-03-20,ORD0096334,2026-03-20,OUT096,Fresh,fresh_chilled,Matale,Kandy,False,173.5,1.019,0,0,served,VEH042,1,2026-03-20-VEH042-T1,0.0
2026-03-20,ORD0096335,2026-03-20,OUT097,Fresh,fresh_dry,Matale,Kandy,False,572.1,3.028,0,0,served,VEH042,1,2026-03-20-VEH042-T1,0.0
2026-03-20,ORD0096336,2026-03-20,OUT098,Fresh,fresh_dry,Matale,Kandy,False,481.2,2.285,0,0,served,VEH042,1,2026-03-20-VEH042-T1,0.0
2026-03-20,ORD0096337,2026-03-20,OUT098,Fresh,fresh_chilled,Matale,Kandy,False,596.0,3.266,0,0,served,VEH042,1,2026-03-20-VEH042-T1,0.0
2026-03-20,ORD0096338,2026-03-20,OUT099,Fresh,fresh_dry,Matale,Kandy,False,546.2,2.788,0,0,served,VEH042,1,2026-03-20-VEH042-T1,0.0
2026-03-20,ORD0096339,2026-03-20,OUT100,Fresh,fresh_dry,Matale,Kandy,False,495.6,2.609,0,0,served,VEH042,1,2026-03-20-VEH042-T1,0.0
2026-03-20,ORD0096340,2026-03-20,OUT101,Fresh,fresh_dry,Matale,Kandy,False,415.7,2.252,0,0,served,VEH042,1,2026-03-20-VEH042-T1,0.0
2026-03-20,ORD0096341,2026-03-20,OUT101,Fresh,fresh_chilled,Matale,Kandy,False,504.6,2.693,0,0,served,VEH042,1,2026-03-20-VEH042-T1,0.0
2026-03-20,ORD0096342,2026-03-20,OUT104,Fresh,fresh_dry,Nuwara Eliya,Kandy,False,361.6,1.825,0,0,served,VEH041,1,2026-03-20-VEH041-T1,0.0
2026-03-20,ORD0096343,2026-03-20,OUT104,Fresh,fresh_chilled,Nuwara Eliya,Kandy,False,308.9,1.699,0,0,served,VEH041,1,2026-03-20-VEH041-T1,0.0
2026-03-20,ORD0096344,2026-03-20,OUT105,Fresh,fresh_dry,Nuwara Eliya,Kandy,False,318.1,1.711,0,0,served,VEH056,1,2026-03-20-VEH056-T1,0.0
2026-03-20,ORD0096345,2026-03-20,OUT106,Fresh,fresh_dry,Nuwara Eliya,Kandy,False,396.2,1.999,0,0,served,VEH056,1,2026-03-20-VEH056-T1,0.0
2026-03-20,ORD0096346,2026-03-20,OUT107,Fresh,fresh_dry,Nuwara Eliya,Kandy,False,381.7,2.186,0,0,served,VEH041,1,2026-03-20-VEH041-T1,0.0
2026-03-20,ORD0096347,2026-03-20,OUT107,Fresh,fresh_chilled,Nuwara Eliya,Kandy,False,469.4,2.51,0,0,served,VEH041,1,2026-03-20-VEH041-T1,0.0
2026-03-20,ORD0096348,2026-03-20,OUT108,Fresh,fresh_dry,Nuwara Eliya,Kandy,False,364.5,2.164,0,0,served,VEH056,1,2026-03-20-VEH056-T1,0.0
2026-03-20,ORD0096349,2026-03-20,OUT110,Fresh,fresh_dry,Badulla,Kandy,False,314.1,1.852,0,0,served,VEH060,1,2026-03-20-VEH060-T1,0.0
2026-03-20,ORD0096350,2026-03-20,OUT111,Fresh,fresh_dry,Badulla,Kandy,False,301.7,1.539,0,0,served,VEH057,1,2026-03-20-VEH057-T1,0.0
2026-03-20,ORD0096351,2026-03-20,OUT111,Fresh,fresh_chilled,Badulla,Kandy,False,170.8,0.9,0,0,served,VEH057,1,2026-03-20-VEH057-T1,0.0
2026-03-20,ORD0096352,2026-03-20,OUT112,Fresh,fresh_dry,Badulla,Kandy,False,519.0,2.843,0,0,served,VEH043,1,2026-03-20-VEH043-T1,0.0
2026-03-20,ORD0096353,2026-03-20,OUT112,Fresh,fresh_chilled,Badulla,Kandy,False,312.1,2.035,0,0,served,VEH043,1,2026-03-20-VEH043-T1,0.0
2026-03-20,ORD0096354,2026-03-20,OUT113,Fresh,fresh_dry,Badulla,Kandy,False,715.1,3.307,0,0,served,VEH060,1,2026-03-20-VEH060-T1,0.0
2026-03-20,ORD0096355,2026-03-20,OUT115,Tech,tech,Badulla,Kandy,False,1967.8,6.196,0,0,served,VEH056,2,2026-03-20-VEH056-T2,0.0
2026-03-20,ORD0096356,2026-03-20,OUT116,Fresh,fresh_dry,Kegalle,Kandy,False,501.7,2.508,0,0,served,VEH039,1,2026-03-20-VEH039-T1,0.0
2026-03-20,ORD0096357,2026-03-20,OUT116,Fresh,fresh_chilled,Kegalle,Kandy,False,213.5,1.226,0,0,served,VEH039,1,2026-03-20-VEH039-T1,0.0
2026-03-20,ORD0096358,2026-03-20,OUT117,Fresh,fresh_dry,Kegalle,Kandy,False,496.2,2.603,0,0,served,VEH039,1,2026-03-20-VEH039-T1,0.0
2026-03-20,ORD0096359,2026-03-20,OUT117,Fresh,fresh_chilled,Kegalle,Kandy,False,635.0,3.313,0,0,served,VEH039,1,2026-03-20-VEH039-T1,0.0
2026-03-20,ORD0096360,2026-03-20,OUT118,Fresh,fresh_dry,Kegalle,Kandy,False,711.1,3.772,0,0,served,VEH039,1,2026-03-20-VEH039-T1,0.0
2026-03-20,ORD0096361,2026-03-20,OUT118,Fresh,fresh_chilled,Kegalle,Kandy,False,850.3,4.438,0,0,served,VEH039,1,2026-03-20-VEH039-T1,0.0
2026-03-20,ORD0096362,2026-03-20,OUT119,Fresh,fresh_dry,Kegalle,Kandy,False,347.9,1.997,0,0,served,VEH039,1,2026-03-20-VEH039-T1,0.0
2026-03-20,ORD0096363,2026-03-20,OUT119,Fresh,fresh_chilled,Kegalle,Kandy,False,448.6,2.356,0,0,served,VEH039,1,2026-03-20-VEH039-T1,0.0
2026-03-21,ORD0096364,2026-03-21,OUT001,Fresh,fresh_dry,Colombo,Peliyagoda,True,77.6,0.46,0,0,served,VEH037,1,2026-03-21-VEH037-T1,0.0
2026-03-21,ORD0096365,2026-03-21,OUT002,Fresh,fresh_dry,Colombo,Peliyagoda,True,144.7,0.742,0,0,served,VEH036,2,2026-03-21-VEH036-T2,0.0
2026-03-21,ORD0096366,2026-03-21,OUT002,Fresh,fresh_chilled,Colombo,Peliyagoda,True,108.5,0.614,0,0,served,VEH036,2,2026-03-21-VEH036-T2,0.0
2026-03-21,ORD0096367,2026-03-21,OUT003,Fresh,fresh_dry,Colombo,Peliyagoda,True,142.0,0.702,0,0,served,VEH037,1,2026-03-21-VEH037-T1,0.0
2026-03-21,ORD0096368,2026-03-21,OUT003,Fresh,fresh_chilled,Colombo,Peliyagoda,True,67.7,0.381,0,0,served,VEH036,2,2026-03-21-VEH036-T2,0.0
2026-03-21,ORD0096369,2026-03-21,OUT004,Fresh,fresh_dry,Colombo,Peliyagoda,False,207.4,1.1,0,0,served,VEH006,1,2026-03-21-VEH006-T1,0.0
2026-03-21,ORD0096371,2026-03-21,OUT005,Fresh,fresh_dry,Colombo,Peliyagoda,False,525.1,2.876,0,0,served,VEH035,1,2026-03-21-VEH035-T1,0.0
2026-03-21,ORD0096373,2026-03-21,OUT006,Fresh,fresh_dry,Colombo,Peliyagoda,False,503.3,2.802,0,0,served,VEH037,1,2026-03-21-VEH037-T1,0.0
2026-03-21,ORD0096374,2026-03-21,OUT006,Fresh,fresh_chilled,Colombo,Peliyagoda,False,474.2,2.616,0,0,served,VEH036,2,2026-03-21-VEH036-T2,0.0
2026-03-21,ORD0096375,2026-03-21,OUT007,Fresh,fresh_dry,Colombo,Peliyagoda,False,1036.6,5.074,0,0,served,VEH006,1,2026-03-21-VEH006-T1,0.0
2026-03-21,ORD0096376,2026-03-21,OUT007,Fresh,fresh_chilled,Colombo,Peliyagoda,False,549.0,2.834,0,0,served,VEH006,1,2026-03-21-VEH006-T1,0.0
2026-03-21,ORD0096377,2026-03-21,OUT008,Fresh,fresh_dry,Colombo,Peliyagoda,False,431.7,2.201,0,0,served,VEH006,1,2026-03-21-VEH006-T1,0.0
2026-03-21,ORD0096378,2026-03-21,OUT009,Fresh,fresh_dry,Colombo,Peliyagoda,False,371.0,2.069,0,0,served,VEH035,1,2026-03-21-VEH035-T1,0.0
2026-03-21,ORD0096380,2026-03-21,OUT010,Fresh,fresh_dry,Colombo,Peliyagoda,False,485.1,2.781,0,0,served,VEH006,1,2026-03-21-VEH006-T1,0.0
2026-03-21,ORD0096382,2026-03-21,OUT011,Fresh,fresh_dry,Colombo,Peliyagoda,False,414.1,2.19,0,0,served,VEH006,1,2026-03-21-VEH006-T1,0.0
2026-03-21,ORD0096383,2026-03-21,OUT012,Fresh,fresh_dry,Colombo,Peliyagoda,False,358.7,1.893,0,0,served,VEH037,1,2026-03-21-VEH037-T1,0.0
2026-03-21,ORD0096385,2026-03-21,OUT013,Fresh,fresh_dry,Colombo,Peliyagoda,False,940.4,5.078,0,0,served,VEH006,1,2026-03-21-VEH006-T1,0.0
2026-03-21,ORD0096386,2026-03-21,OUT013,Fresh,fresh_chilled,Colombo,Peliyagoda,False,580.4,2.933,0,0,served,VEH006,1,2026-03-21-VEH006-T1,0.0
2026-03-21,ORD0096387,2026-03-21,OUT014,Fresh,fresh_dry,Colombo,Peliyagoda,False,239.6,1.283,0,0,served,VEH036,2,2026-03-21-VEH036-T2,0.0
2026-03-21,ORD0096389,2026-03-21,OUT025,Fresh,fresh_dry,Gampaha,Peliyagoda,False,172.8,0.904,0,0,served,VEH027,1,2026-03-21-VEH027-T1,0.0
2026-03-21,ORD0096390,2026-03-21,OUT026,Fresh,fresh_dry,Gampaha,Peliyagoda,False,244.3,1.362,0,0,served,VEH005,1,2026-03-21-VEH005-T1,0.0
2026-03-21,ORD0096391,2026-03-21,OUT026,Fresh,fresh_chilled,Gampaha,Peliyagoda,False,167.7,0.942,0,0,served,VEH005,1,2026-03-21-VEH005-T1,0.0
2026-03-21,ORD0096392,2026-03-21,OUT027,Fresh,fresh_dry,Gampaha,Peliyagoda,False,309.4,1.65,0,0,served,VEH005,1,2026-03-21-VEH005-T1,0.0
2026-03-21,ORD0096393,2026-03-21,OUT027,Fresh,fresh_chilled,Gampaha,Peliyagoda,False,356.4,1.777,0,0,served,VEH005,1,2026-03-21-VEH005-T1,0.0
2026-03-21,ORD0096394,2026-03-21,OUT028,Fresh,fresh_dry,Gampaha,Peliyagoda,False,415.7,2.462,0,0,served,VEH027,1,2026-03-21-VEH027-T1,0.0
2026-03-21,ORD0096395,2026-03-21,OUT028,Fresh,fresh_chilled,Gampaha,Peliyagoda,False,470.5,2.398,0,0,served,VEH036,1,2026-03-21-VEH036-T1,0.0
2026-03-21,ORD0096396,2026-03-21,OUT029,Fresh,fresh_dry,Gampaha,Peliyagoda,False,346.6,1.916,0,0,served,VEH027,1,2026-03-21-VEH027-T1,0.0
2026-03-21,ORD0096397,2026-03-21,OUT029,Fresh,fresh_chilled,Gampaha,Peliyagoda,False,398.1,2.196,0,0,served,VEH005,1,2026-03-21-VEH005-T1,0.0
2026-03-21,ORD0096398,2026-03-21,OUT030,Fresh,fresh_dry,Gampaha,Peliyagoda,False,418.1,2.265,0,0,served,VEH027,1,2026-03-21-VEH027-T1,0.0
2026-03-21,ORD0096399,2026-03-21,OUT031,Fresh,fresh_dry,Gampaha,Peliyagoda,False,911.7,4.733,0,0,served,VEH005,1,2026-03-21-VEH005-T1,0.0
2026-03-21,ORD0096400,2026-03-21,OUT031,Fresh,fresh_chilled,Gampaha,Peliyagoda,False,1278.0,6.433,0,0,served,VEH005,1,2026-03-21-VEH005-T1,0.0
2026-03-21,ORD0096401,2026-03-21,OUT032,Fresh,fresh_dry,Gampaha,Peliyagoda,False,786.8,4.156,0,0,served,VEH027,1,2026-03-21-VEH027-T1,0.0
2026-03-21,ORD0096402,2026-03-21,OUT032,Fresh,fresh_chilled,Gampaha,Peliyagoda,False,1029.3,5.574,0,0,served,VEH005,1,2026-03-21-VEH005-T1,0.0
2026-03-21,ORD0096403,2026-03-21,OUT033,Fresh,fresh_dry,Gampaha,Peliyagoda,False,416.4,2.387,0,0,served,VEH005,1,2026-03-21-VEH005-T1,0.0
2026-03-21,ORD0096404,2026-03-21,OUT033,Fresh,fresh_chilled,Gampaha,Peliyagoda,False,408.2,2.346,0,0,served,VEH005,1,2026-03-21-VEH005-T1,0.0
2026-03-21,ORD0096405,2026-03-21,OUT034,Fresh,fresh_dry,Gampaha,Peliyagoda,False,415.5,2.011,0,0,served,VEH027,1,2026-03-21-VEH027-T1,0.0
2026-03-21,ORD0096406,2026-03-21,OUT034,Fresh,fresh_chilled,Gampaha,Peliyagoda,False,426.5,2.356,0,0,served,VEH036,1,2026-03-21-VEH036-T1,0.0
2026-03-21,ORD0096407,2026-03-21,OUT038,Tech,tech,Gampaha,Peliyagoda,False,866.6,2.727,0,0,served,VEH038,2,2026-03-21-VEH038-T2,0.0
2026-03-21,ORD0096408,2026-03-21,OUT040,Fresh,fresh_dry,Kalutara,Peliyagoda,False,482.8,2.851,0,0,served,VEH008,1,2026-03-21-VEH008-T1,0.0
2026-03-21,ORD0096409,2026-03-21,OUT040,Fresh,fresh_chilled,Kalutara,Peliyagoda,False,489.1,2.64,0,0,served,VEH003,1,2026-03-21-VEH003-T1,0.0
2026-03-21,ORD0096410,2026-03-21,OUT041,Fresh,fresh_dry,Kalutara,Peliyagoda,False,277.9,1.787,0,0,served,VEH003,1,2026-03-21-VEH003-T1,0.0
2026-03-21,ORD0096411,2026-03-21,OUT041,Fresh,fresh_chilled,Kalutara,Peliyagoda,False,338.8,1.87,0,0,served,VEH003,1,2026-03-21-VEH003-T1,0.0
2026-03-21,ORD0096412,2026-03-21,OUT042,Fresh,fresh_dry,Kalutara,Peliyagoda,False,1004.8,5.63,0,0,served,VEH008,1,2026-03-21-VEH008-T1,0.0
2026-03-21,ORD0096413,2026-03-21,OUT043,Fresh,fresh_dry,Kalutara,Peliyagoda,False,188.2,0.983,0,0,served,VEH008,1,2026-03-21-VEH008-T1,0.0
2026-03-21,ORD0096414,2026-03-21,OUT044,Fresh,fresh_dry,Kalutara,Peliyagoda,False,292.2,1.689,0,0,served,VEH003,1,2026-03-21-VEH003-T1,0.0
2026-03-21,ORD0096415,2026-03-21,OUT044,Fresh,fresh_chilled,Kalutara,Peliyagoda,False,200.3,1.102,0,0,served,VEH003,1,2026-03-21-VEH003-T1,0.0
2026-03-21,ORD0096416,2026-03-21,OUT045,Fresh,fresh_dry,Kalutara,Peliyagoda,False,198.7,1.086,0,0,served,VEH008,1,2026-03-21-VEH008-T1,0.0
2026-03-21,ORD0096417,2026-03-21,OUT045,Fresh,fresh_chilled,Kalutara,Peliyagoda,False,323.6,1.5,0,0,served,VEH003,1,2026-03-21-VEH003-T1,0.0
2026-03-21,ORD0096418,2026-03-21,OUT046,Fresh,fresh_dry,Kalutara,Peliyagoda,False,232.8,1.335,0,0,served,VEH003,1,2026-03-21-VEH003-T1,0.0
2026-03-21,ORD0096419,2026-03-21,OUT046,Fresh,fresh_chilled,Kalutara,Peliyagoda,False,236.9,1.417,0,0,served,VEH003,1,2026-03-21-VEH003-T1,0.0
2026-03-21,ORD0096420,2026-03-21,OUT050,Fresh,fresh_dry,Galle,Peliyagoda,False,281.9,1.541,0,0,served,VEH035,2,2026-03-21-VEH035-T2,0.0
2026-03-21,ORD0096421,2026-03-21,OUT051,Fresh,fresh_dry,Galle,Peliyagoda,False,219.5,1.235,0,0,served,VEH035,2,2026-03-21-VEH035-T2,0.0
2026-03-21,ORD0096422,2026-03-21,OUT052,Fresh,fresh_dry,Galle,Peliyagoda,False,496.9,2.685,0,0,served,VEH004,1,2026-03-21-VEH004-T1,0.0
2026-03-21,ORD0096423,2026-03-21,OUT052,Fresh,fresh_chilled,Galle,Peliyagoda,False,432.5,2.191,0,0,served,VEH035,2,2026-03-21-VEH035-T2,0.0
2026-03-21,ORD0096424,2026-03-21,OUT053,Fresh,fresh_dry,Galle,Peliyagoda,False,178.8,1.0,0,0,served,VEH004,1,2026-03-21-VEH004-T1,0.0
2026-03-21,ORD0096425,2026-03-21,OUT054,Fresh,fresh_dry,Galle,Peliyagoda,False,731.5,3.997,0,0,served,VEH004,1,2026-03-21-VEH004-T1,0.0
2026-03-21,ORD0096426,2026-03-21,OUT055,Fresh,fresh_dry,Galle,Peliyagoda,False,354.8,1.904,0,0,served,VEH004,1,2026-03-21-VEH004-T1,0.0
2026-03-21,ORD0096427,2026-03-21,OUT055,Fresh,fresh_chilled,Galle,Peliyagoda,False,274.6,1.594,0,0,served,VEH004,1,2026-03-21-VEH004-T1,0.0
2026-03-21,ORD0096428,2026-03-21,OUT059,Fresh,fresh_dry,Matara,Peliyagoda,False,337.4,2.192,0,0,served,VEH007,1,2026-03-21-VEH007-T1,0.0
2026-03-21,ORD0096429,2026-03-21,OUT059,Fresh,fresh_chilled,Matara,Peliyagoda,False,443.0,2.37,0,0,served,VEH007,1,2026-03-21-VEH007-T1,0.0
2026-03-21,ORD0096430,2026-03-21,OUT060,Fresh,fresh_dry,Matara,Peliyagoda,False,410.9,2.239,0,0,served,VEH007,1,2026-03-21-VEH007-T1,0.0
2026-03-21,ORD0096431,2026-03-21,OUT060,Fresh,fresh_chilled,Matara,Peliyagoda,False,386.4,2.056,0,0,served,VEH007,1,2026-03-21-VEH007-T1,0.0
2026-03-21,ORD0096432,2026-03-21,OUT061,Fresh,fresh_dry,Matara,Peliyagoda,False,357.7,1.955,0,0,served,VEH038,1,2026-03-21-VEH038-T1,0.0
2026-03-21,ORD0096433,2026-03-21,OUT061,Fresh,fresh_chilled,Matara,Peliyagoda,False,259.8,1.32,0,0,served,VEH007,1,2026-03-21-VEH007-T1,0.0
2026-03-21,ORD0096434,2026-03-21,OUT062,Fresh,fresh_dry,Matara,Peliyagoda,False,405.8,2.214,0,0,served,VEH038,1,2026-03-21-VEH038-T1,0.0
2026-03-21,ORD0096435,2026-03-21,OUT065,Fresh,fresh_dry,Kurunegala,Peliyagoda,False,522.5,2.736,0,1,served,VEH018,1,2026-03-21-VEH018-T1,0.0
2026-03-21,ORD0096436,2026-03-21,OUT065,Fresh,fresh_chilled,Kurunegala,Peliyagoda,False,542.7,2.805,0,1,served,VEH002,1,2026-03-21-VEH002-T1,0.0
2026-03-21,ORD0096437,2026-03-21,OUT066,Fresh,fresh_dry,Kurunegala,Peliyagoda,False,431.2,2.258,0,0,served,VEH018,1,2026-03-21-VEH018-T1,0.0
2026-03-21,ORD0096438,2026-03-21,OUT066,Fresh,fresh_chilled,Kurunegala,Peliyagoda,False,518.1,2.422,0,0,served,VEH002,1,2026-03-21-VEH002-T1,0.0
2026-03-21,ORD0096439,2026-03-21,OUT067,Fresh,fresh_dry,Kurunegala,Peliyagoda,False,451.5,2.262,0,0,served,VEH018,1,2026-03-21-VEH018-T1,0.0
2026-03-21,ORD0096440,2026-03-21,OUT068,Fresh,fresh_dry,Kurunegala,Peliyagoda,False,301.2,1.649,0,0,served,VEH018,1,2026-03-21-VEH018-T1,0.0
2026-03-21,ORD0096441,2026-03-21,OUT068,Fresh,fresh_chilled,Kurunegala,Peliyagoda,False,322.4,1.68,0,0,served,VEH002,1,2026-03-21-VEH002-T1,0.0
2026-03-21,ORD0096442,2026-03-21,OUT069,Fresh,fresh_dry,Kurunegala,Peliyagoda,False,308.7,1.717,0,0,served,VEH034,1,2026-03-21-VEH034-T1,0.0
2026-03-21,ORD0096443,2026-03-21,OUT069,Fresh,fresh_chilled,Kurunegala,Peliyagoda,False,268.1,1.468,0,0,served,VEH002,1,2026-03-21-VEH002-T1,0.0
2026-03-21,ORD0096444,2026-03-21,OUT072,Tech,tech,Kurunegala,Peliyagoda,False,868.3,3.164,0,0,served,VEH037,2,2026-03-21-VEH037-T2,0.0
2026-03-21,ORD0096445,2026-03-21,OUT073,Fresh,fresh_dry,Puttalam,Peliyagoda,False,420.6,2.155,0,0,served,VEH015,1,2026-03-21-VEH015-T1,0.0
2026-03-21,ORD0096446,2026-03-21,OUT074,Fresh,fresh_dry,Puttalam,Peliyagoda,False,365.8,2.388,0,0,served,VEH015,1,2026-03-21-VEH015-T1,0.0
2026-03-21,ORD0096447,2026-03-21,OUT074,Fresh,fresh_chilled,Puttalam,Peliyagoda,False,522.4,2.714,0,0,served,VEH001,1,2026-03-21-VEH001-T1,0.0
2026-03-21,ORD0096448,2026-03-21,OUT075,Fresh,fresh_dry,Puttalam,Peliyagoda,False,196.7,1.07,0,0,served,VEH001,1,2026-03-21-VEH001-T1,0.0
2026-03-21,ORD0096449,2026-03-21,OUT075,Fresh,fresh_chilled,Puttalam,Peliyagoda,False,218.2,1.236,0,0,served,VEH001,1,2026-03-21-VEH001-T1,0.0
2026-03-21,ORD0096450,2026-03-21,OUT076,Fresh,fresh_dry,Kandy,Kandy,True,247.3,1.286,0,0,served,VEH059,1,2026-03-21-VEH059-T1,0.0
2026-03-21,ORD0096451,2026-03-21,OUT076,Fresh,fresh_chilled,Kandy,Kandy,True,158.2,0.791,0,0,served,VEH058,1,2026-03-21-VEH058-T1,0.0
2026-03-21,ORD0096452,2026-03-21,OUT077,Fresh,fresh_dry,Kandy,Kandy,True,126.6,0.617,0,0,served,VEH059,1,2026-03-21-VEH059-T1,0.0
2026-03-21,ORD0096453,2026-03-21,OUT077,Fresh,fresh_chilled,Kandy,Kandy,True,104.8,0.58,0,0,served,VEH058,1,2026-03-21-VEH058-T1,0.0
2026-03-21,ORD0096454,2026-03-21,OUT078,Fresh,fresh_dry,Kandy,Kandy,True,175.4,0.937,0,0,served,VEH059,1,2026-03-21-VEH059-T1,0.0
2026-03-21,ORD0096455,2026-03-21,OUT078,Fresh,fresh_chilled,Kandy,Kandy,True,193.7,1.06,0,0,served,VEH058,1,2026-03-21-VEH058-T1,0.0
2026-03-21,ORD0096456,2026-03-21,OUT079,Fresh,fresh_dry,Kandy,Kandy,True,145.5,0.77,0,0,served,VEH059,1,2026-03-21-VEH059-T1,0.0
2026-03-21,ORD0096457,2026-03-21,OUT079,Fresh,fresh_chilled,Kandy,Kandy,True,120.2,0.611,0,0,served,VEH058,1,2026-03-21-VEH058-T1,0.0
2026-03-21,ORD0096458,2026-03-21,OUT080,Fresh,fresh_dry,Kandy,Kandy,True,136.2,0.732,0,0,served,VEH059,1,2026-03-21-VEH059-T1,0.0
2026-03-21,ORD0096459,2026-03-21,OUT081,Fresh,fresh_dry,Kandy,Kandy,True,172.0,1.067,0,0,served,VEH059,1,2026-03-21-VEH059-T1,0.0
2026-03-21,ORD0096460,2026-03-21,OUT081,Fresh,fresh_chilled,Kandy,Kandy,True,194.8,1.05,0,0,served,VEH058,1,2026-03-21-VEH058-T1,0.0
2026-03-21,ORD0096461,2026-03-21,OUT082,Fresh,fresh_dry,Kandy,Kandy,True,174.9,0.867,0,0,served,VEH059,1,2026-03-21-VEH059-T1,0.0
2026-03-21,ORD0096462,2026-03-21,OUT083,Fresh,fresh_dry,Kandy,Kandy,True,102.2,0.559,0,0,served,VEH058,1,2026-03-21-VEH058-T1,0.0
2026-03-21,ORD0096463,2026-03-21,OUT083,Fresh,fresh_chilled,Kandy,Kandy,True,141.9,0.772,0,0,served,VEH058,1,2026-03-21-VEH058-T1,0.0
2026-03-21,ORD0096464,2026-03-21,OUT084,Fresh,fresh_dry,Kandy,Kandy,False,239.2,1.198,0,0,served,VEH058,2,2026-03-21-VEH058-T2,0.0
2026-03-21,ORD0096465,2026-03-21,OUT085,Fresh,fresh_dry,Kandy,Kandy,False,425.7,2.159,0,0,served,VEH052,1,2026-03-21-VEH052-T1,0.0
2026-03-21,ORD0096466,2026-03-21,OUT086,Fresh,fresh_dry,Kandy,Kandy,False,227.8,1.167,0,0,served,VEH058,2,2026-03-21-VEH058-T2,0.0
2026-03-21,ORD0096467,2026-03-21,OUT086,Fresh,fresh_chilled,Kandy,Kandy,False,342.9,1.876,0,0,served,VEH058,2,2026-03-21-VEH058-T2,0.0
2026-03-21,ORD0096468,2026-03-21,OUT087,Fresh,fresh_dry,Kandy,Kandy,False,399.7,2.351,0,0,served,VEH052,1,2026-03-21-VEH052-T1,0.0
2026-03-21,ORD0096469,2026-03-21,OUT087,Fresh,fresh_chilled,Kandy,Kandy,False,215.6,1.163,0,0,served,VEH058,2,2026-03-21-VEH058-T2,0.0
2026-03-21,ORD0096470,2026-03-21,OUT096,Fresh,fresh_dry,Matale,Kandy,False,241.1,1.232,0,0,served,VEH060,1,2026-03-21-VEH060-T1,0.0
2026-03-21,ORD0096471,2026-03-21,OUT096,Fresh,fresh_chilled,Matale,Kandy,False,202.4,0.977,0,0,served,VEH039,1,2026-03-21-VEH039-T1,0.0
2026-03-21,ORD0096472,2026-03-21,OUT097,Fresh,fresh_dry,Matale,Kandy,False,454.7,2.498,0,0,served,VEH039,1,2026-03-21-VEH039-T1,0.0
2026-03-21,ORD0096473,2026-03-21,OUT097,Fresh,fresh_chilled,Matale,Kandy,False,535.9,2.702,0,0,served,VEH039,1,2026-03-21-VEH039-T1,0.0
2026-03-21,ORD0096474,2026-03-21,OUT098,Fresh,fresh_dry,Matale,Kandy,False,404.7,2.146,0,0,served,VEH039,1,2026-03-21-VEH039-T1,0.0
2026-03-21,ORD0096475,2026-03-21,OUT098,Fresh,fresh_chilled,Matale,Kandy,False,439.1,2.352,0,0,served,VEH039,1,2026-03-21-VEH039-T1,0.0
2026-03-21,ORD0096476,2026-03-21,OUT099,Fresh,fresh_dry,Matale,Kandy,False,494.8,2.686,0,0,served,VEH060,1,2026-03-21-VEH060-T1,0.0
2026-03-21,ORD0096477,2026-03-21,OUT099,Fresh,fresh_chilled,Matale,Kandy,False,333.3,1.836,0,0,served,VEH039,1,2026-03-21-VEH039-T1,0.0
2026-03-21,ORD0096478,2026-03-21,OUT100,Fresh,fresh_dry,Matale,Kandy,False,655.8,3.213,0,0,served,VEH039,1,2026-03-21-VEH039-T1,0.0
2026-03-21,ORD0096479,2026-03-21,OUT100,Fresh,fresh_chilled,Matale,Kandy,False,548.0,3.219,0,0,served,VEH039,1,2026-03-21-VEH039-T1,0.0
2026-03-21,ORD0096480,2026-03-21,OUT101,Fresh,fresh_dry,Matale,Kandy,False,372.5,1.947,0,0,served,VEH060,1,2026-03-21-VEH060-T1,0.0
2026-03-21,ORD0096481,2026-03-21,OUT101,Fresh,fresh_chilled,Matale,Kandy,False,388.3,2.197,0,0,served,VEH039,1,2026-03-21-VEH039-T1,0.0
2026-03-21,ORD0096482,2026-03-21,OUT103,Tech,tech,Matale,Kandy,False,778.2,2.358,0,0,served,VEH059,2,2026-03-21-VEH059-T2,0.0
2026-03-21,ORD0096483,2026-03-21,OUT104,Fresh,fresh_dry,Nuwara Eliya,Kandy,False,278.6,1.451,0,0,served,VEH041,1,2026-03-21-VEH041-T1,0.0
2026-03-21,ORD0096484,2026-03-21,OUT104,Fresh,fresh_chilled,Nuwara Eliya,Kandy,False,266.5,1.567,0,0,served,VEH041,1,2026-03-21-VEH041-T1,0.0
2026-03-21,ORD0096485,2026-03-21,OUT105,Fresh,fresh_dry,Nuwara Eliya,Kandy,False,270.9,1.511,0,0,served,VEH041,1,2026-03-21-VEH041-T1,0.0
2026-03-21,ORD0096486,2026-03-21,OUT105,Fresh,fresh_chilled,Nuwara Eliya,Kandy,False,179.4,1.0,0,0,served,VEH041,1,2026-03-21-VEH041-T1,0.0
2026-03-21,ORD0096487,2026-03-21,OUT106,Fresh,fresh_dry,Nuwara Eliya,Kandy,False,371.6,2.347,0,0,served,VEH042,1,2026-03-21-VEH042-T1,0.0
2026-03-21,ORD0096488,2026-03-21,OUT106,Fresh,fresh_chilled,Nuwara Eliya,Kandy,False,362.6,1.856,0,0,served,VEH042,1,2026-03-21-VEH042-T1,0.0
2026-03-21,ORD0096489,2026-03-21,OUT107,Fresh,fresh_dry,Nuwara Eliya,Kandy,False,513.0,2.898,0,0,served,VEH041,1,2026-03-21-VEH041-T1,0.0
2026-03-21,ORD0096490,2026-03-21,OUT108,Fresh,fresh_dry,Nuwara Eliya,Kandy,False,395.0,2.226,0,0,served,VEH042,1,2026-03-21-VEH042-T1,0.0
2026-03-21,ORD0096491,2026-03-21,OUT108,Fresh,fresh_chilled,Nuwara Eliya,Kandy,False,268.2,1.563,0,0,served,VEH042,1,2026-03-21-VEH042-T1,0.0
2026-03-21,ORD0096492,2026-03-21,OUT109,Style,style,Nuwara Eliya,Kandy,False,369.0,6.674,0,0,served,VEH060,2,2026-03-21-VEH060-T2,0.0
2026-03-21,ORD0096493,2026-03-21,OUT110,Fresh,fresh_dry,Badulla,Kandy,False,336.7,1.937,0,0,served,VEH046,1,2026-03-21-VEH046-T1,0.0
2026-03-21,ORD0096494,2026-03-21,OUT110,Fresh,fresh_chilled,Badulla,Kandy,False,310.2,1.478,0,0,served,VEH057,1,2026-03-21-VEH057-T1,0.0
2026-03-21,ORD0096495,2026-03-21,OUT111,Fresh,fresh_dry,Badulla,Kandy,False,205.2,1.205,0,0,served,VEH046,1,2026-03-21-VEH046-T1,0.0
2026-03-21,ORD0096496,2026-03-21,OUT112,Fresh,fresh_dry,Badulla,Kandy,False,702.8,3.675,0,0,served,VEH056,1,2026-03-21-VEH056-T1,0.0
2026-03-21,ORD0096497,2026-03-21,OUT112,Fresh,fresh_chilled,Badulla,Kandy,False,412.6,2.221,0,0,served,VEH057,1,2026-03-21-VEH057-T1,0.0
2026-03-21,ORD0096498,2026-03-21,OUT113,Fresh,fresh_dry,Badulla,Kandy,False,512.2,2.86,0,0,served,VEH056,1,2026-03-21-VEH056-T1,0.0
2026-03-21,ORD0096499,2026-03-21,OUT116,Fresh,fresh_dry,Kegalle,Kandy,False,383.5,2.038,0,0,served,VEH043,1,2026-03-21-VEH043-T1,0.0
2026-03-21,ORD0096500,2026-03-21,OUT117,Fresh,fresh_dry,Kegalle,Kandy,False,631.0,3.385,0,0,served,VEH043,1,2026-03-21-VEH043-T1,0.0
2026-03-21,ORD0096501,2026-03-21,OUT117,Fresh,fresh_chilled,Kegalle,Kandy,False,580.6,2.859,0,0,served,VEH043,1,2026-03-21-VEH043-T1,0.0
2026-03-21,ORD0096502,2026-03-21,OUT118,Fresh,fresh_dry,Kegalle,Kandy,False,974.8,5.489,0,0,served,VEH043,1,2026-03-21-VEH043-T1,0.0
2026-03-21,ORD0096503,2026-03-21,OUT118,Fresh,fresh_chilled,Kegalle,Kandy,False,576.1,3.239,0,0,served,VEH043,1,2026-03-21-VEH043-T1,0.0
2026-03-21,ORD0096504,2026-03-21,OUT119,Fresh,fresh_dry,Kegalle,Kandy,False,414.6,2.198,0,0,served,VEH043,1,2026-03-21-VEH043-T1,0.0
2026-03-23,ORD0096505,2026-03-23,OUT001,Fresh,fresh_dry,Colombo,Peliyagoda,True,67.2,0.386,0,0,served,VEH037,1,2026-03-23-VEH037-T1,0.0
2026-03-23,ORD0096506,2026-03-23,OUT002,Fresh,fresh_dry,Colombo,Peliyagoda,True,125.1,0.691,0,0,served,VEH037,1,2026-03-23-VEH037-T1,0.0
2026-03-23,ORD0096507,2026-03-23,OUT003,Fresh,fresh_dry,Colombo,Peliyagoda,True,112.1,0.616,0,0,served,VEH037,1,2026-03-23-VEH037-T1,0.0
2026-03-23,ORD0096508,2026-03-23,OUT004,Fresh,fresh_dry,Colombo,Peliyagoda,False,246.7,1.47,0,0,served,VEH017,1,2026-03-23-VEH017-T1,0.0
2026-03-23,ORD0096509,2026-03-23,OUT005,Fresh,fresh_dry,Colombo,Peliyagoda,False,468.8,2.583,0,0,served,VEH017,1,2026-03-23-VEH017-T1,0.0
2026-03-23,ORD0096510,2026-03-23,OUT006,Fresh,fresh_dry,Colombo,Peliyagoda,False,616.3,3.093,0,0,served,VEH001,1,2026-03-23-VEH001-T1,0.0
2026-03-23,ORD0096511,2026-03-23,OUT006,Fresh,fresh_chilled,Colombo,Peliyagoda,False,498.2,2.896,0,0,served,VEH001,1,2026-03-23-VEH001-T1,0.0
2026-03-23,ORD0096512,2026-03-23,OUT007,Fresh,fresh_dry,Colombo,Peliyagoda,False,880.2,4.557,0,0,served,VEH001,1,2026-03-23-VEH001-T1,0.0
2026-03-23,ORD0096513,2026-03-23,OUT007,Fresh,fresh_chilled,Colombo,Peliyagoda,False,465.0,2.407,0,0,served,VEH001,1,2026-03-23-VEH001-T1,0.0
2026-03-23,ORD0096514,2026-03-23,OUT008,Fresh,fresh_dry,Colombo,Peliyagoda,False,385.2,1.872,0,0,served,VEH001,1,2026-03-23-VEH001-T1,0.0
2026-03-23,ORD0096515,2026-03-23,OUT008,Fresh,fresh_chilled,Colombo,Peliyagoda,False,253.7,1.419,0,0,served,VEH001,1,2026-03-23-VEH001-T1,0.0
2026-03-23,ORD0096516,2026-03-23,OUT009,Fresh,fresh_dry,Colombo,Peliyagoda,False,252.9,1.468,0,0,served,VEH037,1,2026-03-23-VEH037-T1,0.0
2026-03-23,ORD0096517,2026-03-23,OUT010,Fresh,fresh_dry,Colombo,Peliyagoda,False,418.9,2.298,0,0,served,VEH017,1,2026-03-23-VEH017-T1,0.0
2026-03-23,ORD0096518,2026-03-23,OUT010,Fresh,fresh_chilled,Colombo,Peliyagoda,False,264.5,1.387,0,0,served,VEH001,1,2026-03-23-VEH001-T1,0.0
2026-03-23,ORD0096519,2026-03-23,OUT011,Fresh,fresh_dry,Colombo,Peliyagoda,False,320.3,1.808,0,0,served,VEH017,1,2026-03-23-VEH017-T1,0.0
2026-03-23,ORD0096520,2026-03-23,OUT011,Fresh,fresh_chilled,Colombo,Peliyagoda,False,249.9,1.287,0,0,served,VEH001,1,2026-03-23-VEH001-T1,0.0
2026-03-23,ORD0096521,2026-03-23,OUT012,Fresh,fresh_dry,Colombo,Peliyagoda,False,357.7,1.749,0,0,served,VEH037,1,2026-03-23-VEH037-T1,0.0
2026-03-23,ORD0096522,2026-03-23,OUT012,Fresh,fresh_chilled,Colombo,Peliyagoda,False,263.3,1.411,0,0,served,VEH001,1,2026-03-23-VEH001-T1,0.0
2026-03-23,ORD0096523,2026-03-23,OUT013,Fresh,fresh_dry,Colombo,Peliyagoda,False,893.5,4.938,0,0,served,VEH017,1,2026-03-23-VEH017-T1,0.0
2026-03-23,ORD0096524,2026-03-23,OUT014,Fresh,fresh_dry,Colombo,Peliyagoda,False,204.0,1.035,0,0,served,VEH017,1,2026-03-23-VEH017-T1,0.0
2026-03-23,ORD0096525,2026-03-23,OUT014,Fresh,fresh_chilled,Colombo,Peliyagoda,False,381.5,1.995,0,0,served,VEH001,1,2026-03-23-VEH001-T1,0.0
2026-03-23,ORD0096526,2026-03-23,OUT025,Fresh,fresh_dry,Gampaha,Peliyagoda,False,283.4,1.588,0,0,served,VEH018,1,2026-03-23-VEH018-T1,0.0
2026-03-23,ORD0096527,2026-03-23,OUT025,Fresh,fresh_chilled,Gampaha,Peliyagoda,False,220.7,1.127,0,0,served,VEH006,1,2026-03-23-VEH006-T1,0.0
2026-03-23,ORD0096528,2026-03-23,OUT026,Fresh,fresh_dry,Gampaha,Peliyagoda,False,258.1,1.475,0,0,served,VEH018,1,2026-03-23-VEH018-T1,0.0
2026-03-23,ORD0096529,2026-03-23,OUT027,Fresh,fresh_dry,Gampaha,Peliyagoda,False,386.5,2.058,0,0,served,VEH006,1,2026-03-23-VEH006-T1,0.0
2026-03-23,ORD0096530,2026-03-23,OUT027,Fresh,fresh_chilled,Gampaha,Peliyagoda,False,250.5,1.338,0,0,served,VEH006,1,2026-03-23-VEH006-T1,0.0
2026-03-23,ORD0096531,2026-03-23,OUT028,Fresh,fresh_dry,Gampaha,Peliyagoda,False,372.5,2.119,0,0,served,VEH018,1,2026-03-23-VEH018-T1,0.0
2026-03-23,ORD0096532,2026-03-23,OUT029,Fresh,fresh_dry,Gampaha,Peliyagoda,False,333.6,1.75,0,0,served,VEH018,1,2026-03-23-VEH018-T1,0.0
2026-03-23,ORD0096533,2026-03-23,OUT029,Fresh,fresh_chilled,Gampaha,Peliyagoda,False,227.7,1.385,0,0,served,VEH006,1,2026-03-23-VEH006-T1,0.0
2026-03-23,ORD0096534,2026-03-23,OUT030,Fresh,fresh_dry,Gampaha,Peliyagoda,False,380.2,2.144,0,0,served,VEH006,1,2026-03-23-VEH006-T1,0.0
2026-03-23,ORD0096535,2026-03-23,OUT030,Fresh,fresh_chilled,Gampaha,Peliyagoda,False,393.3,2.292,0,0,served,VEH006,1,2026-03-23-VEH006-T1,0.0
2026-03-23,ORD0096536,2026-03-23,OUT031,Fresh,fresh_dry,Gampaha,Peliyagoda,False,968.9,4.784,0,0,served,VEH006,1,2026-03-23-VEH006-T1,0.0
2026-03-23,ORD0096537,2026-03-23,OUT031,Fresh,fresh_chilled,Gampaha,Peliyagoda,False,1069.1,5.337,0,0,served,VEH006,1,2026-03-23-VEH006-T1,0.0
2026-03-23,ORD0096538,2026-03-23,OUT032,Fresh,fresh_dry,Gampaha,Peliyagoda,False,779.2,4.032,0,0,served,VEH018,1,2026-03-23-VEH018-T1,0.0
2026-03-23,ORD0096539,2026-03-23,OUT033,Fresh,fresh_dry,Gampaha,Peliyagoda,False,397.9,2.069,0,0,served,VEH018,1,2026-03-23-VEH018-T1,0.0
2026-03-23,ORD0096540,2026-03-23,OUT033,Fresh,fresh_chilled,Gampaha,Peliyagoda,False,370.5,2.143,0,0,served,VEH006,1,2026-03-23-VEH006-T1,0.0
2026-03-23,ORD0096541,2026-03-23,OUT034,Fresh,fresh_dry,Gampaha,Peliyagoda,False,332.6,1.707,0,0,served,VEH018,1,2026-03-23-VEH018-T1,0.0
2026-03-23,ORD0096542,2026-03-23,OUT040,Fresh,fresh_dry,Kalutara,Peliyagoda,False,608.7,3.178,0,0,served,VEH008,1,2026-03-23-VEH008-T1,0.0
2026-03-23,ORD0096543,2026-03-23,OUT040,Fresh,fresh_chilled,Kalutara,Peliyagoda,False,333.4,1.827,0,0,served,VEH003,1,2026-03-23-VEH003-T1,0.0
2026-03-23,ORD0096544,2026-03-23,OUT041,Fresh,fresh_dry,Kalutara,Peliyagoda,False,259.4,1.472,0,0,served,VEH008,1,2026-03-23-VEH008-T1,0.0
2026-03-23,ORD0096545,2026-03-23,OUT042,Fresh,fresh_dry,Kalutara,Peliyagoda,False,1062.5,5.406,0,0,served,VEH008,1,2026-03-23-VEH008-T1,0.0
2026-03-23,ORD0096546,2026-03-23,OUT042,Fresh,fresh_chilled,Kalutara,Peliyagoda,False,671.2,3.45,0,0,served,VEH003,1,2026-03-23-VEH003-T1,0.0
2026-03-23,ORD0096547,2026-03-23,OUT043,Fresh,fresh_dry,Kalutara,Peliyagoda,False,157.3,0.875,0,0,served,VEH003,1,2026-03-23-VEH003-T1,0.0
2026-03-23,ORD0096548,2026-03-23,OUT043,Fresh,fresh_chilled,Kalutara,Peliyagoda,False,290.7,1.61,0,0,served,VEH003,1,2026-03-23-VEH003-T1,0.0
2026-03-23,ORD0096549,2026-03-23,OUT044,Fresh,fresh_dry,Kalutara,Peliyagoda,False,404.5,2.069,0,0,served,VEH008,1,2026-03-23-VEH008-T1,0.0
2026-03-23,ORD0096550,2026-03-23,OUT044,Fresh,fresh_chilled,Kalutara,Peliyagoda,False,185.1,1.079,0,0,served,VEH003,1,2026-03-23-VEH003-T1,0.0
2026-03-23,ORD0096551,2026-03-23,OUT045,Fresh,fresh_dry,Kalutara,Peliyagoda,False,228.3,1.1,0,0,served,VEH003,1,2026-03-23-VEH003-T1,0.0
2026-03-23,ORD0096552,2026-03-23,OUT045,Fresh,fresh_chilled,Kalutara,Peliyagoda,False,268.3,1.387,0,0,served,VEH003,1,2026-03-23-VEH003-T1,0.0
2026-03-23,ORD0096553,2026-03-23,OUT046,Fresh,fresh_dry,Kalutara,Peliyagoda,False,204.0,1.152,0,0,served,VEH008,1,2026-03-23-VEH008-T1,0.0
2026-03-23,ORD0096554,2026-03-23,OUT047,Style,style,Kalutara,Peliyagoda,False,396.2,6.102,0,0,served,VEH015,2,2026-03-23-VEH015-T2,0.0
2026-03-23,ORD0096555,2026-03-23,OUT048,Style,style,Kalutara,Peliyagoda,False,543.0,8.34,0,0,served,VEH015,2,2026-03-23-VEH015-T2,0.0
2026-03-23,ORD0096556,2026-03-23,OUT050,Fresh,fresh_dry,Galle,Peliyagoda,False,360.5,2.019,0,0,served,VEH015,1,2026-03-23-VEH015-T1,0.0
2026-03-23,ORD0096557,2026-03-23,OUT050,Fresh,fresh_chilled,Galle,Peliyagoda,False,271.4,1.594,0,0,served,VEH007,1,2026-03-23-VEH007-T1,0.0
2026-03-23,ORD0096558,2026-03-23,OUT051,Fresh,fresh_dry,Galle,Peliyagoda,False,179.2,0.893,0,0,served,VEH007,1,2026-03-23-VEH007-T1,0.0
2026-03-23,ORD0096559,2026-03-23,OUT051,Fresh,fresh_chilled,Galle,Peliyagoda,False,153.0,0.764,0,0,served,VEH007,1,2026-03-23-VEH007-T1,0.0
2026-03-23,ORD0096560,2026-03-23,OUT052,Fresh,fresh_dry,Galle,Peliyagoda,False,418.6,2.365,0,0,served,VEH015,1,2026-03-23-VEH015-T1,0.0
2026-03-23,ORD0096561,2026-03-23,OUT053,Fresh,fresh_dry,Galle,Peliyagoda,False,134.1,0.773,0,0,served,VEH007,1,2026-03-23-VEH007-T1,0.0
2026-03-23,ORD0096562,2026-03-23,OUT053,Fresh,fresh_chilled,Galle,Peliyagoda,False,174.0,1.059,0,0,served,VEH007,1,2026-03-23-VEH007-T1,0.0
2026-03-23,ORD0096563,2026-03-23,OUT054,Fresh,fresh_dry,Galle,Peliyagoda,False,747.1,4.163,0,0,served,VEH015,1,2026-03-23-VEH015-T1,0.0
2026-03-23,ORD0096564,2026-03-23,OUT054,Fresh,fresh_chilled,Galle,Peliyagoda,False,553.5,2.82,0,0,served,VEH007,1,2026-03-23-VEH007-T1,0.0
2026-03-23,ORD0096565,2026-03-23,OUT055,Fresh,fresh_dry,Galle,Peliyagoda,False,324.8,1.624,0,0,served,VEH015,1,2026-03-23-VEH015-T1,0.0
2026-03-23,ORD0096566,2026-03-23,OUT059,Fresh,fresh_dry,Matara,Peliyagoda,False,292.4,1.587,0,0,served,VEH038,1,2026-03-23-VEH038-T1,0.0
2026-03-23,ORD0096567,2026-03-23,OUT059,Fresh,fresh_chilled,Matara,Peliyagoda,False,365.3,1.937,0,0,served,VEH035,1,2026-03-23-VEH035-T1,0.0
2026-03-23,ORD0096568,2026-03-23,OUT060,Fresh,fresh_dry,Matara,Peliyagoda,False,277.0,1.635,0,0,served,VEH038,1,2026-03-23-VEH038-T1,0.0
2026-03-23,ORD0096569,2026-03-23,OUT061,Fresh,fresh_dry,Matara,Peliyagoda,False,216.9,1.244,0,0,served,VEH038,1,2026-03-23-VEH038-T1,0.0
2026-03-23,ORD0096570,2026-03-23,OUT061,Fresh,fresh_chilled,Matara,Peliyagoda,False,247.2,1.328,0,0,served,VEH035,1,2026-03-23-VEH035-T1,0.0
2026-03-23,ORD0096571,2026-03-23,OUT062,Fresh,fresh_dry,Matara,Peliyagoda,False,378.6,2.397,0,0,served,VEH038,1,2026-03-23-VEH038-T1,0.0
2026-03-23,ORD0096572,2026-03-23,OUT062,Fresh,fresh_chilled,Matara,Peliyagoda,False,281.0,1.481,0,0,served,VEH035,1,2026-03-23-VEH035-T1,0.0
2026-03-23,ORD0096573,2026-03-23,OUT065,Fresh,fresh_dry,Kurunegala,Peliyagoda,False,539.2,2.895,0,1,served,VEH016,1,2026-03-23-VEH016-T1,0.0
2026-03-23,ORD0096574,2026-03-23,OUT066,Fresh,fresh_dry,Kurunegala,Peliyagoda,False,347.1,1.874,0,0,served,VEH016,1,2026-03-23-VEH016-T1,0.0
2026-03-23,ORD0096575,2026-03-23,OUT067,Fresh,fresh_dry,Kurunegala,Peliyagoda,False,237.2,1.349,0,0,served,VEH016,1,2026-03-23-VEH016-T1,0.0
2026-03-23,ORD0096576,2026-03-23,OUT068,Fresh,fresh_dry,Kurunegala,Peliyagoda,False,392.4,1.927,0,0,served,VEH002,1,2026-03-23-VEH002-T1,0.0
2026-03-23,ORD0096577,2026-03-23,OUT068,Fresh,fresh_chilled,Kurunegala,Peliyagoda,False,233.9,1.334,0,0,served,VEH002,1,2026-03-23-VEH002-T1,0.0
2026-03-23,ORD0096578,2026-03-23,OUT069,Fresh,fresh_dry,Kurunegala,Peliyagoda,False,443.8,2.145,0,0,served,VEH002,1,2026-03-23-VEH002-T1,0.0
2026-03-23,ORD0096579,2026-03-23,OUT069,Fresh,fresh_chilled,Kurunegala,Peliyagoda,False,274.6,1.489,0,0,served,VEH002,1,2026-03-23-VEH002-T1,0.0
2026-03-23,ORD0096580,2026-03-23,OUT073,Fresh,fresh_dry,Puttalam,Peliyagoda,False,271.2,1.544,0,0,served,VEH025,1,2026-03-23-VEH025-T1,0.0
2026-03-23,ORD0096581,2026-03-23,OUT073,Fresh,fresh_chilled,Puttalam,Peliyagoda,False,366.5,2.146,0,0,served,VEH036,1,2026-03-23-VEH036-T1,0.0
2026-03-23,ORD0096582,2026-03-23,OUT074,Fresh,fresh_dry,Puttalam,Peliyagoda,False,406.9,2.179,0,0,served,VEH025,1,2026-03-23-VEH025-T1,0.0
2026-03-23,ORD0096583,2026-03-23,OUT074,Fresh,fresh_chilled,Puttalam,Peliyagoda,False,290.5,1.534,0,0,served,VEH036,1,2026-03-23-VEH036-T1,0.0
2026-03-23,ORD0096584,2026-03-23,OUT075,Fresh,fresh_dry,Puttalam,Peliyagoda,False,164.8,0.9,0,0,served,VEH025,1,2026-03-23-VEH025-T1,0.0
2026-03-23,ORD0096585,2026-03-23,OUT075,Fresh,fresh_chilled,Puttalam,Peliyagoda,False,162.4,0.955,0,0,served,VEH036,1,2026-03-23-VEH036-T1,0.0
2026-03-23,ORD0096586,2026-03-23,OUT076,Fresh,fresh_dry,Kandy,Kandy,True,175.1,0.936,0,0,served,VEH059,1,2026-03-23-VEH059-T1,0.0
2026-03-23,ORD0096587,2026-03-23,OUT077,Fresh,fresh_dry,Kandy,Kandy,True,83.9,0.445,0,0,served,VEH058,1,2026-03-23-VEH058-T1,0.0
2026-03-23,ORD0096588,2026-03-23,OUT077,Fresh,fresh_chilled,Kandy,Kandy,True,75.5,0.455,0,0,served,VEH058,1,2026-03-23-VEH058-T1,0.0
2026-03-23,ORD0096589,2026-03-23,OUT078,Fresh,fresh_dry,Kandy,Kandy,True,155.3,0.827,0,0,served,VEH058,1,2026-03-23-VEH058-T1,0.0
2026-03-23,ORD0096590,2026-03-23,OUT078,Fresh,fresh_chilled,Kandy,Kandy,True,164.3,0.891,0,0,served,VEH058,1,2026-03-23-VEH058-T1,0.0
2026-03-23,ORD0096591,2026-03-23,OUT079,Fresh,fresh_dry,Kandy,Kandy,True,136.7,0.706,0,0,served,VEH058,1,2026-03-23-VEH058-T1,0.0
2026-03-23,ORD0096592,2026-03-23,OUT079,Fresh,fresh_chilled,Kandy,Kandy,True,93.8,0.491,0,0,served,VEH058,1,2026-03-23-VEH058-T1,0.0
2026-03-23,ORD0096593,2026-03-23,OUT080,Fresh,fresh_dry,Kandy,Kandy,True,122.1,0.647,0,0,served,VEH059,1,2026-03-23-VEH059-T1,0.0
2026-03-23,ORD0096594,2026-03-23,OUT081,Fresh,fresh_dry,Kandy,Kandy,True,128.8,0.696,0,0,served,VEH059,1,2026-03-23-VEH059-T1,0.0
2026-03-23,ORD0096595,2026-03-23,OUT082,Fresh,fresh_dry,Kandy,Kandy,True,110.5,0.645,0,0,served,VEH058,1,2026-03-23-VEH058-T1,0.0
2026-03-23,ORD0096596,2026-03-23,OUT082,Fresh,fresh_chilled,Kandy,Kandy,True,79.4,0.444,0,0,served,VEH058,1,2026-03-23-VEH058-T1,0.0
2026-03-23,ORD0096597,2026-03-23,OUT083,Fresh,fresh_dry,Kandy,Kandy,True,92.3,0.464,0,0,served,VEH059,1,2026-03-23-VEH059-T1,0.0
2026-03-23,ORD0096598,2026-03-23,OUT084,Fresh,fresh_dry,Kandy,Kandy,False,264.1,1.408,0,0,served,VEH059,1,2026-03-23-VEH059-T1,0.0
2026-03-23,ORD0096599,2026-03-23,OUT085,Fresh,fresh_dry,Kandy,Kandy,False,318.2,1.755,0,0,served,VEH059,1,2026-03-23-VEH059-T1,0.0
2026-03-23,ORD0096600,2026-03-23,OUT085,Fresh,fresh_chilled,Kandy,Kandy,False,424.9,2.33,0,0,served,VEH040,1,2026-03-23-VEH040-T1,0.0
2026-03-23,ORD0096601,2026-03-23,OUT086,Fresh,fresh_dry,Kandy,Kandy,False,195.6,1.099,0,0,served,VEH040,1,2026-03-23-VEH040-T1,0.0
2026-03-23,ORD0096602,2026-03-23,OUT086,Fresh,fresh_chilled,Kandy,Kandy,False,313.5,1.787,0,0,served,VEH040,1,2026-03-23-VEH040-T1,0.0
2026-03-23,ORD0096603,2026-03-23,OUT087,Fresh,fresh_dry,Kandy,Kandy,False,322.9,1.75,0,0,served,VEH040,1,2026-03-23-VEH040-T1,0.0
2026-03-23,ORD0096604,2026-03-23,OUT087,Fresh,fresh_chilled,Kandy,Kandy,False,201.5,1.171,0,0,served,VEH040,1,2026-03-23-VEH040-T1,0.0
2026-03-23,ORD0096605,2026-03-23,OUT096,Fresh,fresh_dry,Matale,Kandy,False,170.7,0.995,0,0,served,VEH043,1,2026-03-23-VEH043-T1,0.0
2026-03-23,ORD0096606,2026-03-23,OUT096,Fresh,fresh_chilled,Matale,Kandy,False,160.9,0.857,0,0,served,VEH043,1,2026-03-23-VEH043-T1,0.0
2026-03-23,ORD0096607,2026-03-23,OUT097,Fresh,fresh_dry,Matale,Kandy,False,538.9,2.668,0,0,served,VEH043,1,2026-03-23-VEH043-T1,0.0
2026-03-23,ORD0096608,2026-03-23,OUT098,Fresh,fresh_dry,Matale,Kandy,False,489.1,2.372,0,0,served,VEH043,1,2026-03-23-VEH043-T1,0.0
2026-03-23,ORD0096609,2026-03-23,OUT098,Fresh,fresh_chilled,Matale,Kandy,False,355.4,1.843,0,0,served,VEH043,1,2026-03-23-VEH043-T1,0.0
2026-03-23,ORD0096610,2026-03-23,OUT099,Fresh,fresh_dry,Matale,Kandy,False,566.5,3.125,0,0,served,VEH043,1,2026-03-23-VEH043-T1,0.0
2026-03-23,ORD0096611,2026-03-23,OUT099,Fresh,fresh_chilled,Matale,Kandy,False,248.5,1.366,0,0,served,VEH043,1,2026-03-23-VEH043-T1,0.0
2026-03-23,ORD0096612,2026-03-23,OUT100,Fresh,fresh_dry,Matale,Kandy,False,563.4,3.21,0,0,served,VEH040,2,2026-03-23-VEH040-T2,0.0
2026-03-23,ORD0096613,2026-03-23,OUT101,Fresh,fresh_dry,Matale,Kandy,False,474.1,2.299,0,0,served,VEH043,1,2026-03-23-VEH043-T1,0.0
2026-03-23,ORD0096614,2026-03-23,OUT101,Fresh,fresh_chilled,Matale,Kandy,False,355.3,1.937,0,0,served,VEH043,1,2026-03-23-VEH043-T1,0.0
2026-03-23,ORD0096615,2026-03-23,OUT102,Style,style,Matale,Kandy,False,704.7,12.154,0,0,served,VEH056,2,2026-03-23-VEH056-T2,0.0
2026-03-23,ORD0096616,2026-03-23,OUT103,Tech,tech,Matale,Kandy,False,654.1,2.244,0,0,served,VEH060,2,2026-03-23-VEH060-T2,0.0
2026-03-23,ORD0096617,2026-03-23,OUT104,Fresh,fresh_dry,Nuwara Eliya,Kandy,False,284.3,1.742,0,0,served,VEH046,1,2026-03-23-VEH046-T1,0.0
2026-03-23,ORD0096618,2026-03-23,OUT105,Fresh,fresh_dry,Nuwara Eliya,Kandy,False,242.2,1.377,0,0,served,VEH039,1,2026-03-23-VEH039-T1,0.0
2026-03-23,ORD0096619,2026-03-23,OUT105,Fresh,fresh_chilled,Nuwara Eliya,Kandy,False,167.1,0.85,0,0,served,VEH039,1,2026-03-23-VEH039-T1,0.0
2026-03-23,ORD0096620,2026-03-23,OUT106,Fresh,fresh_dry,Nuwara Eliya,Kandy,False,243.4,1.522,0,0,served,VEH046,1,2026-03-23-VEH046-T1,0.0
2026-03-23,ORD0096621,2026-03-23,OUT107,Fresh,fresh_dry,Nuwara Eliya,Kandy,False,351.9,1.754,0,0,served,VEH046,1,2026-03-23-VEH046-T1,0.0
2026-03-23,ORD0096622,2026-03-23,OUT108,Fresh,fresh_dry,Nuwara Eliya,Kandy,False,406.5,2.014,0,0,served,VEH039,1,2026-03-23-VEH039-T1,0.0
2026-03-23,ORD0096623,2026-03-23,OUT108,Fresh,fresh_chilled,Nuwara Eliya,Kandy,False,282.6,1.541,0,0,served,VEH039,1,2026-03-23-VEH039-T1,0.0
2026-03-23,ORD0096624,2026-03-23,OUT110,Fresh,fresh_dry,Badulla,Kandy,False,328.1,2.007,0,0,served,VEH041,1,2026-03-23-VEH041-T1,0.0
2026-03-23,ORD0096625,2026-03-23,OUT110,Fresh,fresh_chilled,Badulla,Kandy,False,234.1,1.224,0,0,served,VEH041,1,2026-03-23-VEH041-T1,0.0
2026-03-23,ORD0096626,2026-03-23,OUT111,Fresh,fresh_dry,Badulla,Kandy,False,179.9,0.935,0,0,served,VEH056,1,2026-03-23-VEH056-T1,0.0
2026-03-23,ORD0096627,2026-03-23,OUT111,Fresh,fresh_chilled,Badulla,Kandy,False,193.7,1.05,0,0,served,VEH057,1,2026-03-23-VEH057-T1,0.0
2026-03-23,ORD0096628,2026-03-23,OUT112,Fresh,fresh_dry,Badulla,Kandy,False,403.2,2.353,0,0,served,VEH060,1,2026-03-23-VEH060-T1,0.0
2026-03-23,ORD0096629,2026-03-23,OUT113,Fresh,fresh_dry,Badulla,Kandy,False,468.7,2.764,0,0,served,VEH060,1,2026-03-23-VEH060-T1,0.0
2026-03-23,ORD0096630,2026-03-23,OUT113,Fresh,fresh_chilled,Badulla,Kandy,False,286.1,1.659,0,0,served,VEH057,1,2026-03-23-VEH057-T1,0.0
2026-03-23,ORD0096631,2026-03-23,OUT114,Style,style,Badulla,Kandy,False,636.6,10.571,0,0,served,VEH046,2,2026-03-23-VEH046-T2,0.0
2026-03-23,ORD0096632,2026-03-23,OUT116,Fresh,fresh_dry,Kegalle,Kandy,False,432.4,2.593,0,0,served,VEH042,1,2026-03-23-VEH042-T1,0.0
2026-03-23,ORD0096633,2026-03-23,OUT116,Fresh,fresh_chilled,Kegalle,Kandy,False,221.1,1.247,0,0,served,VEH042,1,2026-03-23-VEH042-T1,0.0
2026-03-23,ORD0096634,2026-03-23,OUT117,Fresh,fresh_dry,Kegalle,Kandy,False,585.2,3.413,0,0,served,VEH042,1,2026-03-23-VEH042-T1,0.0
2026-03-23,ORD0096635,2026-03-23,OUT118,Fresh,fresh_dry,Kegalle,Kandy,False,587.2,3.427,0,0,served,VEH042,1,2026-03-23-VEH042-T1,0.0
2026-03-23,ORD0096636,2026-03-23,OUT118,Fresh,fresh_chilled,Kegalle,Kandy,False,539.7,2.982,0,0,served,VEH042,1,2026-03-23-VEH042-T1,0.0
2026-03-23,ORD0096637,2026-03-23,OUT119,Fresh,fresh_dry,Kegalle,Kandy,False,280.5,1.524,0,0,served,VEH042,1,2026-03-23-VEH042-T1,0.0
2026-03-23,ORD0096638,2026-03-23,OUT119,Fresh,fresh_chilled,Kegalle,Kandy,False,363.0,1.907,0,0,served,VEH042,1,2026-03-23-VEH042-T1,0.0
2026-03-24,ORD0096639,2026-03-24,OUT001,Fresh,fresh_dry,Colombo,Peliyagoda,True,103.6,0.498,0,0,served,VEH036,1,2026-03-24-VEH036-T1,0.0
2026-03-24,ORD0096640,2026-03-24,OUT001,Fresh,fresh_chilled,Colombo,Peliyagoda,True,93.2,0.514,0,0,served,VEH036,1,2026-03-24-VEH036-T1,0.0
2026-03-24,ORD0096641,2026-03-24,OUT002,Fresh,fresh_dry,Colombo,Peliyagoda,True,106.2,0.553,0,0,served,VEH036,1,2026-03-24-VEH036-T1,0.0
2026-03-24,ORD0096642,2026-03-24,OUT002,Fresh,fresh_chilled,Colombo,Peliyagoda,True,78.3,0.413,0,0,served,VEH036,1,2026-03-24-VEH036-T1,0.0
2026-03-24,ORD0096643,2026-03-24,OUT003,Fresh,fresh_dry,Colombo,Peliyagoda,True,84.9,0.478,0,0,served,VEH037,1,2026-03-24-VEH037-T1,0.0
2026-03-24,ORD0096644,2026-03-24,OUT004,Fresh,fresh_dry,Colombo,Peliyagoda,False,220.3,1.176,0,0,served,VEH027,1,2026-03-24-VEH027-T1,0.0
2026-03-24,ORD0096645,2026-03-24,OUT005,Fresh,fresh_dry,Colombo,Peliyagoda,False,543.4,2.701,0,0,served,VEH027,1,2026-03-24-VEH027-T1,0.0
2026-03-24,ORD0096646,2026-03-24,OUT006,Fresh,fresh_dry,Colombo,Peliyagoda,False,476.6,2.41,0,0,served,VEH004,1,2026-03-24-VEH004-T1,0.0
2026-03-24,ORD0096647,2026-03-24,OUT006,Fresh,fresh_chilled,Colombo,Peliyagoda,False,534.0,2.649,0,0,served,VEH004,1,2026-03-24-VEH004-T1,0.0
2026-03-24,ORD0096648,2026-03-24,OUT007,Fresh,fresh_dry,Colombo,Peliyagoda,False,745.8,3.461,0,0,served,VEH027,1,2026-03-24-VEH027-T1,0.0
2026-03-24,ORD0096649,2026-03-24,OUT008,Fresh,fresh_dry,Colombo,Peliyagoda,False,361.6,1.88,0,0,served,VEH004,1,2026-03-24-VEH004-T1,0.0
2026-03-24,ORD0096650,2026-03-24,OUT008,Fresh,fresh_chilled,Colombo,Peliyagoda,False,232.7,1.098,0,0,served,VEH004,1,2026-03-24-VEH004-T1,0.0
2026-03-24,ORD0096651,2026-03-24,OUT009,Fresh,fresh_dry,Colombo,Peliyagoda,False,244.4,1.341,0,0,served,VEH004,1,2026-03-24-VEH004-T1,0.0
2026-03-24,ORD0096652,2026-03-24,OUT009,Fresh,fresh_chilled,Colombo,Peliyagoda,False,299.2,1.624,0,0,served,VEH004,1,2026-03-24-VEH004-T1,0.0
2026-03-24,ORD0096653,2026-03-24,OUT010,Fresh,fresh_dry,Colombo,Peliyagoda,False,330.8,1.621,0,0,served,VEH036,1,2026-03-24-VEH036-T1,0.0
2026-03-24,ORD0096654,2026-03-24,OUT010,Fresh,fresh_chilled,Colombo,Peliyagoda,False,293.5,1.683,0,0,served,VEH036,1,2026-03-24-VEH036-T1,0.0
2026-03-24,ORD0096655,2026-03-24,OUT011,Fresh,fresh_dry,Colombo,Peliyagoda,False,352.8,2.058,0,0,served,VEH004,1,2026-03-24-VEH004-T1,0.0
2026-03-24,ORD0096656,2026-03-24,OUT011,Fresh,fresh_chilled,Colombo,Peliyagoda,False,198.2,1.027,0,0,served,VEH004,1,2026-03-24-VEH004-T1,0.0
2026-03-24,ORD0096657,2026-03-24,OUT012,Fresh,fresh_dry,Colombo,Peliyagoda,False,340.9,1.923,0,0,served,VEH004,1,2026-03-24-VEH004-T1,0.0
2026-03-24,ORD0096658,2026-03-24,OUT012,Fresh,fresh_chilled,Colombo,Peliyagoda,False,292.1,1.54,0,0,served,VEH004,1,2026-03-24-VEH004-T1,0.0
2026-03-24,ORD0096659,2026-03-24,OUT013,Fresh,fresh_dry,Colombo,Peliyagoda,False,805.9,4.407,0,0,served,VEH037,1,2026-03-24-VEH037-T1,0.0
2026-03-24,ORD0096660,2026-03-24,OUT014,Fresh,fresh_dry,Colombo,Peliyagoda,False,235.5,1.475,0,0,served,VEH027,1,2026-03-24-VEH027-T1,0.0
2026-03-24,ORD0096661,2026-03-24,OUT021,Tech,tech,Colombo,Peliyagoda,False,1034.5,3.022,0,0,served,VEH015,2,2026-03-24-VEH015-T2,0.0
2026-03-24,ORD0096662,2026-03-24,OUT022,Tech,tech,Colombo,Peliyagoda,False,1037.2,3.334,0,0,served,VEH015,2,2026-03-24-VEH015-T2,0.0
2026-03-24,ORD0096663,2026-03-24,OUT023,Tech,tech,Colombo,Peliyagoda,False,405.3,1.359,0,0,served,VEH015,2,2026-03-24-VEH015-T2,0.0
2026-03-24,ORD0096664,2026-03-24,OUT025,Fresh,fresh_dry,Gampaha,Peliyagoda,False,162.8,0.888,0,0,served,VEH008,1,2026-03-24-VEH008-T1,0.0
2026-03-24,ORD0096665,2026-03-24,OUT025,Fresh,fresh_chilled,Gampaha,Peliyagoda,False,135.5,0.687,0,0,served,VEH001,1,2026-03-24-VEH001-T1,0.0
2026-03-24,ORD0096666,2026-03-24,OUT026,Fresh,fresh_dry,Gampaha,Peliyagoda,False,234.5,1.338,0,0,served,VEH001,1,2026-03-24-VEH001-T1,0.0
2026-03-24,ORD0096667,2026-03-24,OUT026,Fresh,fresh_chilled,Gampaha,Peliyagoda,False,218.8,1.121,0,0,served,VEH001,1,2026-03-24-VEH001-T1,0.0
2026-03-24,ORD0096668,2026-03-24,OUT027,Fresh,fresh_dry,Gampaha,Peliyagoda,False,250.1,1.665,0,0,served,VEH008,1,2026-03-24-VEH008-T1,0.0
2026-03-24,ORD0096669,2026-03-24,OUT027,Fresh,fresh_chilled,Gampaha,Peliyagoda,False,261.0,1.389,0,0,served,VEH001,1,2026-03-24-VEH001-T1,0.0
2026-03-24,ORD0096670,2026-03-24,OUT028,Fresh,fresh_dry,Gampaha,Peliyagoda,False,387.0,2.361,0,0,served,VEH008,1,2026-03-24-VEH008-T1,0.0
2026-03-24,ORD0096671,2026-03-24,OUT028,Fresh,fresh_chilled,Gampaha,Peliyagoda,False,241.8,1.286,0,0,served,VEH001,1,2026-03-24-VEH001-T1,0.0
2026-03-24,ORD0096672,2026-03-24,OUT029,Fresh,fresh_dry,Gampaha,Peliyagoda,False,323.0,1.71,0,0,served,VEH008,1,2026-03-24-VEH008-T1,0.0
2026-03-24,ORD0096673,2026-03-24,OUT029,Fresh,fresh_chilled,Gampaha,Peliyagoda,False,260.3,1.53,0,0,served,VEH001,1,2026-03-24-VEH001-T1,0.0
2026-03-24,ORD0096674,2026-03-24,OUT030,Fresh,fresh_dry,Gampaha,Peliyagoda,False,336.2,1.779,0,0,served,VEH008,1,2026-03-24-VEH008-T1,0.0
2026-03-24,ORD0096675,2026-03-24,OUT030,Fresh,fresh_chilled,Gampaha,Peliyagoda,False,350.6,1.909,0,0,served,VEH001,1,2026-03-24-VEH001-T1,0.0
2026-03-24,ORD0096676,2026-03-24,OUT031,Fresh,fresh_dry,Gampaha,Peliyagoda,False,938.0,5.24,0,0,served,VEH008,1,2026-03-24-VEH008-T1,0.0
2026-03-24,ORD0096677,2026-03-24,OUT031,Fresh,fresh_chilled,Gampaha,Peliyagoda,False,975.5,4.93,0,0,served,VEH001,1,2026-03-24-VEH001-T1,0.0
2026-03-24,ORD0096678,2026-03-24,OUT032,Fresh,fresh_dry,Gampaha,Peliyagoda,False,425.3,2.596,0,0,served,VEH008,1,2026-03-24-VEH008-T1,0.0
2026-03-24,ORD0096679,2026-03-24,OUT032,Fresh,fresh_chilled,Gampaha,Peliyagoda,False,699.0,4.028,0,0,served,VEH001,1,2026-03-24-VEH001-T1,0.0
2026-03-24,ORD0096680,2026-03-24,OUT033,Fresh,fresh_dry,Gampaha,Peliyagoda,False,321.7,1.807,0,0,served,VEH008,1,2026-03-24-VEH008-T1,0.0
2026-03-24,ORD0096681,2026-03-24,OUT034,Fresh,fresh_dry,Gampaha,Peliyagoda,False,471.5,2.173,0,0,served,VEH008,1,2026-03-24-VEH008-T1,0.0
2026-03-24,ORD0096682,2026-03-24,OUT034,Fresh,fresh_chilled,Gampaha,Peliyagoda,False,319.4,1.781,0,0,served,VEH001,1,2026-03-24-VEH001-T1,0.0
2026-03-24,ORD0096683,2026-03-24,OUT040,Fresh,fresh_dry,Kalutara,Peliyagoda,False,447.5,2.706,0,0,served,VEH017,1,2026-03-24-VEH017-T1,0.0
2026-03-24,ORD0096684,2026-03-24,OUT040,Fresh,fresh_chilled,Kalutara,Peliyagoda,False,403.7,2.448,0,0,served,VEH003,1,2026-03-24-VEH003-T1,0.0
2026-03-24,ORD0096685,2026-03-24,OUT041,Fresh,fresh_dry,Kalutara,Peliyagoda,False,413.5,2.144,0,0,served,VEH017,1,2026-03-24-VEH017-T1,0.0
2026-03-24,ORD0096686,2026-03-24,OUT041,Fresh,fresh_chilled,Kalutara,Peliyagoda,False,237.7,1.216,0,0,served,VEH003,1,2026-03-24-VEH003-T1,0.0
2026-03-24,ORD0096687,2026-03-24,OUT042,Fresh,fresh_dry,Kalutara,Peliyagoda,False,912.9,5.059,0,0,served,VEH017,1,2026-03-24-VEH017-T1,0.0
2026-03-24,ORD0096688,2026-03-24,OUT042,Fresh,fresh_chilled,Kalutara,Peliyagoda,False,548.9,3.204,0,0,served,VEH003,1,2026-03-24-VEH003-T1,0.0
2026-03-24,ORD0096689,2026-03-24,OUT043,Fresh,fresh_dry,Kalutara,Peliyagoda,False,159.7,0.881,0,0,served,VEH017,1,2026-03-24-VEH017-T1,0.0
2026-03-24,ORD0096690,2026-03-24,OUT043,Fresh,fresh_chilled,Kalutara,Peliyagoda,False,220.8,1.109,0,0,served,VEH003,1,2026-03-24-VEH003-T1,0.0
2026-03-24,ORD0096691,2026-03-24,OUT044,Fresh,fresh_dry,Kalutara,Peliyagoda,False,443.1,2.045,0,0,served,VEH003,1,2026-03-24-VEH003-T1,0.0
2026-03-24,ORD0096692,2026-03-24,OUT044,Fresh,fresh_chilled,Kalutara,Peliyagoda,False,153.3,0.86,0,0,served,VEH003,1,2026-03-24-VEH003-T1,0.0
2026-03-24,ORD0096693,2026-03-24,OUT045,Fresh,fresh_dry,Kalutara,Peliyagoda,False,187.8,0.968,0,0,served,VEH017,1,2026-03-24-VEH017-T1,0.0
2026-03-24,ORD0096694,2026-03-24,OUT045,Fresh,fresh_chilled,Kalutara,Peliyagoda,False,210.6,1.173,0,0,served,VEH003,1,2026-03-24-VEH003-T1,0.0
2026-03-24,ORD0096695,2026-03-24,OUT046,Fresh,fresh_dry,Kalutara,Peliyagoda,False,240.6,1.257,0,0,served,VEH017,1,2026-03-24-VEH017-T1,0.0
2026-03-24,ORD0096696,2026-03-24,OUT046,Fresh,fresh_chilled,Kalutara,Peliyagoda,False,313.8,1.621,0,0,served,VEH003,1,2026-03-24-VEH003-T1,0.0
2026-03-24,ORD0096697,2026-03-24,OUT049,Tech,tech,Kalutara,Peliyagoda,False,971.0,3.017,0,0,served,VEH038,2,2026-03-24-VEH038-T2,0.0
2026-03-24,ORD0096698,2026-03-24,OUT050,Fresh,fresh_dry,Galle,Peliyagoda,False,295.6,1.524,0,0,served,VEH005,1,2026-03-24-VEH005-T1,0.0
2026-03-24,ORD0096699,2026-03-24,OUT050,Fresh,fresh_chilled,Galle,Peliyagoda,False,291.0,1.548,0,0,served,VEH005,1,2026-03-24-VEH005-T1,0.0
2026-03-24,ORD0096700,2026-03-24,OUT051,Fresh,fresh_dry,Galle,Peliyagoda,False,177.6,0.902,0,0,served,VEH005,1,2026-03-24-VEH005-T1,0.0
2026-03-24,ORD0096701,2026-03-24,OUT051,Fresh,fresh_chilled,Galle,Peliyagoda,False,89.6,0.506,0,0,served,VEH005,1,2026-03-24-VEH005-T1,0.0
2026-03-24,ORD0096702,2026-03-24,OUT052,Fresh,fresh_dry,Galle,Peliyagoda,False,378.8,2.116,0,0,served,VEH016,1,2026-03-24-VEH016-T1,0.0
2026-03-24,ORD0096703,2026-03-24,OUT052,Fresh,fresh_chilled,Galle,Peliyagoda,False,288.0,1.396,0,0,served,VEH005,1,2026-03-24-VEH005-T1,0.0
2026-03-24,ORD0096704,2026-03-24,OUT053,Fresh,fresh_dry,Galle,Peliyagoda,False,116.7,0.654,0,0,served,VEH016,1,2026-03-24-VEH016-T1,0.0
2026-03-24,ORD0096705,2026-03-24,OUT054,Fresh,fresh_dry,Galle,Peliyagoda,False,667.5,3.415,0,0,served,VEH016,1,2026-03-24-VEH016-T1,0.0
2026-03-24,ORD0096706,2026-03-24,OUT055,Fresh,fresh_dry,Galle,Peliyagoda,False,351.5,1.788,0,0,served,VEH005,1,2026-03-24-VEH005-T1,0.0
2026-03-24,ORD0096707,2026-03-24,OUT055,Fresh,fresh_chilled,Galle,Peliyagoda,False,249.7,1.35,0,0,served,VEH005,1,2026-03-24-VEH005-T1,0.0
2026-03-24,ORD0096708,2026-03-24,OUT059,Fresh,fresh_dry,Matara,Peliyagoda,False,323.1,1.739,0,0,served,VEH038,1,2026-03-24-VEH038-T1,0.0
2026-03-24,ORD0096709,2026-03-24,OUT059,Fresh,fresh_chilled,Matara,Peliyagoda,False,328.9,1.697,0,0,served,VEH007,1,2026-03-24-VEH007-T1,0.0
2026-03-24,ORD0096710,2026-03-24,OUT060,Fresh,fresh_dry,Matara,Peliyagoda,False,250.2,1.431,0,0,served,VEH007,1,2026-03-24-VEH007-T1,0.0
2026-03-24,ORD0096711,2026-03-24,OUT060,Fresh,fresh_chilled,Matara,Peliyagoda,False,460.1,2.314,0,0,served,VEH007,1,2026-03-24-VEH007-T1,0.0
2026-03-24,ORD0096712,2026-03-24,OUT061,Fresh,fresh_dry,Matara,Peliyagoda,False,392.5,2.029,0,0,served,VEH038,1,2026-03-24-VEH038-T1,0.0
2026-03-24,ORD0096713,2026-03-24,OUT061,Fresh,fresh_chilled,Matara,Peliyagoda,False,214.2,1.138,0,0,served,VEH007,1,2026-03-24-VEH007-T1,0.0
2026-03-24,ORD0096714,2026-03-24,OUT062,Fresh,fresh_dry,Matara,Peliyagoda,False,452.2,2.234,0,0,served,VEH038,1,2026-03-24-VEH038-T1,0.0
2026-03-24,ORD0096715,2026-03-24,OUT062,Fresh,fresh_chilled,Matara,Peliyagoda,False,375.2,2.055,0,0,served,VEH007,1,2026-03-24-VEH007-T1,0.0
2026-03-24,ORD0096716,2026-03-24,OUT064,Tech,tech,Matara,Peliyagoda,False,454.8,1.649,0,0,served,VEH037,2,2026-03-24-VEH037-T2,0.0
2026-03-24,ORD0096717,2026-03-24,OUT065,Fresh,fresh_dry,Kurunegala,Peliyagoda,False,461.4,2.518,0,1,served,VEH006,1,2026-03-24-VEH006-T1,0.0
2026-03-24,ORD0096718,2026-03-24,OUT065,Fresh,fresh_chilled,Kurunegala,Peliyagoda,False,402.3,2.224,0,1,served,VEH006,1,2026-03-24-VEH006-T1,0.0
2026-03-24,ORD0096719,2026-03-24,OUT066,Fresh,fresh_dry,Kurunegala,Peliyagoda,False,332.9,1.518,0,0,served,VEH015,1,2026-03-24-VEH015-T1,0.0
2026-03-24,ORD0096720,2026-03-24,OUT066,Fresh,fresh_chilled,Kurunegala,Peliyagoda,False,376.0,2.056,0,0,served,VEH035,1,2026-03-24-VEH035-T1,0.0
2026-03-24,ORD0096721,2026-03-24,OUT067,Fresh,fresh_dry,Kurunegala,Peliyagoda,False,297.1,1.437,0,0,served,VEH015,1,2026-03-24-VEH015-T1,0.0
2026-03-24,ORD0096722,2026-03-24,OUT067,Fresh,fresh_chilled,Kurunegala,Peliyagoda,False,275.2,1.629,0,0,served,VEH006,1,2026-03-24-VEH006-T1,0.0
2026-03-24,ORD0096723,2026-03-24,OUT068,Fresh,fresh_dry,Kurunegala,Peliyagoda,False,229.2,1.283,0,0,served,VEH035,1,2026-03-24-VEH035-T1,0.0
2026-03-24,ORD0096724,2026-03-24,OUT068,Fresh,fresh_chilled,Kurunegala,Peliyagoda,False,294.1,1.609,0,0,served,VEH035,1,2026-03-24-VEH035-T1,0.0
2026-03-24,ORD0096725,2026-03-24,OUT069,Fresh,fresh_dry,Kurunegala,Peliyagoda,False,305.7,1.775,0,0,served,VEH015,1,2026-03-24-VEH015-T1,0.0
2026-03-24,ORD0096726,2026-03-24,OUT069,Fresh,fresh_chilled,Kurunegala,Peliyagoda,False,250.3,1.312,0,0,served,VEH006,1,2026-03-24-VEH006-T1,0.0
2026-03-24,ORD0096727,2026-03-24,OUT073,Fresh,fresh_dry,Puttalam,Peliyagoda,False,332.5,1.799,0,0,served,VEH002,1,2026-03-24-VEH002-T1,0.0
2026-03-24,ORD0096728,2026-03-24,OUT073,Fresh,fresh_chilled,Puttalam,Peliyagoda,False,267.3,1.562,0,0,served,VEH002,1,2026-03-24-VEH002-T1,0.0
2026-03-24,ORD0096729,2026-03-24,OUT074,Fresh,fresh_dry,Puttalam,Peliyagoda,False,321.8,1.732,0,0,served,VEH025,1,2026-03-24-VEH025-T1,0.0
2026-03-24,ORD0096730,2026-03-24,OUT075,Fresh,fresh_dry,Puttalam,Peliyagoda,False,199.2,1.132,0,0,served,VEH025,1,2026-03-24-VEH025-T1,0.0
2026-03-24,ORD0096731,2026-03-24,OUT075,Fresh,fresh_chilled,Puttalam,Peliyagoda,False,181.2,0.958,0,0,served,VEH002,1,2026-03-24-VEH002-T1,0.0
2026-03-24,ORD0096732,2026-03-24,OUT076,Fresh,fresh_dry,Kandy,Kandy,True,144.0,0.865,0,0,served,VEH060,2,2026-03-24-VEH060-T2,0.0
2026-03-24,ORD0096733,2026-03-24,OUT077,Fresh,fresh_dry,Kandy,Kandy,True,103.2,0.531,0,0,served,VEH060,2,2026-03-24-VEH060-T2,0.0
2026-03-24,ORD0096734,2026-03-24,OUT078,Fresh,fresh_dry,Kandy,Kandy,True,176.8,0.819,0,0,served,VEH058,1,2026-03-24-VEH058-T1,0.0
2026-03-24,ORD0096735,2026-03-24,OUT078,Fresh,fresh_chilled,Kandy,Kandy,True,179.6,0.864,0,0,served,VEH058,1,2026-03-24-VEH058-T1,0.0
2026-03-24,ORD0096736,2026-03-24,OUT079,Fresh,fresh_dry,Kandy,Kandy,True,105.4,0.591,0,0,served,VEH060,2,2026-03-24-VEH060-T2,0.0
2026-03-24,ORD0096737,2026-03-24,OUT079,Fresh,fresh_chilled,Kandy,Kandy,True,87.2,0.556,0,0,served,VEH058,1,2026-03-24-VEH058-T1,0.0
2026-03-24,ORD0096738,2026-03-24,OUT080,Fresh,fresh_dry,Kandy,Kandy,True,121.6,0.701,0,0,served,VEH058,2,2026-03-24-VEH058-T2,0.0
2026-03-24,ORD0096739,2026-03-24,OUT080,Fresh,fresh_chilled,Kandy,Kandy,True,98.7,0.527,0,0,served,VEH058,1,2026-03-24-VEH058-T1,0.0
2026-03-24,ORD0096740,2026-03-24,OUT081,Fresh,fresh_dry,Kandy,Kandy,True,135.2,0.697,0,0,served,VEH058,1,2026-03-24-VEH058-T1,0.0
2026-03-24,ORD0096741,2026-03-24,OUT081,Fresh,fresh_chilled,Kandy,Kandy,True,224.2,1.185,0,0,served,VEH058,1,2026-03-24-VEH058-T1,0.0
2026-03-24,ORD0096742,2026-03-24,OUT082,Fresh,fresh_dry,Kandy,Kandy,True,138.5,0.678,0,0,served,VEH060,2,2026-03-24-VEH060-T2,0.0
2026-03-24,ORD0096743,2026-03-24,OUT083,Fresh,fresh_dry,Kandy,Kandy,True,99.4,0.537,0,0,served,VEH060,2,2026-03-24-VEH060-T2,0.0
2026-03-24,ORD0096744,2026-03-24,OUT083,Fresh,fresh_chilled,Kandy,Kandy,True,98.4,0.509,0,0,served,VEH058,1,2026-03-24-VEH058-T1,0.0
2026-03-24,ORD0096745,2026-03-24,OUT084,Fresh,fresh_dry,Kandy,Kandy,False,205.8,1.248,0,0,served,VEH043,1,2026-03-24-VEH043-T1,0.0
2026-03-24,ORD0096746,2026-03-24,OUT084,Fresh,fresh_chilled,Kandy,Kandy,False,226.1,1.172,0,0,served,VEH043,1,2026-03-24-VEH043-T1,0.0
2026-03-24,ORD0096747,2026-03-24,OUT085,Fresh,fresh_dry,Kandy,Kandy,False,227.2,1.502,0,0,served,VEH043,1,2026-03-24-VEH043-T1,0.0
2026-03-24,ORD0096748,2026-03-24,OUT085,Fresh,fresh_chilled,Kandy,Kandy,False,364.6,2.007,0,0,served,VEH043,1,2026-03-24-VEH043-T1,0.0
2026-03-24,ORD0096749,2026-03-24,OUT086,Fresh,fresh_dry,Kandy,Kandy,False,344.4,1.612,0,0,served,VEH043,1,2026-03-24-VEH043-T1,0.0
2026-03-24,ORD0096750,2026-03-24,OUT086,Fresh,fresh_chilled,Kandy,Kandy,False,272.1,1.314,0,0,served,VEH043,1,2026-03-24-VEH043-T1,0.0
2026-03-24,ORD0096751,2026-03-24,OUT087,Fresh,fresh_dry,Kandy,Kandy,False,261.9,1.395,0,0,served,VEH058,2,2026-03-24-VEH058-T2,0.0
2026-03-24,ORD0096752,2026-03-24,OUT096,Fresh,fresh_dry,Matale,Kandy,False,209.6,1.091,0,0,served,VEH039,1,2026-03-24-VEH039-T1,0.0
2026-03-24,ORD0096753,2026-03-24,OUT097,Fresh,fresh_dry,Matale,Kandy,False,455.8,2.653,0,0,served,VEH039,1,2026-03-24-VEH039-T1,0.0
2026-03-24,ORD0096754,2026-03-24,OUT097,Fresh,fresh_chilled,Matale,Kandy,False,492.4,2.739,0,0,served,VEH039,1,2026-03-24-VEH039-T1,0.0
2026-03-24,ORD0096755,2026-03-24,OUT098,Fresh,fresh_dry,Matale,Kandy,False,380.0,2.207,0,0,served,VEH042,1,2026-03-24-VEH042-T1,0.0
2026-03-24,ORD0096756,2026-03-24,OUT098,Fresh,fresh_chilled,Matale,Kandy,False,350.5,1.923,0,0,served,VEH042,1,2026-03-24-VEH042-T1,0.0
2026-03-24,ORD0096757,2026-03-24,OUT099,Fresh,fresh_dry,Matale,Kandy,False,420.7,2.155,0,0,served,VEH039,1,2026-03-24-VEH039-T1,0.0
2026-03-24,ORD0096758,2026-03-24,OUT099,Fresh,fresh_chilled,Matale,Kandy,False,226.2,1.247,0,0,served,VEH039,1,2026-03-24-VEH039-T1,0.0
2026-03-24,ORD0096759,2026-03-24,OUT100,Fresh,fresh_dry,Matale,Kandy,False,518.4,2.733,0,0,served,VEH039,1,2026-03-24-VEH039-T1,0.0
2026-03-24,ORD0096760,2026-03-24,OUT100,Fresh,fresh_chilled,Matale,Kandy,False,513.3,2.906,0,0,served,VEH039,1,2026-03-24-VEH039-T1,0.0
2026-03-24,ORD0096761,2026-03-24,OUT101,Fresh,fresh_dry,Matale,Kandy,False,364.0,1.981,0,0,served,VEH039,1,2026-03-24-VEH039-T1,0.0
2026-03-24,ORD0096762,2026-03-24,OUT104,Fresh,fresh_dry,Nuwara Eliya,Kandy,False,277.0,1.507,0,0,served,VEH056,1,2026-03-24-VEH056-T1,0.0
2026-03-24,ORD0096763,2026-03-24,OUT104,Fresh,fresh_chilled,Nuwara Eliya,Kandy,False,219.9,1.225,0,0,served,VEH041,1,2026-03-24-VEH041-T1,0.0
2026-03-24,ORD0096764,2026-03-24,OUT105,Fresh,fresh_dry,Nuwara Eliya,Kandy,False,277.0,1.4,0,0,served,VEH056,1,2026-03-24-VEH056-T1,0.0
2026-03-24,ORD0096765,2026-03-24,OUT105,Fresh,fresh_chilled,Nuwara Eliya,Kandy,False,138.6,0.786,0,0,served,VEH041,1,2026-03-24-VEH041-T1,0.0
2026-03-24,ORD0096766,2026-03-24,OUT106,Fresh,fresh_dry,Nuwara Eliya,Kandy,False,332.1,1.859,0,0,served,VEH056,1,2026-03-24-VEH056-T1,0.0
2026-03-24,ORD0096767,2026-03-24,OUT106,Fresh,fresh_chilled,Nuwara Eliya,Kandy,False,227.9,1.087,0,0,served,VEH041,1,2026-03-24-VEH041-T1,0.0
2026-03-24,ORD0096768,2026-03-24,OUT107,Fresh,fresh_dry,Nuwara Eliya,Kandy,False,241.6,1.371,0,0,served,VEH056,1,2026-03-24-VEH056-T1,0.0
2026-03-24,ORD0096769,2026-03-24,OUT107,Fresh,fresh_chilled,Nuwara Eliya,Kandy,False,279.3,1.656,0,0,served,VEH041,1,2026-03-24-VEH041-T1,0.0
2026-03-24,ORD0096770,2026-03-24,OUT108,Fresh,fresh_dry,Nuwara Eliya,Kandy,False,301.1,1.585,0,0,served,VEH056,1,2026-03-24-VEH056-T1,0.0
2026-03-24,ORD0096771,2026-03-24,OUT108,Fresh,fresh_chilled,Nuwara Eliya,Kandy,False,214.4,1.301,0,0,served,VEH041,1,2026-03-24-VEH041-T1,0.0
2026-03-24,ORD0096772,2026-03-24,OUT110,Fresh,fresh_dry,Badulla,Kandy,False,275.5,1.39,0,0,served,VEH059,1,2026-03-24-VEH059-T1,0.0
2026-03-24,ORD0096773,2026-03-24,OUT111,Fresh,fresh_dry,Badulla,Kandy,False,144.1,0.855,0,0,served,VEH059,1,2026-03-24-VEH059-T1,0.0
2026-03-24,ORD0096774,2026-03-24,OUT112,Fresh,fresh_dry,Badulla,Kandy,False,431.2,2.046,0,0,served,VEH046,1,2026-03-24-VEH046-T1,0.0
2026-03-24,ORD0096775,2026-03-24,OUT112,Fresh,fresh_chilled,Badulla,Kandy,False,370.5,1.832,0,0,served,VEH057,1,2026-03-24-VEH057-T1,0.0
2026-03-24,ORD0096776,2026-03-24,OUT113,Fresh,fresh_dry,Badulla,Kandy,False,539.1,2.811,0,0,served,VEH046,1,2026-03-24-VEH046-T1,0.0
2026-03-24,ORD0096777,2026-03-24,OUT113,Fresh,fresh_chilled,Badulla,Kandy,False,246.6,1.341,0,0,served,VEH057,1,2026-03-24-VEH057-T1,0.0
2026-03-24,ORD0096778,2026-03-24,OUT116,Fresh,fresh_dry,Kegalle,Kandy,False,348.4,1.952,0,0,served,VEH042,2,2026-03-24-VEH042-T2,0.0
2026-03-24,ORD0096779,2026-03-24,OUT116,Fresh,fresh_chilled,Kegalle,Kandy,False,250.6,1.376,0,0,served,VEH042,2,2026-03-24-VEH042-T2,0.0
2026-03-24,ORD0096780,2026-03-24,OUT117,Fresh,fresh_dry,Kegalle,Kandy,False,528.5,2.756,0,0,served,VEH060,1,2026-03-24-VEH060-T1,0.0
2026-03-24,ORD0096781,2026-03-24,OUT118,Fresh,fresh_dry,Kegalle,Kandy,False,557.6,3.843,0,0,served,VEH042,2,2026-03-24-VEH042-T2,0.0
2026-03-24,ORD0096782,2026-03-24,OUT119,Fresh,fresh_dry,Kegalle,Kandy,False,245.5,1.215,0,0,served,VEH060,1,2026-03-24-VEH060-T1,0.0
2026-03-25,ORD0096783,2026-03-25,OUT001,Fresh,fresh_dry,Colombo,Peliyagoda,True,68.4,0.411,0,0,served,VEH036,1,2026-03-25-VEH036-T1,0.0
2026-03-25,ORD0096784,2026-03-25,OUT001,Fresh,fresh_chilled,Colombo,Peliyagoda,True,116.9,0.591,0,0,served,VEH036,1,2026-03-25-VEH036-T1,0.0
2026-03-25,ORD0096785,2026-03-25,OUT002,Fresh,fresh_dry,Colombo,Peliyagoda,True,143.3,0.851,0,0,served,VEH036,1,2026-03-25-VEH036-T1,0.0
2026-03-25,ORD0096786,2026-03-25,OUT003,Fresh,fresh_dry,Colombo,Peliyagoda,True,119.6,0.584,0,0,served,VEH036,1,2026-03-25-VEH036-T1,0.0
2026-03-25,ORD0096787,2026-03-25,OUT003,Fresh,fresh_chilled,Colombo,Peliyagoda,True,64.2,0.371,0,0,served,VEH036,1,2026-03-25-VEH036-T1,0.0
2026-03-25,ORD0096788,2026-03-25,OUT004,Fresh,fresh_dry,Colombo,Peliyagoda,False,380.4,2.058,0,0,served,VEH038,2,2026-03-25-VEH038-T2,0.0
2026-03-25,ORD0096789,2026-03-25,OUT004,Fresh,fresh_chilled,Colombo,Peliyagoda,False,182.5,0.944,0,0,served,VEH001,1,2026-03-25-VEH001-T1,0.0
2026-03-25,ORD0096790,2026-03-25,OUT005,Fresh,fresh_dry,Colombo,Peliyagoda,False,505.0,2.546,0,0,served,VEH001,1,2026-03-25-VEH001-T1,0.0
2026-03-25,ORD0096791,2026-03-25,OUT005,Fresh,fresh_chilled,Colombo,Peliyagoda,False,447.3,2.766,0,0,served,VEH001,1,2026-03-25-VEH001-T1,0.0
2026-03-25,ORD0096792,2026-03-25,OUT006,Fresh,fresh_dry,Colombo,Peliyagoda,False,567.3,2.86,0,0,served,VEH018,1,2026-03-25-VEH018-T1,0.0
2026-03-25,ORD0096793,2026-03-25,OUT007,Fresh,fresh_dry,Colombo,Peliyagoda,False,647.9,3.657,0,0,served,VEH001,1,2026-03-25-VEH001-T1,0.0
2026-03-25,ORD0096794,2026-03-25,OUT007,Fresh,fresh_chilled,Colombo,Peliyagoda,False,582.5,2.892,0,0,served,VEH001,1,2026-03-25-VEH001-T1,0.0
2026-03-25,ORD0096795,2026-03-25,OUT008,Fresh,fresh_dry,Colombo,Peliyagoda,False,306.7,1.582,0,0,served,VEH018,1,2026-03-25-VEH018-T1,0.0
2026-03-25,ORD0096796,2026-03-25,OUT009,Fresh,fresh_dry,Colombo,Peliyagoda,False,325.1,1.746,0,0,served,VEH038,2,2026-03-25-VEH038-T2,0.0
2026-03-25,ORD0096797,2026-03-25,OUT010,Fresh,fresh_dry,Colombo,Peliyagoda,False,359.0,1.878,0,0,served,VEH018,1,2026-03-25-VEH018-T1,0.0
2026-03-25,ORD0096798,2026-03-25,OUT011,Fresh,fresh_dry,Colombo,Peliyagoda,False,358.9,2.036,0,0,served,VEH001,1,2026-03-25-VEH001-T1,0.0
2026-03-25,ORD0096799,2026-03-25,OUT011,Fresh,fresh_chilled,Colombo,Peliyagoda,False,259.4,1.567,0,0,served,VEH001,1,2026-03-25-VEH001-T1,0.0
2026-03-25,ORD0096800,2026-03-25,OUT012,Fresh,fresh_dry,Colombo,Peliyagoda,False,443.3,2.469,0,0,served,VEH018,1,2026-03-25-VEH018-T1,0.0
2026-03-25,ORD0096801,2026-03-25,OUT012,Fresh,fresh_chilled,Colombo,Peliyagoda,False,366.6,1.826,0,0,served,VEH036,1,2026-03-25-VEH036-T1,0.0
2026-03-25,ORD0096802,2026-03-25,OUT013,Fresh,fresh_dry,Colombo,Peliyagoda,False,823.2,4.605,0,0,served,VEH001,1,2026-03-25-VEH001-T1,0.0
2026-03-25,ORD0096803,2026-03-25,OUT013,Fresh,fresh_chilled,Colombo,Peliyagoda,False,549.2,2.745,0,0,served,VEH001,1,2026-03-25-VEH001-T1,0.0
2026-03-25,ORD0096804,2026-03-25,OUT014,Fresh,fresh_dry,Colombo,Peliyagoda,False,255.7,1.359,0,0,served,VEH038,2,2026-03-25-VEH038-T2,0.0
2026-03-25,ORD0096805,2026-03-25,OUT014,Fresh,fresh_chilled,Colombo,Peliyagoda,False,316.5,1.763,0,0,served,VEH001,1,2026-03-25-VEH001-T1,0.0
2026-03-25,ORD0096806,2026-03-25,OUT025,Fresh,fresh_dry,Gampaha,Peliyagoda,False,263.7,1.456,0,0,served,VEH005,1,2026-03-25-VEH005-T1,0.0
2026-03-25,ORD0096807,2026-03-25,OUT025,Fresh,fresh_chilled,Gampaha,Peliyagoda,False,237.7,1.246,0,0,served,VEH005,1,2026-03-25-VEH005-T1,0.0
2026-03-25,ORD0096808,2026-03-25,OUT026,Fresh,fresh_dry,Gampaha,Peliyagoda,False,304.9,1.653,0,0,served,VEH017,1,2026-03-25-VEH017-T1,0.0
2026-03-25,ORD0096809,2026-03-25,OUT027,Fresh,fresh_dry,Gampaha,Peliyagoda,False,337.9,1.859,0,0,served,VEH017,1,2026-03-25-VEH017-T1,0.0
2026-03-25,ORD0096810,2026-03-25,OUT028,Fresh,fresh_dry,Gampaha,Peliyagoda,False,537.9,2.68,0,0,served,VEH005,1,2026-03-25-VEH005-T1,0.0
2026-03-25,ORD0096811,2026-03-25,OUT028,Fresh,fresh_chilled,Gampaha,Peliyagoda,False,384.4,2.12,0,0,served,VEH005,1,2026-03-25-VEH005-T1,0.0
2026-03-25,ORD0096812,2026-03-25,OUT029,Fresh,fresh_dry,Gampaha,Peliyagoda,False,408.1,2.052,0,0,served,VEH017,1,2026-03-25-VEH017-T1,0.0
2026-03-25,ORD0096813,2026-03-25,OUT030,Fresh,fresh_dry,Gampaha,Peliyagoda,False,359.7,1.863,0,0,served,VEH017,1,2026-03-25-VEH017-T1,0.0
2026-03-25,ORD0096814,2026-03-25,OUT031,Fresh,fresh_dry,Gampaha,Peliyagoda,False,1357.2,6.325,0,0,served,VEH005,1,2026-03-25-VEH005-T1,0.0
2026-03-25,ORD0096815,2026-03-25,OUT031,Fresh,fresh_chilled,Gampaha,Peliyagoda,False,1183.9,7.011,0,0,served,VEH005,1,2026-03-25-VEH005-T1,0.0
2026-03-25,ORD0096816,2026-03-25,OUT032,Fresh,fresh_dry,Gampaha,Peliyagoda,False,1056.3,5.337,0,0,served,VEH017,1,2026-03-25-VEH017-T1,0.0
2026-03-25,ORD0096817,2026-03-25,OUT032,Fresh,fresh_chilled,Gampaha,Peliyagoda,False,695.0,3.827,0,0,served,VEH005,1,2026-03-25-VEH005-T1,0.0
2026-03-25,ORD0096818,2026-03-25,OUT033,Fresh,fresh_dry,Gampaha,Peliyagoda,False,383.4,2.115,0,0,served,VEH017,1,2026-03-25-VEH017-T1,0.0
2026-03-25,ORD0096819,2026-03-25,OUT033,Fresh,fresh_chilled,Gampaha,Peliyagoda,False,425.9,2.649,0,0,served,VEH005,1,2026-03-25-VEH005-T1,0.0
2026-03-25,ORD0096820,2026-03-25,OUT034,Fresh,fresh_dry,Gampaha,Peliyagoda,False,478.7,2.499,0,0,served,VEH017,1,2026-03-25-VEH017-T1,0.0
2026-03-25,ORD0096821,2026-03-25,OUT035,Style,style,Gampaha,Peliyagoda,False,657.5,10.16,0,0,served,VEH025,2,2026-03-25-VEH025-T2,0.0
2026-03-25,ORD0096822,2026-03-25,OUT036,Style,style,Gampaha,Peliyagoda,False,695.4,10.052,0,0,served,VEH025,2,2026-03-25-VEH025-T2,0.0
2026-03-25,ORD0096823,2026-03-25,OUT037,Style,style,Gampaha,Peliyagoda,False,289.8,4.779,0,0,served,VEH037,2,2026-03-25-VEH037-T2,0.0
2026-03-25,ORD0096824,2026-03-25,OUT040,Fresh,fresh_dry,Kalutara,Peliyagoda,False,696.2,3.833,0,0,served,VEH003,1,2026-03-25-VEH003-T1,0.0
2026-03-25,ORD0096825,2026-03-25,OUT040,Fresh,fresh_chilled,Kalutara,Peliyagoda,False,430.5,2.213,0,0,served,VEH003,1,2026-03-25-VEH003-T1,0.0
2026-03-25,ORD0096826,2026-03-25,OUT041,Fresh,fresh_dry,Kalutara,Peliyagoda,False,336.6,1.843,0,0,served,VEH003,1,2026-03-25-VEH003-T1,0.0
2026-03-25,ORD0096827,2026-03-25,OUT041,Fresh,fresh_chilled,Kalutara,Peliyagoda,False,260.6,1.539,0,0,served,VEH003,1,2026-03-25-VEH003-T1,0.0
2026-03-25,ORD0096828,2026-03-25,OUT042,Fresh,fresh_dry,Kalutara,Peliyagoda,False,1024.0,5.724,0,0,served,VEH003,1,2026-03-25-VEH003-T1,0.0
2026-03-25,ORD0096829,2026-03-25,OUT042,Fresh,fresh_chilled,Kalutara,Peliyagoda,False,623.0,3.608,0,0,served,VEH003,1,2026-03-25-VEH003-T1,0.0
2026-03-25,ORD0096830,2026-03-25,OUT043,Fresh,fresh_dry,Kalutara,Peliyagoda,False,232.1,1.22,0,0,served,VEH003,1,2026-03-25-VEH003-T1,0.0
2026-03-25,ORD0096831,2026-03-25,OUT044,Fresh,fresh_dry,Kalutara,Peliyagoda,False,316.9,1.748,0,0,served,VEH038,1,2026-03-25-VEH038-T1,0.0
2026-03-25,ORD0096832,2026-03-25,OUT045,Fresh,fresh_dry,Kalutara,Peliyagoda,False,267.3,1.506,0,0,served,VEH038,1,2026-03-25-VEH038-T1,0.0
2026-03-25,ORD0096833,2026-03-25,OUT046,Fresh,fresh_dry,Kalutara,Peliyagoda,False,201.2,1.151,0,0,served,VEH038,1,2026-03-25-VEH038-T1,0.0
2026-03-25,ORD0096834,2026-03-25,OUT050,Fresh,fresh_dry,Galle,Peliyagoda,False,473.9,2.315,0,0,served,VEH015,1,2026-03-25-VEH015-T1,0.0
2026-03-25,ORD0096835,2026-03-25,OUT050,Fresh,fresh_chilled,Galle,Peliyagoda,False,339.0,1.782,0,0,served,VEH007,1,2026-03-25-VEH007-T1,0.0
2026-03-25,ORD0096836,2026-03-25,OUT051,Fresh,fresh_dry,Galle,Peliyagoda,False,161.1,1.005,0,0,served,VEH007,1,2026-03-25-VEH007-T1,0.0
2026-03-25,ORD0096837,2026-03-25,OUT051,Fresh,fresh_chilled,Galle,Peliyagoda,False,163.8,0.778,0,0,served,VEH007,1,2026-03-25-VEH007-T1,0.0
2026-03-25,ORD0096838,2026-03-25,OUT052,Fresh,fresh_dry,Galle,Peliyagoda,False,491.4,2.73,0,0,served,VEH015,1,2026-03-25-VEH015-T1,0.0
2026-03-25,ORD0096839,2026-03-25,OUT052,Fresh,fresh_chilled,Galle,Peliyagoda,False,313.6,1.792,0,0,served,VEH007,1,2026-03-25-VEH007-T1,0.0
2026-03-25,ORD0096840,2026-03-25,OUT053,Fresh,fresh_dry,Galle,Peliyagoda,False,178.9,0.921,0,0,served,VEH015,1,2026-03-25-VEH015-T1,0.0
2026-03-25,ORD0096841,2026-03-25,OUT053,Fresh,fresh_chilled,Galle,Peliyagoda,False,224.3,1.145,0,0,served,VEH007,1,2026-03-25-VEH007-T1,0.0
2026-03-25,ORD0096842,2026-03-25,OUT054,Fresh,fresh_dry,Galle,Peliyagoda,False,622.2,3.284,0,0,served,VEH015,1,2026-03-25-VEH015-T1,0.0
2026-03-25,ORD0096843,2026-03-25,OUT054,Fresh,fresh_chilled,Galle,Peliyagoda,False,628.7,3.58,0,0,served,VEH007,1,2026-03-25-VEH007-T1,0.0
2026-03-25,ORD0096844,2026-03-25,OUT055,Fresh,fresh_dry,Galle,Peliyagoda,False,354.9,1.873,0,0,served,VEH015,1,2026-03-25-VEH015-T1,0.0
2026-03-25,ORD0096845,2026-03-25,OUT055,Fresh,fresh_chilled,Galle,Peliyagoda,False,284.8,1.434,0,0,served,VEH007,1,2026-03-25-VEH007-T1,0.0
2026-03-25,ORD0096846,2026-03-25,OUT059,Fresh,fresh_dry,Matara,Peliyagoda,False,383.0,2.066,0,0,served,VEH016,1,2026-03-25-VEH016-T1,0.0
2026-03-25,ORD0096847,2026-03-25,OUT060,Fresh,fresh_dry,Matara,Peliyagoda,False,495.5,2.566,0,0,served,VEH037,1,2026-03-25-VEH037-T1,0.0
2026-03-25,ORD0096848,2026-03-25,OUT061,Fresh,fresh_dry,Matara,Peliyagoda,False,396.7,2.322,0,0,served,VEH037,1,2026-03-25-VEH037-T1,0.0
2026-03-25,ORD0096849,2026-03-25,OUT062,Fresh,fresh_dry,Matara,Peliyagoda,False,398.6,1.897,0,0,served,VEH016,1,2026-03-25-VEH016-T1,0.0
2026-03-25,ORD0096850,2026-03-25,OUT065,Fresh,fresh_dry,Kurunegala,Peliyagoda,False,577.5,2.91,0,1,served,VEH034,1,2026-03-25-VEH034-T1,0.0
2026-03-25,ORD0096851,2026-03-25,OUT066,Fresh,fresh_dry,Kurunegala,Peliyagoda,False,396.9,2.212,0,0,served,VEH034,1,2026-03-25-VEH034-T1,0.0
2026-03-25,ORD0096852,2026-03-25,OUT067,Fresh,fresh_dry,Kurunegala,Peliyagoda,False,336.0,1.862,0,0,served,VEH002,1,2026-03-25-VEH002-T1,0.0
2026-03-25,ORD0096853,2026-03-25,OUT067,Fresh,fresh_chilled,Kurunegala,Peliyagoda,False,393.8,1.943,0,0,served,VEH002,1,2026-03-25-VEH002-T1,0.0
2026-03-25,ORD0096854,2026-03-25,OUT068,Fresh,fresh_dry,Kurunegala,Peliyagoda,False,330.4,1.772,0,0,served,VEH034,1,2026-03-25-VEH034-T1,0.0
2026-03-25,ORD0096855,2026-03-25,OUT068,Fresh,fresh_chilled,Kurunegala,Peliyagoda,False,381.9,1.93,0,0,served,VEH002,1,2026-03-25-VEH002-T1,0.0
2026-03-25,ORD0096856,2026-03-25,OUT069,Fresh,fresh_dry,Kurunegala,Peliyagoda,False,495.8,2.56,0,0,served,VEH034,1,2026-03-25-VEH034-T1,0.0
2026-03-25,ORD0096857,2026-03-25,OUT069,Fresh,fresh_chilled,Kurunegala,Peliyagoda,False,220.4,1.296,0,0,served,VEH002,1,2026-03-25-VEH002-T1,0.0
2026-03-25,ORD0096858,2026-03-25,OUT073,Fresh,fresh_dry,Puttalam,Peliyagoda,False,277.2,1.769,0,0,served,VEH035,1,2026-03-25-VEH035-T1,0.0
2026-03-25,ORD0096859,2026-03-25,OUT073,Fresh,fresh_chilled,Puttalam,Peliyagoda,False,399.2,1.958,0,0,served,VEH035,1,2026-03-25-VEH035-T1,0.0
2026-03-25,ORD0096860,2026-03-25,OUT074,Fresh,fresh_dry,Puttalam,Peliyagoda,False,326.1,1.905,0,0,served,VEH025,1,2026-03-25-VEH025-T1,0.0
2026-03-25,ORD0096861,2026-03-25,OUT075,Fresh,fresh_dry,Puttalam,Peliyagoda,False,181.9,1.061,0,0,served,VEH025,1,2026-03-25-VEH025-T1,0.0
2026-03-25,ORD0096862,2026-03-25,OUT075,Fresh,fresh_chilled,Puttalam,Peliyagoda,False,199.9,1.119,0,0,served,VEH035,1,2026-03-25-VEH035-T1,0.0
2026-03-25,ORD0096863,2026-03-25,OUT076,Fresh,fresh_dry,Kandy,Kandy,True,192.0,1.026,0,0,served,VEH060,1,2026-03-25-VEH060-T1,0.0
2026-03-25,ORD0096864,2026-03-25,OUT076,Fresh,fresh_chilled,Kandy,Kandy,True,141.0,0.73,0,0,served,VEH058,1,2026-03-25-VEH058-T1,0.0
2026-03-25,ORD0096865,2026-03-25,OUT077,Fresh,fresh_dry,Kandy,Kandy,True,119.7,0.547,0,0,served,VEH060,1,2026-03-25-VEH060-T1,0.0
2026-03-25,ORD0096866,2026-03-25,OUT078,Fresh,fresh_dry,Kandy,Kandy,True,186.5,1.033,0,0,served,VEH060,1,2026-03-25-VEH060-T1,0.0
2026-03-25,ORD0096867,2026-03-25,OUT079,Fresh,fresh_dry,Kandy,Kandy,True,119.2,0.735,0,0,served,VEH060,1,2026-03-25-VEH060-T1,0.0
2026-03-25,ORD0096868,2026-03-25,OUT080,Fresh,fresh_dry,Kandy,Kandy,True,122.9,0.678,0,0,served,VEH058,2,2026-03-25-VEH058-T2,0.0
2026-03-25,ORD0096869,2026-03-25,OUT080,Fresh,fresh_chilled,Kandy,Kandy,True,141.0,0.792,0,0,served,VEH058,2,2026-03-25-VEH058-T2,0.0
2026-03-25,ORD0096870,2026-03-25,OUT081,Fresh,fresh_dry,Kandy,Kandy,True,167.9,0.872,0,0,served,VEH058,2,2026-03-25-VEH058-T2,0.0
2026-03-25,ORD0096871,2026-03-25,OUT081,Fresh,fresh_chilled,Kandy,Kandy,True,242.8,1.516,0,0,served,VEH058,1,2026-03-25-VEH058-T1,0.0
2026-03-25,ORD0096872,2026-03-25,OUT082,Fresh,fresh_dry,Kandy,Kandy,True,135.2,0.756,0,0,served,VEH058,2,2026-03-25-VEH058-T2,0.0
2026-03-25,ORD0096873,2026-03-25,OUT082,Fresh,fresh_chilled,Kandy,Kandy,True,71.3,0.415,0,0,served,VEH058,1,2026-03-25-VEH058-T1,0.0
2026-03-25,ORD0096874,2026-03-25,OUT083,Fresh,fresh_dry,Kandy,Kandy,True,94.9,0.509,0,0,served,VEH058,1,2026-03-25-VEH058-T1,0.0
2026-03-25,ORD0096875,2026-03-25,OUT083,Fresh,fresh_chilled,Kandy,Kandy,True,100.6,0.583,0,0,served,VEH058,1,2026-03-25-VEH058-T1,0.0
2026-03-25,ORD0096876,2026-03-25,OUT084,Fresh,fresh_dry,Kandy,Kandy,False,216.3,1.274,0,0,served,VEH040,1,2026-03-25-VEH040-T1,0.0
2026-03-25,ORD0096877,2026-03-25,OUT084,Fresh,fresh_chilled,Kandy,Kandy,False,316.4,1.853,0,0,served,VEH040,1,2026-03-25-VEH040-T1,0.0
2026-03-25,ORD0096878,2026-03-25,OUT085,Fresh,fresh_dry,Kandy,Kandy,False,371.5,1.778,0,0,served,VEH060,1,2026-03-25-VEH060-T1,0.0
2026-03-25,ORD0096879,2026-03-25,OUT085,Fresh,fresh_chilled,Kandy,Kandy,False,370.8,2.08,0,0,served,VEH058,1,2026-03-25-VEH058-T1,0.0
2026-03-25,ORD0096880,2026-03-25,OUT086,Fresh,fresh_dry,Kandy,Kandy,False,222.7,1.293,0,0,served,VEH040,1,2026-03-25-VEH040-T1,0.0
2026-03-25,ORD0096881,2026-03-25,OUT087,Fresh,fresh_dry,Kandy,Kandy,False,293.8,1.503,0,0,served,VEH040,1,2026-03-25-VEH040-T1,0.0
2026-03-25,ORD0096882,2026-03-25,OUT087,Fresh,fresh_chilled,Kandy,Kandy,False,181.0,1.008,0,0,served,VEH040,1,2026-03-25-VEH040-T1,0.0
2026-03-25,ORD0096883,2026-03-25,OUT093,Tech,tech,Kandy,Kandy,True,211.5,0.72,0,0,served,VEH059,2,2026-03-25-VEH059-T2,0.0
2026-03-25,ORD0096884,2026-03-25,OUT094,Tech,tech,Kandy,Kandy,False,2225.0,6.915,0,0,served,VEH046,2,2026-03-25-VEH046-T2,0.0
2026-03-25,ORD0096885,2026-03-25,OUT096,Fresh,fresh_dry,Matale,Kandy,False,249.1,1.399,0,0,served,VEH060,2,2026-03-25-VEH060-T2,0.0
2026-03-25,ORD0096886,2026-03-25,OUT097,Fresh,fresh_dry,Matale,Kandy,False,423.4,2.364,0,0,served,VEH042,1,2026-03-25-VEH042-T1,0.0
2026-03-25,ORD0096887,2026-03-25,OUT097,Fresh,fresh_chilled,Matale,Kandy,False,533.7,3.051,0,0,served,VEH042,1,2026-03-25-VEH042-T1,0.0
2026-03-25,ORD0096888,2026-03-25,OUT098,Fresh,fresh_dry,Matale,Kandy,False,453.1,2.088,0,0,served,VEH060,2,2026-03-25-VEH060-T2,0.0
2026-03-25,ORD0096889,2026-03-25,OUT099,Fresh,fresh_dry,Matale,Kandy,False,399.4,2.042,0,0,served,VEH042,1,2026-03-25-VEH042-T1,0.0
2026-03-25,ORD0096890,2026-03-25,OUT099,Fresh,fresh_chilled,Matale,Kandy,False,298.1,1.71,0,0,served,VEH042,1,2026-03-25-VEH042-T1,0.0
2026-03-25,ORD0096891,2026-03-25,OUT100,Fresh,fresh_dry,Matale,Kandy,False,754.4,4.289,0,0,served,VEH042,1,2026-03-25-VEH042-T1,0.0
2026-03-25,ORD0096892,2026-03-25,OUT100,Fresh,fresh_chilled,Matale,Kandy,False,645.3,3.459,0,0,served,VEH042,1,2026-03-25-VEH042-T1,0.0
2026-03-25,ORD0096893,2026-03-25,OUT101,Fresh,fresh_dry,Matale,Kandy,False,410.4,2.254,0,0,served,VEH042,1,2026-03-25-VEH042-T1,0.0
2026-03-25,ORD0096894,2026-03-25,OUT101,Fresh,fresh_chilled,Matale,Kandy,False,443.2,2.455,0,0,served,VEH042,1,2026-03-25-VEH042-T1,0.0
2026-03-25,ORD0096895,2026-03-25,OUT104,Fresh,fresh_dry,Nuwara Eliya,Kandy,False,327.5,1.701,0,0,served,VEH046,1,2026-03-25-VEH046-T1,0.0
2026-03-25,ORD0096896,2026-03-25,OUT104,Fresh,fresh_chilled,Nuwara Eliya,Kandy,False,289.7,1.531,0,0,served,VEH039,1,2026-03-25-VEH039-T1,0.0
2026-03-25,ORD0096897,2026-03-25,OUT105,Fresh,fresh_dry,Nuwara Eliya,Kandy,False,248.8,1.501,0,0,served,VEH039,1,2026-03-25-VEH039-T1,0.0
2026-03-25,ORD0096898,2026-03-25,OUT105,Fresh,fresh_chilled,Nuwara Eliya,Kandy,False,181.1,0.925,0,0,served,VEH039,1,2026-03-25-VEH039-T1,0.0
2026-03-25,ORD0096899,2026-03-25,OUT106,Fresh,fresh_dry,Nuwara Eliya,Kandy,False,374.3,1.941,0,0,served,VEH046,1,2026-03-25-VEH046-T1,0.0
2026-03-25,ORD0096900,2026-03-25,OUT106,Fresh,fresh_chilled,Nuwara Eliya,Kandy,False,313.2,1.584,0,0,served,VEH039,1,2026-03-25-VEH039-T1,0.0
2026-03-25,ORD0096901,2026-03-25,OUT107,Fresh,fresh_dry,Nuwara Eliya,Kandy,False,456.0,2.72,0,0,served,VEH046,1,2026-03-25-VEH046-T1,0.0
2026-03-25,ORD0096902,2026-03-25,OUT107,Fresh,fresh_chilled,Nuwara Eliya,Kandy,False,219.7,1.26,0,0,served,VEH039,1,2026-03-25-VEH039-T1,0.0
2026-03-25,ORD0096903,2026-03-25,OUT108,Fresh,fresh_dry,Nuwara Eliya,Kandy,False,430.9,2.235,0,0,served,VEH046,1,2026-03-25-VEH046-T1,0.0
2026-03-25,ORD0096904,2026-03-25,OUT110,Fresh,fresh_dry,Badulla,Kandy,False,299.5,1.514,0,0,served,VEH059,1,2026-03-25-VEH059-T1,0.0
2026-03-25,ORD0096905,2026-03-25,OUT110,Fresh,fresh_chilled,Badulla,Kandy,False,208.7,1.071,0,0,served,VEH041,1,2026-03-25-VEH041-T1,0.0
2026-03-25,ORD0096906,2026-03-25,OUT111,Fresh,fresh_dry,Badulla,Kandy,False,171.8,0.984,0,0,served,VEH059,1,2026-03-25-VEH059-T1,0.0
2026-03-25,ORD0096907,2026-03-25,OUT111,Fresh,fresh_chilled,Badulla,Kandy,False,149.7,0.805,0,0,served,VEH041,1,2026-03-25-VEH041-T1,0.0
2026-03-25,ORD0096908,2026-03-25,OUT112,Fresh,fresh_dry,Badulla,Kandy,False,394.3,1.874,0,0,served,VEH056,1,2026-03-25-VEH056-T1,0.0
2026-03-25,ORD0096909,2026-03-25,OUT112,Fresh,fresh_chilled,Badulla,Kandy,False,306.9,1.755,0,0,served,VEH057,1,2026-03-25-VEH057-T1,0.0
2026-03-25,ORD0096910,2026-03-25,OUT113,Fresh,fresh_dry,Badulla,Kandy,False,486.9,2.895,0,0,served,VEH056,1,2026-03-25-VEH056-T1,0.0
2026-03-25,ORD0096911,2026-03-25,OUT113,Fresh,fresh_chilled,Badulla,Kandy,False,370.3,2.09,0,0,served,VEH057,1,2026-03-25-VEH057-T1,0.0
2026-03-25,ORD0096912,2026-03-25,OUT115,Tech,tech,Badulla,Kandy,False,1891.4,5.553,0,0,served,VEH056,2,2026-03-25-VEH056-T2,0.0
2026-03-25,ORD0096913,2026-03-25,OUT116,Fresh,fresh_dry,Kegalle,Kandy,False,333.9,1.925,0,0,served,VEH043,1,2026-03-25-VEH043-T1,0.0
2026-03-25,ORD0096914,2026-03-25,OUT116,Fresh,fresh_chilled,Kegalle,Kandy,False,235.6,1.461,0,0,served,VEH043,1,2026-03-25-VEH043-T1,0.0
2026-03-25,ORD0096915,2026-03-25,OUT117,Fresh,fresh_dry,Kegalle,Kandy,False,547.0,2.986,0,0,served,VEH043,1,2026-03-25-VEH043-T1,0.0
2026-03-25,ORD0096916,2026-03-25,OUT117,Fresh,fresh_chilled,Kegalle,Kandy,False,604.9,3.027,0,0,served,VEH043,1,2026-03-25-VEH043-T1,0.0
2026-03-25,ORD0096917,2026-03-25,OUT118,Fresh,fresh_dry,Kegalle,Kandy,False,772.5,4.526,0,0,served,VEH043,1,2026-03-25-VEH043-T1,0.0
2026-03-25,ORD0096918,2026-03-25,OUT119,Fresh,fresh_dry,Kegalle,Kandy,False,301.1,1.781,0,0,served,VEH043,1,2026-03-25-VEH043-T1,0.0
2026-03-25,ORD0096919,2026-03-25,OUT119,Fresh,fresh_chilled,Kegalle,Kandy,False,570.8,2.858,0,0,served,VEH043,1,2026-03-25-VEH043-T1,0.0
2026-03-25,ORD0096920,2026-03-25,OUT120,Style,style,Kegalle,Kandy,False,729.6,10.641,0,0,served,VEH041,2,2026-03-25-VEH041-T2,0.0
2026-03-26,ORD0096921,2026-03-26,OUT001,Fresh,fresh_dry,Colombo,Peliyagoda,True,103.8,0.557,0,0,served,VEH037,1,2026-03-26-VEH037-T1,0.0
2026-03-26,ORD0096922,2026-03-26,OUT001,Fresh,fresh_chilled,Colombo,Peliyagoda,True,137.1,0.661,0,0,served,VEH035,1,2026-03-26-VEH035-T1,0.0
2026-03-26,ORD0096923,2026-03-26,OUT002,Fresh,fresh_dry,Colombo,Peliyagoda,True,126.4,0.693,0,0,served,VEH036,1,2026-03-26-VEH036-T1,0.0
2026-03-26,ORD0096924,2026-03-26,OUT002,Fresh,fresh_chilled,Colombo,Peliyagoda,True,128.3,0.816,0,0,served,VEH036,1,2026-03-26-VEH036-T1,0.0
2026-03-26,ORD0096925,2026-03-26,OUT003,Fresh,fresh_dry,Colombo,Peliyagoda,True,129.7,0.717,0,0,served,VEH036,1,2026-03-26-VEH036-T1,0.0
2026-03-26,ORD0096926,2026-03-26,OUT003,Fresh,fresh_chilled,Colombo,Peliyagoda,True,69.6,0.434,0,0,served,VEH036,1,2026-03-26-VEH036-T1,0.0
2026-03-26,ORD0096927,2026-03-26,OUT004,Fresh,fresh_dry,Colombo,Peliyagoda,False,248.3,1.315,0,0,served,VEH005,1,2026-03-26-VEH005-T1,0.0
2026-03-26,ORD0096928,2026-03-26,OUT004,Fresh,fresh_chilled,Colombo,Peliyagoda,False,173.3,0.851,0,0,served,VEH005,1,2026-03-26-VEH005-T1,0.0
2026-03-26,ORD0096929,2026-03-26,OUT005,Fresh,fresh_dry,Colombo,Peliyagoda,False,503.7,2.854,0,0,served,VEH008,1,2026-03-26-VEH008-T1,0.0
2026-03-26,ORD0096930,2026-03-26,OUT005,Fresh,fresh_chilled,Colombo,Peliyagoda,False,529.7,2.7,0,0,served,VEH035,1,2026-03-26-VEH035-T1,0.0
2026-03-26,ORD0096931,2026-03-26,OUT006,Fresh,fresh_dry,Colombo,Peliyagoda,False,471.5,2.81,0,0,served,VEH005,1,2026-03-26-VEH005-T1,0.0
2026-03-26,ORD0096932,2026-03-26,OUT006,Fresh,fresh_chilled,Colombo,Peliyagoda,False,575.6,2.961,0,0,served,VEH005,1,2026-03-26-VEH005-T1,0.0
2026-03-26,ORD0096933,2026-03-26,OUT007,Fresh,fresh_dry,Colombo,Peliyagoda,False,908.8,4.895,0,0,served,VEH008,1,2026-03-26-VEH008-T1,0.0
2026-03-26,ORD0096934,2026-03-26,OUT008,Fresh,fresh_dry,Colombo,Peliyagoda,False,437.2,2.288,0,0,served,VEH008,1,2026-03-26-VEH008-T1,0.0
2026-03-26,ORD0096935,2026-03-26,OUT008,Fresh,fresh_chilled,Colombo,Peliyagoda,False,298.1,1.485,0,0,served,VEH036,1,2026-03-26-VEH036-T1,0.0
2026-03-26,ORD0096936,2026-03-26,OUT009,Fresh,fresh_dry,Colombo,Peliyagoda,False,362.1,2.024,0,0,served,VEH008,1,2026-03-26-VEH008-T1,0.0
2026-03-26,ORD0096937,2026-03-26,OUT009,Fresh,fresh_chilled,Colombo,Peliyagoda,False,298.4,1.734,0,0,served,VEH035,1,2026-03-26-VEH035-T1,0.0
2026-03-26,ORD0096938,2026-03-26,OUT010,Fresh,fresh_dry,Colombo,Peliyagoda,False,394.8,2.079,0,0,served,VEH005,1,2026-03-26-VEH005-T1,0.0
2026-03-26,ORD0096939,2026-03-26,OUT010,Fresh,fresh_chilled,Colombo,Peliyagoda,False,380.6,1.972,0,0,served,VEH005,1,2026-03-26-VEH005-T1,0.0
2026-03-26,ORD0096940,2026-03-26,OUT011,Fresh,fresh_dry,Colombo,Peliyagoda,False,399.2,2.124,0,0,served,VEH037,1,2026-03-26-VEH037-T1,0.0
2026-03-26,ORD0096941,2026-03-26,OUT011,Fresh,fresh_chilled,Colombo,Peliyagoda,False,317.5,1.509,0,0,served,VEH005,1,2026-03-26-VEH005-T1,0.0
2026-03-26,ORD0096942,2026-03-26,OUT012,Fresh,fresh_dry,Colombo,Peliyagoda,False,411.3,2.224,0,0,served,VEH008,1,2026-03-26-VEH008-T1,0.0
2026-03-26,ORD0096943,2026-03-26,OUT013,Fresh,fresh_dry,Colombo,Peliyagoda,False,864.7,4.338,0,0,served,VEH005,1,2026-03-26-VEH005-T1,0.0
2026-03-26,ORD0096944,2026-03-26,OUT013,Fresh,fresh_chilled,Colombo,Peliyagoda,False,698.5,3.439,0,0,served,VEH005,1,2026-03-26-VEH005-T1,0.0
2026-03-26,ORD0096945,2026-03-26,OUT014,Fresh,fresh_dry,Colombo,Peliyagoda,False,302.9,1.575,0,0,served,VEH037,1,2026-03-26-VEH037-T1,0.0
2026-03-26,ORD0096946,2026-03-26,OUT014,Fresh,fresh_chilled,Colombo,Peliyagoda,False,396.8,2.014,0,0,served,VEH005,1,2026-03-26-VEH005-T1,0.0
2026-03-26,ORD0096947,2026-03-26,OUT015,Style,style,Colombo,Peliyagoda,False,360.0,5.209,0,0,served,VEH015,2,2026-03-26-VEH015-T2,0.0
2026-03-26,ORD0096948,2026-03-26,OUT016,Style,style,Colombo,Peliyagoda,False,364.0,6.176,0,0,served,VEH015,2,2026-03-26-VEH015-T2,0.0
2026-03-26,ORD0096949,2026-03-26,OUT017,Style,style,Colombo,Peliyagoda,False,580.3,10.213,0,0,served,VEH015,2,2026-03-26-VEH015-T2,0.0
2026-03-26,ORD0096950,2026-03-26,OUT018,Style,style,Colombo,Peliyagoda,False,586.8,9.433,0,0,served,VEH008,2,2026-03-26-VEH008-T2,0.0
2026-03-26,ORD0096951,2026-03-26,OUT019,Style,style,Colombo,Peliyagoda,False,419.0,7.433,0,0,served,VEH038,2,2026-03-26-VEH038-T2,0.0
2026-03-26,ORD0096952,2026-03-26,OUT020,Style,style,Colombo,Peliyagoda,False,1079.2,15.686,0,0,served,VEH016,2,2026-03-26-VEH016-T2,0.0
2026-03-26,ORD0096953,2026-03-26,OUT025,Fresh,fresh_dry,Gampaha,Peliyagoda,False,197.8,1.17,0,0,served,VEH017,2,2026-03-26-VEH017-T2,0.0
2026-03-26,ORD0096954,2026-03-26,OUT025,Fresh,fresh_chilled,Gampaha,Peliyagoda,False,178.1,0.92,0,0,served,VEH036,2,2026-03-26-VEH036-T2,0.0
2026-03-26,ORD0096955,2026-03-26,OUT026,Fresh,fresh_dry,Gampaha,Peliyagoda,False,383.8,1.986,0,0,served,VEH037,2,2026-03-26-VEH037-T2,0.0
2026-03-26,ORD0096956,2026-03-26,OUT026,Fresh,fresh_chilled,Gampaha,Peliyagoda,False,262.0,1.323,0,0,served,VEH003,1,2026-03-26-VEH003-T1,0.0
2026-03-26,ORD0096957,2026-03-26,OUT027,Fresh,fresh_dry,Gampaha,Peliyagoda,False,352.9,2.068,0,0,served,VEH037,2,2026-03-26-VEH037-T2,0.0
2026-03-26,ORD0096958,2026-03-26,OUT027,Fresh,fresh_chilled,Gampaha,Peliyagoda,False,335.8,1.828,0,0,served,VEH003,1,2026-03-26-VEH003-T1,0.0
2026-03-26,ORD0096959,2026-03-26,OUT028,Fresh,fresh_dry,Gampaha,Peliyagoda,False,519.4,2.537,0,0,served,VEH017,1,2026-03-26-VEH017-T1,0.0
2026-03-26,ORD0096960,2026-03-26,OUT029,Fresh,fresh_dry,Gampaha,Peliyagoda,False,454.1,2.271,0,0,served,VEH017,2,2026-03-26-VEH017-T2,0.0
2026-03-26,ORD0096961,2026-03-26,OUT030,Fresh,fresh_dry,Gampaha,Peliyagoda,False,444.2,2.959,0,0,served,VEH017,1,2026-03-26-VEH017-T1,0.0
2026-03-26,ORD0096962,2026-03-26,OUT030,Fresh,fresh_chilled,Gampaha,Peliyagoda,False,449.0,2.41,0,0,served,VEH003,1,2026-03-26-VEH003-T1,0.0
2026-03-26,ORD0096963,2026-03-26,OUT031,Fresh,fresh_dry,Gampaha,Peliyagoda,False,1210.5,6.199,0,0,served,VEH017,1,2026-03-26-VEH017-T1,0.0
2026-03-26,ORD0096964,2026-03-26,OUT032,Fresh,fresh_dry,Gampaha,Peliyagoda,False,1174.8,5.556,0,0,served,VEH017,1,2026-03-26-VEH017-T1,0.0
2026-03-26,ORD0096965,2026-03-26,OUT033,Fresh,fresh_dry,Gampaha,Peliyagoda,False,314.6,2.0,0,0,served,VEH037,2,2026-03-26-VEH037-T2,0.0
2026-03-26,ORD0096966,2026-03-26,OUT033,Fresh,fresh_chilled,Gampaha,Peliyagoda,False,485.2,2.556,0,0,served,VEH036,2,2026-03-26-VEH036-T2,0.0
2026-03-26,ORD0096967,2026-03-26,OUT034,Fresh,fresh_dry,Gampaha,Peliyagoda,False,456.8,2.485,0,0,served,VEH017,2,2026-03-26-VEH017-T2,0.0
2026-03-26,ORD0096968,2026-03-26,OUT034,Fresh,fresh_chilled,Gampaha,Peliyagoda,False,473.7,2.606,0,0,served,VEH003,1,2026-03-26-VEH003-T1,0.0
2026-03-26,ORD0096969,2026-03-26,OUT040,Fresh,fresh_dry,Kalutara,Peliyagoda,False,717.8,3.802,0,0,served,VEH015,1,2026-03-26-VEH015-T1,0.0
2026-03-26,ORD0096970,2026-03-26,OUT041,Fresh,fresh_dry,Kalutara,Peliyagoda,False,409.9,2.288,0,0,served,VEH015,1,2026-03-26-VEH015-T1,0.0
2026-03-26,ORD0096971,2026-03-26,OUT041,Fresh,fresh_chilled,Kalutara,Peliyagoda,False,261.0,1.622,0,0,served,VEH003,2,2026-03-26-VEH003-T2,0.0
2026-03-26,ORD0096972,2026-03-26,OUT042,Fresh,fresh_dry,Kalutara,Peliyagoda,False,1164.9,6.306,0,0,served,VEH006,1,2026-03-26-VEH006-T1,0.0
2026-03-26,ORD0096973,2026-03-26,OUT042,Fresh,fresh_chilled,Kalutara,Peliyagoda,False,1040.1,5.223,0,0,served,VEH006,1,2026-03-26-VEH006-T1,0.0
2026-03-26,ORD0096974,2026-03-26,OUT043,Fresh,fresh_dry,Kalutara,Peliyagoda,False,259.8,1.461,0,0,served,VEH006,1,2026-03-26-VEH006-T1,0.0
2026-03-26,ORD0096975,2026-03-26,OUT043,Fresh,fresh_chilled,Kalutara,Peliyagoda,False,264.9,1.463,0,0,served,VEH006,1,2026-03-26-VEH006-T1,0.0
2026-03-26,ORD0096976,2026-03-26,OUT044,Fresh,fresh_dry,Kalutara,Peliyagoda,False,522.5,2.703,0,0,served,VEH015,1,2026-03-26-VEH015-T1,0.0
2026-03-26,ORD0096977,2026-03-26,OUT045,Fresh,fresh_dry,Kalutara,Peliyagoda,False,299.8,1.508,0,0,served,VEH015,1,2026-03-26-VEH015-T1,0.0
2026-03-26,ORD0096978,2026-03-26,OUT045,Fresh,fresh_chilled,Kalutara,Peliyagoda,False,309.6,1.784,0,0,served,VEH003,2,2026-03-26-VEH003-T2,0.0
2026-03-26,ORD0096979,2026-03-26,OUT046,Fresh,fresh_dry,Kalutara,Peliyagoda,False,260.6,1.491,0,0,served,VEH006,1,2026-03-26-VEH006-T1,0.0
2026-03-26,ORD0096980,2026-03-26,OUT046,Fresh,fresh_chilled,Kalutara,Peliyagoda,False,311.8,1.734,0,0,served,VEH006,1,2026-03-26-VEH006-T1,0.0
2026-03-26,ORD0096981,2026-03-26,OUT050,Fresh,fresh_dry,Galle,Peliyagoda,False,348.5,2.078,0,0,served,VEH016,1,2026-03-26-VEH016-T1,0.0
2026-03-26,ORD0096982,2026-03-26,OUT050,Fresh,fresh_chilled,Galle,Peliyagoda,False,470.9,2.436,0,0,served,VEH004,1,2026-03-26-VEH004-T1,0.0
2026-03-26,ORD0096983,2026-03-26,OUT051,Fresh,fresh_dry,Galle,Peliyagoda,False,188.1,0.96,0,0,served,VEH016,1,2026-03-26-VEH016-T1,0.0
2026-03-26,ORD0096984,2026-03-26,OUT051,Fresh,fresh_chilled,Galle,Peliyagoda,False,152.7,0.75,0,0,served,VEH004,1,2026-03-26-VEH004-T1,0.0
2026-03-26,ORD0096985,2026-03-26,OUT052,Fresh,fresh_dry,Galle,Peliyagoda,False,551.1,3.325,0,0,served,VEH016,1,2026-03-26-VEH016-T1,0.0
2026-03-26,ORD0096986,2026-03-26,OUT052,Fresh,fresh_chilled,Galle,Peliyagoda,False,425.8,2.171,0,0,served,VEH004,1,2026-03-26-VEH004-T1,0.0
2026-03-26,ORD0096987,2026-03-26,OUT053,Fresh,fresh_dry,Galle,Peliyagoda,False,212.9,1.075,0,0,served,VEH004,1,2026-03-26-VEH004-T1,0.0
2026-03-26,ORD0096988,2026-03-26,OUT053,Fresh,fresh_chilled,Galle,Peliyagoda,False,171.3,0.895,0,0,served,VEH004,1,2026-03-26-VEH004-T1,0.0
2026-03-26,ORD0096989,2026-03-26,OUT054,Fresh,fresh_dry,Galle,Peliyagoda,False,834.3,4.539,0,0,served,VEH016,1,2026-03-26-VEH016-T1,0.0
2026-03-26,ORD0096990,2026-03-26,OUT054,Fresh,fresh_chilled,Galle,Peliyagoda,False,853.7,4.621,0,0,served,VEH004,1,2026-03-26-VEH004-T1,0.0
2026-03-26,ORD0096991,2026-03-26,OUT055,Fresh,fresh_dry,Galle,Peliyagoda,False,547.8,2.874,0,0,served,VEH016,1,2026-03-26-VEH016-T1,0.0
2026-03-26,ORD0096992,2026-03-26,OUT055,Fresh,fresh_chilled,Galle,Peliyagoda,False,346.5,1.925,0,0,served,VEH004,1,2026-03-26-VEH004-T1,0.0
2026-03-26,ORD0096993,2026-03-26,OUT059,Fresh,fresh_dry,Matara,Peliyagoda,False,418.8,2.454,0,0,served,VEH007,1,2026-03-26-VEH007-T1,0.0
2026-03-26,ORD0096994,2026-03-26,OUT059,Fresh,fresh_chilled,Matara,Peliyagoda,False,638.9,2.977,0,0,served,VEH007,1,2026-03-26-VEH007-T1,0.0
2026-03-26,ORD0096995,2026-03-26,OUT060,Fresh,fresh_dry,Matara,Peliyagoda,False,381.2,2.247,0,0,served,VEH007,1,2026-03-26-VEH007-T1,0.0
2026-03-26,ORD0096996,2026-03-26,OUT060,Fresh,fresh_chilled,Matara,Peliyagoda,False,466.4,2.832,0,0,served,VEH007,1,2026-03-26-VEH007-T1,0.0
2026-03-26,ORD0096997,2026-03-26,OUT061,Fresh,fresh_dry,Matara,Peliyagoda,False,514.3,2.651,0,0,served,VEH038,1,2026-03-26-VEH038-T1,0.0
2026-03-26,ORD0096998,2026-03-26,OUT061,Fresh,fresh_chilled,Matara,Peliyagoda,False,228.4,1.226,0,0,served,VEH007,1,2026-03-26-VEH007-T1,0.0
2026-03-26,ORD0096999,2026-03-26,OUT062,Fresh,fresh_dry,Matara,Peliyagoda,False,491.3,2.574,0,0,served,VEH038,1,2026-03-26-VEH038-T1,0.0
2026-03-26,ORD0097000,2026-03-26,OUT062,Fresh,fresh_chilled,Matara,Peliyagoda,False,347.7,1.922,0,0,served,VEH035,2,2026-03-26-VEH035-T2,0.0
2026-03-26,ORD0097001,2026-03-26,OUT065,Fresh,fresh_dry,Kurunegala,Peliyagoda,False,511.7,2.604,0,1,served,VEH027,1,2026-03-26-VEH027-T1,0.0
2026-03-26,ORD0097002,2026-03-26,OUT065,Fresh,fresh_chilled,Kurunegala,Peliyagoda,False,673.8,3.803,0,1,served,VEH001,1,2026-03-26-VEH001-T1,0.0
2026-03-26,ORD0097003,2026-03-26,OUT066,Fresh,fresh_dry,Kurunegala,Peliyagoda,False,406.9,2.353,0,0,served,VEH027,1,2026-03-26-VEH027-T1,0.0
2026-03-26,ORD0097004,2026-03-26,OUT066,Fresh,fresh_chilled,Kurunegala,Peliyagoda,False,464.5,2.589,0,0,served,VEH001,1,2026-03-26-VEH001-T1,0.0
2026-03-26,ORD0097005,2026-03-26,OUT067,Fresh,fresh_dry,Kurunegala,Peliyagoda,False,292.3,1.526,0,0,served,VEH027,1,2026-03-26-VEH027-T1,0.0
2026-03-26,ORD0097006,2026-03-26,OUT067,Fresh,fresh_chilled,Kurunegala,Peliyagoda,False,341.1,1.9,0,0,served,VEH001,1,2026-03-26-VEH001-T1,0.0
2026-03-26,ORD0097007,2026-03-26,OUT068,Fresh,fresh_dry,Kurunegala,Peliyagoda,False,531.9,2.761,0,0,served,VEH001,1,2026-03-26-VEH001-T1,0.0
2026-03-26,ORD0097008,2026-03-26,OUT069,Fresh,fresh_dry,Kurunegala,Peliyagoda,False,516.1,2.497,0,0,served,VEH027,1,2026-03-26-VEH027-T1,0.0
2026-03-26,ORD0097009,2026-03-26,OUT073,Fresh,fresh_dry,Puttalam,Peliyagoda,False,392.1,2.035,0,0,served,VEH002,1,2026-03-26-VEH002-T1,0.0
2026-03-26,ORD0097010,2026-03-26,OUT073,Fresh,fresh_chilled,Puttalam,Peliyagoda,False,332.1,1.901,0,0,served,VEH002,1,2026-03-26-VEH002-T1,0.0
2026-03-26,ORD0097011,2026-03-26,OUT074,Fresh,fresh_dry,Puttalam,Peliyagoda,False,363.1,1.843,0,0,served,VEH025,1,2026-03-26-VEH025-T1,0.0
2026-03-26,ORD0097012,2026-03-26,OUT074,Fresh,fresh_chilled,Puttalam,Peliyagoda,False,469.3,2.249,0,0,served,VEH002,1,2026-03-26-VEH002-T1,0.0
2026-03-26,ORD0097013,2026-03-26,OUT075,Fresh,fresh_dry,Puttalam,Peliyagoda,False,194.0,1.0,0,0,served,VEH025,1,2026-03-26-VEH025-T1,0.0
2026-03-26,ORD0097014,2026-03-26,OUT076,Fresh,fresh_dry,Kandy,Kandy,True,209.2,1.173,0,0,served,VEH059,1,2026-03-26-VEH059-T1,0.0
2026-03-26,ORD0097015,2026-03-26,OUT076,Fresh,fresh_chilled,Kandy,Kandy,True,122.9,0.628,0,0,served,VEH058,1,2026-03-26-VEH058-T1,0.0
2026-03-26,ORD0097016,2026-03-26,OUT077,Fresh,fresh_dry,Kandy,Kandy,True,107.6,0.512,0,0,served,VEH059,1,2026-03-26-VEH059-T1,0.0
2026-03-26,ORD0097017,2026-03-26,OUT077,Fresh,fresh_chilled,Kandy,Kandy,True,149.3,0.693,0,0,served,VEH058,2,2026-03-26-VEH058-T2,0.0
2026-03-26,ORD0097018,2026-03-26,OUT078,Fresh,fresh_dry,Kandy,Kandy,True,174.0,0.896,0,0,served,VEH059,1,2026-03-26-VEH059-T1,0.0
2026-03-26,ORD0097019,2026-03-26,OUT078,Fresh,fresh_chilled,Kandy,Kandy,True,217.1,1.187,0,0,served,VEH058,1,2026-03-26-VEH058-T1,0.0
2026-03-26,ORD0097020,2026-03-26,OUT079,Fresh,fresh_dry,Kandy,Kandy,True,139.9,0.711,0,0,served,VEH059,1,2026-03-26-VEH059-T1,0.0
2026-03-26,ORD0097021,2026-03-26,OUT079,Fresh,fresh_chilled,Kandy,Kandy,True,120.0,0.637,0,0,served,VEH058,2,2026-03-26-VEH058-T2,0.0
2026-03-26,ORD0097022,2026-03-26,OUT080,Fresh,fresh_dry,Kandy,Kandy,True,118.2,0.666,0,0,served,VEH059,1,2026-03-26-VEH059-T1,0.0
2026-03-26,ORD0097023,2026-03-26,OUT080,Fresh,fresh_chilled,Kandy,Kandy,True,163.6,0.888,0,0,served,VEH058,2,2026-03-26-VEH058-T2,0.0
2026-03-26,ORD0097024,2026-03-26,OUT081,Fresh,fresh_dry,Kandy,Kandy,True,179.2,0.936,0,0,served,VEH058,2,2026-03-26-VEH058-T2,0.0
2026-03-26,ORD0097025,2026-03-26,OUT081,Fresh,fresh_chilled,Kandy,Kandy,True,196.3,1.055,0,0,served,VEH058,2,2026-03-26-VEH058-T2,0.0
2026-03-26,ORD0097026,2026-03-26,OUT082,Fresh,fresh_dry,Kandy,Kandy,True,176.5,0.97,0,0,served,VEH059,1,2026-03-26-VEH059-T1,0.0
2026-03-26,ORD0097027,2026-03-26,OUT082,Fresh,fresh_chilled,Kandy,Kandy,True,117.5,0.581,0,0,served,VEH058,1,2026-03-26-VEH058-T1,0.0
2026-03-26,ORD0097028,2026-03-26,OUT083,Fresh,fresh_dry,Kandy,Kandy,True,87.1,0.501,0,0,served,VEH059,1,2026-03-26-VEH059-T1,0.0
2026-03-26,ORD0097029,2026-03-26,OUT084,Fresh,fresh_dry,Kandy,Kandy,False,223.5,1.222,0,0,served,VEH056,1,2026-03-26-VEH056-T1,0.0
2026-03-26,ORD0097030,2026-03-26,OUT084,Fresh,fresh_chilled,Kandy,Kandy,False,360.3,1.561,0,0,served,VEH058,1,2026-03-26-VEH058-T1,0.0
2026-03-26,ORD0097031,2026-03-26,OUT085,Fresh,fresh_dry,Kandy,Kandy,False,346.7,1.947,0,0,served,VEH056,1,2026-03-26-VEH056-T1,0.0
2026-03-26,ORD0097032,2026-03-26,OUT086,Fresh,fresh_dry,Kandy,Kandy,False,228.6,1.514,0,0,served,VEH056,1,2026-03-26-VEH056-T1,0.0
2026-03-26,ORD0097033,2026-03-26,OUT087,Fresh,fresh_dry,Kandy,Kandy,False,297.3,1.679,0,0,served,VEH056,1,2026-03-26-VEH056-T1,0.0
2026-03-26,ORD0097034,2026-03-26,OUT087,Fresh,fresh_chilled,Kandy,Kandy,False,191.6,1.046,0,0,served,VEH058,1,2026-03-26-VEH058-T1,0.0
2026-03-26,ORD0097035,2026-03-26,OUT088,Style,style,Kandy,Kandy,True,201.9,3.019,0,0,served,VEH060,2,2026-03-26-VEH060-T2,0.0
2026-03-26,ORD0097036,2026-03-26,OUT089,Style,style,Kandy,Kandy,False,453.0,7.112,0,0,served,VEH046,2,2026-03-26-VEH046-T2,0.0
2026-03-26,ORD0097037,2026-03-26,OUT090,Style,style,Kandy,Kandy,False,333.8,5.043,0,0,served,VEH060,2,2026-03-26-VEH060-T2,0.0
2026-03-26,ORD0097038,2026-03-26,OUT091,Style,style,Kandy,Kandy,False,559.4,8.276,0,0,served,VEH059,2,2026-03-26-VEH059-T2,0.0
2026-03-26,ORD0097039,2026-03-26,OUT092,Style,style,Kandy,Kandy,False,573.5,8.768,0,0,served,VEH046,2,2026-03-26-VEH046-T2,0.0
2026-03-26,ORD0097040,2026-03-26,OUT096,Fresh,fresh_dry,Matale,Kandy,False,241.3,1.263,0,0,served,VEH042,1,2026-03-26-VEH042-T1,0.0
2026-03-26,ORD0097041,2026-03-26,OUT096,Fresh,fresh_chilled,Matale,Kandy,False,201.9,0.927,0,0,served,VEH042,1,2026-03-26-VEH042-T1,0.0
2026-03-26,ORD0097042,2026-03-26,OUT097,Fresh,fresh_dry,Matale,Kandy,False,431.8,2.368,0,0,served,VEH042,1,2026-03-26-VEH042-T1,0.0
2026-03-26,ORD0097043,2026-03-26,OUT097,Fresh,fresh_chilled,Matale,Kandy,False,455.5,2.552,0,0,served,VEH042,1,2026-03-26-VEH042-T1,0.0
2026-03-26,ORD0097044,2026-03-26,OUT098,Fresh,fresh_dry,Matale,Kandy,False,476.9,2.341,0,0,served,VEH042,1,2026-03-26-VEH042-T1,0.0
2026-03-26,ORD0097045,2026-03-26,OUT099,Fresh,fresh_dry,Matale,Kandy,False,595.1,3.144,0,0,served,VEH042,1,2026-03-26-VEH042-T1,0.0
2026-03-26,ORD0097046,2026-03-26,OUT100,Fresh,fresh_dry,Matale,Kandy,False,701.3,3.712,0,0,served,VEH042,1,2026-03-26-VEH042-T1,0.0
2026-03-26,ORD0097047,2026-03-26,OUT100,Fresh,fresh_chilled,Matale,Kandy,False,507.6,2.834,0,0,served,VEH042,1,2026-03-26-VEH042-T1,0.0
2026-03-26,ORD0097048,2026-03-26,OUT101,Fresh,fresh_dry,Matale,Kandy,False,345.3,1.937,0,0,served,VEH042,1,2026-03-26-VEH042-T1,0.0
2026-03-26,ORD0097049,2026-03-26,OUT104,Fresh,fresh_dry,Nuwara Eliya,Kandy,False,348.0,2.118,0,0,served,VEH046,1,2026-03-26-VEH046-T1,0.0
2026-03-26,ORD0097050,2026-03-26,OUT105,Fresh,fresh_dry,Nuwara Eliya,Kandy,False,290.7,1.553,0,0,served,VEH046,1,2026-03-26-VEH046-T1,0.0
2026-03-26,ORD0097051,2026-03-26,OUT106,Fresh,fresh_dry,Nuwara Eliya,Kandy,False,378.5,2.211,0,0,served,VEH046,1,2026-03-26-VEH046-T1,0.0
2026-03-26,ORD0097052,2026-03-26,OUT106,Fresh,fresh_chilled,Nuwara Eliya,Kandy,False,270.4,1.508,0,0,served,VEH039,1,2026-03-26-VEH039-T1,0.0
2026-03-26,ORD0097053,2026-03-26,OUT107,Fresh,fresh_dry,Nuwara Eliya,Kandy,False,409.9,2.351,0,0,served,VEH039,1,2026-03-26-VEH039-T1,0.0
2026-03-26,ORD0097054,2026-03-26,OUT107,Fresh,fresh_chilled,Nuwara Eliya,Kandy,False,346.1,1.777,0,0,served,VEH039,1,2026-03-26-VEH039-T1,0.0
2026-03-26,ORD0097055,2026-03-26,OUT108,Fresh,fresh_dry,Nuwara Eliya,Kandy,False,453.2,2.482,0,0,served,VEH039,1,2026-03-26-VEH039-T1,0.0
2026-03-26,ORD0097056,2026-03-26,OUT108,Fresh,fresh_chilled,Nuwara Eliya,Kandy,False,296.1,1.55,0,0,served,VEH039,1,2026-03-26-VEH039-T1,0.0
2026-03-26,ORD0097057,2026-03-26,OUT110,Fresh,fresh_dry,Badulla,Kandy,False,410.2,2.042,0,0,served,VEH048,1,2026-03-26-VEH048-T1,0.0
2026-03-26,ORD0097058,2026-03-26,OUT110,Fresh,fresh_chilled,Badulla,Kandy,False,279.7,1.458,0,0,served,VEH041,1,2026-03-26-VEH041-T1,0.0
2026-03-26,ORD0097059,2026-03-26,OUT111,Fresh,fresh_dry,Badulla,Kandy,False,201.0,1.119,0,0,served,VEH060,1,2026-03-26-VEH060-T1,0.0
2026-03-26,ORD0097060,2026-03-26,OUT111,Fresh,fresh_chilled,Badulla,Kandy,False,134.3,0.809,0,0,served,VEH057,1,2026-03-26-VEH057-T1,0.0
2026-03-26,ORD0097061,2026-03-26,OUT112,Fresh,fresh_dry,Badulla,Kandy,False,519.6,2.639,0,0,served,VEH048,1,2026-03-26-VEH048-T1,0.0
2026-03-26,ORD0097062,2026-03-26,OUT113,Fresh,fresh_dry,Badulla,Kandy,False,527.2,2.652,0,0,served,VEH060,1,2026-03-26-VEH060-T1,0.0
2026-03-26,ORD0097063,2026-03-26,OUT113,Fresh,fresh_chilled,Badulla,Kandy,False,314.1,1.616,0,0,served,VEH057,1,2026-03-26-VEH057-T1,0.0
2026-03-26,ORD0097064,2026-03-26,OUT116,Fresh,fresh_dry,Kegalle,Kandy,False,489.1,2.617,0,0,served,VEH040,1,2026-03-26-VEH040-T1,0.0
2026-03-26,ORD0097065,2026-03-26,OUT117,Fresh,fresh_dry,Kegalle,Kandy,False,620.7,3.259,0,0,served,VEH040,1,2026-03-26-VEH040-T1,0.0
2026-03-26,ORD0097066,2026-03-26,OUT117,Fresh,fresh_chilled,Kegalle,Kandy,False,606.6,3.577,0,0,served,VEH040,1,2026-03-26-VEH040-T1,0.0
2026-03-26,ORD0097067,2026-03-26,OUT118,Fresh,fresh_dry,Kegalle,Kandy,False,1022.8,5.629,0,0,served,VEH040,1,2026-03-26-VEH040-T1,0.0
2026-03-26,ORD0097068,2026-03-26,OUT118,Fresh,fresh_chilled,Kegalle,Kandy,False,553.3,2.871,0,0,served,VEH040,1,2026-03-26-VEH040-T1,0.0
2026-03-26,ORD0097069,2026-03-26,OUT119,Fresh,fresh_dry,Kegalle,Kandy,False,396.9,2.55,0,0,served,VEH040,1,2026-03-26-VEH040-T1,0.0
2026-03-26,ORD0097070,2026-03-26,OUT119,Fresh,fresh_chilled,Kegalle,Kandy,False,349.2,1.784,0,0,served,VEH040,1,2026-03-26-VEH040-T1,0.0
2026-03-27,ORD0097071,2026-03-27,OUT001,Fresh,fresh_dry,Colombo,Peliyagoda,True,95.8,0.583,0,0,served,VEH036,1,2026-03-27-VEH036-T1,0.0
2026-03-27,ORD0097072,2026-03-27,OUT001,Fresh,fresh_chilled,Colombo,Peliyagoda,True,169.5,0.957,0,0,served,VEH036,1,2026-03-27-VEH036-T1,0.0
2026-03-27,ORD0097073,2026-03-27,OUT002,Fresh,fresh_dry,Colombo,Peliyagoda,True,139.3,0.759,0,0,served,VEH036,1,2026-03-27-VEH036-T1,0.0
2026-03-27,ORD0097074,2026-03-27,OUT002,Fresh,fresh_chilled,Colombo,Peliyagoda,True,147.6,0.794,0,0,served,VEH036,1,2026-03-27-VEH036-T1,0.0
2026-03-27,ORD0097075,2026-03-27,OUT003,Fresh,fresh_dry,Colombo,Peliyagoda,True,135.1,0.698,0,0,served,VEH036,1,2026-03-27-VEH036-T1,0.0
2026-03-27,ORD0097076,2026-03-27,OUT003,Fresh,fresh_chilled,Colombo,Peliyagoda,True,84.2,0.416,0,0,served,VEH036,1,2026-03-27-VEH036-T1,0.0
2026-03-27,ORD0097077,2026-03-27,OUT004,Fresh,fresh_dry,Colombo,Peliyagoda,False,264.3,1.238,0,0,served,VEH017,1,2026-03-27-VEH017-T1,0.0
2026-03-27,ORD0097078,2026-03-27,OUT004,Fresh,fresh_chilled,Colombo,Peliyagoda,False,157.9,1.049,0,0,served,VEH036,1,2026-03-27-VEH036-T1,0.0
2026-03-27,ORD0097079,2026-03-27,OUT005,Fresh,fresh_dry,Colombo,Peliyagoda,False,761.0,3.997,0,0,served,VEH005,1,2026-03-27-VEH005-T1,0.0
2026-03-27,ORD0097080,2026-03-27,OUT005,Fresh,fresh_chilled,Colombo,Peliyagoda,False,540.6,2.924,0,0,served,VEH005,1,2026-03-27-VEH005-T1,0.0
2026-03-27,ORD0097081,2026-03-27,OUT006,Fresh,fresh_dry,Colombo,Peliyagoda,False,717.9,3.989,0,0,served,VEH017,1,2026-03-27-VEH017-T1,0.0
2026-03-27,ORD0097082,2026-03-27,OUT007,Fresh,fresh_dry,Colombo,Peliyagoda,False,896.6,4.671,0,0,served,VEH005,1,2026-03-27-VEH005-T1,0.0
2026-03-27,ORD0097083,2026-03-27,OUT007,Fresh,fresh_chilled,Colombo,Peliyagoda,False,549.1,3.441,0,0,served,VEH005,1,2026-03-27-VEH005-T1,0.0
2026-03-27,ORD0097084,2026-03-27,OUT008,Fresh,fresh_dry,Colombo,Peliyagoda,False,724.7,3.76,0,0,served,VEH017,1,2026-03-27-VEH017-T1,0.0
2026-03-27,ORD0097085,2026-03-27,OUT008,Fresh,fresh_chilled,Colombo,Peliyagoda,False,311.5,1.655,0,0,served,VEH005,1,2026-03-27-VEH005-T1,0.0
2026-03-27,ORD0097086,2026-03-27,OUT009,Fresh,fresh_dry,Colombo,Peliyagoda,False,391.1,2.19,0,0,served,VEH005,1,2026-03-27-VEH005-T1,0.0
2026-03-27,ORD0097087,2026-03-27,OUT009,Fresh,fresh_chilled,Colombo,Peliyagoda,False,318.8,1.696,0,0,served,VEH005,1,2026-03-27-VEH005-T1,0.0
2026-03-27,ORD0097088,2026-03-27,OUT010,Fresh,fresh_dry,Colombo,Peliyagoda,False,440.4,2.213,0,0,served,VEH005,1,2026-03-27-VEH005-T1,0.0
2026-03-27,ORD0097089,2026-03-27,OUT011,Fresh,fresh_dry,Colombo,Peliyagoda,False,587.7,3.134,0,0,served,VEH017,1,2026-03-27-VEH017-T1,0.0
2026-03-27,ORD0097090,2026-03-27,OUT012,Fresh,fresh_dry,Colombo,Peliyagoda,False,434.2,2.451,0,0,served,VEH017,1,2026-03-27-VEH017-T1,0.0
2026-03-27,ORD0097091,2026-03-27,OUT013,Fresh,fresh_dry,Colombo,Peliyagoda,False,1331.2,6.607,0,0,served,VEH005,1,2026-03-27-VEH005-T1,0.0
2026-03-27,ORD0097092,2026-03-27,OUT013,Fresh,fresh_chilled,Colombo,Peliyagoda,False,611.3,3.409,0,0,served,VEH005,1,2026-03-27-VEH005-T1,0.0
2026-03-27,ORD0097093,2026-03-27,OUT014,Fresh,fresh_dry,Colombo,Peliyagoda,False,482.6,2.582,0,0,served,VEH017,1,2026-03-27-VEH017-T1,0.0
2026-03-27,ORD0097094,2026-03-27,OUT022,Tech,tech,Colombo,Peliyagoda,False,779.0,2.683,0,0,served,VEH008,2,2026-03-27-VEH008-T2,0.0
2026-03-27,ORD0097095,2026-03-27,OUT024,Tech,tech,Colombo,Peliyagoda,False,1267.3,4.431,0,0,served,VEH008,2,2026-03-27-VEH008-T2,0.0
2026-03-27,ORD0097096,2026-03-27,OUT025,Fresh,fresh_dry,Gampaha,Peliyagoda,False,356.5,2.14,0,0,served,VEH025,1,2026-03-27-VEH025-T1,0.0
2026-03-27,ORD0097097,2026-03-27,OUT026,Fresh,fresh_dry,Gampaha,Peliyagoda,False,327.4,1.756,0,0,served,VEH004,1,2026-03-27-VEH004-T1,0.0
2026-03-27,ORD0097098,2026-03-27,OUT026,Fresh,fresh_chilled,Gampaha,Peliyagoda,False,293.6,1.731,0,0,served,VEH004,1,2026-03-27-VEH004-T1,0.0
2026-03-27,ORD0097099,2026-03-27,OUT027,Fresh,fresh_dry,Gampaha,Peliyagoda,False,558.3,2.968,0,0,served,VEH025,1,2026-03-27-VEH025-T1,0.0
2026-03-27,ORD0097100,2026-03-27,OUT028,Fresh,fresh_dry,Gampaha,Peliyagoda,False,573.7,3.191,0,0,served,VEH025,1,2026-03-27-VEH025-T1,0.0
2026-03-27,ORD0097101,2026-03-27,OUT028,Fresh,fresh_chilled,Gampaha,Peliyagoda,False,597.9,2.976,0,0,served,VEH004,1,2026-03-27-VEH004-T1,0.0
2026-03-27,ORD0097102,2026-03-27,OUT029,Fresh,fresh_dry,Gampaha,Peliyagoda,False,428.5,2.419,0,0,served,VEH004,1,2026-03-27-VEH004-T1,0.0
2026-03-27,ORD0097103,2026-03-27,OUT029,Fresh,fresh_chilled,Gampaha,Peliyagoda,False,402.9,2.118,0,0,served,VEH004,1,2026-03-27-VEH004-T1,0.0
2026-03-27,ORD0097104,2026-03-27,OUT030,Fresh,fresh_dry,Gampaha,Peliyagoda,False,464.7,2.749,0,0,served,VEH004,1,2026-03-27-VEH004-T1,0.0
2026-03-27,ORD0097105,2026-03-27,OUT030,Fresh,fresh_chilled,Gampaha,Peliyagoda,False,544.8,2.934,0,0,served,VEH004,1,2026-03-27-VEH004-T1,0.0
2026-03-27,ORD0097106,2026-03-27,OUT031,Fresh,fresh_dry,Gampaha,Peliyagoda,False,1195.6,6.241,0,0,served,VEH025,1,2026-03-27-VEH025-T1,0.0
2026-03-27,ORD0097107,2026-03-27,OUT032,Fresh,fresh_dry,Gampaha,Peliyagoda,False,699.9,4.052,0,0,served,VEH004,1,2026-03-27-VEH004-T1,0.0
2026-03-27,ORD0097108,2026-03-27,OUT032,Fresh,fresh_chilled,Gampaha,Peliyagoda,False,1100.8,5.8,0,0,served,VEH004,1,2026-03-27-VEH004-T1,0.0
2026-03-27,ORD0097109,2026-03-27,OUT033,Fresh,fresh_dry,Gampaha,Peliyagoda,False,649.5,3.078,0,0,served,VEH025,1,2026-03-27-VEH025-T1,0.0
2026-03-27,ORD0097110,2026-03-27,OUT034,Fresh,fresh_dry,Gampaha,Peliyagoda,False,447.1,2.206,0,0,served,VEH025,1,2026-03-27-VEH025-T1,0.0
2026-03-27,ORD0097111,2026-03-27,OUT034,Fresh,fresh_chilled,Gampaha,Peliyagoda,False,410.3,2.377,0,0,served,VEH004,1,2026-03-27-VEH004-T1,0.0
2026-03-27,ORD0097112,2026-03-27,OUT038,Tech,tech,Gampaha,Peliyagoda,False,1725.0,6.089,0,0,served,VEH025,2,2026-03-27-VEH025-T2,0.0
2026-03-27,ORD0097113,2026-03-27,OUT040,Fresh,fresh_dry,Kalutara,Peliyagoda,False,618.1,3.278,0,0,served,VEH037,1,2026-03-27-VEH037-T1,0.0
2026-03-27,ORD0097114,2026-03-27,OUT041,Fresh,fresh_dry,Kalutara,Peliyagoda,False,407.4,2.184,0,0,served,VEH037,1,2026-03-27-VEH037-T1,0.0
2026-03-27,ORD0097115,2026-03-27,OUT042,Fresh,fresh_dry,Kalutara,Peliyagoda,False,1010.1,4.964,0,0,served,VEH001,1,2026-03-27-VEH001-T1,0.0
2026-03-27,ORD0097116,2026-03-27,OUT043,Fresh,fresh_dry,Kalutara,Peliyagoda,False,339.9,1.819,0,0,served,VEH001,1,2026-03-27-VEH001-T1,0.0
2026-03-27,ORD0097117,2026-03-27,OUT043,Fresh,fresh_chilled,Kalutara,Peliyagoda,False,271.6,1.441,0,0,served,VEH001,1,2026-03-27-VEH001-T1,0.0
2026-03-27,ORD0097118,2026-03-27,OUT044,Fresh,fresh_dry,Kalutara,Peliyagoda,False,547.8,3.036,0,0,served,VEH001,1,2026-03-27-VEH001-T1,0.0
2026-03-27,ORD0097119,2026-03-27,OUT044,Fresh,fresh_chilled,Kalutara,Peliyagoda,False,231.6,1.218,0,0,served,VEH001,1,2026-03-27-VEH001-T1,0.0
2026-03-27,ORD0097120,2026-03-27,OUT045,Fresh,fresh_dry,Kalutara,Peliyagoda,False,243.2,1.46,0,0,served,VEH001,1,2026-03-27-VEH001-T1,0.0
2026-03-27,ORD0097121,2026-03-27,OUT046,Fresh,fresh_dry,Kalutara,Peliyagoda,False,350.0,1.934,0,0,served,VEH001,1,2026-03-27-VEH001-T1,0.0
2026-03-27,ORD0097122,2026-03-27,OUT046,Fresh,fresh_chilled,Kalutara,Peliyagoda,False,380.6,2.142,0,0,served,VEH001,1,2026-03-27-VEH001-T1,0.0
2026-03-27,ORD0097123,2026-03-27,OUT050,Fresh,fresh_dry,Galle,Peliyagoda,False,357.9,2.192,0,0,served,VEH018,1,2026-03-27-VEH018-T1,0.0
2026-03-27,ORD0097124,2026-03-27,OUT051,Fresh,fresh_dry,Galle,Peliyagoda,False,238.3,1.245,0,0,served,VEH018,1,2026-03-27-VEH018-T1,0.0
2026-03-27,ORD0097125,2026-03-27,OUT052,Fresh,fresh_dry,Galle,Peliyagoda,False,546.2,3.157,0,0,served,VEH018,1,2026-03-27-VEH018-T1,0.0
2026-03-27,ORD0097126,2026-03-27,OUT053,Fresh,fresh_dry,Galle,Peliyagoda,False,168.6,1.011,0,0,served,VEH002,1,2026-03-27-VEH002-T1,0.0
2026-03-27,ORD0097127,2026-03-27,OUT053,Fresh,fresh_chilled,Galle,Peliyagoda,False,185.4,0.985,0,0,served,VEH002,1,2026-03-27-VEH002-T1,0.0
2026-03-27,ORD0097128,2026-03-27,OUT054,Fresh,fresh_dry,Galle,Peliyagoda,False,935.5,4.974,0,0,served,VEH002,1,2026-03-27-VEH002-T1,0.0
2026-03-27,ORD0097129,2026-03-27,OUT054,Fresh,fresh_chilled,Galle,Peliyagoda,False,738.2,4.239,0,0,served,VEH002,1,2026-03-27-VEH002-T1,0.0
2026-03-27,ORD0097130,2026-03-27,OUT055,Fresh,fresh_dry,Galle,Peliyagoda,False,460.8,2.597,0,0,served,VEH018,1,2026-03-27-VEH018-T1,0.0
2026-03-27,ORD0097131,2026-03-27,OUT056,Style,style,Galle,Peliyagoda,False,577.5,9.036,0,0,served,VEH018,2,2026-03-27-VEH018-T2,0.0
2026-03-27,ORD0097132,2026-03-27,OUT057,Style,style,Galle,Peliyagoda,False,1186.5,19.039,0,0,served,VEH017,2,2026-03-27-VEH017-T2,0.0
2026-03-27,ORD0097133,2026-03-27,OUT059,Fresh,fresh_dry,Matara,Peliyagoda,False,628.8,3.34,0,0,served,VEH008,1,2026-03-27-VEH008-T1,0.0
2026-03-27,ORD0097134,2026-03-27,OUT060,Fresh,fresh_dry,Matara,Peliyagoda,False,359.3,1.992,0,0,served,VEH008,1,2026-03-27-VEH008-T1,0.0
2026-03-27,ORD0097135,2026-03-27,OUT060,Fresh,fresh_chilled,Matara,Peliyagoda,False,414.9,2.427,0,0,served,VEH035,1,2026-03-27-VEH035-T1,0.0
2026-03-27,ORD0097136,2026-03-27,OUT061,Fresh,fresh_dry,Matara,Peliyagoda,False,489.1,2.579,0,0,served,VEH008,1,2026-03-27-VEH008-T1,0.0
2026-03-27,ORD0097137,2026-03-27,OUT062,Fresh,fresh_dry,Matara,Peliyagoda,False,597.5,3.303,0,0,served,VEH008,1,2026-03-27-VEH008-T1,0.0
2026-03-27,ORD0097138,2026-03-27,OUT062,Fresh,fresh_chilled,Matara,Peliyagoda,False,456.3,2.348,0,0,served,VEH035,1,2026-03-27-VEH035-T1,0.0
2026-03-27,ORD0097139,2026-03-27,OUT063,Style,style,Matara,Peliyagoda,False,537.6,8.372,0,0,served,VEH038,2,2026-03-27-VEH038-T2,0.0
2026-03-27,ORD0097140,2026-03-27,OUT065,Fresh,fresh_dry,Kurunegala,Peliyagoda,False,581.4,2.967,0,1,served,VEH015,1,2026-03-27-VEH015-T1,0.0
2026-03-27,ORD0097141,2026-03-27,OUT065,Fresh,fresh_chilled,Kurunegala,Peliyagoda,False,667.5,3.492,0,1,served,VEH003,1,2026-03-27-VEH003-T1,0.0
2026-03-27,ORD0097142,2026-03-27,OUT066,Fresh,fresh_dry,Kurunegala,Peliyagoda,False,428.7,2.685,0,0,served,VEH003,1,2026-03-27-VEH003-T1,0.0
2026-03-27,ORD0097143,2026-03-27,OUT066,Fresh,fresh_chilled,Kurunegala,Peliyagoda,False,427.2,2.505,0,0,served,VEH003,1,2026-03-27-VEH003-T1,0.0
2026-03-27,ORD0097144,2026-03-27,OUT067,Fresh,fresh_dry,Kurunegala,Peliyagoda,False,558.6,2.944,0,0,served,VEH015,1,2026-03-27-VEH015-T1,0.0
2026-03-27,ORD0097145,2026-03-27,OUT067,Fresh,fresh_chilled,Kurunegala,Peliyagoda,False,562.3,3.311,0,0,served,VEH003,1,2026-03-27-VEH003-T1,0.0
2026-03-27,ORD0097146,2026-03-27,OUT068,Fresh,fresh_dry,Kurunegala,Peliyagoda,False,375.1,1.98,0,0,served,VEH015,1,2026-03-27-VEH015-T1,0.0
2026-03-27,ORD0097147,2026-03-27,OUT069,Fresh,fresh_dry,Kurunegala,Peliyagoda,False,444.8,2.524,0,0,served,VEH015,1,2026-03-27-VEH015-T1,0.0
2026-03-27,ORD0097148,2026-03-27,OUT070,Style,style,Kurunegala,Peliyagoda,False,303.5,5.026,0,0,served,VEH015,2,2026-03-27-VEH015-T2,0.0
2026-03-27,ORD0097149,2026-03-27,OUT071,Style,style,Kurunegala,Peliyagoda,False,620.5,9.641,0,0,served,VEH015,2,2026-03-27-VEH015-T2,0.0
2026-03-27,ORD0097150,2026-03-27,OUT073,Fresh,fresh_dry,Puttalam,Peliyagoda,False,467.6,2.598,0,0,served,VEH038,1,2026-03-27-VEH038-T1,0.0
2026-03-27,ORD0097151,2026-03-27,OUT074,Fresh,fresh_dry,Puttalam,Peliyagoda,False,406.1,2.29,0,0,served,VEH007,1,2026-03-27-VEH007-T1,0.0
2026-03-27,ORD0097152,2026-03-27,OUT074,Fresh,fresh_chilled,Puttalam,Peliyagoda,False,477.3,2.705,0,0,served,VEH007,1,2026-03-27-VEH007-T1,0.0
2026-03-27,ORD0097153,2026-03-27,OUT075,Fresh,fresh_dry,Puttalam,Peliyagoda,False,236.8,1.205,0,0,served,VEH038,1,2026-03-27-VEH038-T1,0.0
2026-03-27,ORD0097154,2026-03-27,OUT076,Fresh,fresh_dry,Kandy,Kandy,True,215.3,1.122,0,0,served,VEH059,1,2026-03-27-VEH059-T1,0.0
2026-03-27,ORD0097155,2026-03-27,OUT076,Fresh,fresh_chilled,Kandy,Kandy,True,173.0,0.968,0,0,served,VEH058,1,2026-03-27-VEH058-T1,0.0
2026-03-27,ORD0097156,2026-03-27,OUT077,Fresh,fresh_dry,Kandy,Kandy,True,115.6,0.591,0,0,served,VEH058,1,2026-03-27-VEH058-T1,0.0
2026-03-27,ORD0097157,2026-03-27,OUT077,Fresh,fresh_chilled,Kandy,Kandy,True,98.0,0.569,0,0,served,VEH058,1,2026-03-27-VEH058-T1,0.0
2026-03-27,ORD0097158,2026-03-27,OUT078,Fresh,fresh_dry,Kandy,Kandy,True,189.0,1.028,0,0,served,VEH059,1,2026-03-27-VEH059-T1,0.0
2026-03-27,ORD0097159,2026-03-27,OUT079,Fresh,fresh_dry,Kandy,Kandy,True,106.2,0.609,0,0,served,VEH059,1,2026-03-27-VEH059-T1,0.0
2026-03-27,ORD0097160,2026-03-27,OUT080,Fresh,fresh_dry,Kandy,Kandy,True,120.3,0.702,0,0,served,VEH059,1,2026-03-27-VEH059-T1,0.0
2026-03-27,ORD0097161,2026-03-27,OUT080,Fresh,fresh_chilled,Kandy,Kandy,True,161.5,0.865,0,0,served,VEH058,1,2026-03-27-VEH058-T1,0.0
2026-03-27,ORD0097162,2026-03-27,OUT081,Fresh,fresh_dry,Kandy,Kandy,True,198.4,1.075,0,0,served,VEH059,1,2026-03-27-VEH059-T1,0.0
2026-03-27,ORD0097163,2026-03-27,OUT082,Fresh,fresh_dry,Kandy,Kandy,True,199.4,0.996,0,0,served,VEH058,1,2026-03-27-VEH058-T1,0.0
2026-03-27,ORD0097164,2026-03-27,OUT082,Fresh,fresh_chilled,Kandy,Kandy,True,111.0,0.607,0,0,served,VEH058,1,2026-03-27-VEH058-T1,0.0
2026-03-27,ORD0097165,2026-03-27,OUT083,Fresh,fresh_dry,Kandy,Kandy,True,85.5,0.486,0,0,served,VEH059,1,2026-03-27-VEH059-T1,0.0
2026-03-27,ORD0097166,2026-03-27,OUT083,Fresh,fresh_chilled,Kandy,Kandy,True,118.2,0.668,0,0,served,VEH058,1,2026-03-27-VEH058-T1,0.0
2026-03-27,ORD0097167,2026-03-27,OUT084,Fresh,fresh_dry,Kandy,Kandy,False,323.3,1.65,0,0,served,VEH042,2,2026-03-27-VEH042-T2,0.0
2026-03-27,ORD0097168,2026-03-27,OUT084,Fresh,fresh_chilled,Kandy,Kandy,False,350.1,2.014,0,0,served,VEH042,2,2026-03-27-VEH042-T2,0.0
2026-03-27,ORD0097169,2026-03-27,OUT085,Fresh,fresh_dry,Kandy,Kandy,False,563.1,2.761,0,0,served,VEH052,2,2026-03-27-VEH052-T2,0.0
2026-03-27,ORD0097170,2026-03-27,OUT085,Fresh,fresh_chilled,Kandy,Kandy,False,577.1,3.009,0,0,served,VEH042,2,2026-03-27-VEH042-T2,0.0
2026-03-27,ORD0097171,2026-03-27,OUT086,Fresh,fresh_dry,Kandy,Kandy,False,376.0,2.32,0,0,served,VEH042,2,2026-03-27-VEH042-T2,0.0
2026-03-27,ORD0097172,2026-03-27,OUT086,Fresh,fresh_chilled,Kandy,Kandy,False,443.2,2.137,0,0,served,VEH042,2,2026-03-27-VEH042-T2,0.0
2026-03-27,ORD0097173,2026-03-27,OUT087,Fresh,fresh_dry,Kandy,Kandy,False,477.3,2.516,0,0,served,VEH052,2,2026-03-27-VEH052-T2,0.0
2026-03-27,ORD0097174,2026-03-27,OUT096,Fresh,fresh_dry,Matale,Kandy,False,225.8,1.166,0,0,served,VEH052,1,2026-03-27-VEH052-T1,0.0
2026-03-27,ORD0097175,2026-03-27,OUT096,Fresh,fresh_chilled,Matale,Kandy,False,211.0,1.115,0,0,served,VEH042,1,2026-03-27-VEH042-T1,0.0
2026-03-27,ORD0097176,2026-03-27,OUT097,Fresh,fresh_dry,Matale,Kandy,False,501.8,2.853,0,0,served,VEH052,1,2026-03-27-VEH052-T1,0.0
2026-03-27,ORD0097177,2026-03-27,OUT098,Fresh,fresh_dry,Matale,Kandy,False,494.9,2.831,0,0,served,VEH042,1,2026-03-27-VEH042-T1,0.0
2026-03-27,ORD0097178,2026-03-27,OUT098,Fresh,fresh_chilled,Matale,Kandy,False,484.6,2.288,0,0,served,VEH042,1,2026-03-27-VEH042-T1,0.0
2026-03-27,ORD0097179,2026-03-27,OUT099,Fresh,fresh_dry,Matale,Kandy,False,419.4,2.62,0,0,served,VEH052,1,2026-03-27-VEH052-T1,0.0
2026-03-27,ORD0097180,2026-03-27,OUT100,Fresh,fresh_dry,Matale,Kandy,False,667.2,3.593,0,0,served,VEH052,1,2026-03-27-VEH052-T1,0.0
2026-03-27,ORD0097181,2026-03-27,OUT101,Fresh,fresh_dry,Matale,Kandy,False,509.2,2.851,0,0,served,VEH042,1,2026-03-27-VEH042-T1,0.0
2026-03-27,ORD0097182,2026-03-27,OUT101,Fresh,fresh_chilled,Matale,Kandy,False,529.0,2.689,0,0,served,VEH042,1,2026-03-27-VEH042-T1,0.0
2026-03-27,ORD0097183,2026-03-27,OUT104,Fresh,fresh_dry,Nuwara Eliya,Kandy,False,291.3,1.561,0,0,served,VEH041,1,2026-03-27-VEH041-T1,0.0
2026-03-27,ORD0097184,2026-03-27,OUT104,Fresh,fresh_chilled,Nuwara Eliya,Kandy,False,385.5,2.148,0,0,served,VEH041,1,2026-03-27-VEH041-T1,0.0
2026-03-27,ORD0097185,2026-03-27,OUT105,Fresh,fresh_dry,Nuwara Eliya,Kandy,False,361.3,1.655,0,0,served,VEH046,1,2026-03-27-VEH046-T1,0.0
2026-03-27,ORD0097186,2026-03-27,OUT106,Fresh,fresh_dry,Nuwara Eliya,Kandy,False,531.4,2.722,0,0,served,VEH046,1,2026-03-27-VEH046-T1,0.0
2026-03-27,ORD0097187,2026-03-27,OUT107,Fresh,fresh_dry,Nuwara Eliya,Kandy,False,414.9,2.467,0,0,served,VEH041,1,2026-03-27-VEH041-T1,0.0
2026-03-27,ORD0097188,2026-03-27,OUT107,Fresh,fresh_chilled,Nuwara Eliya,Kandy,False,341.5,1.887,0,0,served,VEH041,1,2026-03-27-VEH041-T1,0.0
2026-03-27,ORD0097189,2026-03-27,OUT108,Fresh,fresh_dry,Nuwara Eliya,Kandy,False,507.7,2.914,0,0,served,VEH046,1,2026-03-27-VEH046-T1,0.0
2026-03-27,ORD0097190,2026-03-27,OUT110,Fresh,fresh_dry,Badulla,Kandy,False,376.6,2.11,0,0,served,VEH060,1,2026-03-27-VEH060-T1,0.0
2026-03-27,ORD0097191,2026-03-27,OUT111,Fresh,fresh_dry,Badulla,Kandy,False,217.4,1.227,0,0,served,VEH060,1,2026-03-27-VEH060-T1,0.0
2026-03-27,ORD0097192,2026-03-27,OUT111,Fresh,fresh_chilled,Badulla,Kandy,False,179.4,0.933,0,0,served,VEH057,1,2026-03-27-VEH057-T1,0.0
2026-03-27,ORD0097193,2026-03-27,OUT112,Fresh,fresh_dry,Badulla,Kandy,False,578.7,3.124,0,0,served,VEH056,1,2026-03-27-VEH056-T1,0.0
2026-03-27,ORD0097194,2026-03-27,OUT112,Fresh,fresh_chilled,Badulla,Kandy,False,464.5,2.64,0,0,served,VEH057,1,2026-03-27-VEH057-T1,0.0
2026-03-27,ORD0097195,2026-03-27,OUT113,Fresh,fresh_dry,Badulla,Kandy,False,739.2,4.063,0,0,served,VEH056,1,2026-03-27-VEH056-T1,0.0
2026-03-27,ORD0097196,2026-03-27,OUT116,Fresh,fresh_dry,Kegalle,Kandy,False,425.7,2.24,0,0,served,VEH039,1,2026-03-27-VEH039-T1,0.0
2026-03-27,ORD0097197,2026-03-27,OUT116,Fresh,fresh_chilled,Kegalle,Kandy,False,277.9,1.615,0,0,served,VEH039,1,2026-03-27-VEH039-T1,0.0
2026-03-27,ORD0097198,2026-03-27,OUT117,Fresh,fresh_dry,Kegalle,Kandy,False,698.5,3.871,0,0,served,VEH039,1,2026-03-27-VEH039-T1,0.0
2026-03-27,ORD0097199,2026-03-27,OUT117,Fresh,fresh_chilled,Kegalle,Kandy,False,669.0,3.814,0,0,served,VEH039,1,2026-03-27-VEH039-T1,0.0
2026-03-27,ORD0097200,2026-03-27,OUT118,Fresh,fresh_dry,Kegalle,Kandy,False,719.3,4.357,0,0,served,VEH039,1,2026-03-27-VEH039-T1,0.0
2026-03-27,ORD0097201,2026-03-27,OUT118,Fresh,fresh_chilled,Kegalle,Kandy,False,749.4,4.102,0,0,served,VEH039,1,2026-03-27-VEH039-T1,0.0
2026-03-27,ORD0097202,2026-03-27,OUT119,Fresh,fresh_dry,Kegalle,Kandy,False,411.4,2.224,0,0,served,VEH039,1,2026-03-27-VEH039-T1,0.0
2026-03-27,ORD0097203,2026-03-27,OUT119,Fresh,fresh_chilled,Kegalle,Kandy,False,473.3,2.821,0,0,served,VEH039,1,2026-03-27-VEH039-T1,0.0
2026-03-28,ORD0097204,2026-03-28,OUT001,Fresh,fresh_dry,Colombo,Peliyagoda,True,82.2,0.444,0,0,served,VEH036,2,2026-03-28-VEH036-T2,0.0
2026-03-28,ORD0097205,2026-03-28,OUT002,Fresh,fresh_dry,Colombo,Peliyagoda,True,133.2,0.675,0,0,served,VEH036,2,2026-03-28-VEH036-T2,0.0
2026-03-28,ORD0097206,2026-03-28,OUT002,Fresh,fresh_chilled,Colombo,Peliyagoda,True,131.5,0.745,0,0,served,VEH036,2,2026-03-28-VEH036-T2,0.0
2026-03-28,ORD0097207,2026-03-28,OUT003,Fresh,fresh_dry,Colombo,Peliyagoda,True,93.7,0.562,0,0,served,VEH036,2,2026-03-28-VEH036-T2,0.0
2026-03-28,ORD0097208,2026-03-28,OUT003,Fresh,fresh_chilled,Colombo,Peliyagoda,True,60.4,0.343,0,0,served,VEH036,2,2026-03-28-VEH036-T2,0.0
2026-03-28,ORD0097209,2026-03-28,OUT004,Fresh,fresh_dry,Colombo,Peliyagoda,False,238.2,1.31,0,0,served,VEH018,2,2026-03-28-VEH018-T2,0.0
2026-03-28,ORD0097210,2026-03-28,OUT004,Fresh,fresh_chilled,Colombo,Peliyagoda,False,161.9,0.868,0,0,served,VEH005,1,2026-03-28-VEH005-T1,0.0
2026-03-28,ORD0097211,2026-03-28,OUT005,Fresh,fresh_dry,Colombo,Peliyagoda,False,463.2,2.644,0,0,served,VEH016,2,2026-03-28-VEH016-T2,0.0
2026-03-28,ORD0097212,2026-03-28,OUT005,Fresh,fresh_chilled,Colombo,Peliyagoda,False,404.9,2.253,0,0,served,VEH005,1,2026-03-28-VEH005-T1,0.0
2026-03-28,ORD0097213,2026-03-28,OUT006,Fresh,fresh_dry,Colombo,Peliyagoda,False,757.7,3.946,0,0,served,VEH016,2,2026-03-28-VEH016-T2,0.0
2026-03-28,ORD0097214,2026-03-28,OUT006,Fresh,fresh_chilled,Colombo,Peliyagoda,False,681.6,3.561,0,0,served,VEH005,1,2026-03-28-VEH005-T1,0.0
2026-03-28,ORD0097215,2026-03-28,OUT007,Fresh,fresh_dry,Colombo,Peliyagoda,False,645.1,3.719,0,0,served,VEH018,2,2026-03-28-VEH018-T2,0.0
2026-03-28,ORD0097216,2026-03-28,OUT007,Fresh,fresh_chilled,Colombo,Peliyagoda,False,589.1,3.385,0,0,served,VEH005,1,2026-03-28-VEH005-T1,0.0
2026-03-28,ORD0097217,2026-03-28,OUT008,Fresh,fresh_dry,Colombo,Peliyagoda,False,377.1,2.063,0,0,served,VEH016,2,2026-03-28-VEH016-T2,0.0
2026-03-28,ORD0097218,2026-03-28,OUT009,Fresh,fresh_dry,Colombo,Peliyagoda,False,238.8,1.297,0,0,served,VEH005,1,2026-03-28-VEH005-T1,0.0
2026-03-28,ORD0097219,2026-03-28,OUT009,Fresh,fresh_chilled,Colombo,Peliyagoda,False,324.2,1.748,0,0,served,VEH005,1,2026-03-28-VEH005-T1,0.0
2026-03-28,ORD0097220,2026-03-28,OUT010,Fresh,fresh_dry,Colombo,Peliyagoda,False,434.4,2.195,0,0,served,VEH037,2,2026-03-28-VEH037-T2,0.0
2026-03-28,ORD0097221,2026-03-28,OUT010,Fresh,fresh_chilled,Colombo,Peliyagoda,False,217.9,1.397,0,0,served,VEH005,1,2026-03-28-VEH005-T1,0.0
2026-03-28,ORD0097222,2026-03-28,OUT011,Fresh,fresh_dry,Colombo,Peliyagoda,False,356.9,1.781,0,0,served,VEH018,2,2026-03-28-VEH018-T2,0.0
2026-03-28,ORD0097223,2026-03-28,OUT012,Fresh,fresh_dry,Colombo,Peliyagoda,False,367.6,2.119,0,0,served,VEH037,2,2026-03-28-VEH037-T2,0.0
2026-03-28,ORD0097224,2026-03-28,OUT012,Fresh,fresh_chilled,Colombo,Peliyagoda,False,253.7,1.436,0,0,served,VEH005,1,2026-03-28-VEH005-T1,0.0
2026-03-28,ORD0097225,2026-03-28,OUT013,Fresh,fresh_dry,Colombo,Peliyagoda,False,985.3,4.982,0,0,served,VEH016,2,2026-03-28-VEH016-T2,0.0
2026-03-28,ORD0097226,2026-03-28,OUT013,Fresh,fresh_chilled,Colombo,Peliyagoda,False,403.4,2.285,0,0,served,VEH005,1,2026-03-28-VEH005-T1,0.0
2026-03-28,ORD0097227,2026-03-28,OUT014,Fresh,fresh_dry,Colombo,Peliyagoda,False,249.4,1.244,0,0,served,VEH037,2,2026-03-28-VEH037-T2,0.0
2026-03-28,ORD0097228,2026-03-28,OUT014,Fresh,fresh_chilled,Colombo,Peliyagoda,False,403.4,1.881,0,0,served,VEH005,1,2026-03-28-VEH005-T1,0.0
2026-03-28,ORD0097229,2026-03-28,OUT025,Fresh,fresh_dry,Gampaha,Peliyagoda,False,244.4,1.193,0,0,served,VEH037,1,2026-03-28-VEH037-T1,0.0
2026-03-28,ORD0097230,2026-03-28,OUT026,Fresh,fresh_dry,Gampaha,Peliyagoda,False,395.8,2.002,0,0,served,VEH037,1,2026-03-28-VEH037-T1,0.0
2026-03-28,ORD0097231,2026-03-28,OUT026,Fresh,fresh_chilled,Gampaha,Peliyagoda,False,244.5,1.396,0,0,served,VEH036,1,2026-03-28-VEH036-T1,0.0
2026-03-28,ORD0097232,2026-03-28,OUT027,Fresh,fresh_dry,Gampaha,Peliyagoda,False,385.7,1.945,0,0,served,VEH036,1,2026-03-28-VEH036-T1,0.0
2026-03-28,ORD0097233,2026-03-28,OUT027,Fresh,fresh_chilled,Gampaha,Peliyagoda,False,324.5,1.89,0,0,served,VEH036,1,2026-03-28-VEH036-T1,0.0
2026-03-28,ORD0097234,2026-03-28,OUT028,Fresh,fresh_dry,Gampaha,Peliyagoda,False,445.9,2.639,0,0,served,VEH018,1,2026-03-28-VEH018-T1,0.0
2026-03-28,ORD0097235,2026-03-28,OUT028,Fresh,fresh_chilled,Gampaha,Peliyagoda,False,379.7,2.057,0,0,served,VEH001,1,2026-03-28-VEH001-T1,0.0
2026-03-28,ORD0097236,2026-03-28,OUT029,Fresh,fresh_dry,Gampaha,Peliyagoda,False,488.8,2.705,0,0,served,VEH001,1,2026-03-28-VEH001-T1,0.0
2026-03-28,ORD0097237,2026-03-28,OUT029,Fresh,fresh_chilled,Gampaha,Peliyagoda,False,272.4,1.369,0,0,served,VEH001,1,2026-03-28-VEH001-T1,0.0
2026-03-28,ORD0097238,2026-03-28,OUT030,Fresh,fresh_dry,Gampaha,Peliyagoda,False,447.0,2.435,0,0,served,VEH037,1,2026-03-28-VEH037-T1,0.0
2026-03-28,ORD0097239,2026-03-28,OUT031,Fresh,fresh_dry,Gampaha,Peliyagoda,False,1233.8,6.272,0,0,served,VEH018,1,2026-03-28-VEH018-T1,0.0
2026-03-28,ORD0097240,2026-03-28,OUT031,Fresh,fresh_chilled,Gampaha,Peliyagoda,False,1552.0,7.714,0,0,served,VEH001,1,2026-03-28-VEH001-T1,0.0
2026-03-28,ORD0097241,2026-03-28,OUT032,Fresh,fresh_dry,Gampaha,Peliyagoda,False,771.2,3.279,0,0,served,VEH016,1,2026-03-28-VEH016-T1,0.0
2026-03-28,ORD0097242,2026-03-28,OUT032,Fresh,fresh_chilled,Gampaha,Peliyagoda,False,1189.0,6.262,0,0,served,VEH001,1,2026-03-28-VEH001-T1,0.0
2026-03-28,ORD0097243,2026-03-28,OUT033,Fresh,fresh_dry,Gampaha,Peliyagoda,False,501.6,2.793,0,0,served,VEH016,1,2026-03-28-VEH016-T1,0.0
2026-03-28,ORD0097244,2026-03-28,OUT033,Fresh,fresh_chilled,Gampaha,Peliyagoda,False,482.3,2.728,0,0,served,VEH001,1,2026-03-28-VEH001-T1,0.0
2026-03-28,ORD0097245,2026-03-28,OUT034,Fresh,fresh_dry,Gampaha,Peliyagoda,False,536.4,2.657,0,0,served,VEH018,1,2026-03-28-VEH018-T1,0.0
2026-03-28,ORD0097246,2026-03-28,OUT034,Fresh,fresh_chilled,Gampaha,Peliyagoda,False,492.1,2.53,0,0,served,VEH001,1,2026-03-28-VEH001-T1,0.0
2026-03-28,ORD0097247,2026-03-28,OUT038,Tech,tech,Gampaha,Peliyagoda,False,1187.6,3.897,0,0,served,VEH038,2,2026-03-28-VEH038-T2,0.0
2026-03-28,ORD0097248,2026-03-28,OUT039,Tech,tech,Gampaha,Peliyagoda,False,1034.8,3.647,0,0,served,VEH035,2,2026-03-28-VEH035-T2,0.0
2026-03-28,ORD0097249,2026-03-28,OUT040,Fresh,fresh_dry,Kalutara,Peliyagoda,False,654.0,3.229,0,0,served,VEH004,1,2026-03-28-VEH004-T1,0.0
2026-03-28,ORD0097250,2026-03-28,OUT040,Fresh,fresh_chilled,Kalutara,Peliyagoda,False,438.9,2.609,0,0,served,VEH004,1,2026-03-28-VEH004-T1,0.0
2026-03-28,ORD0097251,2026-03-28,OUT041,Fresh,fresh_dry,Kalutara,Peliyagoda,False,411.7,2.022,0,0,served,VEH008,1,2026-03-28-VEH008-T1,0.0
2026-03-28,ORD0097252,2026-03-28,OUT041,Fresh,fresh_chilled,Kalutara,Peliyagoda,False,331.2,1.778,0,0,served,VEH004,1,2026-03-28-VEH004-T1,0.0
2026-03-28,ORD0097253,2026-03-28,OUT042,Fresh,fresh_dry,Kalutara,Peliyagoda,False,1053.7,6.127,0,0,served,VEH008,1,2026-03-28-VEH008-T1,0.0
2026-03-28,ORD0097254,2026-03-28,OUT043,Fresh,fresh_dry,Kalutara,Peliyagoda,False,154.6,0.885,0,0,served,VEH008,1,2026-03-28-VEH008-T1,0.0
2026-03-28,ORD0097255,2026-03-28,OUT044,Fresh,fresh_dry,Kalutara,Peliyagoda,False,355.8,2.024,0,0,served,VEH004,1,2026-03-28-VEH004-T1,0.0
2026-03-28,ORD0097256,2026-03-28,OUT044,Fresh,fresh_chilled,Kalutara,Peliyagoda,False,159.4,0.962,0,0,served,VEH004,1,2026-03-28-VEH004-T1,0.0
2026-03-28,ORD0097257,2026-03-28,OUT045,Fresh,fresh_dry,Kalutara,Peliyagoda,False,234.4,1.443,0,0,served,VEH004,1,2026-03-28-VEH004-T1,0.0
2026-03-28,ORD0097258,2026-03-28,OUT045,Fresh,fresh_chilled,Kalutara,Peliyagoda,False,331.2,1.836,0,0,served,VEH004,1,2026-03-28-VEH004-T1,0.0
2026-03-28,ORD0097259,2026-03-28,OUT046,Fresh,fresh_dry,Kalutara,Peliyagoda,False,241.8,1.23,0,0,served,VEH008,1,2026-03-28-VEH008-T1,0.0
2026-03-28,ORD0097260,2026-03-28,OUT046,Fresh,fresh_chilled,Kalutara,Peliyagoda,False,311.1,1.77,0,0,served,VEH004,1,2026-03-28-VEH004-T1,0.0
2026-03-28,ORD0097261,2026-03-28,OUT050,Fresh,fresh_dry,Galle,Peliyagoda,False,402.2,2.117,0,0,served,VEH002,1,2026-03-28-VEH002-T1,0.0
2026-03-28,ORD0097262,2026-03-28,OUT051,Fresh,fresh_dry,Galle,Peliyagoda,False,241.4,1.324,0,0,served,VEH027,1,2026-03-28-VEH027-T1,0.0
2026-03-28,ORD0097263,2026-03-28,OUT052,Fresh,fresh_dry,Galle,Peliyagoda,False,525.2,2.68,0,0,served,VEH002,1,2026-03-28-VEH002-T1,0.0
2026-03-28,ORD0097264,2026-03-28,OUT052,Fresh,fresh_chilled,Galle,Peliyagoda,False,319.7,1.582,0,0,served,VEH002,1,2026-03-28-VEH002-T1,0.0
2026-03-28,ORD0097265,2026-03-28,OUT053,Fresh,fresh_dry,Galle,Peliyagoda,False,183.6,1.006,0,0,served,VEH027,1,2026-03-28-VEH027-T1,0.0
2026-03-28,ORD0097266,2026-03-28,OUT054,Fresh,fresh_dry,Galle,Peliyagoda,False,1186.9,5.952,0,0,served,VEH027,1,2026-03-28-VEH027-T1,0.0
2026-03-28,ORD0097267,2026-03-28,OUT055,Fresh,fresh_dry,Galle,Peliyagoda,False,483.7,2.638,0,0,served,VEH002,1,2026-03-28-VEH002-T1,0.0
2026-03-28,ORD0097268,2026-03-28,OUT055,Fresh,fresh_chilled,Galle,Peliyagoda,False,329.1,1.867,0,0,served,VEH002,1,2026-03-28-VEH002-T1,0.0
2026-03-28,ORD0097269,2026-03-28,OUT059,Fresh,fresh_dry,Matara,Peliyagoda,False,383.7,2.175,0,0,served,VEH034,1,2026-03-28-VEH034-T1,0.0
2026-03-28,ORD0097270,2026-03-28,OUT059,Fresh,fresh_chilled,Matara,Peliyagoda,False,420.2,2.344,0,0,served,VEH035,1,2026-03-28-VEH035-T1,0.0
2026-03-28,ORD0097271,2026-03-28,OUT060,Fresh,fresh_dry,Matara,Peliyagoda,False,348.5,1.966,0,0,served,VEH034,1,2026-03-28-VEH034-T1,0.0
2026-03-28,ORD0097272,2026-03-28,OUT060,Fresh,fresh_chilled,Matara,Peliyagoda,False,375.6,2.003,0,0,served,VEH035,1,2026-03-28-VEH035-T1,0.0
2026-03-28,ORD0097273,2026-03-28,OUT061,Fresh,fresh_dry,Matara,Peliyagoda,False,303.1,1.514,0,0,served,VEH034,1,2026-03-28-VEH034-T1,0.0
2026-03-28,ORD0097274,2026-03-28,OUT061,Fresh,fresh_chilled,Matara,Peliyagoda,False,223.2,1.162,0,0,served,VEH035,1,2026-03-28-VEH035-T1,0.0
2026-03-28,ORD0097275,2026-03-28,OUT062,Fresh,fresh_dry,Matara,Peliyagoda,False,463.8,2.375,0,0,served,VEH034,1,2026-03-28-VEH034-T1,0.0
2026-03-28,ORD0097276,2026-03-28,OUT065,Fresh,fresh_dry,Kurunegala,Peliyagoda,False,487.0,2.959,0,1,served,VEH025,1,2026-03-28-VEH025-T1,0.0
2026-03-28,ORD0097277,2026-03-28,OUT065,Fresh,fresh_chilled,Kurunegala,Peliyagoda,False,663.0,3.266,0,1,served,VEH003,1,2026-03-28-VEH003-T1,0.0
2026-03-28,ORD0097278,2026-03-28,OUT066,Fresh,fresh_dry,Kurunegala,Peliyagoda,False,391.1,2.052,0,0,served,VEH038,1,2026-03-28-VEH038-T1,0.0
2026-03-28,ORD0097279,2026-03-28,OUT066,Fresh,fresh_chilled,Kurunegala,Peliyagoda,False,493.2,2.458,0,0,served,VEH003,1,2026-03-28-VEH003-T1,0.0
2026-03-28,ORD0097280,2026-03-28,OUT067,Fresh,fresh_dry,Kurunegala,Peliyagoda,False,394.6,2.196,0,0,served,VEH038,1,2026-03-28-VEH038-T1,0.0
2026-03-28,ORD0097281,2026-03-28,OUT068,Fresh,fresh_dry,Kurunegala,Peliyagoda,False,328.4,1.974,0,0,served,VEH038,1,2026-03-28-VEH038-T1,0.0
2026-03-28,ORD0097282,2026-03-28,OUT068,Fresh,fresh_chilled,Kurunegala,Peliyagoda,False,291.0,1.771,0,0,served,VEH003,1,2026-03-28-VEH003-T1,0.0
2026-03-28,ORD0097283,2026-03-28,OUT069,Fresh,fresh_dry,Kurunegala,Peliyagoda,False,532.2,2.604,0,0,served,VEH025,1,2026-03-28-VEH025-T1,0.0
2026-03-28,ORD0097284,2026-03-28,OUT069,Fresh,fresh_chilled,Kurunegala,Peliyagoda,False,316.7,1.775,0,0,served,VEH003,1,2026-03-28-VEH003-T1,0.0
2026-03-28,ORD0097285,2026-03-28,OUT072,Tech,tech,Kurunegala,Peliyagoda,False,1296.9,4.391,0,0,served,VEH008,2,2026-03-28-VEH008-T2,0.0
2026-03-28,ORD0097286,2026-03-28,OUT073,Fresh,fresh_dry,Puttalam,Peliyagoda,False,502.9,2.77,0,0,served,VEH017,1,2026-03-28-VEH017-T1,0.0
2026-03-28,ORD0097287,2026-03-28,OUT074,Fresh,fresh_dry,Puttalam,Peliyagoda,False,425.0,2.405,0,0,served,VEH017,1,2026-03-28-VEH017-T1,0.0
2026-03-28,ORD0097288,2026-03-28,OUT074,Fresh,fresh_chilled,Puttalam,Peliyagoda,False,471.2,2.317,0,0,served,VEH007,1,2026-03-28-VEH007-T1,0.0
2026-03-28,ORD0097289,2026-03-28,OUT075,Fresh,fresh_dry,Puttalam,Peliyagoda,False,245.7,1.208,0,0,served,VEH007,1,2026-03-28-VEH007-T1,0.0
2026-03-28,ORD0097290,2026-03-28,OUT075,Fresh,fresh_chilled,Puttalam,Peliyagoda,False,240.2,1.36,0,0,served,VEH007,1,2026-03-28-VEH007-T1,0.0
2026-03-28,ORD0097291,2026-03-28,OUT076,Fresh,fresh_dry,Kandy,Kandy,True,152.6,0.791,0,0,served,VEH059,2,2026-03-28-VEH059-T2,0.0
2026-03-28,ORD0097292,2026-03-28,OUT076,Fresh,fresh_chilled,Kandy,Kandy,True,115.0,0.594,0,0,served,VEH058,1,2026-03-28-VEH058-T1,0.0
2026-03-28,ORD0097293,2026-03-28,OUT077,Fresh,fresh_dry,Kandy,Kandy,True,88.5,0.504,0,0,served,VEH059,2,2026-03-28-VEH059-T2,0.0
2026-03-28,ORD0097294,2026-03-28,OUT077,Fresh,fresh_chilled,Kandy,Kandy,True,94.3,0.502,0,0,served,VEH058,1,2026-03-28-VEH058-T1,0.0
2026-03-28,ORD0097295,2026-03-28,OUT078,Fresh,fresh_dry,Kandy,Kandy,True,141.2,0.741,0,0,served,VEH059,2,2026-03-28-VEH059-T2,0.0
2026-03-28,ORD0097296,2026-03-28,OUT078,Fresh,fresh_chilled,Kandy,Kandy,True,157.6,0.89,0,0,served,VEH058,1,2026-03-28-VEH058-T1,0.0
2026-03-28,ORD0097297,2026-03-28,OUT079,Fresh,fresh_dry,Kandy,Kandy,True,120.6,0.587,0,0,served,VEH058,1,2026-03-28-VEH058-T1,0.0
2026-03-28,ORD0097298,2026-03-28,OUT079,Fresh,fresh_chilled,Kandy,Kandy,True,85.4,0.509,0,0,served,VEH058,1,2026-03-28-VEH058-T1,0.0
2026-03-28,ORD0097299,2026-03-28,OUT080,Fresh,fresh_dry,Kandy,Kandy,True,129.8,0.716,0,0,served,VEH058,2,2026-03-28-VEH058-T2,0.0
2026-03-28,ORD0097300,2026-03-28,OUT081,Fresh,fresh_dry,Kandy,Kandy,True,196.2,0.973,0,0,served,VEH059,2,2026-03-28-VEH059-T2,0.0
2026-03-28,ORD0097301,2026-03-28,OUT081,Fresh,fresh_chilled,Kandy,Kandy,True,164.6,0.963,0,0,served,VEH058,1,2026-03-28-VEH058-T1,0.0
2026-03-28,ORD0097302,2026-03-28,OUT082,Fresh,fresh_dry,Kandy,Kandy,True,104.4,0.54,0,0,served,VEH059,2,2026-03-28-VEH059-T2,0.0
2026-03-28,ORD0097303,2026-03-28,OUT083,Fresh,fresh_dry,Kandy,Kandy,True,111.5,0.634,0,0,served,VEH058,1,2026-03-28-VEH058-T1,0.0
2026-03-28,ORD0097304,2026-03-28,OUT083,Fresh,fresh_chilled,Kandy,Kandy,True,120.1,0.595,0,0,served,VEH058,1,2026-03-28-VEH058-T1,0.0
2026-03-28,ORD0097305,2026-03-28,OUT084,Fresh,fresh_dry,Kandy,Kandy,False,225.3,1.306,0,0,served,VEH042,1,2026-03-28-VEH042-T1,0.0
2026-03-28,ORD0097306,2026-03-28,OUT085,Fresh,fresh_dry,Kandy,Kandy,False,305.1,1.717,0,0,served,VEH042,1,2026-03-28-VEH042-T1,0.0
2026-03-28,ORD0097307,2026-03-28,OUT086,Fresh,fresh_dry,Kandy,Kandy,False,333.3,1.877,0,0,served,VEH058,2,2026-03-28-VEH058-T2,0.0
2026-03-28,ORD0097308,2026-03-28,OUT086,Fresh,fresh_chilled,Kandy,Kandy,False,316.7,1.566,0,0,served,VEH058,2,2026-03-28-VEH058-T2,0.0
2026-03-28,ORD0097309,2026-03-28,OUT087,Fresh,fresh_dry,Kandy,Kandy,False,298.8,1.613,0,0,served,VEH042,1,2026-03-28-VEH042-T1,0.0
2026-03-28,ORD0097310,2026-03-28,OUT087,Fresh,fresh_chilled,Kandy,Kandy,False,266.6,1.748,0,0,served,VEH042,1,2026-03-28-VEH042-T1,0.0
2026-03-28,ORD0097311,2026-03-28,OUT096,Fresh,fresh_dry,Matale,Kandy,False,220.6,1.086,0,0,served,VEH039,1,2026-03-28-VEH039-T1,0.0
2026-03-28,ORD0097312,2026-03-28,OUT096,Fresh,fresh_chilled,Matale,Kandy,False,197.0,1.006,0,0,served,VEH039,1,2026-03-28-VEH039-T1,0.0
2026-03-28,ORD0097313,2026-03-28,OUT097,Fresh,fresh_dry,Matale,Kandy,False,473.8,2.606,0,0,served,VEH059,1,2026-03-28-VEH059-T1,0.0
2026-03-28,ORD0097314,2026-03-28,OUT097,Fresh,fresh_chilled,Matale,Kandy,False,543.0,2.768,0,0,served,VEH039,1,2026-03-28-VEH039-T1,0.0
2026-03-28,ORD0097315,2026-03-28,OUT098,Fresh,fresh_dry,Matale,Kandy,False,370.5,2.031,0,0,served,VEH059,1,2026-03-28-VEH059-T1,0.0
2026-03-28,ORD0097316,2026-03-28,OUT098,Fresh,fresh_chilled,Matale,Kandy,False,335.1,1.797,0,0,served,VEH039,1,2026-03-28-VEH039-T1,0.0
2026-03-28,ORD0097317,2026-03-28,OUT099,Fresh,fresh_dry,Matale,Kandy,False,464.1,2.243,0,0,served,VEH039,1,2026-03-28-VEH039-T1,0.0
2026-03-28,ORD0097318,2026-03-28,OUT099,Fresh,fresh_chilled,Matale,Kandy,False,290.5,1.377,0,0,served,VEH039,1,2026-03-28-VEH039-T1,0.0
2026-03-28,ORD0097319,2026-03-28,OUT100,Fresh,fresh_dry,Matale,Kandy,False,517.9,2.865,0,0,served,VEH039,1,2026-03-28-VEH039-T1,0.0
2026-03-28,ORD0097320,2026-03-28,OUT100,Fresh,fresh_chilled,Matale,Kandy,False,744.0,3.864,0,0,served,VEH039,1,2026-03-28-VEH039-T1,0.0
2026-03-28,ORD0097321,2026-03-28,OUT101,Fresh,fresh_dry,Matale,Kandy,False,287.3,1.736,0,0,served,VEH059,1,2026-03-28-VEH059-T1,0.0
2026-03-28,ORD0097322,2026-03-28,OUT101,Fresh,fresh_chilled,Matale,Kandy,False,440.3,2.186,0,0,served,VEH039,1,2026-03-28-VEH039-T1,0.0
2026-03-28,ORD0097323,2026-03-28,OUT103,Tech,tech,Matale,Kandy,False,814.5,2.383,0,0,served,VEH057,2,2026-03-28-VEH057-T2,0.0
2026-03-28,ORD0097324,2026-03-28,OUT104,Fresh,fresh_dry,Nuwara Eliya,Kandy,False,280.1,1.614,0,0,served,VEH041,1,2026-03-28-VEH041-T1,0.0
2026-03-28,ORD0097325,2026-03-28,OUT104,Fresh,fresh_chilled,Nuwara Eliya,Kandy,False,286.0,1.504,0,0,served,VEH041,1,2026-03-28-VEH041-T1,0.0
2026-03-28,ORD0097326,2026-03-28,OUT105,Fresh,fresh_dry,Nuwara Eliya,Kandy,False,389.9,2.065,0,0,served,VEH046,1,2026-03-28-VEH046-T1,0.0
2026-03-28,ORD0097327,2026-03-28,OUT105,Fresh,fresh_chilled,Nuwara Eliya,Kandy,False,177.7,0.977,0,0,served,VEH041,1,2026-03-28-VEH041-T1,0.0
2026-03-28,ORD0097328,2026-03-28,OUT106,Fresh,fresh_dry,Nuwara Eliya,Kandy,False,433.8,2.432,0,0,served,VEH046,1,2026-03-28-VEH046-T1,0.0
2026-03-28,ORD0097329,2026-03-28,OUT106,Fresh,fresh_chilled,Nuwara Eliya,Kandy,False,430.2,2.186,0,0,served,VEH041,1,2026-03-28-VEH041-T1,0.0
2026-03-28,ORD0097330,2026-03-28,OUT107,Fresh,fresh_dry,Nuwara Eliya,Kandy,False,511.6,2.5,0,0,served,VEH046,1,2026-03-28-VEH046-T1,0.0
2026-03-28,ORD0097331,2026-03-28,OUT108,Fresh,fresh_dry,Nuwara Eliya,Kandy,False,420.7,2.206,0,0,served,VEH046,1,2026-03-28-VEH046-T1,0.0
2026-03-28,ORD0097332,2026-03-28,OUT108,Fresh,fresh_chilled,Nuwara Eliya,Kandy,False,299.4,1.511,0,0,served,VEH041,1,2026-03-28-VEH041-T1,0.0
2026-03-28,ORD0097333,2026-03-28,OUT109,Style,style,Nuwara Eliya,Kandy,False,451.7,8.095,0,0,served,VEH060,2,2026-03-28-VEH060-T2,0.0
2026-03-28,ORD0097334,2026-03-28,OUT110,Fresh,fresh_dry,Badulla,Kandy,False,263.5,1.3,0,0,served,VEH060,1,2026-03-28-VEH060-T1,0.0
2026-03-28,ORD0097335,2026-03-28,OUT110,Fresh,fresh_chilled,Badulla,Kandy,False,225.0,1.385,0,0,served,VEH057,1,2026-03-28-VEH057-T1,0.0
2026-03-28,ORD0097336,2026-03-28,OUT111,Fresh,fresh_dry,Badulla,Kandy,False,169.8,0.883,0,0,served,VEH060,1,2026-03-28-VEH060-T1,0.0
2026-03-28,ORD0097337,2026-03-28,OUT112,Fresh,fresh_dry,Badulla,Kandy,False,521.5,2.596,0,0,served,VEH056,1,2026-03-28-VEH056-T1,0.0
2026-03-28,ORD0097338,2026-03-28,OUT112,Fresh,fresh_chilled,Badulla,Kandy,False,332.2,1.849,0,0,served,VEH057,1,2026-03-28-VEH057-T1,0.0
2026-03-28,ORD0097339,2026-03-28,OUT113,Fresh,fresh_dry,Badulla,Kandy,False,571.3,3.393,0,0,served,VEH056,1,2026-03-28-VEH056-T1,0.0
2026-03-28,ORD0097340,2026-03-28,OUT116,Fresh,fresh_dry,Kegalle,Kandy,False,552.5,2.829,0,0,served,VEH043,1,2026-03-28-VEH043-T1,0.0
2026-03-28,ORD0097341,2026-03-28,OUT117,Fresh,fresh_dry,Kegalle,Kandy,False,794.6,3.856,0,0,served,VEH043,1,2026-03-28-VEH043-T1,0.0
2026-03-28,ORD0097342,2026-03-28,OUT117,Fresh,fresh_chilled,Kegalle,Kandy,False,623.2,3.313,0,0,served,VEH043,1,2026-03-28-VEH043-T1,0.0
2026-03-28,ORD0097343,2026-03-28,OUT118,Fresh,fresh_dry,Kegalle,Kandy,False,665.7,4.131,0,0,served,VEH043,1,2026-03-28-VEH043-T1,0.0
2026-03-28,ORD0097344,2026-03-28,OUT118,Fresh,fresh_chilled,Kegalle,Kandy,False,572.0,3.062,0,0,served,VEH043,1,2026-03-28-VEH043-T1,0.0
2026-03-28,ORD0097345,2026-03-28,OUT119,Fresh,fresh_dry,Kegalle,Kandy,False,349.6,1.889,0,0,served,VEH043,1,2026-03-28-VEH043-T1,0.0
