plan_date,route_id,depot,vehicle_id,vehicle_type,vehicle_temp,trip_id,district,category,orders,stops,weight_kg,volume_m3,weight_util,volume_util,km,late_min
2026-02-16,2026-02-16-VEH001-T1,Peliyagoda,VEH001,truck,reefer,1,Gampaha,fresh_mixed,10,6,3721.0,19.396,0.6753,0.7347,91.0,0.0
2026-02-16,2026-02-16-VEH002-T1,Peliyagoda,VEH002,truck,reefer,1,Kurunegala,fresh_mixed,4,2,1392.6,7.192,0.349,0.3409,204.0,0.0
2026-02-16,2026-02-16-VEH003-T1,Peliyagoda,VEH003,truck,reefer,1,Kalutara,fresh_mixed,7,5,2538.6,13.404,0.4607,0.5077,132.0,0.0
2026-02-16,2026-02-16-VEH004-T1,Peliyagoda,VEH004,truck,reefer,1,Colombo,fresh_mixed,10,7,3369.0,17.725,0.4925,0.5307,48.0,0.0
2026-02-16,2026-02-16-VEH006-T1,Peliyagoda,VEH006,truck,reefer,1,Puttalam,fresh_mixed,3,2,789.0,4.269,0.1154,0.1278,278.0,0.0
2026-02-16,2026-02-16-VEH007-T1,Peliyagoda,VEH007,truck,reefer,1,Galle,fresh_mixed,7,4,2462.5,12.946,0.6821,0.6673,270.0,0.0
2026-02-16,2026-02-16-VEH008-T1,Peliyagoda,VEH008,truck,ambient,1,Kurunegala,fresh_dry,3,3,1214.5,6.267,0.3196,0.2849,218.0,0.0
2026-02-16,2026-02-16-VEH015-T1,Peliyagoda,VEH015,truck,ambient,1,Kalutara,fresh_dry,5,5,1804.8,9.528,0.4749,0.4331,132.0,0.0
2026-02-16,2026-02-16-VEH017-T1,Peliyagoda,VEH017,truck,ambient,1,Gampaha,fresh_dry,6,6,2851.6,15.253,0.7504,0.6933,91.0,0.0
2026-02-16,2026-02-16-VEH018-T1,Peliyagoda,VEH018,truck,ambient,1,Colombo,fresh_dry,6,6,2873.8,15.669,0.7563,0.7122,44.0,0.0
2026-02-16,2026-02-16-VEH025-T1,Peliyagoda,VEH025,truck,ambient,1,Matara,fresh_dry,4,4,1369.9,7.215,0.3605,0.328,356.0,0.0
2026-02-16,2026-02-16-VEH025-T2,Peliyagoda,VEH025,truck,ambient,2,Kalutara,style,2,2,982.7,15.907,0.2586,0.723,105.0,0.0
2026-02-16,2026-02-16-VEH035-T1,Peliyagoda,VEH035,van,reefer,1,Matara,fresh_chilled,3,3,867.1,4.664,0.8337,0.6663,344.0,0.0
2026-02-16,2026-02-16-VEH036-T1,Peliyagoda,VEH036,van,reefer,1,Puttalam,fresh_mixed,3,2,956.1,4.958,0.9193,0.7083,278.0,0.0
2026-02-16,2026-02-16-VEH037-T1,Peliyagoda,VEH037,van,ambient,1,Colombo,fresh_dry,5,5,956.4,5.183,0.8695,0.6479,40.0,0.0
2026-02-16,2026-02-16-VEH037-T2,Peliyagoda,VEH037,van,ambient,2,Galle,tech,1,1,302.6,0.961,0.2751,0.1201,240.0,0.0
2026-02-16,2026-02-16-VEH038-T1,Peliyagoda,VEH038,van,ambient,1,Galle,fresh_dry,3,3,1000.8,5.503,0.834,0.6114,260.0,0.0
2026-02-16,2026-02-16-VEH039-T1,Kandy,VEH039,truck,reefer,1,Nuwara Eliya,fresh_mixed,4,2,1081.4,5.921,0.175,0.198,170.0,0.0
2026-02-16,2026-02-16-VEH040-T1,Kandy,VEH040,truck,reefer,1,Matale,fresh_mixed,7,4,2067.7,10.854,0.3753,0.4111,76.0,0.0
2026-02-16,2026-02-16-VEH041-T1,Kandy,VEH041,truck,reefer,1,Badulla,fresh_mixed,2,1,866.3,5.106,0.24,0.2632,260.0,0.0
2026-02-16,2026-02-16-VEH042-T1,Kandy,VEH042,truck,reefer,1,Kegalle,fresh_mixed,7,4,2886.8,15.686,0.4671,0.5246,110.0,0.0
2026-02-16,2026-02-16-VEH043-T1,Kandy,VEH043,truck,reefer,1,Matale,fresh_mixed,3,2,1171.0,6.504,0.2125,0.2464,60.0,0.0
2026-02-16,2026-02-16-VEH043-T2,Kandy,VEH043,truck,reefer,2,Kandy,fresh_mixed,6,3,1928.9,10.658,0.3501,0.4037,22.0,0.0
2026-02-16,2026-02-16-VEH046-T1,Kandy,VEH046,truck,ambient,1,Nuwara Eliya,fresh_dry,3,3,1096.7,5.517,0.2886,0.2508,184.0,0.0
2026-02-16,2026-02-16-VEH046-T2,Kandy,VEH046,truck,ambient,2,Matale,style,1,1,944.0,16.17,0.2484,0.735,52.0,0.0
2026-02-16,2026-02-16-VEH056-T1,Kandy,VEH056,truck,ambient,1,Badulla,fresh_dry,2,2,657.8,3.553,0.1731,0.1615,276.0,0.0
2026-02-16,2026-02-16-VEH057-T1,Kandy,VEH057,van,reefer,1,Badulla,fresh_chilled,2,2,296.9,1.636,0.2855,0.2337,276.0,0.0
2026-02-16,2026-02-16-VEH058-T1,Kandy,VEH058,van,reefer,1,Kandy,fresh_mixed,8,4,949.8,5.128,0.9133,0.7326,25.0,0.0
2026-02-16,2026-02-16-VEH059-T1,Kandy,VEH059,van,ambient,1,Kandy,fresh_dry,5,5,773.4,4.137,0.6445,0.4597,28.0,0.0
2026-02-16,2026-02-16-VEH059-T2,Kandy,VEH059,van,ambient,2,Matale,tech,1,1,787.9,2.709,0.6566,0.301,52.0,0.0
2026-02-16,2026-02-16-VEH060-T1,Kandy,VEH060,van,ambient,1,Badulla,fresh_dry,1,1,263.8,1.444,0.2198,0.1604,260.0,0.0
2026-02-16,2026-02-16-VEH060-T2,Kandy,VEH060,van,ambient,2,Badulla,style,1,1,485.9,8.523,0.4049,0.947,260.0,0.0
2026-02-17,2026-02-17-VEH001-T1,Peliyagoda,VEH001,truck,reefer,1,Kurunegala,fresh_mixed,4,3,1550.6,8.426,0.2814,0.3192,218.0,0.0
2026-02-17,2026-02-17-VEH002-T1,Peliyagoda,VEH002,truck,reefer,1,Puttalam,fresh_mixed,3,2,943.2,5.008,0.2364,0.2373,278.0,0.0
2026-02-17,2026-02-17-VEH003-T1,Peliyagoda,VEH003,truck,reefer,1,Kurunegala,fresh_mixed,3,2,889.6,4.833,0.1615,0.1831,204.0,0.0
2026-02-17,2026-02-17-VEH004-T1,Peliyagoda,VEH004,truck,reefer,1,Gampaha,fresh_mixed,10,9,3630.6,19.964,0.5308,0.5977,112.0,0.0
2026-02-17,2026-02-17-VEH005-T1,Peliyagoda,VEH005,truck,reefer,1,Galle,fresh_mixed,7,4,1963.7,10.352,0.2871,0.3099,270.0,0.0
2026-02-17,2026-02-17-VEH006-T1,Peliyagoda,VEH006,truck,reefer,1,Kalutara,fresh_mixed,8,7,2431.8,13.601,0.3555,0.4072,150.0,0.0
2026-02-17,2026-02-17-VEH007-T1,Peliyagoda,VEH007,truck,reefer,1,Matara,fresh_mixed,5,3,1742.9,9.222,0.4828,0.4754,344.0,0.0
2026-02-17,2026-02-17-VEH015-T1,Peliyagoda,VEH015,truck,ambient,1,Kurunegala,fresh_dry,3,3,853.6,4.769,0.2246,0.2168,218.0,0.0
2026-02-17,2026-02-17-VEH016-T1,Peliyagoda,VEH016,truck,ambient,1,Puttalam,fresh_dry,2,2,506.7,2.585,0.1333,0.1175,278.0,0.0
2026-02-17,2026-02-17-VEH018-T1,Peliyagoda,VEH018,truck,ambient,1,Colombo,fresh_dry,8,8,3303.5,17.621,0.8693,0.801,52.0,0.0
2026-02-17,2026-02-17-VEH025-T1,Peliyagoda,VEH025,truck,ambient,1,Gampaha,fresh_dry,9,9,3739.6,20.352,0.9841,0.9251,112.0,0.0
2026-02-17,2026-02-17-VEH027-T1,Peliyagoda,VEH027,truck,ambient,1,Kalutara,fresh_dry,6,6,2376.7,12.718,0.6254,0.5781,141.0,0.0
2026-02-17,2026-02-17-VEH035-T1,Peliyagoda,VEH035,van,reefer,1,Matara,fresh_mixed,3,2,839.8,4.6,0.8075,0.6571,332.0,0.0
2026-02-17,2026-02-17-VEH036-T1,Peliyagoda,VEH036,van,reefer,1,Colombo,fresh_chilled,5,5,1015.1,5.641,0.9761,0.8059,40.0,0.0
2026-02-17,2026-02-17-VEH036-T2,Peliyagoda,VEH036,van,reefer,2,Colombo,fresh_chilled,3,3,729.8,3.82,0.7017,0.5457,32.0,0.0
2026-02-17,2026-02-17-VEH037-T1,Peliyagoda,VEH037,van,ambient,1,Colombo,fresh_dry,6,6,1097.9,6.024,0.9981,0.753,44.0,0.0
2026-02-17,2026-02-17-VEH037-T2,Peliyagoda,VEH037,van,ambient,2,Colombo,tech,1,1,882.8,2.778,0.8025,0.3473,24.0,0.0
2026-02-17,2026-02-17-VEH038-T1,Peliyagoda,VEH038,van,ambient,1,Galle,fresh_dry,3,3,1077.3,6.131,0.8977,0.6812,260.0,0.0
2026-02-17,2026-02-17-VEH038-T2,Peliyagoda,VEH038,van,ambient,2,Colombo,tech,1,1,1021.6,3.126,0.8513,0.3473,24.0,0.0
2026-02-17,2026-02-17-VEH039-T1,Kandy,VEH039,truck,reefer,1,Nuwara Eliya,fresh_mixed,5,3,1573.4,8.21,0.2546,0.2746,184.0,0.0
2026-02-17,2026-02-17-VEH041-T1,Kandy,VEH041,truck,reefer,1,Nuwara Eliya,fresh_mixed,5,3,1407.0,7.793,0.3898,0.4017,184.0,0.0
2026-02-17,2026-02-17-VEH042-T1,Kandy,VEH042,truck,reefer,1,Kegalle,fresh_mixed,3,2,889.1,4.644,0.1439,0.1553,90.0,0.0
2026-02-17,2026-02-17-VEH042-T2,Kandy,VEH042,truck,reefer,2,Kandy,fresh_mixed,4,2,1117.8,5.793,0.1809,0.1937,19.0,0.0
2026-02-17,2026-02-17-VEH043-T1,Kandy,VEH043,truck,reefer,1,Matale,fresh_mixed,6,4,2527.1,14.133,0.4586,0.5353,76.0,0.0
2026-02-17,2026-02-17-VEH048-T1,Kandy,VEH048,truck,ambient,1,Kegalle,fresh_dry,2,2,1304.8,7.084,0.3107,0.2952,90.0,0.0
2026-02-17,2026-02-17-VEH048-T2,Kandy,VEH048,truck,ambient,2,Matale,fresh_dry,4,4,1369.6,7.503,0.3261,0.3126,76.0,0.0
2026-02-17,2026-02-17-VEH056-T1,Kandy,VEH056,truck,ambient,1,Badulla,fresh_dry,2,2,890.3,4.947,0.2343,0.2249,276.0,0.0
2026-02-17,2026-02-17-VEH057-T1,Kandy,VEH057,van,reefer,1,Badulla,fresh_chilled,2,2,536.4,3.117,0.5158,0.4453,276.0,0.0
2026-02-17,2026-02-17-VEH058-T1,Kandy,VEH058,van,reefer,1,Kandy,fresh_mixed,7,5,998.8,5.586,0.9604,0.798,28.0,0.0
2026-02-17,2026-02-17-VEH058-T2,Kandy,VEH058,van,reefer,2,Kandy,fresh_mixed,2,2,520.5,2.871,0.5005,0.4101,19.0,0.0
2026-02-17,2026-02-17-VEH059-T1,Kandy,VEH059,van,ambient,1,Badulla,fresh_dry,2,2,393.1,1.858,0.3276,0.2064,276.0,0.0
2026-02-17,2026-02-17-VEH060-T1,Kandy,VEH060,van,ambient,1,Kandy,fresh_dry,7,7,817.1,4.704,0.6809,0.5227,34.0,0.0
2026-02-18,2026-02-18-VEH001-T1,Peliyagoda,VEH001,truck,reefer,1,Gampaha,fresh_chilled,3,3,1893.4,10.136,0.3436,0.3839,70.0,0.0
2026-02-18,2026-02-18-VEH001-T2,Peliyagoda,VEH001,truck,reefer,2,Colombo,fresh_mixed,5,5,1926.8,9.859,0.3497,0.3734,40.0,0.0
2026-02-18,2026-02-18-VEH002-T1,Peliyagoda,VEH002,truck,reefer,1,Kurunegala,fresh_mixed,4,3,1217.6,6.557,0.3052,0.3108,218.0,0.0
2026-02-18,2026-02-18-VEH003-T1,Peliyagoda,VEH003,truck,reefer,1,Kalutara,fresh_mixed,6,3,2569.6,14.08,0.4664,0.5333,114.0,0.0
2026-02-18,2026-02-18-VEH004-T1,Peliyagoda,VEH004,truck,reefer,1,Colombo,fresh_mixed,10,9,3408.5,18.274,0.4983,0.5471,56.0,0.0
2026-02-18,2026-02-18-VEH005-T1,Peliyagoda,VEH005,truck,reefer,1,Gampaha,fresh_mixed,10,8,3787.9,21.247,0.5538,0.6361,105.0,0.0
2026-02-18,2026-02-18-VEH007-T1,Peliyagoda,VEH007,truck,reefer,1,Galle,fresh_mixed,7,6,2036.0,10.707,0.564,0.5519,290.0,0.0
2026-02-18,2026-02-18-VEH015-T1,Peliyagoda,VEH015,truck,ambient,1,Kurunegala,fresh_dry,4,4,1587.0,8.224,0.4176,0.3738,232.0,0.0
2026-02-18,2026-02-18-VEH016-T1,Peliyagoda,VEH016,truck,ambient,1,Gampaha,fresh_dry,2,2,1043.7,5.403,0.2747,0.2456,63.0,0.0
2026-02-18,2026-02-18-VEH016-T2,Peliyagoda,VEH016,truck,ambient,2,Matara,fresh_dry,1,1,304.3,1.348,0.0801,0.0613,320.0,0.0
2026-02-18,2026-02-18-VEH017-T1,Peliyagoda,VEH017,truck,ambient,1,Puttalam,fresh_dry,2,2,725.3,3.802,0.1909,0.1728,278.0,0.0
2026-02-18,2026-02-18-VEH017-T2,Peliyagoda,VEH017,truck,ambient,2,Gampaha,style,2,2,1129.0,17.158,0.2971,0.7799,63.0,0.0
2026-02-18,2026-02-18-VEH025-T1,Peliyagoda,VEH025,truck,ambient,1,Galle,fresh_dry,5,5,1923.2,10.558,0.5061,0.4799,280.0,0.0
2026-02-18,2026-02-18-VEH035-T1,Peliyagoda,VEH035,van,reefer,1,Puttalam,fresh_mixed,3,2,772.4,4.313,0.7427,0.6161,278.0,0.0
2026-02-18,2026-02-18-VEH036-T1,Peliyagoda,VEH036,van,reefer,1,Colombo,fresh_mixed,7,5,989.4,5.408,0.9513,0.7726,40.0,0.0
2026-02-18,2026-02-18-VEH036-T2,Peliyagoda,VEH036,van,reefer,2,Colombo,fresh_dry,1,1,693.2,3.786,0.6665,0.5409,24.0,0.0
2026-02-18,2026-02-18-VEH037-T1,Peliyagoda,VEH037,van,ambient,1,Kalutara,fresh_dry,4,4,935.1,4.705,0.8501,0.5881,123.0,0.0
2026-02-18,2026-02-18-VEH037-T2,Peliyagoda,VEH037,van,ambient,2,Kalutara,tech,1,1,800.1,2.877,0.7274,0.3596,96.0,0.0
2026-02-18,2026-02-18-VEH038-T1,Peliyagoda,VEH038,van,ambient,1,Matara,fresh_dry,3,3,1191.3,6.212,0.9927,0.6902,344.0,0.0
2026-02-18,2026-02-18-VEH038-T2,Peliyagoda,VEH038,van,ambient,2,Gampaha,style,1,1,527.7,8.428,0.4398,0.9364,56.0,0.0
2026-02-18,2026-02-18-VEH039-T1,Kandy,VEH039,truck,reefer,1,Nuwara Eliya,fresh_mixed,5,4,1259.8,6.722,0.2039,0.2248,198.0,0.0
2026-02-18,2026-02-18-VEH040-T1,Kandy,VEH040,truck,reefer,1,Kegalle,fresh_mixed,7,4,2897.9,14.553,0.5259,0.5513,110.0,0.0
2026-02-18,2026-02-18-VEH041-T1,Kandy,VEH041,truck,reefer,1,Badulla,fresh_chilled,2,2,277.7,1.484,0.0769,0.0765,276.0,0.0
2026-02-18,2026-02-18-VEH042-T1,Kandy,VEH042,truck,reefer,1,Matale,fresh_mixed,8,4,3272.0,17.125,0.5294,0.5727,76.0,0.0
2026-02-18,2026-02-18-VEH046-T1,Kandy,VEH046,truck,ambient,1,Kandy,fresh_dry,3,3,740.5,3.951,0.1949,0.1796,22.0,0.0
2026-02-18,2026-02-18-VEH052-T1,Kandy,VEH052,truck,ambient,1,Nuwara Eliya,fresh_dry,4,4,1478.1,8.105,0.3519,0.3377,198.0,0.0
2026-02-18,2026-02-18-VEH056-T1,Kandy,VEH056,truck,ambient,1,Badulla,fresh_dry,2,2,947.1,4.959,0.2492,0.2254,276.0,0.0
2026-02-18,2026-02-18-VEH056-T2,Kandy,VEH056,truck,ambient,2,Kegalle,style,1,1,665.1,12.197,0.175,0.5544,80.0,0.0
2026-02-18,2026-02-18-VEH057-T1,Kandy,VEH057,van,reefer,1,Badulla,fresh_chilled,2,2,648.3,3.389,0.6234,0.4841,276.0,0.0
2026-02-18,2026-02-18-VEH058-T1,Kandy,VEH058,van,reefer,1,Kandy,fresh_mixed,7,6,934.8,5.048,0.8988,0.7211,31.0,0.0
2026-02-18,2026-02-18-VEH058-T2,Kandy,VEH058,van,reefer,2,Kandy,fresh_mixed,3,3,702.3,3.809,0.6753,0.5441,22.0,0.0
2026-02-18,2026-02-18-VEH059-T1,Kandy,VEH059,van,ambient,1,Kandy,fresh_dry,7,7,1069.5,5.59,0.8912,0.6211,34.0,0.0
2026-02-18,2026-02-18-VEH059-T2,Kandy,VEH059,van,ambient,2,Matale,fresh_dry,2,2,594.6,3.083,0.4955,0.3426,60.0,0.0
2026-02-18,2026-02-18-VEH060-T1,Kandy,VEH060,van,ambient,1,Badulla,fresh_dry,2,2,398.0,2.227,0.3317,0.2474,276.0,0.0
2026-02-18,2026-02-18-VEH060-T2,Kandy,VEH060,van,ambient,2,Kandy,tech,2,2,1131.8,3.96,0.9432,0.44,19.0,0.0
2026-02-19,2026-02-19-VEH001-T1,Peliyagoda,VEH001,truck,reefer,1,Kurunegala,fresh_mixed,4,3,1649.8,9.144,0.2994,0.3464,218.0,0.0
2026-02-19,2026-02-19-VEH002-T1,Peliyagoda,VEH002,truck,reefer,1,Puttalam,fresh_mixed,3,2,1059.6,5.563,0.2656,0.2636,278.0,0.0
2026-02-19,2026-02-19-VEH003-T1,Peliyagoda,VEH003,truck,reefer,1,Gampaha,fresh_mixed,9,6,2750.9,15.277,0.4993,0.5787,91.0,0.0
2026-02-19,2026-02-19-VEH004-T1,Peliyagoda,VEH004,truck,reefer,1,Colombo,fresh_mixed,10,6,2887.1,15.669,0.4221,0.4691,44.0,0.0
2026-02-19,2026-02-19-VEH005-T1,Peliyagoda,VEH005,truck,reefer,1,Galle,fresh_mixed,7,6,2066.7,10.982,0.3021,0.3288,290.0,0.0
2026-02-19,2026-02-19-VEH006-T1,Peliyagoda,VEH006,truck,reefer,1,Kalutara,fresh_mixed,7,5,2089.1,11.894,0.3054,0.3561,132.0,0.0
2026-02-19,2026-02-19-VEH007-T1,Peliyagoda,VEH007,truck,reefer,1,Matara,fresh_mixed,5,3,1866.8,9.684,0.5171,0.4992,344.0,0.0
2026-02-19,2026-02-19-VEH015-T1,Peliyagoda,VEH015,truck,ambient,1,Colombo,fresh_dry,5,5,2646.0,14.105,0.6963,0.6411,40.0,0.0
2026-02-19,2026-02-19-VEH015-T2,Peliyagoda,VEH015,truck,ambient,2,Colombo,style,2,2,1037.4,18.476,0.273,0.8398,28.0,0.0
2026-02-19,2026-02-19-VEH016-T1,Peliyagoda,VEH016,truck,ambient,1,Kurunegala,fresh_dry,4,4,1546.3,8.292,0.4069,0.3769,232.0,0.0
2026-02-19,2026-02-19-VEH018-T1,Peliyagoda,VEH018,truck,ambient,1,Gampaha,fresh_dry,7,7,3637.6,19.116,0.9573,0.8689,98.0,0.0
2026-02-19,2026-02-19-VEH025-T1,Peliyagoda,VEH025,truck,ambient,1,Galle,fresh_dry,5,5,2037.3,10.67,0.5361,0.485,280.0,0.0
2026-02-19,2026-02-19-VEH025-T2,Peliyagoda,VEH025,truck,ambient,2,Colombo,style,3,3,1267.3,20.972,0.3335,0.9533,32.0,0.0
2026-02-19,2026-02-19-VEH034-T1,Peliyagoda,VEH034,truck,ambient,1,Kalutara,fresh_dry,5,5,2653.7,14.126,0.6983,0.6421,132.0,0.0
2026-02-19,2026-02-19-VEH035-T1,Peliyagoda,VEH035,van,reefer,1,Matara,fresh_mixed,3,2,968.7,5.337,0.9314,0.7624,332.0,0.0
2026-02-19,2026-02-19-VEH036-T1,Peliyagoda,VEH036,van,reefer,1,Colombo,fresh_mixed,5,4,961.5,4.897,0.9245,0.6996,36.0,0.0
2026-02-19,2026-02-19-VEH036-T2,Peliyagoda,VEH036,van,reefer,2,Colombo,fresh_chilled,2,2,759.8,4.339,0.7306,0.6199,28.0,0.0
2026-02-19,2026-02-19-VEH037-T1,Peliyagoda,VEH037,van,ambient,1,Colombo,fresh_dry,4,4,903.7,5.083,0.8215,0.6354,36.0,0.0
2026-02-19,2026-02-19-VEH038-T1,Peliyagoda,VEH038,van,ambient,1,Puttalam,fresh_dry,2,2,565.3,3.227,0.4711,0.3586,278.0,0.0
2026-02-19,2026-02-19-VEH038-T2,Peliyagoda,VEH038,van,ambient,2,Colombo,style,1,1,566.4,8.663,0.472,0.9626,24.0,0.0
2026-02-19,2026-02-19-VEH039-T1,Kandy,VEH039,truck,reefer,1,Nuwara Eliya,fresh_mixed,5,3,1597.7,8.693,0.2585,0.2907,184.0,0.0
2026-02-19,2026-02-19-VEH040-T1,Kandy,VEH040,truck,reefer,1,Matale,fresh_mixed,6,3,2334.4,12.333,0.4237,0.4672,68.0,0.0
2026-02-19,2026-02-19-VEH040-T2,Kandy,VEH040,truck,reefer,2,Kandy,fresh_mixed,3,2,832.9,4.203,0.1512,0.1592,19.0,0.0
2026-02-19,2026-02-19-VEH041-T1,Kandy,VEH041,truck,reefer,1,Badulla,fresh_chilled,2,2,353.4,2.052,0.0979,0.1058,276.0,0.0
2026-02-19,2026-02-19-VEH042-T1,Kandy,VEH042,truck,reefer,1,Kegalle,fresh_mixed,7,4,3398.5,17.888,0.5499,0.5983,110.0,0.0
2026-02-19,2026-02-19-VEH046-T1,Kandy,VEH046,truck,ambient,1,Badulla,fresh_dry,2,2,508.3,2.666,0.1338,0.1212,276.0,0.0
2026-02-19,2026-02-19-VEH046-T2,Kandy,VEH046,truck,ambient,2,Kandy,style,2,2,1037.6,14.799,0.2731,0.6727,19.0,0.0
2026-02-19,2026-02-19-VEH048-T1,Kandy,VEH048,truck,ambient,1,Matale,fresh_dry,3,3,1061.5,5.802,0.2527,0.2417,68.0,0.0
2026-02-19,2026-02-19-VEH056-T1,Kandy,VEH056,truck,ambient,1,Badulla,fresh_dry,1,1,410.5,2.238,0.108,0.1017,260.0,0.0
2026-02-19,2026-02-19-VEH056-T2,Kandy,VEH056,truck,ambient,2,Kandy,style,1,1,517.5,7.106,0.1362,0.323,16.0,0.0
2026-02-19,2026-02-19-VEH057-T1,Kandy,VEH057,van,reefer,1,Badulla,fresh_mixed,2,1,670.7,3.989,0.6449,0.5699,260.0,0.0
2026-02-19,2026-02-19-VEH058-T1,Kandy,VEH058,van,reefer,1,Kandy,fresh_mixed,8,6,946.1,5.151,0.9097,0.7359,31.0,0.0
2026-02-19,2026-02-19-VEH058-T2,Kandy,VEH058,van,reefer,2,Kandy,fresh_mixed,3,3,810.2,4.352,0.779,0.6217,22.0,0.0
2026-02-19,2026-02-19-VEH059-T1,Kandy,VEH059,van,ambient,1,Kandy,fresh_dry,7,7,979.4,5.356,0.8162,0.5951,34.0,0.0
2026-02-19,2026-02-19-VEH059-T2,Kandy,VEH059,van,ambient,2,Kandy,style,2,2,471.7,7.407,0.3931,0.823,19.0,0.0
2026-02-19,2026-02-19-VEH060-T1,Kandy,VEH060,van,ambient,1,Nuwara Eliya,fresh_dry,3,3,922.7,5.287,0.7689,0.5874,184.0,0.0
2026-02-19,2026-02-19-VEH060-T2,Kandy,VEH060,van,ambient,2,Kandy,tech,1,1,154.8,0.476,0.129,0.0529,16.0,0.0
2026-02-20,2026-02-20-VEH001-T1,Peliyagoda,VEH001,truck,reefer,1,Puttalam,fresh_mixed,2,1,833.7,4.49,0.1513,0.1701,260.0,0.0
2026-02-20,2026-02-20-VEH002-T1,Peliyagoda,VEH002,truck,reefer,1,Galle,fresh_mixed,4,2,1809.4,9.762,0.4535,0.4627,250.0,0.0
2026-02-20,2026-02-20-VEH003-T1,Peliyagoda,VEH003,truck,reefer,1,Kurunegala,fresh_mixed,4,3,1918.6,11.053,0.3482,0.4187,218.0,0.0
2026-02-20,2026-02-20-VEH004-T1,Peliyagoda,VEH004,truck,reefer,1,Colombo,fresh_mixed,10,7,4158.1,23.269,0.6079,0.6967,48.0,0.0
2026-02-20,2026-02-20-VEH005-T1,Peliyagoda,VEH005,truck,reefer,1,Gampaha,fresh_mixed,10,6,5662.3,30.154,0.8278,0.9028,91.0,0.0
2026-02-20,2026-02-20-VEH006-T1,Peliyagoda,VEH006,truck,reefer,1,Gampaha,fresh_mixed,6,4,2629.7,13.993,0.3845,0.419,77.0,0.0
2026-02-20,2026-02-20-VEH006-T2,Peliyagoda,VEH006,truck,reefer,2,Colombo,fresh_mixed,3,2,1683.1,8.855,0.2461,0.2651,28.0,0.0
2026-02-20,2026-02-20-VEH007-T1,Peliyagoda,VEH007,truck,reefer,1,Matara,fresh_mixed,5,3,2080.6,11.519,0.5763,0.5938,344.0,0.0
2026-02-20,2026-02-20-VEH008-T1,Peliyagoda,VEH008,truck,ambient,1,Kalutara,fresh_dry,6,6,2740.6,14.578,0.7212,0.6626,141.0,0.0
2026-02-20,2026-02-20-VEH015-T1,Peliyagoda,VEH015,truck,ambient,1,Galle,fresh_dry,4,4,1318.6,7.405,0.347,0.3366,270.0,0.0
2026-02-20,2026-02-20-VEH015-T2,Peliyagoda,VEH015,truck,ambient,2,Galle,style,2,2,1264.6,19.826,0.3328,0.9012,250.0,0.0
2026-02-20,2026-02-20-VEH016-T1,Peliyagoda,VEH016,truck,ambient,1,Matara,fresh_dry,1,1,477.9,2.504,0.1258,0.1138,320.0,0.0
2026-02-20,2026-02-20-VEH018-T1,Peliyagoda,VEH018,truck,ambient,1,Kurunegala,fresh_dry,4,4,1709.9,9.57,0.45,0.435,232.0,0.0
2026-02-20,2026-02-20-VEH018-T2,Peliyagoda,VEH018,truck,ambient,2,Kurunegala,style,2,2,1140.5,19.045,0.3001,0.8657,204.0,0.0
2026-02-20,2026-02-20-VEH035-T1,Peliyagoda,VEH035,van,reefer,1,Kalutara,fresh_mixed,4,3,899.4,4.873,0.8648,0.6961,114.0,0.0
2026-02-20,2026-02-20-VEH035-T2,Peliyagoda,VEH035,van,reefer,2,Colombo,tech,1,1,692.7,2.112,0.6661,0.3017,24.0,0.0
2026-02-20,2026-02-20-VEH036-T1,Peliyagoda,VEH036,van,reefer,1,Colombo,fresh_mixed,7,4,966.1,5.256,0.9289,0.7509,36.0,0.0
2026-02-20,2026-02-20-VEH037-T1,Peliyagoda,VEH037,van,ambient,1,Puttalam,fresh_dry,2,2,656.6,3.165,0.5969,0.3956,278.0,0.0
2026-02-20,2026-02-20-VEH037-T2,Peliyagoda,VEH037,van,ambient,2,Matara,style,1,1,443.6,7.148,0.4033,0.8935,320.0,0.0
2026-02-20,2026-02-20-VEH038-T1,Peliyagoda,VEH038,van,ambient,1,Colombo,fresh_dry,3,3,1022.6,5.824,0.8522,0.6471,32.0,0.0
2026-02-20,2026-02-20-VEH038-T2,Peliyagoda,VEH038,van,ambient,2,Colombo,tech,1,1,562.1,1.665,0.4684,0.185,24.0,0.0
2026-02-20,2026-02-20-VEH039-T1,Kandy,VEH039,truck,reefer,1,Kandy,fresh_mixed,7,4,2523.5,13.814,0.4083,0.462,25.0,0.0
2026-02-20,2026-02-20-VEH041-T1,Kandy,VEH041,truck,reefer,1,Nuwara Eliya,fresh_mixed,4,2,1435.9,7.451,0.3978,0.3841,170.0,0.0
2026-02-20,2026-02-20-VEH042-T1,Kandy,VEH042,truck,reefer,1,Kegalle,fresh_mixed,8,4,4365.3,23.432,0.7064,0.7837,110.0,0.0
2026-02-20,2026-02-20-VEH043-T1,Kandy,VEH043,truck,reefer,1,Matale,fresh_mixed,7,4,2407.0,13.245,0.4368,0.5017,76.0,0.0
2026-02-20,2026-02-20-VEH046-T1,Kandy,VEH046,truck,ambient,1,Badulla,fresh_dry,2,2,492.2,2.671,0.1295,0.1214,276.0,0.0
2026-02-20,2026-02-20-VEH056-T1,Kandy,VEH056,truck,ambient,1,Nuwara Eliya,fresh_dry,3,3,1021.0,5.766,0.2687,0.2621,184.0,0.0
2026-02-20,2026-02-20-VEH057-T1,Kandy,VEH057,van,reefer,1,Badulla,fresh_chilled,2,2,421.0,2.378,0.4048,0.3397,276.0,0.0
2026-02-20,2026-02-20-VEH058-T1,Kandy,VEH058,van,reefer,1,Kandy,fresh_mixed,8,5,1035.8,5.612,0.996,0.8017,28.0,0.0
2026-02-20,2026-02-20-VEH059-T1,Kandy,VEH059,van,ambient,1,Matale,fresh_dry,2,2,1052.3,5.804,0.8769,0.6449,60.0,0.0
2026-02-20,2026-02-20-VEH059-T2,Kandy,VEH059,van,ambient,2,Kandy,fresh_dry,5,5,841.4,4.711,0.7012,0.5234,28.0,0.0
2026-02-20,2026-02-20-VEH060-T1,Kandy,VEH060,van,ambient,1,Badulla,fresh_dry,2,2,1159.1,6.421,0.9659,0.7134,276.0,0.0
2026-02-21,2026-02-21-VEH001-T1,Peliyagoda,VEH001,truck,reefer,1,Kurunegala,fresh_chilled,4,4,1683.0,8.734,0.3054,0.3308,232.0,0.0
2026-02-21,2026-02-21-VEH002-T1,Peliyagoda,VEH002,truck,reefer,1,Puttalam,fresh_mixed,3,2,854.0,4.738,0.214,0.2245,278.0,0.0
2026-02-21,2026-02-21-VEH003-T1,Peliyagoda,VEH003,truck,reefer,1,Kalutara,fresh_mixed,8,5,2807.0,14.824,0.5094,0.5615,132.0,0.0
2026-02-21,2026-02-21-VEH004-T1,Peliyagoda,VEH004,truck,reefer,1,Galle,fresh_mixed,7,5,2247.9,12.513,0.3286,0.3746,280.0,0.0
2026-02-21,2026-02-21-VEH005-T1,Peliyagoda,VEH005,truck,reefer,1,Colombo,fresh_mixed,9,6,4450.6,23.875,0.6507,0.7148,44.0,0.0
2026-02-21,2026-02-21-VEH006-T1,Peliyagoda,VEH006,truck,reefer,1,Gampaha,fresh_mixed,9,5,5523.8,27.246,0.8076,0.8157,84.0,0.0
2026-02-21,2026-02-21-VEH007-T1,Peliyagoda,VEH007,truck,reefer,1,Matara,fresh_mixed,5,3,1927.7,10.806,0.534,0.557,344.0,0.0
2026-02-21,2026-02-21-VEH015-T1,Peliyagoda,VEH015,truck,ambient,1,Gampaha,fresh_dry,3,3,1676.2,9.533,0.4411,0.4333,70.0,0.0
2026-02-21,2026-02-21-VEH015-T2,Peliyagoda,VEH015,truck,ambient,2,Colombo,fresh_dry,3,3,1120.0,6.032,0.2947,0.2742,32.0,0.0
2026-02-21,2026-02-21-VEH017-T1,Peliyagoda,VEH017,truck,ambient,1,Kurunegala,fresh_dry,3,3,1144.8,6.186,0.3013,0.2812,218.0,0.0
2026-02-21,2026-02-21-VEH025-T1,Peliyagoda,VEH025,truck,ambient,1,Kurunegala,fresh_dry,2,2,935.8,5.06,0.2463,0.23,204.0,0.0
2026-02-21,2026-02-21-VEH027-T1,Peliyagoda,VEH027,truck,ambient,1,Kalutara,fresh_dry,4,4,1781.3,9.434,0.4688,0.4288,123.0,0.0
2026-02-21,2026-02-21-VEH027-T2,Peliyagoda,VEH027,truck,ambient,2,Gampaha,tech,2,2,2110.2,7.627,0.5553,0.3467,63.0,0.0
2026-02-21,2026-02-21-VEH034-T1,Peliyagoda,VEH034,truck,ambient,1,Puttalam,fresh_dry,2,2,757.0,4.566,0.1992,0.2075,278.0,0.0
2026-02-21,2026-02-21-VEH035-T1,Peliyagoda,VEH035,van,reefer,1,Matara,fresh_dry,2,2,942.6,5.136,0.9063,0.7337,332.0,0.0
2026-02-21,2026-02-21-VEH035-T2,Peliyagoda,VEH035,van,reefer,2,Kurunegala,tech,1,1,639.4,2.107,0.6148,0.301,190.0,0.0
2026-02-21,2026-02-21-VEH036-T1,Peliyagoda,VEH036,van,reefer,1,Gampaha,fresh_chilled,3,3,899.4,4.986,0.8648,0.7123,70.0,0.0
2026-02-21,2026-02-21-VEH036-T2,Peliyagoda,VEH036,van,reefer,2,Colombo,fresh_mixed,5,3,593.3,3.146,0.5705,0.4494,32.0,0.0
2026-02-21,2026-02-21-VEH037-T1,Peliyagoda,VEH037,van,ambient,1,Gampaha,fresh_dry,3,3,1045.9,5.383,0.9508,0.6729,70.0,0.0
2026-02-21,2026-02-21-VEH037-T2,Peliyagoda,VEH037,van,ambient,2,Colombo,fresh_dry,3,3,776.9,4.429,0.7063,0.5536,32.0,0.0
2026-02-21,2026-02-21-VEH038-T1,Peliyagoda,VEH038,van,ambient,1,Colombo,fresh_dry,2,2,800.8,4.22,0.6673,0.4689,28.0,0.0
2026-02-21,2026-02-21-VEH038-T2,Peliyagoda,VEH038,van,ambient,2,Galle,fresh_dry,1,1,761.4,4.176,0.6345,0.464,240.0,0.0
2026-02-21,2026-02-21-VEH039-T1,Kandy,VEH039,truck,reefer,1,Kegalle,fresh_mixed,6,4,3377.0,17.823,0.5464,0.5961,110.0,0.0
2026-02-21,2026-02-21-VEH041-T1,Kandy,VEH041,truck,reefer,1,Nuwara Eliya,fresh_mixed,5,4,1595.2,8.615,0.4419,0.4441,198.0,0.0
2026-02-21,2026-02-21-VEH042-T1,Kandy,VEH042,truck,reefer,1,Matale,fresh_mixed,6,4,2596.9,14.374,0.4202,0.4807,76.0,0.0
2026-02-21,2026-02-21-VEH042-T2,Kandy,VEH042,truck,reefer,2,Kandy,fresh_mixed,3,2,814.6,4.315,0.1318,0.1443,19.0,0.0
2026-02-21,2026-02-21-VEH046-T1,Kandy,VEH046,truck,ambient,1,Badulla,fresh_dry,2,2,1193.4,6.858,0.3141,0.3117,276.0,0.0
2026-02-21,2026-02-21-VEH052-T1,Kandy,VEH052,truck,ambient,1,Nuwara Eliya,fresh_dry,4,4,1562.9,8.119,0.3721,0.3383,198.0,0.0
2026-02-21,2026-02-21-VEH056-T1,Kandy,VEH056,truck,ambient,1,Kandy,fresh_dry,3,3,926.8,5.284,0.2439,0.2402,22.0,0.0
2026-02-21,2026-02-21-VEH056-T2,Kandy,VEH056,truck,ambient,2,Matale,fresh_dry,2,2,1106.4,5.324,0.2912,0.242,60.0,0.0
2026-02-21,2026-02-21-VEH057-T1,Kandy,VEH057,van,reefer,1,Badulla,fresh_chilled,2,2,625.9,3.245,0.6018,0.4636,276.0,0.0
2026-02-21,2026-02-21-VEH057-T2,Kandy,VEH057,van,reefer,2,Matale,tech,1,1,751.8,2.439,0.7229,0.3484,52.0,0.0
2026-02-21,2026-02-21-VEH058-T1,Kandy,VEH058,van,reefer,1,Kandy,fresh_mixed,8,6,1024.5,5.709,0.9851,0.8156,31.0,0.0
2026-02-21,2026-02-21-VEH058-T2,Kandy,VEH058,van,reefer,2,Matale,fresh_chilled,2,2,630.6,3.397,0.6063,0.4853,60.0,0.0
2026-02-21,2026-02-21-VEH059-T1,Kandy,VEH059,van,ambient,1,Kandy,fresh_dry,6,6,894.5,4.684,0.7454,0.5204,31.0,0.0
2026-02-21,2026-02-21-VEH059-T2,Kandy,VEH059,van,ambient,2,Matale,fresh_dry,2,2,736.0,3.856,0.6133,0.4284,60.0,0.0
2026-02-21,2026-02-21-VEH060-T1,Kandy,VEH060,van,ambient,1,Badulla,fresh_dry,2,2,571.4,2.967,0.4762,0.3297,276.0,0.0
2026-02-21,2026-02-21-VEH060-T2,Kandy,VEH060,van,ambient,2,Nuwara Eliya,style,1,1,453.6,8.181,0.378,0.909,156.0,0.0
2026-02-23,2026-02-23-VEH001-T1,Peliyagoda,VEH001,truck,reefer,1,Colombo,fresh_mixed,10,8,4316.6,22.267,0.7834,0.8434,52.0,0.0
2026-02-23,2026-02-23-VEH002-T1,Peliyagoda,VEH002,truck,reefer,1,Kurunegala,fresh_mixed,4,3,1293.4,6.91,0.3242,0.3275,218.0,0.0
2026-02-23,2026-02-23-VEH003-T1,Peliyagoda,VEH003,truck,reefer,1,Kalutara,fresh_mixed,8,5,3324.3,18.606,0.6033,0.7048,132.0,0.0
2026-02-23,2026-02-23-VEH005-T1,Peliyagoda,VEH005,truck,reefer,1,Gampaha,fresh_mixed,10,6,4375.5,24.789,0.6397,0.7422,91.0,0.0
2026-02-23,2026-02-23-VEH006-T1,Peliyagoda,VEH006,truck,reefer,1,Puttalam,fresh_mixed,3,2,931.6,4.855,0.1362,0.1454,278.0,0.0
2026-02-23,2026-02-23-VEH007-T1,Peliyagoda,VEH007,truck,reefer,1,Galle,fresh_mixed,7,4,2354.5,12.707,0.6522,0.655,270.0,0.0
2026-02-23,2026-02-23-VEH008-T1,Peliyagoda,VEH008,truck,ambient,1,Kalutara,fresh_dry,4,4,1503.7,7.541,0.3957,0.3428,123.0,0.0
2026-02-23,2026-02-23-VEH015-T1,Peliyagoda,VEH015,truck,ambient,1,Matara,fresh_dry,1,1,268.4,1.534,0.0706,0.0697,320.0,0.0
2026-02-23,2026-02-23-VEH016-T1,Peliyagoda,VEH016,truck,ambient,1,Galle,fresh_dry,3,3,939.7,5.258,0.2473,0.239,260.0,0.0
2026-02-23,2026-02-23-VEH017-T1,Peliyagoda,VEH017,truck,ambient,1,Colombo,fresh_dry,6,6,2543.8,13.316,0.6694,0.6053,44.0,0.0
2026-02-23,2026-02-23-VEH018-T1,Peliyagoda,VEH018,truck,ambient,1,Gampaha,fresh_dry,6,6,2360.3,12.671,0.6211,0.576,91.0,0.0
2026-02-23,2026-02-23-VEH025-T1,Peliyagoda,VEH025,truck,ambient,1,Kurunegala,fresh_dry,3,3,1380.3,7.08,0.3632,0.3218,218.0,0.0
2026-02-23,2026-02-23-VEH035-T1,Peliyagoda,VEH035,van,reefer,1,Matara,fresh_chilled,3,3,939.5,5.086,0.9034,0.7266,344.0,0.0
2026-02-23,2026-02-23-VEH036-T1,Peliyagoda,VEH036,van,reefer,1,Puttalam,fresh_mixed,3,2,1015.5,5.13,0.9764,0.7329,278.0,0.0
2026-02-23,2026-02-23-VEH037-T1,Peliyagoda,VEH037,van,ambient,1,Colombo,fresh_dry,5,5,932.7,5.123,0.8479,0.6404,40.0,0.0
2026-02-23,2026-02-23-VEH037-T2,Peliyagoda,VEH037,van,ambient,2,Kalutara,style,1,1,457.9,7.51,0.4163,0.9387,96.0,0.0
2026-02-23,2026-02-23-VEH038-T1,Peliyagoda,VEH038,van,ambient,1,Matara,fresh_dry,3,3,1167.6,5.963,0.973,0.6626,344.0,0.0
2026-02-23,2026-02-23-VEH038-T2,Peliyagoda,VEH038,van,ambient,2,Kalutara,style,1,1,582.3,8.925,0.4852,0.9917,96.0,0.0
2026-02-23,2026-02-23-VEH039-T1,Kandy,VEH039,truck,reefer,1,Nuwara Eliya,fresh_mixed,4,2,1088.7,6.107,0.1762,0.2042,170.0,0.0
2026-02-23,2026-02-23-VEH040-T1,Kandy,VEH040,truck,reefer,1,Matale,fresh_mixed,6,4,1948.2,10.685,0.3536,0.4047,76.0,0.0
2026-02-23,2026-02-23-VEH041-T1,Kandy,VEH041,truck,reefer,1,Badulla,fresh_mixed,2,1,886.0,4.671,0.2454,0.2408,260.0,0.0
2026-02-23,2026-02-23-VEH042-T1,Kandy,VEH042,truck,reefer,1,Kegalle,fresh_mixed,7,4,3430.8,18.97,0.5551,0.6344,110.0,0.0
2026-02-23,2026-02-23-VEH043-T1,Kandy,VEH043,truck,reefer,1,Kandy,fresh_mixed,5,3,1563.8,8.373,0.2838,0.3172,22.0,0.0
2026-02-23,2026-02-23-VEH043-T2,Kandy,VEH043,truck,reefer,2,Matale,fresh_mixed,2,1,752.6,4.302,0.1366,0.163,52.0,0.0
2026-02-23,2026-02-23-VEH046-T1,Kandy,VEH046,truck,ambient,1,Nuwara Eliya,fresh_dry,3,3,1139.9,6.172,0.3,0.2805,184.0,0.0
2026-02-23,2026-02-23-VEH046-T2,Kandy,VEH046,truck,ambient,2,Badulla,style,1,1,731.9,11.623,0.1926,0.5283,260.0,0.0
2026-02-23,2026-02-23-VEH056-T1,Kandy,VEH056,truck,ambient,1,Badulla,fresh_dry,1,1,194.0,0.936,0.0511,0.0425,260.0,0.0
2026-02-23,2026-02-23-VEH056-T2,Kandy,VEH056,truck,ambient,2,Matale,style,1,1,731.9,11.143,0.1926,0.5065,52.0,0.0
2026-02-23,2026-02-23-VEH057-T1,Kandy,VEH057,van,reefer,1,Badulla,fresh_chilled,2,2,395.8,2.08,0.3806,0.2971,276.0,0.0
2026-02-23,2026-02-23-VEH058-T1,Kandy,VEH058,van,reefer,1,Matale,fresh_mixed,2,2,694.6,3.794,0.6679,0.542,60.0,0.0
2026-02-23,2026-02-23-VEH058-T2,Kandy,VEH058,van,reefer,2,Kandy,fresh_mixed,6,5,1015.7,5.519,0.9766,0.7884,28.0,0.0
2026-02-23,2026-02-23-VEH059-T1,Kandy,VEH059,van,ambient,1,Kandy,fresh_dry,8,8,1123.2,5.961,0.936,0.6623,37.0,0.0
2026-02-23,2026-02-23-VEH060-T1,Kandy,VEH060,van,ambient,1,Badulla,fresh_dry,2,2,631.4,3.311,0.5262,0.3679,276.0,0.0
2026-02-24,2026-02-24-VEH001-T1,Peliyagoda,VEH001,truck,reefer,1,Kurunegala,fresh_mixed,4,3,1301.8,6.804,0.2363,0.2577,218.0,0.0
2026-02-24,2026-02-24-VEH002-T1,Peliyagoda,VEH002,truck,reefer,1,Puttalam,fresh_mixed,3,2,703.0,3.763,0.1762,0.1783,278.0,0.0
2026-02-24,2026-02-24-VEH003-T1,Peliyagoda,VEH003,truck,reefer,1,Kalutara,fresh_mixed,8,7,3001.5,15.312,0.5447,0.58,150.0,0.0
2026-02-24,2026-02-24-VEH004-T1,Peliyagoda,VEH004,truck,reefer,1,Matara,fresh_mixed,5,4,1468.2,7.841,0.2146,0.2348,356.0,0.0
2026-02-24,2026-02-24-VEH005-T1,Peliyagoda,VEH005,truck,reefer,1,Galle,fresh_mixed,7,4,1981.9,10.601,0.2898,0.3174,270.0,0.0
2026-02-24,2026-02-24-VEH006-T1,Peliyagoda,VEH006,truck,reefer,1,Kurunegala,fresh_mixed,4,2,1649.9,8.929,0.2412,0.2673,204.0,0.0
2026-02-24,2026-02-24-VEH007-T1,Peliyagoda,VEH007,truck,reefer,1,Gampaha,fresh_mixed,9,6,3304.5,18.357,0.9154,0.9462,91.0,0.0
2026-02-24,2026-02-24-VEH008-T1,Peliyagoda,VEH008,truck,ambient,1,Colombo,fresh_dry,6,6,2829.5,14.69,0.7446,0.6677,44.0,0.0
2026-02-24,2026-02-24-VEH015-T1,Peliyagoda,VEH015,truck,ambient,1,Galle,fresh_dry,3,3,1397.1,7.141,0.3677,0.3246,260.0,0.0
2026-02-24,2026-02-24-VEH016-T1,Peliyagoda,VEH016,truck,ambient,1,Kurunegala,fresh_dry,2,2,534.8,2.683,0.1407,0.122,204.0,0.0
2026-02-24,2026-02-24-VEH017-T1,Peliyagoda,VEH017,truck,ambient,1,Kalutara,fresh_dry,6,6,1677.6,8.757,0.4415,0.398,141.0,0.0
2026-02-24,2026-02-24-VEH018-T1,Peliyagoda,VEH018,truck,ambient,1,Gampaha,fresh_dry,7,7,2998.0,17.01,0.7889,0.7732,98.0,0.0
2026-02-24,2026-02-24-VEH025-T1,Peliyagoda,VEH025,truck,ambient,1,Puttalam,fresh_dry,2,2,838.2,4.005,0.2206,0.182,278.0,0.0
2026-02-24,2026-02-24-VEH035-T1,Peliyagoda,VEH035,van,reefer,1,Colombo,fresh_mixed,3,2,819.2,4.365,0.7877,0.6236,28.0,0.0
2026-02-24,2026-02-24-VEH035-T2,Peliyagoda,VEH035,van,reefer,2,Gampaha,fresh_chilled,3,3,824.0,4.482,0.7923,0.6403,70.0,0.0
2026-02-24,2026-02-24-VEH036-T1,Peliyagoda,VEH036,van,reefer,1,Colombo,fresh_mixed,5,4,816.8,4.592,0.7854,0.656,36.0,0.0
2026-02-24,2026-02-24-VEH036-T2,Peliyagoda,VEH036,van,reefer,2,Colombo,fresh_mixed,4,3,893.1,4.874,0.8588,0.6963,32.0,0.0
2026-02-24,2026-02-24-VEH037-T1,Peliyagoda,VEH037,van,ambient,1,Colombo,fresh_dry,4,4,879.5,4.6,0.7995,0.575,36.0,0.0
2026-02-24,2026-02-24-VEH037-T2,Peliyagoda,VEH037,van,ambient,2,Matara,tech,1,1,272.1,0.911,0.2474,0.1139,320.0,0.0
2026-02-24,2026-02-24-VEH038-T1,Peliyagoda,VEH038,van,ambient,1,Matara,fresh_dry,3,3,1079.1,6.249,0.8992,0.6943,344.0,0.0
2026-02-24,2026-02-24-VEH038-T2,Peliyagoda,VEH038,van,ambient,2,Colombo,tech,1,1,775.2,2.41,0.646,0.2678,24.0,0.0
2026-02-24,2026-02-24-VEH041-T1,Kandy,VEH041,truck,reefer,1,Nuwara Eliya,fresh_chilled,5,5,1154.8,6.033,0.3199,0.311,212.0,0.0
2026-02-24,2026-02-24-VEH042-T1,Kandy,VEH042,truck,reefer,1,Kegalle,fresh_mixed,3,2,987.4,5.758,0.1598,0.1926,90.0,0.0
2026-02-24,2026-02-24-VEH042-T2,Kandy,VEH042,truck,reefer,2,Matale,fresh_mixed,3,2,987.5,5.358,0.1598,0.1792,60.0,0.0
2026-02-24,2026-02-24-VEH043-T1,Kandy,VEH043,truck,reefer,1,Matale,fresh_mixed,4,2,2026.9,10.748,0.3679,0.4071,60.0,0.0
2026-02-24,2026-02-24-VEH043-T2,Kandy,VEH043,truck,reefer,2,Kandy,fresh_mixed,3,2,713.3,3.883,0.1295,0.1471,19.0,0.0
2026-02-24,2026-02-24-VEH046-T1,Kandy,VEH046,truck,ambient,1,Badulla,fresh_dry,2,2,403.3,2.334,0.1061,0.1061,276.0,0.0
2026-02-24,2026-02-24-VEH048-T1,Kandy,VEH048,truck,ambient,1,Nuwara Eliya,fresh_dry,5,5,1629.4,8.661,0.388,0.3609,212.0,0.0
2026-02-24,2026-02-24-VEH056-T1,Kandy,VEH056,truck,ambient,1,Badulla,fresh_dry,2,2,975.8,5.302,0.2568,0.241,276.0,0.0
2026-02-24,2026-02-24-VEH057-T1,Kandy,VEH057,van,reefer,1,Badulla,fresh_chilled,2,2,468.3,2.497,0.4503,0.3567,276.0,0.0
2026-02-24,2026-02-24-VEH058-T1,Kandy,VEH058,van,reefer,1,Kandy,fresh_mixed,7,6,1017.0,5.612,0.9779,0.8017,31.0,0.0
2026-02-24,2026-02-24-VEH058-T2,Kandy,VEH058,van,reefer,2,Kandy,fresh_mixed,3,3,703.0,3.644,0.676,0.5206,22.0,0.0
2026-02-24,2026-02-24-VEH059-T1,Kandy,VEH059,van,ambient,1,Kegalle,fresh_dry,2,2,921.4,4.814,0.7678,0.5349,90.0,0.0
2026-02-24,2026-02-24-VEH059-T2,Kandy,VEH059,van,ambient,2,Matale,fresh_dry,3,3,1016.0,5.385,0.8467,0.5983,68.0,0.0
2026-02-24,2026-02-24-VEH060-T1,Kandy,VEH060,van,ambient,1,Kandy,fresh_dry,7,7,1178.5,6.087,0.9821,0.6763,34.0,0.0
2026-02-25,2026-02-25-VEH001-T1,Peliyagoda,VEH001,truck,reefer,1,Colombo,fresh_mixed,9,5,4247.5,22.371,0.7709,0.8474,40.0,0.0
2026-02-25,2026-02-25-VEH002-T1,Peliyagoda,VEH002,truck,reefer,1,Kurunegala,fresh_mixed,4,3,1239.9,6.821,0.3108,0.3233,218.0,0.0
2026-02-25,2026-02-25-VEH003-T1,Peliyagoda,VEH003,truck,reefer,1,Gampaha,fresh_mixed,8,5,4303.3,23.391,0.781,0.886,84.0,0.0
2026-02-25,2026-02-25-VEH005-T1,Peliyagoda,VEH005,truck,reefer,1,Kalutara,fresh_mixed,7,5,3446.0,18.273,0.5038,0.5471,132.0,0.0
2026-02-25,2026-02-25-VEH007-T1,Peliyagoda,VEH007,truck,reefer,1,Galle,fresh_mixed,7,6,2793.3,14.997,0.7738,0.773,290.0,0.0
2026-02-25,2026-02-25-VEH008-T1,Peliyagoda,VEH008,truck,ambient,1,Kalutara,fresh_dry,3,3,1060.8,5.41,0.2792,0.2459,114.0,0.0
2026-02-25,2026-02-25-VEH008-T2,Peliyagoda,VEH008,truck,ambient,2,Gampaha,style,2,2,1333.9,21.365,0.351,0.9711,63.0,0.0
2026-02-25,2026-02-25-VEH015-T1,Peliyagoda,VEH015,truck,ambient,1,Galle,fresh_dry,5,5,2221.4,11.205,0.5846,0.5093,280.0,0.0
2026-02-25,2026-02-25-VEH016-T1,Peliyagoda,VEH016,truck,ambient,1,Kurunegala,fresh_dry,4,4,1643.6,8.607,0.4325,0.3912,232.0,0.0
2026-02-25,2026-02-25-VEH017-T1,Peliyagoda,VEH017,truck,ambient,1,Gampaha,fresh_dry,7,7,2712.0,14.263,0.7137,0.6483,98.0,0.0
2026-02-25,2026-02-25-VEH025-T1,Peliyagoda,VEH025,truck,ambient,1,Matara,fresh_dry,1,1,388.7,2.205,0.1023,0.1002,320.0,0.0
2026-02-25,2026-02-25-VEH027-T1,Peliyagoda,VEH027,truck,ambient,1,Colombo,fresh_dry,7,7,3147.9,17.274,0.8284,0.7852,48.0,0.0
2026-02-25,2026-02-25-VEH027-T2,Peliyagoda,VEH027,truck,ambient,2,Gampaha,style,1,1,858.9,14.008,0.226,0.6367,56.0,0.0
2026-02-25,2026-02-25-VEH035-T1,Peliyagoda,VEH035,van,reefer,1,Puttalam,fresh_mixed,3,2,935.4,4.781,0.8994,0.683,278.0,0.0
2026-02-25,2026-02-25-VEH036-T1,Peliyagoda,VEH036,van,reefer,1,Colombo,fresh_mixed,7,5,1009.5,5.476,0.9707,0.7823,40.0,0.0
2026-02-25,2026-02-25-VEH037-T1,Peliyagoda,VEH037,van,ambient,1,Puttalam,fresh_dry,2,2,633.5,3.332,0.5759,0.4165,278.0,0.0
2026-02-25,2026-02-25-VEH037-T2,Peliyagoda,VEH037,van,ambient,2,Kalutara,tech,1,1,975.3,3.397,0.8866,0.4246,96.0,0.0
2026-02-25,2026-02-25-VEH038-T1,Peliyagoda,VEH038,van,ambient,1,Matara,fresh_dry,3,3,1108.2,5.931,0.9235,0.659,344.0,0.0
2026-02-25,2026-02-25-VEH039-T1,Kandy,VEH039,truck,reefer,1,Badulla,fresh_chilled,2,2,706.8,3.627,0.1144,0.1213,276.0,0.0
2026-02-25,2026-02-25-VEH040-T1,Kandy,VEH040,truck,reefer,1,Nuwara Eliya,fresh_mixed,5,4,1488.3,8.205,0.2701,0.3108,198.0,0.0
2026-02-25,2026-02-25-VEH041-T1,Kandy,VEH041,truck,reefer,1,Badulla,fresh_chilled,2,2,475.5,2.471,0.1317,0.1274,276.0,0.0
2026-02-25,2026-02-25-VEH042-T1,Kandy,VEH042,truck,reefer,1,Matale,fresh_mixed,8,4,3440.2,18.329,0.5567,0.613,76.0,0.0
2026-02-25,2026-02-25-VEH043-T1,Kandy,VEH043,truck,reefer,1,Kandy,fresh_mixed,4,2,1473.4,8.029,0.2674,0.3041,19.0,0.0
2026-02-25,2026-02-25-VEH046-T1,Kandy,VEH046,truck,ambient,1,Badulla,fresh_dry,2,2,593.0,3.146,0.1561,0.143,276.0,0.0
2026-02-25,2026-02-25-VEH046-T2,Kandy,VEH046,truck,ambient,2,Kegalle,style,1,1,1073.5,17.75,0.2825,0.8068,80.0,0.0
2026-02-25,2026-02-25-VEH048-T1,Kandy,VEH048,truck,ambient,1,Nuwara Eliya,fresh_dry,4,4,1544.5,7.96,0.3677,0.3317,198.0,0.0
2026-02-25,2026-02-25-VEH052-T1,Kandy,VEH052,truck,ambient,1,Kegalle,fresh_dry,3,3,1872.3,10.161,0.4458,0.4234,100.0,0.0
2026-02-25,2026-02-25-VEH052-T2,Kandy,VEH052,truck,ambient,2,Matale,fresh_dry,2,2,716.2,3.833,0.1705,0.1597,60.0,0.0
2026-02-25,2026-02-25-VEH056-T1,Kandy,VEH056,truck,ambient,1,Badulla,fresh_dry,2,2,749.7,4.044,0.1973,0.1838,276.0,0.0
2026-02-25,2026-02-25-VEH056-T2,Kandy,VEH056,truck,ambient,2,Kandy,tech,2,2,3193.1,10.491,0.8403,0.4769,19.0,0.0
2026-02-25,2026-02-25-VEH057-T1,Kandy,VEH057,van,reefer,1,Kandy,fresh_mixed,7,5,1030.4,5.677,0.9908,0.811,28.0,0.0
2026-02-25,2026-02-25-VEH057-T2,Kandy,VEH057,van,reefer,2,Kegalle,fresh_mixed,2,2,994.2,5.112,0.956,0.7303,90.0,0.0
2026-02-25,2026-02-25-VEH058-T1,Kandy,VEH058,van,reefer,1,Kegalle,fresh_chilled,2,2,635.0,3.436,0.6106,0.4909,90.0,0.0
2026-02-25,2026-02-25-VEH058-T2,Kandy,VEH058,van,reefer,2,Kandy,fresh_mixed,4,2,671.5,3.588,0.6457,0.5126,19.0,0.0
2026-02-25,2026-02-25-VEH059-T1,Kandy,VEH059,van,ambient,1,Kandy,fresh_dry,5,5,870.2,4.704,0.7252,0.5227,28.0,0.0
2026-02-25,2026-02-25-VEH059-T2,Kandy,VEH059,van,ambient,2,Kandy,tech,1,1,201.1,0.699,0.1676,0.0777,16.0,0.0
2026-02-26,2026-02-26-VEH001-T1,Peliyagoda,VEH001,truck,reefer,1,Matara,fresh_mixed,5,4,2004.8,10.975,0.3638,0.4157,356.0,0.0
2026-02-26,2026-02-26-VEH002-T1,Peliyagoda,VEH002,truck,reefer,1,Puttalam,fresh_mixed,3,2,1290.7,6.833,0.3235,0.3238,278.0,0.0
2026-02-26,2026-02-26-VEH003-T1,Peliyagoda,VEH003,truck,reefer,1,Kalutara,fresh_chilled,3,3,860.8,4.65,0.1562,0.1761,114.0,0.0
2026-02-26,2026-02-26-VEH003-T2,Peliyagoda,VEH003,truck,reefer,2,Gampaha,fresh_chilled,2,2,862.5,4.439,0.1565,0.1681,63.0,0.0
2026-02-26,2026-02-26-VEH004-T1,Peliyagoda,VEH004,truck,reefer,1,Colombo,fresh_mixed,8,5,3837.5,19.966,0.561,0.5978,40.0,0.0
2026-02-26,2026-02-26-VEH005-T1,Peliyagoda,VEH005,truck,reefer,1,Galle,fresh_mixed,7,6,2608.6,14.295,0.3814,0.428,290.0,0.0
2026-02-26,2026-02-26-VEH006-T1,Peliyagoda,VEH006,truck,reefer,1,Kalutara,fresh_mixed,3,2,1842.2,8.911,0.2693,0.2668,105.0,0.0
2026-02-26,2026-02-26-VEH006-T2,Peliyagoda,VEH006,truck,reefer,2,Gampaha,fresh_mixed,3,3,1850.4,9.714,0.2705,0.2908,70.0,0.0
2026-02-26,2026-02-26-VEH007-T1,Peliyagoda,VEH007,truck,reefer,1,Kurunegala,fresh_mixed,4,3,1653.5,9.108,0.458,0.4695,218.0,0.0
2026-02-26,2026-02-26-VEH015-T1,Peliyagoda,VEH015,truck,ambient,1,Kalutara,fresh_dry,6,6,2840.5,14.906,0.7475,0.6775,141.0,0.0
2026-02-26,2026-02-26-VEH015-T2,Peliyagoda,VEH015,truck,ambient,2,Colombo,style,2,2,1352.5,21.755,0.3559,0.9889,28.0,0.0
2026-02-26,2026-02-26-VEH016-T1,Peliyagoda,VEH016,truck,ambient,1,Galle,fresh_dry,5,5,2246.5,12.571,0.5912,0.5714,280.0,0.0
2026-02-26,2026-02-26-VEH016-T2,Peliyagoda,VEH016,truck,ambient,2,Colombo,style,2,2,1255.0,20.913,0.3303,0.9506,28.0,0.0
2026-02-26,2026-02-26-VEH017-T1,Peliyagoda,VEH017,truck,ambient,1,Gampaha,fresh_dry,8,8,3739.4,20.428,0.9841,0.9285,105.0,0.0
2026-02-26,2026-02-26-VEH017-T2,Peliyagoda,VEH017,truck,ambient,2,Colombo,style,1,1,683.8,11.203,0.1799,0.5092,24.0,0.0
2026-02-26,2026-02-26-VEH025-T1,Peliyagoda,VEH025,truck,ambient,1,Matara,fresh_dry,3,3,1309.0,7.274,0.3445,0.3306,344.0,0.0
2026-02-26,2026-02-26-VEH027-T1,Peliyagoda,VEH027,truck,ambient,1,Colombo,fresh_dry,5,5,2231.8,12.505,0.5873,0.5684,40.0,0.0
2026-02-26,2026-02-26-VEH034-T1,Peliyagoda,VEH034,truck,ambient,1,Kurunegala,fresh_dry,4,4,1584.5,8.311,0.417,0.3778,232.0,0.0
2026-02-26,2026-02-26-VEH035-T1,Peliyagoda,VEH035,van,reefer,1,Colombo,fresh_chilled,4,4,1015.2,5.677,0.9762,0.811,36.0,0.0
2026-02-26,2026-02-26-VEH035-T2,Peliyagoda,VEH035,van,reefer,2,Gampaha,fresh_chilled,3,3,877.0,4.978,0.8433,0.7111,70.0,0.0
2026-02-26,2026-02-26-VEH036-T1,Peliyagoda,VEH036,van,reefer,1,Colombo,fresh_mixed,5,4,848.3,4.364,0.8157,0.6234,36.0,0.0
2026-02-26,2026-02-26-VEH037-T1,Peliyagoda,VEH037,van,ambient,1,Colombo,fresh_dry,4,4,1018.1,5.332,0.9255,0.6665,36.0,0.0
2026-02-26,2026-02-26-VEH038-T1,Peliyagoda,VEH038,van,ambient,1,Puttalam,fresh_dry,2,2,537.1,2.852,0.4476,0.3169,278.0,0.0
2026-02-26,2026-02-26-VEH038-T2,Peliyagoda,VEH038,van,ambient,2,Colombo,style,1,1,548.9,8.016,0.4574,0.8907,24.0,0.0
2026-02-26,2026-02-26-VEH039-T1,Kandy,VEH039,truck,reefer,1,Nuwara Eliya,fresh_mixed,5,3,1870.8,9.559,0.3027,0.3197,184.0,0.0
2026-02-26,2026-02-26-VEH040-T1,Kandy,VEH040,truck,reefer,1,Matale,fresh_mixed,9,6,4484.2,24.01,0.8138,0.9095,92.0,0.0
2026-02-26,2026-02-26-VEH041-T1,Kandy,VEH041,truck,reefer,1,Badulla,fresh_mixed,2,2,908.5,4.847,0.2517,0.2498,276.0,0.0
2026-02-26,2026-02-26-VEH042-T1,Kandy,VEH042,truck,reefer,1,Kegalle,fresh_mixed,7,4,4135.8,21.418,0.6692,0.7163,110.0,0.0
2026-02-26,2026-02-26-VEH046-T1,Kandy,VEH046,truck,ambient,1,Badulla,fresh_dry,1,1,318.2,1.569,0.0837,0.0713,260.0,0.0
2026-02-26,2026-02-26-VEH046-T2,Kandy,VEH046,truck,ambient,2,Kandy,style,3,3,1295.1,21.701,0.3408,0.9864,22.0,0.0
2026-02-26,2026-02-26-VEH052-T1,Kandy,VEH052,truck,ambient,1,Nuwara Eliya,fresh_dry,3,3,1253.0,6.786,0.2983,0.2828,184.0,0.0
2026-02-26,2026-02-26-VEH056-T1,Kandy,VEH056,truck,ambient,1,Badulla,fresh_dry,2,2,745.8,4.31,0.1963,0.1959,276.0,0.0
2026-02-26,2026-02-26-VEH057-T1,Kandy,VEH057,van,reefer,1,Badulla,fresh_chilled,2,2,426.4,2.289,0.41,0.327,276.0,0.0
2026-02-26,2026-02-26-VEH057-T2,Kandy,VEH057,van,reefer,2,Kandy,style,1,1,431.6,6.246,0.415,0.8923,16.0,0.0
2026-02-26,2026-02-26-VEH058-T1,Kandy,VEH058,van,reefer,1,Kandy,fresh_chilled,7,7,982.6,5.241,0.9448,0.7487,34.0,0.0
2026-02-26,2026-02-26-VEH058-T2,Kandy,VEH058,van,reefer,2,Kandy,fresh_mixed,4,3,1021.1,5.661,0.9818,0.8087,22.0,0.0
2026-02-26,2026-02-26-VEH059-T1,Kandy,VEH059,van,ambient,1,Kandy,fresh_dry,4,4,1171.7,6.074,0.9764,0.6749,25.0,0.0
2026-02-26,2026-02-26-VEH059-T2,Kandy,VEH059,van,ambient,2,Kandy,tech,2,2,1176.0,3.806,0.98,0.4229,19.0,0.0
2026-02-26,2026-02-26-VEH060-T1,Kandy,VEH060,van,ambient,1,Kandy,fresh_dry,6,6,1120.4,5.794,0.9337,0.6438,31.0,0.0
2026-02-26,2026-02-26-VEH060-T2,Kandy,VEH060,van,ambient,2,Kandy,style,1,1,209.6,3.28,0.1747,0.3644,16.0,0.0
2026-02-27,2026-02-27-VEH001-T1,Peliyagoda,VEH001,truck,reefer,1,Kalutara,fresh_mixed,5,3,1417.0,7.731,0.2572,0.2928,114.0,0.0
2026-02-27,2026-02-27-VEH002-T1,Peliyagoda,VEH002,truck,reefer,1,Matara,fresh_mixed,5,3,2358.0,13.329,0.591,0.6317,344.0,0.0
2026-02-27,2026-02-27-VEH003-T1,Peliyagoda,VEH003,truck,reefer,1,Kurunegala,fresh_mixed,4,3,2190.2,11.632,0.3975,0.4406,218.0,0.0
2026-02-27,2026-02-27-VEH004-T1,Peliyagoda,VEH004,truck,reefer,1,Colombo,fresh_mixed,9,5,5616.3,30.147,0.8211,0.9026,40.0,0.0
2026-02-27,2026-02-27-VEH005-T1,Peliyagoda,VEH005,truck,reefer,1,Gampaha,fresh_mixed,10,6,5173.9,27.808,0.7564,0.8326,91.0,0.0
2026-02-27,2026-02-27-VEH007-T1,Peliyagoda,VEH007,truck,reefer,1,Galle,fresh_mixed,4,2,1914.2,11.077,0.5302,0.571,250.0,0.0
2026-02-27,2026-02-27-VEH008-T1,Peliyagoda,VEH008,truck,ambient,1,Gampaha,fresh_dry,4,4,3314.6,17.523,0.8723,0.7965,77.0,0.0
2026-02-27,2026-02-27-VEH015-T1,Peliyagoda,VEH015,truck,ambient,1,Kurunegala,fresh_dry,4,4,1815.6,9.732,0.4778,0.4424,232.0,0.0
2026-02-27,2026-02-27-VEH015-T2,Peliyagoda,VEH015,truck,ambient,2,Galle,style,2,2,1304.3,21.247,0.3432,0.9658,250.0,0.0
2026-02-27,2026-02-27-VEH018-T1,Peliyagoda,VEH018,truck,ambient,1,Colombo,fresh_dry,4,4,2023.0,11.172,0.5324,0.5078,36.0,0.0
2026-02-27,2026-02-27-VEH018-T2,Peliyagoda,VEH018,truck,ambient,2,Matara,style,1,1,584.6,9.559,0.1538,0.4345,320.0,0.0
2026-02-27,2026-02-27-VEH025-T1,Peliyagoda,VEH025,truck,ambient,1,Kalutara,fresh_dry,5,5,2988.7,16.029,0.7865,0.7286,132.0,0.0
2026-02-27,2026-02-27-VEH025-T2,Peliyagoda,VEH025,truck,ambient,2,Colombo,tech,3,3,3792.5,12.023,0.998,0.5465,32.0,0.0
2026-02-27,2026-02-27-VEH027-T1,Peliyagoda,VEH027,truck,ambient,1,Matara,fresh_dry,1,1,589.6,2.955,0.1552,0.1343,320.0,0.0
2026-02-27,2026-02-27-VEH027-T2,Peliyagoda,VEH027,truck,ambient,2,Gampaha,tech,2,2,2831.1,9.573,0.745,0.4351,63.0,0.0
2026-02-27,2026-02-27-VEH034-T1,Peliyagoda,VEH034,truck,ambient,1,Galle,fresh_dry,4,4,1584.6,8.3,0.417,0.3773,270.0,0.0
2026-02-27,2026-02-27-VEH034-T2,Peliyagoda,VEH034,truck,ambient,2,Kurunegala,style,2,2,908.9,14.365,0.2392,0.653,204.0,0.0
2026-02-27,2026-02-27-VEH035-T1,Peliyagoda,VEH035,van,reefer,1,Puttalam,fresh_mixed,2,1,929.6,5.368,0.8938,0.7669,260.0,0.0
2026-02-27,2026-02-27-VEH036-T1,Peliyagoda,VEH036,van,reefer,1,Colombo,fresh_mixed,7,4,979.0,5.394,0.9413,0.7706,36.0,0.0
2026-02-27,2026-02-27-VEH037-T1,Peliyagoda,VEH037,van,ambient,1,Puttalam,fresh_dry,2,2,797.0,3.94,0.7245,0.4925,278.0,0.0
2026-02-27,2026-02-27-VEH037-T2,Peliyagoda,VEH037,van,ambient,2,Kurunegala,tech,1,1,620.7,2.054,0.5643,0.2567,190.0,0.0
2026-02-27,2026-02-27-VEH038-T1,Peliyagoda,VEH038,van,ambient,1,Colombo,fresh_dry,3,3,970.9,5.236,0.8091,0.5818,32.0,0.0
2026-02-27,2026-02-27-VEH038-T2,Peliyagoda,VEH038,van,ambient,2,Gampaha,fresh_dry,2,2,982.5,5.611,0.8187,0.6234,63.0,0.0
2026-02-27,2026-02-27-VEH039-T1,Kandy,VEH039,truck,reefer,1,Kegalle,fresh_mixed,8,4,4741.0,25.4,0.7672,0.8495,110.0,0.0
2026-02-27,2026-02-27-VEH041-T1,Kandy,VEH041,truck,reefer,1,Badulla,fresh_chilled,2,2,574.8,3.279,0.1592,0.169,276.0,0.0
2026-02-27,2026-02-27-VEH042-T1,Kandy,VEH042,truck,reefer,1,Nuwara Eliya,fresh_mixed,4,2,1447.1,7.913,0.2342,0.2646,170.0,0.0
2026-02-27,2026-02-27-VEH043-T1,Kandy,VEH043,truck,reefer,1,Matale,fresh_mixed,9,6,4715.8,25.269,0.8559,0.9572,92.0,0.0
2026-02-27,2026-02-27-VEH046-T1,Kandy,VEH046,truck,ambient,1,Badulla,fresh_dry,2,2,752.5,3.858,0.198,0.1754,276.0,0.0
2026-02-27,2026-02-27-VEH056-T1,Kandy,VEH056,truck,ambient,1,Nuwara Eliya,fresh_dry,3,3,1193.7,6.537,0.3141,0.2971,184.0,0.0
2026-02-27,2026-02-27-VEH056-T2,Kandy,VEH056,truck,ambient,2,Badulla,tech,1,1,1962.5,7.024,0.5164,0.3193,260.0,0.0
2026-02-27,2026-02-27-VEH057-T1,Kandy,VEH057,van,reefer,1,Kandy,fresh_mixed,5,3,792.9,4.333,0.7624,0.619,22.0,0.0
2026-02-27,2026-02-27-VEH057-T2,Kandy,VEH057,van,reefer,2,Kandy,fresh_mixed,2,1,776.3,4.405,0.7464,0.6293,16.0,0.0
2026-02-27,2026-02-27-VEH058-T1,Kandy,VEH058,van,reefer,1,Kandy,fresh_mixed,5,4,985.1,5.664,0.9472,0.8091,25.0,0.0
2026-02-27,2026-02-27-VEH058-T2,Kandy,VEH058,van,reefer,2,Kandy,fresh_mixed,3,3,1022.2,5.329,0.9829,0.7613,22.0,0.0
2026-02-27,2026-02-27-VEH059-T1,Kandy,VEH059,van,ambient,1,Kandy,fresh_dry,4,4,1104.3,6.057,0.9203,0.673,25.0,0.0
2026-02-27,2026-02-27-VEH059-T2,Kandy,VEH059,van,ambient,2,Kandy,fresh_dry,1,1,450.1,2.528,0.3751,0.2809,16.0,0.0
2026-02-27,2026-02-27-VEH060-T1,Kandy,VEH060,van,ambient,1,Badulla,fresh_dry,2,2,912.4,4.893,0.7603,0.5437,276.0,0.0
2026-02-28,2026-02-28-VEH001-T1,Peliyagoda,VEH001,truck,reefer,1,Puttalam,fresh_mixed,3,2,1003.5,5.137,0.1821,0.1946,278.0,0.0
2026-02-28,2026-02-28-VEH002-T1,Peliyagoda,VEH002,truck,reefer,1,Kurunegala,fresh_chilled,4,4,1776.6,9.78,0.4453,0.4635,232.0,0.0
2026-02-28,2026-02-28-VEH003-T1,Peliyagoda,VEH003,truck,reefer,1,Kalutara,fresh_mixed,8,5,2807.4,15.303,0.5095,0.5797,132.0,0.0
2026-02-28,2026-02-28-VEH004-T1,Peliyagoda,VEH004,truck,reefer,1,Galle,fresh_mixed,4,2,1678.5,9.216,0.2454,0.2759,250.0,0.0
2026-02-28,2026-02-28-VEH005-T1,Peliyagoda,VEH005,truck,reefer,1,Colombo,fresh_mixed,10,6,5484.5,30.682,0.8018,0.9186,44.0,0.0
2026-02-28,2026-02-28-VEH006-T1,Peliyagoda,VEH006,truck,reefer,1,Gampaha,fresh_mixed,10,8,5219.0,28.197,0.763,0.8442,105.0,0.0
2026-02-28,2026-02-28-VEH007-T1,Peliyagoda,VEH007,truck,reefer,1,Matara,fresh_mixed,5,3,2053.7,10.626,0.5689,0.5477,344.0,0.0
2026-02-28,2026-02-28-VEH008-T1,Peliyagoda,VEH008,truck,ambient,1,Kalutara,fresh_dry,4,4,1853.7,9.585,0.4878,0.4357,123.0,0.0
2026-02-28,2026-02-28-VEH016-T1,Peliyagoda,VEH016,truck,ambient,1,Kurunegala,fresh_dry,3,3,1424.9,7.188,0.375,0.3267,218.0,0.0
2026-02-28,2026-02-28-VEH017-T1,Peliyagoda,VEH017,truck,ambient,1,Galle,fresh_dry,4,4,1743.3,9.465,0.4588,0.4302,270.0,0.0
2026-02-28,2026-02-28-VEH017-T2,Peliyagoda,VEH017,truck,ambient,2,Gampaha,tech,1,1,1984.3,6.277,0.5222,0.2853,56.0,0.0
2026-02-28,2026-02-28-VEH018-T1,Peliyagoda,VEH018,truck,ambient,1,Colombo,fresh_dry,3,3,1444.7,7.683,0.3802,0.3492,32.0,0.0
2026-02-28,2026-02-28-VEH018-T2,Peliyagoda,VEH018,truck,ambient,2,Gampaha,fresh_dry,5,5,3661.8,20.917,0.9636,0.9508,84.0,0.0
2026-02-28,2026-02-28-VEH025-T1,Peliyagoda,VEH025,truck,ambient,1,Kurunegala,fresh_dry,2,2,1215.9,6.375,0.32,0.2898,204.0,0.0
2026-02-28,2026-02-28-VEH027-T1,Peliyagoda,VEH027,truck,ambient,1,Gampaha,fresh_dry,3,3,1093.2,6.348,0.2877,0.2885,70.0,0.0
2026-02-28,2026-02-28-VEH035-T1,Peliyagoda,VEH035,van,reefer,1,Colombo,fresh_dry,2,2,602.8,3.06,0.5796,0.4371,28.0,0.0
2026-02-28,2026-02-28-VEH035-T2,Peliyagoda,VEH035,van,reefer,2,Colombo,fresh_chilled,2,2,992.7,5.308,0.9545,0.7583,28.0,0.0
2026-02-28,2026-02-28-VEH036-T1,Peliyagoda,VEH036,van,reefer,1,Colombo,fresh_mixed,5,4,875.9,4.788,0.8422,0.684,36.0,0.0
2026-02-28,2026-02-28-VEH036-T2,Peliyagoda,VEH036,van,reefer,2,Colombo,fresh_mixed,3,2,979.0,5.136,0.9413,0.7337,28.0,0.0
2026-02-28,2026-02-28-VEH037-T1,Peliyagoda,VEH037,van,ambient,1,Puttalam,fresh_dry,2,2,1049.1,6.021,0.9537,0.7526,278.0,0.0
2026-02-28,2026-02-28-VEH037-T2,Peliyagoda,VEH037,van,ambient,2,Kurunegala,tech,1,1,964.4,3.446,0.8767,0.4308,190.0,0.0
2026-02-28,2026-02-28-VEH038-T1,Peliyagoda,VEH038,van,ambient,1,Matara,fresh_dry,2,2,995.3,5.583,0.8294,0.6203,332.0,0.0
2026-02-28,2026-02-28-VEH039-T1,Kandy,VEH039,truck,reefer,1,Badulla,fresh_mixed,2,1,1046.5,5.894,0.1693,0.1971,260.0,0.0
2026-02-28,2026-02-28-VEH041-T1,Kandy,VEH041,truck,reefer,1,Nuwara Eliya,fresh_mixed,5,4,1738.3,8.928,0.4815,0.4602,198.0,0.0
2026-02-28,2026-02-28-VEH042-T1,Kandy,VEH042,truck,reefer,1,Matale,fresh_mixed,9,6,4794.2,25.747,0.7758,0.8611,92.0,0.0
2026-02-28,2026-02-28-VEH043-T1,Kandy,VEH043,truck,reefer,1,Kegalle,fresh_mixed,6,4,3450.1,18.288,0.6262,0.6927,110.0,0.0
2026-02-28,2026-02-28-VEH046-T1,Kandy,VEH046,truck,ambient,1,Badulla,fresh_dry,2,2,850.7,4.306,0.2239,0.1957,276.0,0.0
2026-02-28,2026-02-28-VEH046-T2,Kandy,VEH046,truck,ambient,2,Nuwara Eliya,style,1,1,681.1,10.241,0.1792,0.4655,156.0,0.0
2026-02-28,2026-02-28-VEH056-T1,Kandy,VEH056,truck,ambient,1,Nuwara Eliya,fresh_dry,4,4,1890.4,10.224,0.4975,0.4647,198.0,0.0
2026-02-28,2026-02-28-VEH057-T1,Kandy,VEH057,van,reefer,1,Badulla,fresh_mixed,2,2,547.5,2.909,0.5264,0.4156,276.0,0.0
2026-02-28,2026-02-28-VEH057-T2,Kandy,VEH057,van,reefer,2,Matale,tech,1,1,750.4,2.568,0.7215,0.3669,52.0,0.0
2026-02-28,2026-02-28-VEH058-T1,Kandy,VEH058,van,reefer,1,Kandy,fresh_chilled,5,5,1036.0,5.81,0.9962,0.83,28.0,0.0
2026-02-28,2026-02-28-VEH058-T2,Kandy,VEH058,van,reefer,2,Kandy,fresh_mixed,5,4,958.8,5.203,0.9219,0.7433,25.0,0.0
2026-02-28,2026-02-28-VEH059-T1,Kandy,VEH059,van,ambient,1,Kandy,fresh_dry,6,6,965.6,5.123,0.8047,0.5692,31.0,0.0
2026-02-28,2026-02-28-VEH059-T2,Kandy,VEH059,van,ambient,2,Matale,fresh_dry,2,2,957.1,5.067,0.7976,0.563,60.0,0.0
2026-02-28,2026-02-28-VEH060-T1,Kandy,VEH060,van,ambient,1,Kandy,fresh_dry,4,4,1199.6,6.726,0.9997,0.7473,25.0,0.0
2026-02-28,2026-02-28-VEH060-T2,Kandy,VEH060,van,ambient,2,Matale,fresh_dry,1,1,537.0,2.815,0.4475,0.3128,52.0,0.0
2026-03-02,2026-03-02-VEH001-T1,Peliyagoda,VEH001,truck,reefer,1,Colombo,fresh_mixed,10,9,3588.5,19.648,0.6513,0.7442,56.0,0.0
2026-03-02,2026-03-02-VEH002-T1,Peliyagoda,VEH002,truck,reefer,1,Kurunegala,fresh_mixed,4,2,1322.7,7.157,0.3315,0.3392,204.0,0.0
2026-03-02,2026-03-02-VEH003-T1,Peliyagoda,VEH003,truck,reefer,1,Gampaha,fresh_mixed,10,7,4721.9,24.993,0.857,0.9467,98.0,0.0
2026-03-02,2026-03-02-VEH004-T1,Peliyagoda,VEH004,truck,reefer,1,Kalutara,fresh_mixed,8,5,2935.5,15.784,0.4292,0.4726,132.0,0.0
2026-03-02,2026-03-02-VEH007-T1,Peliyagoda,VEH007,truck,reefer,1,Galle,fresh_mixed,7,4,2929.1,15.635,0.8114,0.8059,270.0,0.0
2026-03-02,2026-03-02-VEH008-T1,Peliyagoda,VEH008,truck,ambient,1,Colombo,fresh_dry,6,6,3041.0,16.457,0.8003,0.748,44.0,0.0
2026-03-02,2026-03-02-VEH015-T1,Peliyagoda,VEH015,truck,ambient,1,Gampaha,fresh_dry,6,6,2296.1,12.636,0.6042,0.5744,91.0,0.0
2026-03-02,2026-03-02-VEH015-T2,Peliyagoda,VEH015,truck,ambient,2,Kalutara,style,1,1,765.6,13.928,0.2015,0.6331,96.0,0.0
2026-03-02,2026-03-02-VEH016-T1,Peliyagoda,VEH016,truck,ambient,1,Galle,fresh_dry,3,3,841.3,4.776,0.2214,0.2171,260.0,0.0
2026-03-02,2026-03-02-VEH016-T2,Peliyagoda,VEH016,truck,ambient,2,Kalutara,style,1,1,667.6,11.742,0.1757,0.5337,96.0,0.0
2026-03-02,2026-03-02-VEH017-T1,Peliyagoda,VEH017,truck,ambient,1,Kurunegala,fresh_dry,3,3,1257.7,6.989,0.331,0.3177,218.0,0.0
2026-03-02,2026-03-02-VEH018-T1,Peliyagoda,VEH018,truck,ambient,1,Kalutara,fresh_dry,4,4,1395.5,7.7,0.3672,0.35,123.0,0.0
2026-03-02,2026-03-02-VEH025-T1,Peliyagoda,VEH025,truck,ambient,1,Matara,fresh_dry,4,4,1579.5,8.872,0.4157,0.4033,356.0,0.0
2026-03-02,2026-03-02-VEH035-T1,Peliyagoda,VEH035,van,reefer,1,Matara,fresh_chilled,3,3,935.3,5.49,0.8993,0.7843,344.0,0.0
2026-03-02,2026-03-02-VEH036-T1,Peliyagoda,VEH036,van,reefer,1,Puttalam,fresh_chilled,3,3,958.9,5.36,0.922,0.7657,296.0,0.0
2026-03-02,2026-03-02-VEH037-T1,Peliyagoda,VEH037,van,ambient,1,Puttalam,fresh_dry,3,3,806.1,4.241,0.7328,0.5301,296.0,0.0
2026-03-02,2026-03-02-VEH038-T1,Peliyagoda,VEH038,van,ambient,1,Colombo,fresh_dry,4,4,1009.6,5.523,0.8413,0.6137,36.0,0.0
2026-03-02,2026-03-02-VEH038-T2,Peliyagoda,VEH038,van,ambient,2,Colombo,fresh_dry,1,1,366.0,2.022,0.305,0.2247,24.0,0.0
2026-03-02,2026-03-02-VEH039-T1,Kandy,VEH039,truck,reefer,1,Nuwara Eliya,fresh_mixed,3,2,1191.3,6.035,0.1928,0.2018,170.0,0.0
2026-03-02,2026-03-02-VEH039-T2,Kandy,VEH039,truck,reefer,2,Badulla,style,1,1,1686.1,26.415,0.2728,0.8834,260.0,0.0
2026-03-02,2026-03-02-VEH040-T1,Kandy,VEH040,truck,reefer,1,Kandy,fresh_mixed,6,3,1949.8,11.065,0.3539,0.4191,22.0,0.0
2026-03-02,2026-03-02-VEH040-T2,Kandy,VEH040,truck,reefer,2,Matale,fresh_mixed,4,3,1971.9,11.054,0.3579,0.4187,68.0,0.0
2026-03-02,2026-03-02-VEH041-T1,Kandy,VEH041,truck,reefer,1,Badulla,fresh_mixed,2,1,990.9,5.294,0.2745,0.2729,260.0,0.0
2026-03-02,2026-03-02-VEH042-T1,Kandy,VEH042,truck,reefer,1,Kegalle,fresh_mixed,7,4,3422.2,18.967,0.5538,0.6343,110.0,0.0
2026-03-02,2026-03-02-VEH046-T1,Kandy,VEH046,truck,ambient,1,Nuwara Eliya,fresh_dry,4,4,1531.9,8.334,0.4031,0.3788,198.0,0.0
2026-03-02,2026-03-02-VEH056-T1,Kandy,VEH056,truck,ambient,1,Badulla,fresh_dry,2,2,593.3,3.383,0.1561,0.1538,276.0,0.0
2026-03-02,2026-03-02-VEH056-T2,Kandy,VEH056,truck,ambient,2,Matale,style,1,1,1068.5,17.72,0.2812,0.8055,52.0,0.0
2026-03-02,2026-03-02-VEH057-T1,Kandy,VEH057,van,reefer,1,Badulla,fresh_chilled,2,2,353.9,1.961,0.3403,0.2801,276.0,0.0
2026-03-02,2026-03-02-VEH058-T1,Kandy,VEH058,van,reefer,1,Kandy,fresh_mixed,7,4,938.9,5.152,0.9028,0.736,25.0,0.0
2026-03-02,2026-03-02-VEH058-T2,Kandy,VEH058,van,reefer,2,Matale,fresh_chilled,3,3,976.5,5.181,0.9389,0.7401,68.0,0.0
2026-03-02,2026-03-02-VEH059-T1,Kandy,VEH059,van,ambient,1,Kandy,fresh_dry,6,6,1002.7,5.667,0.8356,0.6297,31.0,0.0
2026-03-02,2026-03-02-VEH059-T2,Kandy,VEH059,van,ambient,2,Matale,fresh_dry,3,3,782.7,4.416,0.6522,0.4907,68.0,0.0
2026-03-02,2026-03-02-VEH060-T1,Kandy,VEH060,van,ambient,1,Badulla,fresh_dry,1,1,506.2,2.614,0.4218,0.2904,260.0,0.0
2026-03-03,2026-03-03-VEH001-T1,Peliyagoda,VEH001,truck,reefer,1,Kurunegala,fresh_mixed,4,3,1254.8,7.051,0.2277,0.2671,218.0,0.0
2026-03-03,2026-03-03-VEH002-T1,Peliyagoda,VEH002,truck,reefer,1,Puttalam,fresh_mixed,3,2,761.3,4.032,0.1908,0.1911,278.0,0.0
2026-03-03,2026-03-03-VEH003-T1,Peliyagoda,VEH003,truck,reefer,1,Kalutara,fresh_mixed,8,7,2904.6,15.631,0.5272,0.5921,150.0,0.0
2026-03-03,2026-03-03-VEH004-T1,Peliyagoda,VEH004,truck,reefer,1,Gampaha,fresh_mixed,10,9,3292.1,18.404,0.4813,0.551,112.0,0.0
2026-03-03,2026-03-03-VEH005-T1,Peliyagoda,VEH005,truck,reefer,1,Galle,fresh_mixed,6,4,1509.7,7.946,0.2207,0.2379,270.0,0.0
2026-03-03,2026-03-03-VEH006-T1,Peliyagoda,VEH006,truck,reefer,1,Kurunegala,fresh_mixed,4,2,1465.7,7.672,0.2143,0.2297,204.0,0.0
2026-03-03,2026-03-03-VEH007-T1,Peliyagoda,VEH007,truck,reefer,1,Matara,fresh_mixed,5,4,1736.3,9.417,0.481,0.4854,356.0,0.0
2026-03-03,2026-03-03-VEH008-T1,Peliyagoda,VEH008,truck,ambient,1,Kalutara,fresh_dry,6,6,1814.0,9.926,0.4774,0.4512,141.0,0.0
2026-03-03,2026-03-03-VEH015-T1,Peliyagoda,VEH015,truck,ambient,1,Kurunegala,fresh_dry,2,2,542.2,3.069,0.1427,0.1395,204.0,0.0
2026-03-03,2026-03-03-VEH015-T2,Peliyagoda,VEH015,truck,ambient,2,Colombo,tech,2,2,1215.3,4.267,0.3198,0.194,28.0,0.0
2026-03-03,2026-03-03-VEH025-T1,Peliyagoda,VEH025,truck,ambient,1,Galle,fresh_dry,4,4,1617.0,8.51,0.4255,0.3868,270.0,0.0
2026-03-03,2026-03-03-VEH027-T1,Peliyagoda,VEH027,truck,ambient,1,Gampaha,fresh_dry,9,9,3695.9,19.283,0.9726,0.8765,112.0,0.0
2026-03-03,2026-03-03-VEH034-T1,Peliyagoda,VEH034,truck,ambient,1,Colombo,fresh_dry,8,8,3490.4,18.595,0.9185,0.8452,52.0,0.0
2026-03-03,2026-03-03-VEH035-T1,Peliyagoda,VEH035,van,reefer,1,Matara,fresh_chilled,3,3,761.4,4.083,0.7321,0.5833,344.0,0.0
2026-03-03,2026-03-03-VEH036-T1,Peliyagoda,VEH036,van,reefer,1,Colombo,fresh_mixed,4,4,882.4,4.654,0.8485,0.6649,36.0,0.0
2026-03-03,2026-03-03-VEH037-T1,Peliyagoda,VEH037,van,ambient,1,Colombo,fresh_dry,5,5,892.6,4.379,0.8115,0.5474,40.0,0.0
2026-03-03,2026-03-03-VEH037-T2,Peliyagoda,VEH037,van,ambient,2,Kalutara,tech,1,1,739.4,2.732,0.6722,0.3415,96.0,0.0
2026-03-03,2026-03-03-VEH038-T1,Peliyagoda,VEH038,van,ambient,1,Puttalam,fresh_dry,2,2,409.0,2.252,0.3408,0.2502,278.0,0.0
2026-03-03,2026-03-03-VEH038-T2,Peliyagoda,VEH038,van,ambient,2,Colombo,tech,1,1,841.3,2.86,0.7011,0.3178,24.0,0.0
2026-03-03,2026-03-03-VEH039-T1,Kandy,VEH039,truck,reefer,1,Nuwara Eliya,fresh_mixed,5,3,1642.6,8.834,0.2658,0.2955,184.0,0.0
2026-03-03,2026-03-03-VEH041-T1,Kandy,VEH041,truck,reefer,1,Nuwara Eliya,fresh_mixed,5,3,1402.4,7.305,0.3885,0.3765,184.0,0.0
2026-03-03,2026-03-03-VEH042-T1,Kandy,VEH042,truck,reefer,1,Kegalle,fresh_mixed,2,2,980.5,5.378,0.1587,0.1799,90.0,0.0
2026-03-03,2026-03-03-VEH042-T2,Kandy,VEH042,truck,reefer,2,Matale,fresh_mixed,4,2,1713.4,8.909,0.2772,0.298,60.0,0.0
2026-03-03,2026-03-03-VEH043-T1,Kandy,VEH043,truck,reefer,1,Kandy,fresh_mixed,4,3,1368.3,7.318,0.2483,0.2772,22.0,0.0
2026-03-03,2026-03-03-VEH043-T2,Kandy,VEH043,truck,reefer,2,Matale,fresh_mixed,3,2,1308.8,7.235,0.2375,0.2741,60.0,0.0
2026-03-03,2026-03-03-VEH046-T1,Kandy,VEH046,truck,ambient,1,Kegalle,fresh_dry,3,3,991.1,5.884,0.2608,0.2675,100.0,0.0
2026-03-03,2026-03-03-VEH056-T1,Kandy,VEH056,truck,ambient,1,Badulla,fresh_dry,2,2,1015.6,5.463,0.2673,0.2483,276.0,0.0
2026-03-03,2026-03-03-VEH057-T1,Kandy,VEH057,van,reefer,1,Badulla,fresh_chilled,2,2,534.6,2.743,0.514,0.3919,276.0,0.0
2026-03-03,2026-03-03-VEH058-T1,Kandy,VEH058,van,reefer,1,Kandy,fresh_chilled,6,6,1018.0,5.343,0.9788,0.7633,31.0,0.0
2026-03-03,2026-03-03-VEH058-T2,Kandy,VEH058,van,reefer,2,Kandy,fresh_mixed,3,3,707.1,3.686,0.6799,0.5266,22.0,0.0
2026-03-03,2026-03-03-VEH059-T1,Kandy,VEH059,van,ambient,1,Kandy,fresh_dry,7,7,842.5,4.713,0.7021,0.5237,34.0,0.0
2026-03-03,2026-03-03-VEH059-T2,Kandy,VEH059,van,ambient,2,Matale,fresh_dry,3,3,982.9,5.11,0.8191,0.5678,68.0,0.0
2026-03-03,2026-03-03-VEH060-T1,Kandy,VEH060,van,ambient,1,Badulla,fresh_dry,2,2,498.3,2.647,0.4153,0.2941,276.0,0.0
2026-03-04,2026-03-04-VEH001-T1,Peliyagoda,VEH001,truck,reefer,1,Gampaha,fresh_mixed,8,5,3812.2,20.816,0.6919,0.7885,84.0,0.0
2026-03-04,2026-03-04-VEH002-T1,Peliyagoda,VEH002,truck,reefer,1,Kurunegala,fresh_mixed,4,3,1090.9,5.597,0.2734,0.2653,218.0,0.0
2026-03-04,2026-03-04-VEH003-T1,Peliyagoda,VEH003,truck,reefer,1,Kalutara,fresh_mixed,7,4,3079.7,16.988,0.5589,0.6435,123.0,0.0
2026-03-04,2026-03-04-VEH005-T1,Peliyagoda,VEH005,truck,reefer,1,Colombo,fresh_mixed,7,4,2591.0,13.884,0.3788,0.4157,36.0,0.0
2026-03-04,2026-03-04-VEH007-T1,Peliyagoda,VEH007,truck,reefer,1,Galle,fresh_mixed,7,6,2713.8,13.97,0.7517,0.7201,290.0,0.0
2026-03-04,2026-03-04-VEH015-T1,Peliyagoda,VEH015,truck,ambient,1,Matara,fresh_dry,4,4,1645.5,8.364,0.433,0.3802,356.0,0.0
2026-03-04,2026-03-04-VEH016-T1,Peliyagoda,VEH016,truck,ambient,1,Gampaha,fresh_dry,7,7,2509.3,13.347,0.6603,0.6067,98.0,0.0
2026-03-04,2026-03-04-VEH016-T2,Peliyagoda,VEH016,truck,ambient,2,Gampaha,style,1,1,1012.8,17.097,0.2665,0.7771,56.0,0.0
2026-03-04,2026-03-04-VEH017-T1,Peliyagoda,VEH017,truck,ambient,1,Kurunegala,fresh_dry,4,4,1423.9,7.606,0.3747,0.3457,232.0,0.0
2026-03-04,2026-03-04-VEH017-T2,Peliyagoda,VEH017,truck,ambient,2,Gampaha,style,2,2,1127.7,19.092,0.2968,0.8678,63.0,0.0
2026-03-04,2026-03-04-VEH018-T1,Peliyagoda,VEH018,truck,ambient,1,Colombo,fresh_dry,4,4,1446.7,7.299,0.3807,0.3318,36.0,0.0
2026-03-04,2026-03-04-VEH018-T2,Peliyagoda,VEH018,truck,ambient,2,Kalutara,tech,1,1,1266.7,4.249,0.3333,0.1931,96.0,0.0
2026-03-04,2026-03-04-VEH025-T1,Peliyagoda,VEH025,truck,ambient,1,Galle,fresh_dry,5,5,1441.4,7.735,0.3793,0.3516,280.0,0.0
2026-03-04,2026-03-04-VEH035-T1,Peliyagoda,VEH035,van,reefer,1,Puttalam,fresh_mixed,3,2,735.2,4.074,0.7069,0.582,278.0,0.0
2026-03-04,2026-03-04-VEH036-T1,Peliyagoda,VEH036,van,reefer,1,Colombo,fresh_mixed,7,4,1017.5,5.789,0.9784,0.827,36.0,0.0
2026-03-04,2026-03-04-VEH037-T1,Peliyagoda,VEH037,van,ambient,1,Kalutara,fresh_dry,3,3,693.7,3.764,0.6306,0.4705,114.0,0.0
2026-03-04,2026-03-04-VEH037-T2,Peliyagoda,VEH037,van,ambient,2,Colombo,fresh_dry,2,2,844.5,4.665,0.7677,0.5831,28.0,0.0
2026-03-04,2026-03-04-VEH038-T1,Peliyagoda,VEH038,van,ambient,1,Puttalam,fresh_dry,2,2,675.3,3.877,0.5627,0.4308,278.0,0.0
2026-03-04,2026-03-04-VEH039-T1,Kandy,VEH039,truck,reefer,1,Kandy,fresh_mixed,6,3,1817.6,9.864,0.2941,0.3299,22.0,0.0
2026-03-04,2026-03-04-VEH040-T1,Kandy,VEH040,truck,reefer,1,Kegalle,fresh_mixed,7,4,3231.9,16.345,0.5866,0.6191,110.0,0.0
2026-03-04,2026-03-04-VEH041-T1,Kandy,VEH041,truck,reefer,1,Badulla,fresh_chilled,2,2,308.9,1.715,0.0856,0.0884,276.0,0.0
2026-03-04,2026-03-04-VEH042-T1,Kandy,VEH042,truck,reefer,1,Matale,fresh_mixed,9,5,3534.7,19.825,0.572,0.663,84.0,0.0
2026-03-04,2026-03-04-VEH043-T1,Kandy,VEH043,truck,reefer,1,Nuwara Eliya,fresh_mixed,5,4,1239.1,6.597,0.2249,0.2499,198.0,0.0
2026-03-04,2026-03-04-VEH046-T1,Kandy,VEH046,truck,ambient,1,Nuwara Eliya,fresh_dry,4,4,1340.0,7.406,0.3526,0.3366,198.0,0.0
2026-03-04,2026-03-04-VEH046-T2,Kandy,VEH046,truck,ambient,2,Kandy,tech,2,2,3073.5,9.967,0.8088,0.453,19.0,0.0
2026-03-04,2026-03-04-VEH056-T1,Kandy,VEH056,truck,ambient,1,Badulla,fresh_dry,2,2,962.2,5.415,0.2532,0.2461,276.0,0.0
2026-03-04,2026-03-04-VEH056-T2,Kandy,VEH056,truck,ambient,2,Kegalle,style,1,1,974.7,14.438,0.2565,0.6563,80.0,0.0
2026-03-04,2026-03-04-VEH057-T1,Kandy,VEH057,van,reefer,1,Badulla,fresh_chilled,2,2,622.0,3.171,0.5981,0.453,276.0,0.0
2026-03-04,2026-03-04-VEH058-T1,Kandy,VEH058,van,reefer,1,Kandy,fresh_mixed,8,5,976.3,5.031,0.9387,0.7187,28.0,0.0
2026-03-04,2026-03-04-VEH058-T2,Kandy,VEH058,van,reefer,2,Matale,fresh_dry,1,1,211.2,1.184,0.2031,0.1691,52.0,0.0
2026-03-04,2026-03-04-VEH059-T1,Kandy,VEH059,van,ambient,1,Kandy,fresh_dry,6,6,1045.2,5.503,0.871,0.6114,31.0,0.0
2026-03-04,2026-03-04-VEH060-T1,Kandy,VEH060,van,ambient,1,Badulla,fresh_dry,2,2,401.6,2.319,0.3347,0.2577,276.0,0.0
2026-03-05,2026-03-05-VEH001-T1,Peliyagoda,VEH001,truck,reefer,1,Kurunegala,fresh_mixed,4,3,1494.7,8.228,0.2713,0.3117,218.0,0.0
2026-03-05,2026-03-05-VEH002-T1,Peliyagoda,VEH002,truck,reefer,1,Puttalam,fresh_mixed,3,2,986.0,5.209,0.2471,0.2469,278.0,0.0
2026-03-05,2026-03-05-VEH003-T1,Peliyagoda,VEH003,truck,reefer,1,Kalutara,fresh_mixed,8,5,3290.4,17.159,0.5972,0.65,132.0,0.0
2026-03-05,2026-03-05-VEH004-T1,Peliyagoda,VEH004,truck,reefer,1,Gampaha,fresh_mixed,10,7,4147.4,22.174,0.6063,0.6639,98.0,0.0
2026-03-05,2026-03-05-VEH005-T1,Peliyagoda,VEH005,truck,reefer,1,Galle,fresh_mixed,7,6,2089.4,10.887,0.3055,0.326,290.0,0.0
2026-03-05,2026-03-05-VEH006-T1,Peliyagoda,VEH006,truck,reefer,1,Colombo,fresh_mixed,5,4,2067.0,11.134,0.3022,0.3334,36.0,0.0
2026-03-05,2026-03-05-VEH006-T2,Peliyagoda,VEH006,truck,reefer,2,Gampaha,fresh_dry,3,3,1583.8,8.642,0.2315,0.2587,70.0,0.0
2026-03-05,2026-03-05-VEH007-T1,Peliyagoda,VEH007,truck,reefer,1,Matara,fresh_mixed,5,4,1633.7,8.752,0.4525,0.4511,356.0,0.0
2026-03-05,2026-03-05-VEH008-T1,Peliyagoda,VEH008,truck,ambient,1,Matara,fresh_dry,3,3,1089.6,5.673,0.2867,0.2579,344.0,0.0
2026-03-05,2026-03-05-VEH008-T2,Peliyagoda,VEH008,truck,ambient,2,Colombo,style,1,1,757.2,11.385,0.1993,0.5175,24.0,0.0
2026-03-05,2026-03-05-VEH015-T1,Peliyagoda,VEH015,truck,ambient,1,Puttalam,fresh_dry,2,2,537.8,2.977,0.1415,0.1353,278.0,0.0
2026-03-05,2026-03-05-VEH015-T2,Peliyagoda,VEH015,truck,ambient,2,Colombo,style,2,2,1321.1,20.031,0.3477,0.9105,28.0,0.0
2026-03-05,2026-03-05-VEH016-T1,Peliyagoda,VEH016,truck,ambient,1,Kurunegala,fresh_dry,4,4,1556.5,8.811,0.4096,0.4005,232.0,0.0
2026-03-05,2026-03-05-VEH016-T2,Peliyagoda,VEH016,truck,ambient,2,Colombo,style,2,2,1293.6,18.804,0.3404,0.8547,28.0,0.0
2026-03-05,2026-03-05-VEH025-T1,Peliyagoda,VEH025,truck,ambient,1,Galle,fresh_dry,5,5,1967.4,11.291,0.5177,0.5132,280.0,0.0
2026-03-05,2026-03-05-VEH025-T2,Peliyagoda,VEH025,truck,ambient,2,Colombo,style,1,1,1005.4,15.494,0.2646,0.7043,24.0,0.0
2026-03-05,2026-03-05-VEH035-T1,Peliyagoda,VEH035,van,reefer,1,Kalutara,fresh_mixed,4,2,1030.1,5.704,0.9905,0.8149,105.0,0.0
2026-03-05,2026-03-05-VEH035-T2,Peliyagoda,VEH035,van,reefer,2,Colombo,fresh_dry,1,1,307.3,1.503,0.2955,0.2147,24.0,0.0
2026-03-05,2026-03-05-VEH036-T1,Peliyagoda,VEH036,van,reefer,1,Colombo,fresh_mixed,7,6,1039.7,6.063,0.9997,0.8661,44.0,0.0
2026-03-05,2026-03-05-VEH037-T1,Peliyagoda,VEH037,van,ambient,1,Colombo,fresh_dry,3,3,976.1,5.252,0.8874,0.6565,32.0,0.0
2026-03-05,2026-03-05-VEH037-T2,Peliyagoda,VEH037,van,ambient,2,Gampaha,fresh_dry,3,3,1016.0,5.504,0.9236,0.688,70.0,0.0
2026-03-05,2026-03-05-VEH038-T1,Peliyagoda,VEH038,van,ambient,1,Colombo,fresh_dry,4,4,1197.1,6.483,0.9976,0.7203,36.0,0.0
2026-03-05,2026-03-05-VEH038-T2,Peliyagoda,VEH038,van,ambient,2,Colombo,fresh_dry,2,2,1117.2,5.904,0.931,0.656,28.0,0.0
2026-03-05,2026-03-05-VEH039-T1,Kandy,VEH039,truck,reefer,1,Nuwara Eliya,fresh_mixed,5,3,1759.1,9.087,0.2846,0.3039,184.0,0.0
2026-03-05,2026-03-05-VEH040-T1,Kandy,VEH040,truck,reefer,1,Matale,fresh_mixed,6,3,2403.7,13.651,0.4362,0.5171,68.0,0.0
2026-03-05,2026-03-05-VEH040-T2,Kandy,VEH040,truck,reefer,2,Kandy,fresh_chilled,1,1,341.7,1.64,0.062,0.0621,16.0,0.0
2026-03-05,2026-03-05-VEH041-T1,Kandy,VEH041,truck,reefer,1,Badulla,fresh_chilled,2,2,538.3,2.765,0.1491,0.1425,276.0,0.0
2026-03-05,2026-03-05-VEH041-T2,Kandy,VEH041,truck,reefer,2,Kandy,style,1,1,733.0,12.726,0.203,0.656,16.0,0.0
2026-03-05,2026-03-05-VEH042-T1,Kandy,VEH042,truck,reefer,1,Kegalle,fresh_mixed,7,4,3546.3,19.153,0.5738,0.6406,110.0,0.0
2026-03-05,2026-03-05-VEH046-T1,Kandy,VEH046,truck,ambient,1,Nuwara Eliya,fresh_dry,3,3,1121.0,5.986,0.295,0.2721,184.0,0.0
2026-03-05,2026-03-05-VEH046-T2,Kandy,VEH046,truck,ambient,2,Kandy,style,2,2,1296.5,20.315,0.3412,0.9234,19.0,0.0
2026-03-05,2026-03-05-VEH048-T1,Kandy,VEH048,truck,ambient,1,Matale,fresh_dry,3,3,1033.3,5.401,0.246,0.225,68.0,0.0
2026-03-05,2026-03-05-VEH048-T2,Kandy,VEH048,truck,ambient,2,Kandy,style,1,1,807.5,13.727,0.1923,0.572,16.0,0.0
2026-03-05,2026-03-05-VEH056-T1,Kandy,VEH056,truck,ambient,1,Badulla,fresh_dry,1,1,497.3,2.671,0.1309,0.1214,260.0,0.0
2026-03-05,2026-03-05-VEH056-T2,Kandy,VEH056,truck,ambient,2,Kandy,tech,1,1,1665.6,5.67,0.4383,0.2577,16.0,0.0
2026-03-05,2026-03-05-VEH057-T1,Kandy,VEH057,van,reefer,1,Badulla,fresh_mixed,2,1,521.2,2.744,0.5012,0.392,260.0,0.0
2026-03-05,2026-03-05-VEH058-T1,Kandy,VEH058,van,reefer,1,Kandy,fresh_chilled,7,7,962.7,5.19,0.9257,0.7414,34.0,0.0
2026-03-05,2026-03-05-VEH058-T2,Kandy,VEH058,van,reefer,2,Kandy,fresh_mixed,3,2,771.6,4.141,0.7419,0.5916,19.0,0.0
2026-03-05,2026-03-05-VEH059-T1,Kandy,VEH059,van,ambient,1,Kandy,fresh_dry,8,8,1138.0,6.013,0.9483,0.6681,37.0,0.0
2026-03-05,2026-03-05-VEH059-T2,Kandy,VEH059,van,ambient,2,Kandy,fresh_dry,2,2,686.0,3.768,0.5717,0.4187,19.0,0.0
2026-03-05,2026-03-05-VEH060-T1,Kandy,VEH060,van,ambient,1,Badulla,fresh_dry,2,2,738.4,4.137,0.6153,0.4597,276.0,0.0
2026-03-05,2026-03-05-VEH060-T2,Kandy,VEH060,van,ambient,2,Kandy,style,1,1,244.9,3.607,0.2041,0.4008,16.0,0.0
2026-03-06,2026-03-06-VEH001-T1,Peliyagoda,VEH001,truck,reefer,1,Kalutara,fresh_mixed,6,3,1535.5,8.225,0.2787,0.3116,114.0,0.0
2026-03-06,2026-03-06-VEH002-T1,Peliyagoda,VEH002,truck,reefer,1,Galle,fresh_mixed,4,2,1916.1,10.22,0.4802,0.4844,250.0,0.0
2026-03-06,2026-03-06-VEH003-T1,Peliyagoda,VEH003,truck,reefer,1,Kurunegala,fresh_mixed,4,3,1682.2,9.123,0.3053,0.3456,218.0,0.0
2026-03-06,2026-03-06-VEH004-T1,Peliyagoda,VEH004,truck,reefer,1,Gampaha,fresh_mixed,10,7,5144.0,26.868,0.752,0.8044,98.0,0.0
2026-03-06,2026-03-06-VEH005-T1,Peliyagoda,VEH005,truck,reefer,1,Colombo,fresh_mixed,10,7,5733.8,31.841,0.8383,0.9533,48.0,0.0
2026-03-06,2026-03-06-VEH006-T1,Peliyagoda,VEH006,truck,reefer,1,Colombo,fresh_mixed,6,4,1506.2,8.717,0.2202,0.261,36.0,0.0
2026-03-06,2026-03-06-VEH007-T1,Peliyagoda,VEH007,truck,reefer,1,Puttalam,fresh_chilled,1,1,426.7,2.36,0.1182,0.1216,260.0,0.0
2026-03-06,2026-03-06-VEH016-T1,Peliyagoda,VEH016,truck,ambient,1,Matara,fresh_dry,4,4,1746.6,9.464,0.4596,0.4302,356.0,0.0
2026-03-06,2026-03-06-VEH016-T2,Peliyagoda,VEH016,truck,ambient,2,Matara,style,1,1,909.3,13.474,0.2393,0.6125,320.0,0.0
2026-03-06,2026-03-06-VEH017-T1,Peliyagoda,VEH017,truck,ambient,1,Gampaha,fresh_dry,6,6,2622.0,14.171,0.69,0.6441,91.0,0.0
2026-03-06,2026-03-06-VEH017-T2,Peliyagoda,VEH017,truck,ambient,2,Gampaha,tech,1,1,2064.5,6.968,0.5433,0.3167,56.0,0.0
2026-03-06,2026-03-06-VEH018-T1,Peliyagoda,VEH018,truck,ambient,1,Kalutara,fresh_dry,4,4,1758.5,9.323,0.4628,0.4238,123.0,0.0
2026-03-06,2026-03-06-VEH018-T2,Peliyagoda,VEH018,truck,ambient,2,Galle,style,1,1,1172.1,20.47,0.3084,0.9305,240.0,0.0
2026-03-06,2026-03-06-VEH027-T1,Peliyagoda,VEH027,truck,ambient,1,Galle,fresh_dry,4,4,1539.9,8.11,0.4052,0.3686,270.0,0.0
2026-03-06,2026-03-06-VEH027-T2,Peliyagoda,VEH027,truck,ambient,2,Kurunegala,style,2,2,1327.6,20.547,0.3494,0.934,204.0,0.0
2026-03-06,2026-03-06-VEH034-T1,Peliyagoda,VEH034,truck,ambient,1,Kurunegala,fresh_dry,4,4,1688.1,8.706,0.4442,0.3957,232.0,0.0
2026-03-06,2026-03-06-VEH034-T2,Peliyagoda,VEH034,truck,ambient,2,Galle,style,1,1,799.2,13.415,0.2103,0.6098,240.0,0.0
2026-03-06,2026-03-06-VEH035-T1,Peliyagoda,VEH035,van,reefer,1,Matara,fresh_chilled,2,2,763.3,3.999,0.7339,0.5713,332.0,0.0
2026-03-06,2026-03-06-VEH036-T1,Peliyagoda,VEH036,van,reefer,1,Colombo,fresh_mixed,7,4,930.6,4.834,0.8948,0.6906,36.0,0.0
2026-03-06,2026-03-06-VEH037-T1,Peliyagoda,VEH037,van,ambient,1,Puttalam,fresh_dry,3,3,839.9,4.692,0.7635,0.5865,296.0,0.0
2026-03-06,2026-03-06-VEH039-T1,Kandy,VEH039,truck,reefer,1,Kandy,fresh_mixed,7,4,2507.7,13.509,0.4058,0.4518,25.0,0.0
2026-03-06,2026-03-06-VEH041-T1,Kandy,VEH041,truck,reefer,1,Nuwara Eliya,fresh_mixed,5,4,1851.4,9.698,0.5129,0.4999,198.0,0.0
2026-03-06,2026-03-06-VEH042-T1,Kandy,VEH042,truck,reefer,1,Kegalle,fresh_mixed,8,4,4454.8,23.965,0.7208,0.8015,110.0,0.0
2026-03-06,2026-03-06-VEH043-T1,Kandy,VEH043,truck,reefer,1,Matale,fresh_mixed,9,6,3579.8,19.342,0.6497,0.7327,92.0,0.0
2026-03-06,2026-03-06-VEH056-T1,Kandy,VEH056,truck,ambient,1,Badulla,fresh_dry,2,2,879.1,5.011,0.2313,0.2278,276.0,0.0
2026-03-06,2026-03-06-VEH056-T2,Kandy,VEH056,truck,ambient,2,Badulla,tech,1,1,3775.6,13.313,0.9936,0.6051,260.0,0.0
2026-03-06,2026-03-06-VEH057-T1,Kandy,VEH057,van,reefer,1,Badulla,fresh_chilled,2,2,485.6,2.666,0.4669,0.3809,276.0,0.0
2026-03-06,2026-03-06-VEH058-T1,Kandy,VEH058,van,reefer,1,Kandy,fresh_mixed,8,5,1015.3,5.611,0.9762,0.8016,28.0,0.0
2026-03-06,2026-03-06-VEH058-T2,Kandy,VEH058,van,reefer,2,Kandy,fresh_dry,1,1,106.7,0.551,0.1026,0.0787,16.0,0.0
2026-03-06,2026-03-06-VEH059-T1,Kandy,VEH059,van,ambient,1,Badulla,fresh_dry,2,2,841.2,4.625,0.701,0.5139,276.0,0.0
2026-03-06,2026-03-06-VEH060-T1,Kandy,VEH060,van,ambient,1,Kandy,fresh_dry,4,4,664.4,3.64,0.5537,0.4044,25.0,0.0
2026-03-06,2026-03-06-VEH060-T2,Kandy,VEH060,van,ambient,2,Nuwara Eliya,fresh_dry,2,2,733.7,4.053,0.6114,0.4503,170.0,0.0
2026-03-07,2026-03-07-VEH001-T1,Peliyagoda,VEH001,truck,reefer,1,Kurunegala,fresh_chilled,2,2,744.9,4.122,0.1352,0.1561,204.0,0.0
2026-03-07,2026-03-07-VEH002-T1,Peliyagoda,VEH002,truck,reefer,1,Puttalam,fresh_mixed,3,2,896.8,4.923,0.2248,0.2333,278.0,0.0
2026-03-07,2026-03-07-VEH003-T1,Peliyagoda,VEH003,truck,reefer,1,Colombo,fresh_mixed,10,6,3665.9,20.094,0.6653,0.7611,44.0,0.0
2026-03-07,2026-03-07-VEH004-T1,Peliyagoda,VEH004,truck,reefer,1,Kalutara,fresh_mixed,8,5,2668.2,14.595,0.3901,0.437,132.0,0.0
2026-03-07,2026-03-07-VEH005-T1,Peliyagoda,VEH005,truck,reefer,1,Galle,fresh_mixed,6,4,2451.1,12.573,0.3583,0.3764,270.0,0.0
2026-03-07,2026-03-07-VEH006-T1,Peliyagoda,VEH006,truck,reefer,1,Gampaha,fresh_mixed,10,8,5492.8,30.088,0.803,0.9008,105.0,0.0
2026-03-07,2026-03-07-VEH007-T1,Peliyagoda,VEH007,truck,reefer,1,Matara,fresh_mixed,5,3,1902.6,10.247,0.527,0.5282,344.0,0.0
2026-03-07,2026-03-07-VEH008-T1,Peliyagoda,VEH008,truck,ambient,1,Galle,fresh_dry,2,2,602.3,3.008,0.1585,0.1367,250.0,0.0
2026-03-07,2026-03-07-VEH015-T1,Peliyagoda,VEH015,truck,ambient,1,Colombo,fresh_dry,4,4,1421.0,7.632,0.3739,0.3469,36.0,0.0
2026-03-07,2026-03-07-VEH018-T1,Peliyagoda,VEH018,truck,ambient,1,Gampaha,fresh_dry,8,8,3573.5,18.803,0.9404,0.8547,105.0,0.0
2026-03-07,2026-03-07-VEH025-T1,Peliyagoda,VEH025,truck,ambient,1,Puttalam,fresh_dry,2,2,495.8,2.843,0.1305,0.1292,278.0,0.0
2026-03-07,2026-03-07-VEH027-T1,Peliyagoda,VEH027,truck,ambient,1,Kurunegala,fresh_dry,4,4,1444.9,7.709,0.3802,0.3504,232.0,0.0
2026-03-07,2026-03-07-VEH034-T1,Peliyagoda,VEH034,truck,ambient,1,Kalutara,fresh_dry,4,4,1699.6,9.389,0.4473,0.4268,123.0,0.0
2026-03-07,2026-03-07-VEH035-T1,Peliyagoda,VEH035,van,reefer,1,Kurunegala,fresh_mixed,3,2,901.2,5.015,0.8665,0.7164,204.0,0.0
2026-03-07,2026-03-07-VEH036-T1,Peliyagoda,VEH036,van,reefer,1,Colombo,fresh_chilled,4,4,890.8,4.752,0.8565,0.6789,36.0,0.0
2026-03-07,2026-03-07-VEH036-T2,Peliyagoda,VEH036,van,reefer,2,Colombo,fresh_mixed,3,2,983.9,5.514,0.9461,0.7877,28.0,0.0
2026-03-07,2026-03-07-VEH037-T1,Peliyagoda,VEH037,van,ambient,1,Colombo,fresh_dry,4,4,1028.0,5.622,0.9345,0.7027,36.0,0.0
2026-03-07,2026-03-07-VEH037-T2,Peliyagoda,VEH037,van,ambient,2,Galle,tech,1,1,549.8,1.91,0.4998,0.2387,240.0,0.0
2026-03-07,2026-03-07-VEH038-T1,Peliyagoda,VEH038,van,ambient,1,Matara,fresh_dry,2,2,868.9,4.285,0.7241,0.4761,332.0,0.0
2026-03-07,2026-03-07-VEH039-T1,Kandy,VEH039,truck,reefer,1,Kegalle,fresh_mixed,4,2,2743.5,14.152,0.4439,0.4733,90.0,0.0
2026-03-07,2026-03-07-VEH039-T2,Kandy,VEH039,truck,reefer,2,Kandy,fresh_mixed,4,2,1250.9,6.939,0.2024,0.2321,19.0,0.0
2026-03-07,2026-03-07-VEH041-T1,Kandy,VEH041,truck,reefer,1,Nuwara Eliya,fresh_mixed,5,4,1499.0,8.292,0.4152,0.4274,198.0,0.0
2026-03-07,2026-03-07-VEH042-T1,Kandy,VEH042,truck,reefer,1,Matale,fresh_mixed,9,6,3755.4,20.841,0.6077,0.697,92.0,0.0
2026-03-07,2026-03-07-VEH046-T1,Kandy,VEH046,truck,ambient,1,Nuwara Eliya,fresh_dry,4,4,1440.8,8.021,0.3792,0.3646,198.0,0.0
2026-03-07,2026-03-07-VEH052-T1,Kandy,VEH052,truck,ambient,1,Matale,fresh_dry,3,3,1157.6,6.406,0.2756,0.2669,68.0,0.0
2026-03-07,2026-03-07-VEH056-T1,Kandy,VEH056,truck,ambient,1,Badulla,fresh_dry,2,2,522.8,2.72,0.1376,0.1236,276.0,0.0
2026-03-07,2026-03-07-VEH056-T2,Kandy,VEH056,truck,ambient,2,Nuwara Eliya,style,1,1,866.0,11.248,0.2279,0.5113,156.0,0.0
2026-03-07,2026-03-07-VEH057-T1,Kandy,VEH057,van,reefer,1,Badulla,fresh_chilled,2,2,628.6,3.292,0.6044,0.4703,276.0,0.0
2026-03-07,2026-03-07-VEH058-T1,Kandy,VEH058,van,reefer,1,Kandy,fresh_mixed,7,6,1007.4,5.412,0.9687,0.7731,31.0,0.0
2026-03-07,2026-03-07-VEH058-T2,Kandy,VEH058,van,reefer,2,Kegalle,fresh_dry,2,2,614.8,3.658,0.5912,0.5226,90.0,0.0
2026-03-07,2026-03-07-VEH059-T1,Kandy,VEH059,van,ambient,1,Kandy,fresh_dry,5,5,1149.4,6.557,0.9578,0.7286,28.0,0.0
2026-03-07,2026-03-07-VEH059-T2,Kandy,VEH059,van,ambient,2,Kandy,fresh_dry,4,4,615.4,3.289,0.5128,0.3654,25.0,0.0
2026-03-07,2026-03-07-VEH060-T1,Kandy,VEH060,van,ambient,1,Badulla,fresh_dry,2,2,1085.6,6.109,0.9047,0.6788,276.0,0.0
2026-03-09,2026-03-09-VEH001-T1,Peliyagoda,VEH001,truck,reefer,1,Gampaha,fresh_mixed,5,3,1662.6,8.597,0.3017,0.3256,70.0,0.0
2026-03-09,2026-03-09-VEH001-T2,Peliyagoda,VEH001,truck,reefer,2,Colombo,fresh_mixed,4,2,1743.3,9.407,0.3164,0.3563,28.0,0.0
2026-03-09,2026-03-09-VEH002-T1,Peliyagoda,VEH002,truck,reefer,1,Kurunegala,fresh_mixed,4,2,1272.3,7.136,0.3189,0.3382,204.0,0.0
2026-03-09,2026-03-09-VEH003-T1,Peliyagoda,VEH003,truck,reefer,1,Kalutara,fresh_mixed,7,5,2477.3,13.84,0.4496,0.5242,132.0,0.0
2026-03-09,2026-03-09-VEH004-T1,Peliyagoda,VEH004,truck,reefer,1,Colombo,fresh_mixed,9,5,2990.4,17.042,0.4372,0.5102,40.0,0.0
2026-03-09,2026-03-09-VEH005-T1,Peliyagoda,VEH005,truck,reefer,1,Gampaha,fresh_mixed,8,5,4037.7,20.909,0.5903,0.626,84.0,0.0
2026-03-09,2026-03-09-VEH007-T1,Peliyagoda,VEH007,truck,reefer,1,Galle,fresh_mixed,7,4,1926.6,10.664,0.5337,0.5497,270.0,0.0
2026-03-09,2026-03-09-VEH008-T1,Peliyagoda,VEH008,truck,ambient,1,Kalutara,fresh_dry,5,5,1689.2,9.278,0.4445,0.4217,132.0,0.0
2026-03-09,2026-03-09-VEH015-T1,Peliyagoda,VEH015,truck,ambient,1,Galle,fresh_dry,3,3,1518.1,8.726,0.3995,0.3966,260.0,0.0
2026-03-09,2026-03-09-VEH017-T1,Peliyagoda,VEH017,truck,ambient,1,Kurunegala,fresh_dry,3,3,959.5,5.293,0.2525,0.2406,218.0,0.0
2026-03-09,2026-03-09-VEH018-T1,Peliyagoda,VEH018,truck,ambient,1,Colombo,fresh_dry,4,4,1991.0,10.433,0.5239,0.4742,36.0,0.0
2026-03-09,2026-03-09-VEH025-T1,Peliyagoda,VEH025,truck,ambient,1,Matara,fresh_dry,4,4,1550.9,8.175,0.4081,0.3716,356.0,0.0
2026-03-09,2026-03-09-VEH035-T1,Peliyagoda,VEH035,van,reefer,1,Matara,fresh_chilled,3,3,964.6,5.388,0.9275,0.7697,344.0,0.0
2026-03-09,2026-03-09-VEH035-T2,Peliyagoda,VEH035,van,reefer,2,Kalutara,style,1,1,256.7,4.306,0.2468,0.6151,96.0,0.0
2026-03-09,2026-03-09-VEH036-T1,Peliyagoda,VEH036,van,reefer,1,Puttalam,fresh_chilled,3,3,767.6,4.336,0.7381,0.6194,296.0,0.0
2026-03-09,2026-03-09-VEH037-T1,Peliyagoda,VEH037,van,ambient,1,Gampaha,fresh_dry,3,3,861.6,4.918,0.7833,0.6148,70.0,0.0
2026-03-09,2026-03-09-VEH037-T2,Peliyagoda,VEH037,van,ambient,2,Colombo,fresh_dry,4,4,848.5,4.382,0.7714,0.5477,36.0,0.0
2026-03-09,2026-03-09-VEH038-T1,Peliyagoda,VEH038,van,ambient,1,Puttalam,fresh_dry,3,3,1096.9,5.597,0.9141,0.6219,296.0,0.0
2026-03-09,2026-03-09-VEH038-T2,Peliyagoda,VEH038,van,ambient,2,Kalutara,style,1,1,467.3,8.029,0.3894,0.8921,96.0,0.0
2026-03-09,2026-03-09-VEH039-T1,Kandy,VEH039,truck,reefer,1,Nuwara Eliya,fresh_mixed,4,2,1229.0,6.451,0.1989,0.2158,170.0,0.0
2026-03-09,2026-03-09-VEH041-T1,Kandy,VEH041,truck,reefer,1,Badulla,fresh_mixed,2,1,902.7,4.85,0.2501,0.25,260.0,0.0
2026-03-09,2026-03-09-VEH042-T1,Kandy,VEH042,truck,reefer,1,Kegalle,fresh_mixed,4,3,1856.9,9.45,0.3005,0.3161,100.0,0.0
2026-03-09,2026-03-09-VEH042-T2,Kandy,VEH042,truck,reefer,2,Kandy,fresh_mixed,3,2,974.9,4.927,0.1578,0.1648,19.0,0.0
2026-03-09,2026-03-09-VEH043-T1,Kandy,VEH043,truck,reefer,1,Matale,fresh_mixed,4,2,1408.4,7.395,0.2556,0.2801,60.0,0.0
2026-03-09,2026-03-09-VEH046-T1,Kandy,VEH046,truck,ambient,1,Kegalle,fresh_dry,3,3,1395.0,7.7,0.3671,0.35,100.0,0.0
2026-03-09,2026-03-09-VEH046-T2,Kandy,VEH046,truck,ambient,2,Matale,fresh_dry,3,3,1428.2,8.047,0.3758,0.3658,68.0,0.0
2026-03-09,2026-03-09-VEH048-T1,Kandy,VEH048,truck,ambient,1,Nuwara Eliya,fresh_dry,3,3,1109.5,6.049,0.2642,0.252,184.0,0.0
2026-03-09,2026-03-09-VEH056-T1,Kandy,VEH056,truck,ambient,1,Badulla,fresh_dry,1,1,301.8,1.763,0.0794,0.0801,260.0,0.0
2026-03-09,2026-03-09-VEH056-T2,Kandy,VEH056,truck,ambient,2,Matale,style,1,1,1003.8,14.503,0.2642,0.6592,52.0,0.0
2026-03-09,2026-03-09-VEH057-T1,Kandy,VEH057,van,reefer,1,Badulla,fresh_chilled,2,2,316.0,1.792,0.3038,0.256,276.0,0.0
2026-03-09,2026-03-09-VEH057-T2,Kandy,VEH057,van,reefer,2,Matale,tech,1,1,599.2,1.75,0.5762,0.25,52.0,0.0
2026-03-09,2026-03-09-VEH058-T1,Kandy,VEH058,van,reefer,1,Kandy,fresh_mixed,7,5,986.0,5.34,0.9481,0.7629,28.0,0.0
2026-03-09,2026-03-09-VEH058-T2,Kandy,VEH058,van,reefer,2,Matale,fresh_mixed,3,2,654.6,3.25,0.6294,0.4643,60.0,0.0
2026-03-09,2026-03-09-VEH059-T1,Kandy,VEH059,van,ambient,1,Kandy,fresh_dry,8,8,1176.8,6.842,0.9807,0.7602,37.0,0.0
2026-03-09,2026-03-09-VEH059-T2,Kandy,VEH059,van,ambient,2,Kandy,fresh_dry,1,1,244.2,1.322,0.2035,0.1469,16.0,0.0
2026-03-09,2026-03-09-VEH060-T1,Kandy,VEH060,van,ambient,1,Badulla,fresh_dry,2,2,413.4,2.203,0.3445,0.2448,276.0,0.0
2026-03-09,2026-03-09-VEH060-T2,Kandy,VEH060,van,ambient,2,Badulla,style,1,1,545.2,8.499,0.4543,0.9443,260.0,0.0
2026-03-10,2026-03-10-VEH001-T1,Peliyagoda,VEH001,truck,reefer,1,Kurunegala,fresh_chilled,4,4,1017.6,5.415,0.1847,0.2051,232.0,0.0
2026-03-10,2026-03-10-VEH002-T1,Peliyagoda,VEH002,truck,reefer,1,Puttalam,fresh_mixed,3,2,684.5,3.709,0.1716,0.1758,278.0,0.0
2026-03-10,2026-03-10-VEH003-T1,Peliyagoda,VEH003,truck,reefer,1,Kalutara,fresh_mixed,8,7,2250.2,12.089,0.4084,0.4579,150.0,0.0
2026-03-10,2026-03-10-VEH004-T1,Peliyagoda,VEH004,truck,reefer,1,Matara,fresh_mixed,5,3,1764.8,8.976,0.258,0.2687,344.0,0.0
2026-03-10,2026-03-10-VEH005-T1,Peliyagoda,VEH005,truck,reefer,1,Galle,fresh_mixed,7,4,1970.0,11.074,0.288,0.3316,270.0,0.0
2026-03-10,2026-03-10-VEH006-T1,Peliyagoda,VEH006,truck,reefer,1,Colombo,fresh_mixed,8,4,2713.7,13.505,0.3967,0.4043,36.0,0.0
2026-03-10,2026-03-10-VEH007-T1,Peliyagoda,VEH007,truck,reefer,1,Gampaha,fresh_mixed,8,6,3560.0,18.663,0.9861,0.962,91.0,0.0
2026-03-10,2026-03-10-VEH008-T1,Peliyagoda,VEH008,truck,ambient,1,Gampaha,fresh_dry,8,8,2975.4,16.392,0.783,0.7451,105.0,0.0
2026-03-10,2026-03-10-VEH015-T1,Peliyagoda,VEH015,truck,ambient,1,Kurunegala,fresh_dry,3,3,910.8,4.838,0.2397,0.2199,218.0,0.0
2026-03-10,2026-03-10-VEH016-T1,Peliyagoda,VEH016,truck,ambient,1,Kurunegala,fresh_dry,2,2,702.3,3.468,0.1848,0.1576,204.0,0.0
2026-03-10,2026-03-10-VEH018-T1,Peliyagoda,VEH018,truck,ambient,1,Kalutara,fresh_dry,6,6,2149.4,11.618,0.5656,0.5281,141.0,0.0
2026-03-10,2026-03-10-VEH025-T1,Peliyagoda,VEH025,truck,ambient,1,Puttalam,fresh_dry,2,2,620.4,3.527,0.1633,0.1603,278.0,0.0
2026-03-10,2026-03-10-VEH027-T1,Peliyagoda,VEH027,truck,ambient,1,Colombo,fresh_dry,3,3,1308.8,7.712,0.3444,0.3505,32.0,0.0
2026-03-10,2026-03-10-VEH035-T1,Peliyagoda,VEH035,van,reefer,1,Matara,fresh_mixed,3,2,936.0,5.097,0.9,0.7281,332.0,0.0
2026-03-10,2026-03-10-VEH035-T2,Peliyagoda,VEH035,van,reefer,2,Colombo,tech,1,1,931.1,3.471,0.8953,0.4959,24.0,0.0
2026-03-10,2026-03-10-VEH036-T1,Peliyagoda,VEH036,van,reefer,1,Gampaha,fresh_chilled,3,3,953.2,4.966,0.9165,0.7094,70.0,0.0
2026-03-10,2026-03-10-VEH036-T2,Peliyagoda,VEH036,van,reefer,2,Colombo,fresh_mixed,6,4,1002.7,5.415,0.9641,0.7736,36.0,0.0
2026-03-10,2026-03-10-VEH037-T1,Peliyagoda,VEH037,van,ambient,1,Colombo,fresh_dry,5,5,855.0,4.893,0.7773,0.6116,40.0,0.0
2026-03-10,2026-03-10-VEH037-T2,Peliyagoda,VEH037,van,ambient,2,Kalutara,tech,1,1,572.2,1.9,0.5202,0.2375,96.0,0.0
2026-03-10,2026-03-10-VEH038-T1,Peliyagoda,VEH038,van,ambient,1,Galle,fresh_dry,3,3,1008.1,5.3,0.8401,0.5889,260.0,0.0
2026-03-10,2026-03-10-VEH038-T2,Peliyagoda,VEH038,van,ambient,2,Colombo,tech,2,2,1110.7,3.625,0.9256,0.4028,28.0,0.0
2026-03-10,2026-03-10-VEH039-T1,Kandy,VEH039,truck,reefer,1,Matale,fresh_mixed,7,4,3228.4,17.157,0.5224,0.5738,76.0,0.0
2026-03-10,2026-03-10-VEH039-T2,Kandy,VEH039,truck,reefer,2,Kandy,fresh_chilled,1,1,223.3,1.412,0.0361,0.0472,16.0,0.0
2026-03-10,2026-03-10-VEH041-T1,Kandy,VEH041,truck,reefer,1,Badulla,fresh_chilled,2,2,656.2,3.493,0.1818,0.1801,276.0,0.0
2026-03-10,2026-03-10-VEH042-T1,Kandy,VEH042,truck,reefer,1,Nuwara Eliya,fresh_mixed,4,2,1306.1,6.633,0.2113,0.2218,170.0,0.0
2026-03-10,2026-03-10-VEH043-T1,Kandy,VEH043,truck,reefer,1,Kegalle,fresh_mixed,5,4,1861.3,10.616,0.3378,0.4021,110.0,0.0
2026-03-10,2026-03-10-VEH046-T1,Kandy,VEH046,truck,ambient,1,Badulla,fresh_dry,2,2,467.8,2.477,0.1231,0.1126,276.0,0.0
2026-03-10,2026-03-10-VEH056-T1,Kandy,VEH056,truck,ambient,1,Badulla,fresh_dry,2,2,896.3,5.083,0.2359,0.231,276.0,0.0
2026-03-10,2026-03-10-VEH057-T1,Kandy,VEH057,van,reefer,1,Nuwara Eliya,fresh_mixed,4,3,876.3,4.66,0.8426,0.6657,184.0,0.0
2026-03-10,2026-03-10-VEH058-T1,Kandy,VEH058,van,reefer,1,Kandy,fresh_mixed,7,5,928.7,4.84,0.893,0.6914,28.0,0.0
2026-03-10,2026-03-10-VEH058-T2,Kandy,VEH058,van,reefer,2,Kandy,fresh_mixed,4,2,840.9,5.029,0.8086,0.7184,19.0,0.0
2026-03-10,2026-03-10-VEH059-T1,Kandy,VEH059,van,ambient,1,Kandy,fresh_dry,5,5,765.7,3.956,0.6381,0.4396,28.0,0.0
2026-03-10,2026-03-10-VEH059-T2,Kandy,VEH059,van,ambient,2,Matale,fresh_dry,3,3,849.8,4.681,0.7082,0.5201,68.0,0.0
2026-03-10,2026-03-10-VEH060-T1,Kandy,VEH060,van,ambient,1,Kandy,fresh_dry,3,3,611.5,3.38,0.5096,0.3756,22.0,0.0
2026-03-10,2026-03-10-VEH060-T2,Kandy,VEH060,van,ambient,2,Nuwara Eliya,fresh_dry,2,2,542.9,3.033,0.4524,0.337,170.0,0.0
2026-03-11,2026-03-11-VEH001-T1,Peliyagoda,VEH001,truck,reefer,1,Colombo,fresh_mixed,10,8,3259.3,17.472,0.5915,0.6618,52.0,0.0
2026-03-11,2026-03-11-VEH002-T1,Peliyagoda,VEH002,truck,reefer,1,Kurunegala,fresh_mixed,3,2,869.7,5.328,0.218,0.2525,204.0,0.0
2026-03-11,2026-03-11-VEH003-T1,Peliyagoda,VEH003,truck,reefer,1,Kalutara,fresh_mixed,6,3,2737.7,15.166,0.4969,0.5745,114.0,0.0
2026-03-11,2026-03-11-VEH005-T1,Peliyagoda,VEH005,truck,reefer,1,Kurunegala,fresh_mixed,4,2,1591.5,8.671,0.2327,0.2596,204.0,0.0
2026-03-11,2026-03-11-VEH006-T1,Peliyagoda,VEH006,truck,reefer,1,Gampaha,fresh_mixed,10,5,5218.3,27.824,0.7629,0.8331,84.0,0.0
2026-03-11,2026-03-11-VEH007-T1,Peliyagoda,VEH007,truck,reefer,1,Galle,fresh_mixed,7,6,1975.5,10.026,0.5472,0.5168,290.0,0.0
2026-03-11,2026-03-11-VEH015-T1,Peliyagoda,VEH015,truck,ambient,1,Matara,fresh_dry,1,1,295.4,1.624,0.0777,0.0738,320.0,0.0
2026-03-11,2026-03-11-VEH016-T1,Peliyagoda,VEH016,truck,ambient,1,Galle,fresh_dry,5,5,2141.4,11.345,0.5635,0.5157,280.0,0.0
2026-03-11,2026-03-11-VEH017-T1,Peliyagoda,VEH017,truck,ambient,1,Gampaha,fresh_dry,5,5,1632.0,8.655,0.4295,0.3934,84.0,0.0
2026-03-11,2026-03-11-VEH025-T1,Peliyagoda,VEH025,truck,ambient,1,Colombo,fresh_dry,6,6,2459.0,13.426,0.6471,0.6103,44.0,0.0
2026-03-11,2026-03-11-VEH027-T1,Peliyagoda,VEH027,truck,ambient,1,Kalutara,fresh_dry,4,4,1013.9,5.321,0.2668,0.2419,123.0,0.0
2026-03-11,2026-03-11-VEH034-T1,Peliyagoda,VEH034,truck,ambient,1,Puttalam,fresh_dry,2,2,698.8,4.033,0.1839,0.1833,278.0,0.0
2026-03-11,2026-03-11-VEH034-T2,Peliyagoda,VEH034,truck,ambient,2,Gampaha,style,2,2,962.3,16.175,0.2532,0.7352,63.0,0.0
2026-03-11,2026-03-11-VEH035-T1,Peliyagoda,VEH035,van,reefer,1,Puttalam,fresh_mixed,3,2,637.6,3.354,0.6131,0.4791,278.0,0.0
2026-03-11,2026-03-11-VEH036-T1,Peliyagoda,VEH036,van,reefer,1,Colombo,fresh_mixed,7,5,948.8,5.0,0.9123,0.7143,40.0,0.0
2026-03-11,2026-03-11-VEH037-T1,Peliyagoda,VEH037,van,ambient,1,Matara,fresh_dry,3,3,937.7,4.858,0.8525,0.6072,344.0,0.0
2026-03-11,2026-03-11-VEH037-T2,Peliyagoda,VEH037,van,ambient,2,Gampaha,style,1,1,471.0,7.504,0.4282,0.938,56.0,0.0
2026-03-11,2026-03-11-VEH038-T1,Peliyagoda,VEH038,van,ambient,1,Kurunegala,fresh_dry,2,2,670.9,3.404,0.5591,0.3782,204.0,0.0
2026-03-11,2026-03-11-VEH039-T1,Kandy,VEH039,truck,reefer,1,Nuwara Eliya,fresh_mixed,5,4,1002.0,5.538,0.1621,0.1852,198.0,0.0
2026-03-11,2026-03-11-VEH040-T1,Kandy,VEH040,truck,reefer,1,Kandy,fresh_mixed,5,3,1580.1,8.188,0.2868,0.3102,22.0,0.0
2026-03-11,2026-03-11-VEH040-T2,Kandy,VEH040,truck,reefer,2,Kegalle,fresh_mixed,3,2,1293.1,7.503,0.2347,0.2842,90.0,0.0
2026-03-11,2026-03-11-VEH041-T1,Kandy,VEH041,truck,reefer,1,Badulla,fresh_chilled,2,2,467.6,2.471,0.1295,0.1274,276.0,0.0
2026-03-11,2026-03-11-VEH042-T1,Kandy,VEH042,truck,reefer,1,Badulla,fresh_chilled,2,2,351.1,1.863,0.0568,0.0623,276.0,0.0
2026-03-11,2026-03-11-VEH043-T1,Kandy,VEH043,truck,reefer,1,Matale,fresh_mixed,8,5,3175.9,17.144,0.5764,0.6494,84.0,0.0
2026-03-11,2026-03-11-VEH046-T1,Kandy,VEH046,truck,ambient,1,Badulla,fresh_dry,2,2,486.5,2.694,0.128,0.1225,276.0,0.0
2026-03-11,2026-03-11-VEH046-T2,Kandy,VEH046,truck,ambient,2,Kegalle,style,1,1,642.5,10.991,0.1691,0.4996,80.0,0.0
2026-03-11,2026-03-11-VEH056-T1,Kandy,VEH056,truck,ambient,1,Nuwara Eliya,fresh_dry,4,4,1355.3,7.383,0.3567,0.3356,198.0,0.0
2026-03-11,2026-03-11-VEH056-T2,Kandy,VEH056,truck,ambient,2,Kandy,tech,1,1,2267.3,7.408,0.5967,0.3367,16.0,0.0
2026-03-11,2026-03-11-VEH057-T1,Kandy,VEH057,van,reefer,1,Kandy,fresh_mixed,7,6,1026.5,5.481,0.987,0.783,31.0,0.0
2026-03-11,2026-03-11-VEH057-T2,Kandy,VEH057,van,reefer,2,Matale,fresh_mixed,2,2,645.9,3.803,0.6211,0.5433,60.0,0.0
2026-03-11,2026-03-11-VEH058-T1,Kandy,VEH058,van,reefer,1,Kegalle,fresh_mixed,2,1,738.3,4.065,0.7099,0.5807,80.0,0.0
2026-03-11,2026-03-11-VEH058-T2,Kandy,VEH058,van,reefer,2,Kegalle,fresh_mixed,2,1,828.0,4.609,0.7962,0.6584,80.0,0.0
2026-03-11,2026-03-11-VEH059-T1,Kandy,VEH059,van,ambient,1,Badulla,fresh_dry,2,2,900.0,4.731,0.75,0.5257,276.0,0.0
2026-03-11,2026-03-11-VEH059-T2,Kandy,VEH059,van,ambient,2,Kandy,tech,1,1,138.3,0.522,0.1153,0.058,16.0,0.0
2026-03-11,2026-03-11-VEH060-T1,Kandy,VEH060,van,ambient,1,Kandy,fresh_dry,8,8,1105.5,5.962,0.9213,0.6624,37.0,0.0
2026-03-11,2026-03-11-VEH060-T2,Kandy,VEH060,van,ambient,2,Badulla,tech,1,1,1107.6,3.504,0.923,0.3893,260.0,0.0
2026-03-12,2026-03-12-VEH001-T1,Peliyagoda,VEH001,truck,reefer,1,Kurunegala,fresh_mixed,4,3,1642.0,9.132,0.298,0.3459,218.0,0.0
2026-03-12,2026-03-12-VEH002-T1,Peliyagoda,VEH002,truck,reefer,1,Puttalam,fresh_mixed,3,2,1078.9,5.714,0.2704,0.2708,278.0,0.0
2026-03-12,2026-03-12-VEH003-T1,Peliyagoda,VEH003,truck,reefer,1,Gampaha,fresh_mixed,10,6,3774.8,19.385,0.6851,0.7343,91.0,0.0
2026-03-12,2026-03-12-VEH004-T1,Peliyagoda,VEH004,truck,reefer,1,Kalutara,fresh_mixed,8,5,2603.6,13.984,0.3806,0.4187,132.0,0.0
2026-03-12,2026-03-12-VEH005-T1,Peliyagoda,VEH005,truck,reefer,1,Galle,fresh_mixed,7,6,2222.9,12.032,0.325,0.3602,290.0,0.0
2026-03-12,2026-03-12-VEH006-T1,Peliyagoda,VEH006,truck,reefer,1,Colombo,fresh_mixed,10,7,3374.5,18.449,0.4933,0.5524,48.0,0.0
2026-03-12,2026-03-12-VEH007-T1,Peliyagoda,VEH007,truck,reefer,1,Matara,fresh_mixed,5,4,1770.7,9.206,0.4905,0.4745,356.0,0.0
2026-03-12,2026-03-12-VEH008-T1,Peliyagoda,VEH008,truck,ambient,1,Galle,fresh_dry,5,5,1897.9,10.295,0.4994,0.468,280.0,0.0
2026-03-12,2026-03-12-VEH008-T2,Peliyagoda,VEH008,truck,ambient,2,Colombo,style,3,3,1449.3,21.233,0.3814,0.9651,32.0,0.0
2026-03-12,2026-03-12-VEH015-T1,Peliyagoda,VEH015,truck,ambient,1,Gampaha,fresh_dry,3,3,1951.2,11.008,0.5135,0.5004,70.0,0.0
2026-03-12,2026-03-12-VEH015-T2,Peliyagoda,VEH015,truck,ambient,2,Colombo,fresh_dry,4,4,2118.4,11.244,0.5575,0.5111,36.0,0.0
2026-03-12,2026-03-12-VEH016-T1,Peliyagoda,VEH016,truck,ambient,1,Kurunegala,fresh_dry,4,4,1647.2,8.409,0.4335,0.3822,232.0,0.0
2026-03-12,2026-03-12-VEH016-T2,Peliyagoda,VEH016,truck,ambient,2,Colombo,style,2,2,1089.0,16.493,0.2866,0.7497,28.0,0.0
2026-03-12,2026-03-12-VEH025-T1,Peliyagoda,VEH025,truck,ambient,1,Matara,fresh_dry,3,3,1404.9,7.785,0.3697,0.3539,344.0,0.0
2026-03-12,2026-03-12-VEH035-T1,Peliyagoda,VEH035,van,reefer,1,Kalutara,fresh_mixed,3,2,950.1,5.329,0.9136,0.7613,105.0,0.0
2026-03-12,2026-03-12-VEH035-T2,Peliyagoda,VEH035,van,reefer,2,Kalutara,fresh_dry,1,1,527.9,3.109,0.5076,0.4441,96.0,0.0
2026-03-12,2026-03-12-VEH036-T1,Peliyagoda,VEH036,van,reefer,1,Colombo,fresh_mixed,8,5,1021.4,5.503,0.9821,0.7861,40.0,0.0
2026-03-12,2026-03-12-VEH037-T1,Peliyagoda,VEH037,van,ambient,1,Colombo,fresh_dry,4,4,1092.9,6.05,0.9935,0.7562,36.0,0.0
2026-03-12,2026-03-12-VEH037-T2,Peliyagoda,VEH037,van,ambient,2,Gampaha,fresh_dry,3,3,983.3,5.494,0.8939,0.6867,70.0,0.0
2026-03-12,2026-03-12-VEH038-T1,Peliyagoda,VEH038,van,ambient,1,Puttalam,fresh_dry,2,2,668.5,3.412,0.5571,0.3791,278.0,0.0
2026-03-12,2026-03-12-VEH038-T2,Peliyagoda,VEH038,van,ambient,2,Colombo,style,1,1,452.8,6.488,0.3773,0.7209,24.0,0.0
2026-03-12,2026-03-12-VEH039-T1,Kandy,VEH039,truck,reefer,1,Badulla,fresh_mixed,2,1,284.6,1.625,0.0461,0.0543,260.0,0.0
2026-03-12,2026-03-12-VEH040-T1,Kandy,VEH040,truck,reefer,1,Kegalle,fresh_mixed,7,4,3845.7,20.997,0.6979,0.7953,110.0,0.0
2026-03-12,2026-03-12-VEH041-T1,Kandy,VEH041,truck,reefer,1,Nuwara Eliya,fresh_mixed,5,3,1745.9,9.119,0.4836,0.4701,184.0,0.0
2026-03-12,2026-03-12-VEH042-T1,Kandy,VEH042,truck,reefer,1,Kandy,fresh_mixed,5,3,1272.4,6.785,0.2059,0.2269,22.0,0.0
2026-03-12,2026-03-12-VEH043-T1,Kandy,VEH043,truck,reefer,1,Matale,fresh_mixed,3,2,1554.3,8.34,0.2821,0.3159,60.0,0.0
2026-03-12,2026-03-12-VEH043-T2,Kandy,VEH043,truck,reefer,2,Matale,fresh_mixed,4,3,1675.4,9.103,0.3041,0.3448,68.0,0.0
2026-03-12,2026-03-12-VEH046-T1,Kandy,VEH046,truck,ambient,1,Nuwara Eliya,fresh_dry,3,3,812.2,4.719,0.2137,0.2145,184.0,0.0
2026-03-12,2026-03-12-VEH046-T2,Kandy,VEH046,truck,ambient,2,Kandy,style,2,2,1351.3,21.565,0.3556,0.9802,19.0,0.0
2026-03-12,2026-03-12-VEH056-T1,Kandy,VEH056,truck,ambient,1,Badulla,fresh_dry,1,1,657.8,3.052,0.1731,0.1387,260.0,0.0
2026-03-12,2026-03-12-VEH056-T2,Kandy,VEH056,truck,ambient,2,Kandy,tech,1,1,1425.8,4.675,0.3752,0.2125,16.0,0.0
2026-03-12,2026-03-12-VEH057-T1,Kandy,VEH057,van,reefer,1,Badulla,fresh_chilled,2,2,514.0,2.932,0.4942,0.4189,276.0,0.0
2026-03-12,2026-03-12-VEH057-T2,Kandy,VEH057,van,reefer,2,Kandy,tech,1,1,618.8,2.111,0.595,0.3016,16.0,0.0
2026-03-12,2026-03-12-VEH058-T1,Kandy,VEH058,van,reefer,1,Kandy,fresh_mixed,8,7,1029.6,5.264,0.99,0.752,34.0,0.0
2026-03-12,2026-03-12-VEH058-T2,Kandy,VEH058,van,reefer,2,Matale,fresh_mixed,2,1,334.3,2.027,0.3214,0.2896,52.0,0.0
2026-03-12,2026-03-12-VEH059-T1,Kandy,VEH059,van,ambient,1,Kandy,fresh_dry,8,8,1196.8,6.496,0.9973,0.7218,37.0,0.0
2026-03-12,2026-03-12-VEH059-T2,Kandy,VEH059,van,ambient,2,Kandy,style,1,1,546.6,7.912,0.4555,0.8791,16.0,0.0
2026-03-12,2026-03-12-VEH060-T1,Kandy,VEH060,van,ambient,1,Badulla,fresh_dry,2,2,766.0,4.014,0.6383,0.446,276.0,0.0
2026-03-12,2026-03-12-VEH060-T2,Kandy,VEH060,van,ambient,2,Kandy,style,2,2,523.2,8.964,0.436,0.996,19.0,0.0
2026-03-13,2026-03-13-VEH001-T1,Peliyagoda,VEH001,truck,reefer,1,Gampaha,fresh_mixed,10,5,3775.2,20.485,0.6852,0.7759,84.0,0.0
2026-03-13,2026-03-13-VEH002-T1,Peliyagoda,VEH002,truck,reefer,1,Galle,fresh_mixed,6,4,2633.0,13.91,0.6599,0.6592,270.0,0.0
2026-03-13,2026-03-13-VEH003-T1,Peliyagoda,VEH003,truck,reefer,1,Kurunegala,fresh_mixed,4,3,1969.2,9.924,0.3574,0.3759,218.0,0.0
2026-03-13,2026-03-13-VEH004-T1,Peliyagoda,VEH004,truck,reefer,1,Colombo,fresh_mixed,6,3,3779.5,20.14,0.5526,0.603,32.0,0.0
2026-03-13,2026-03-13-VEH006-T1,Peliyagoda,VEH006,truck,reefer,1,Kalutara,fresh_mixed,4,3,845.8,4.696,0.1237,0.1406,114.0,0.0
2026-03-13,2026-03-13-VEH006-T2,Peliyagoda,VEH006,truck,reefer,2,Gampaha,fresh_chilled,1,1,640.8,4.117,0.0937,0.1233,56.0,0.0
2026-03-13,2026-03-13-VEH007-T1,Peliyagoda,VEH007,truck,reefer,1,Puttalam,fresh_mixed,2,1,917.8,4.922,0.2542,0.2537,260.0,0.0
2026-03-13,2026-03-13-VEH015-T1,Peliyagoda,VEH015,truck,ambient,1,Kurunegala,fresh_dry,4,4,1457.8,7.768,0.3836,0.3531,232.0,0.0
2026-03-13,2026-03-13-VEH015-T2,Peliyagoda,VEH015,truck,ambient,2,Kurunegala,style,2,2,1156.9,18.113,0.3044,0.8233,204.0,0.0
2026-03-13,2026-03-13-VEH016-T1,Peliyagoda,VEH016,truck,ambient,1,Kalutara,fresh_dry,6,6,2583.5,14.049,0.6799,0.6386,141.0,0.0
2026-03-13,2026-03-13-VEH017-T1,Peliyagoda,VEH017,truck,ambient,1,Matara,fresh_dry,4,4,1513.8,8.208,0.3984,0.3731,356.0,0.0
2026-03-13,2026-03-13-VEH025-T1,Peliyagoda,VEH025,truck,ambient,1,Colombo,fresh_dry,8,8,3051.5,16.808,0.803,0.764,52.0,0.0
2026-03-13,2026-03-13-VEH025-T2,Peliyagoda,VEH025,truck,ambient,2,Colombo,tech,1,1,1614.6,5.112,0.4249,0.2324,24.0,0.0
2026-03-13,2026-03-13-VEH034-T1,Peliyagoda,VEH034,truck,ambient,1,Gampaha,fresh_dry,5,5,2916.4,16.931,0.7675,0.7696,84.0,0.0
2026-03-13,2026-03-13-VEH034-T2,Peliyagoda,VEH034,truck,ambient,2,Galle,style,2,2,1206.6,18.11,0.3175,0.8232,250.0,0.0
2026-03-13,2026-03-13-VEH035-T1,Peliyagoda,VEH035,van,reefer,1,Matara,fresh_chilled,2,2,866.1,4.633,0.8328,0.6619,332.0,0.0
2026-03-13,2026-03-13-VEH036-T1,Peliyagoda,VEH036,van,reefer,1,Colombo,fresh_mixed,7,4,999.2,5.411,0.9608,0.773,36.0,0.0
2026-03-13,2026-03-13-VEH037-T1,Peliyagoda,VEH037,van,ambient,1,Galle,fresh_dry,2,2,906.4,4.664,0.824,0.583,250.0,0.0
2026-03-13,2026-03-13-VEH037-T2,Peliyagoda,VEH037,van,ambient,2,Matara,style,1,1,433.0,6.764,0.3936,0.8455,320.0,0.0
2026-03-13,2026-03-13-VEH038-T1,Peliyagoda,VEH038,van,ambient,1,Puttalam,fresh_dry,2,2,736.3,3.951,0.6136,0.439,278.0,0.0
2026-03-13,2026-03-13-VEH039-T1,Kandy,VEH039,truck,reefer,1,Kegalle,fresh_mixed,8,4,4585.0,24.035,0.7419,0.8038,110.0,0.0
2026-03-13,2026-03-13-VEH041-T1,Kandy,VEH041,truck,reefer,1,Nuwara Eliya,fresh_mixed,5,3,1864.5,9.971,0.5165,0.514,184.0,0.0
2026-03-13,2026-03-13-VEH043-T1,Kandy,VEH043,truck,reefer,1,Kandy,fresh_mixed,4,2,1476.0,7.99,0.2679,0.3027,19.0,0.0
2026-03-13,2026-03-13-VEH043-T2,Kandy,VEH043,truck,reefer,2,Matale,fresh_mixed,5,3,1866.3,9.734,0.3387,0.3687,68.0,0.0
2026-03-13,2026-03-13-VEH046-T1,Kandy,VEH046,truck,ambient,1,Matale,fresh_dry,2,2,1172.0,5.835,0.3084,0.2652,60.0,0.0
2026-03-13,2026-03-13-VEH046-T2,Kandy,VEH046,truck,ambient,2,Nuwara Eliya,fresh_dry,2,2,756.6,4.216,0.1991,0.1916,170.0,0.0
2026-03-13,2026-03-13-VEH056-T1,Kandy,VEH056,truck,ambient,1,Badulla,fresh_dry,2,2,761.8,3.947,0.2005,0.1794,276.0,0.0
2026-03-13,2026-03-13-VEH057-T1,Kandy,VEH057,van,reefer,1,Badulla,fresh_chilled,2,2,516.6,2.716,0.4967,0.388,276.0,0.0
2026-03-13,2026-03-13-VEH058-T1,Kandy,VEH058,van,reefer,1,Kandy,fresh_mixed,8,5,939.4,5.31,0.9033,0.7586,28.0,0.0
2026-03-13,2026-03-13-VEH058-T2,Kandy,VEH058,van,reefer,2,Kandy,fresh_mixed,3,2,785.7,4.382,0.7555,0.626,19.0,0.0
2026-03-13,2026-03-13-VEH059-T1,Kandy,VEH059,van,ambient,1,Kandy,fresh_dry,5,5,1052.8,5.869,0.8773,0.6521,28.0,0.0
2026-03-13,2026-03-13-VEH059-T2,Kandy,VEH059,van,ambient,2,Matale,fresh_dry,2,2,1037.3,5.925,0.8644,0.6583,60.0,0.0
2026-03-13,2026-03-13-VEH060-T1,Kandy,VEH060,van,ambient,1,Badulla,fresh_dry,2,2,753.8,4.307,0.6282,0.4786,276.0,0.0
2026-03-14,2026-03-14-VEH001-T1,Peliyagoda,VEH001,truck,reefer,1,Kurunegala,fresh_chilled,4,4,1575.6,8.114,0.286,0.3073,232.0,0.0
2026-03-14,2026-03-14-VEH002-T1,Peliyagoda,VEH002,truck,reefer,1,Puttalam,fresh_mixed,3,2,796.9,4.258,0.1997,0.2018,278.0,0.0
2026-03-14,2026-03-14-VEH003-T1,Peliyagoda,VEH003,truck,reefer,1,Gampaha,fresh_chilled,4,4,1741.8,9.486,0.3161,0.3593,77.0,0.0
2026-03-14,2026-03-14-VEH003-T2,Peliyagoda,VEH003,truck,reefer,2,Kalutara,fresh_chilled,2,2,440.9,2.453,0.08,0.0929,105.0,0.0
2026-03-14,2026-03-14-VEH004-T1,Peliyagoda,VEH004,truck,reefer,1,Galle,fresh_mixed,7,5,2581.0,14.122,0.3773,0.4228,280.0,0.0
2026-03-14,2026-03-14-VEH005-T1,Peliyagoda,VEH005,truck,reefer,1,Gampaha,fresh_mixed,6,4,3384.4,18.126,0.4948,0.5427,77.0,0.0
2026-03-14,2026-03-14-VEH006-T1,Peliyagoda,VEH006,truck,reefer,1,Colombo,fresh_mixed,9,7,3530.1,19.411,0.5161,0.5812,48.0,0.0
2026-03-14,2026-03-14-VEH007-T1,Peliyagoda,VEH007,truck,reefer,1,Matara,fresh_mixed,5,4,2019.9,10.742,0.5595,0.5537,356.0,0.0
2026-03-14,2026-03-14-VEH008-T1,Peliyagoda,VEH008,truck,ambient,1,Kalutara,fresh_dry,7,7,3286.1,17.328,0.8648,0.7876,150.0,0.0
2026-03-14,2026-03-14-VEH016-T1,Peliyagoda,VEH016,truck,ambient,1,Puttalam,fresh_dry,2,2,902.7,4.731,0.2376,0.215,278.0,0.0
2026-03-14,2026-03-14-VEH016-T2,Peliyagoda,VEH016,truck,ambient,2,Gampaha,tech,1,1,1452.4,5.165,0.3822,0.2348,56.0,0.0
2026-03-14,2026-03-14-VEH017-T1,Peliyagoda,VEH017,truck,ambient,1,Gampaha,fresh_dry,6,6,2745.7,14.98,0.7226,0.6809,91.0,0.0
2026-03-14,2026-03-14-VEH025-T1,Peliyagoda,VEH025,truck,ambient,1,Colombo,fresh_dry,3,3,1799.0,9.059,0.4734,0.4118,32.0,0.0
2026-03-14,2026-03-14-VEH025-T2,Peliyagoda,VEH025,truck,ambient,2,Galle,fresh_dry,1,1,367.6,1.977,0.0967,0.0899,240.0,0.0
2026-03-14,2026-03-14-VEH027-T1,Peliyagoda,VEH027,truck,ambient,1,Colombo,fresh_dry,5,5,2028.4,10.661,0.5338,0.4846,40.0,0.0
2026-03-14,2026-03-14-VEH034-T1,Peliyagoda,VEH034,truck,ambient,1,Kurunegala,fresh_dry,2,2,1095.3,5.688,0.2882,0.2585,204.0,0.0
2026-03-14,2026-03-14-VEH035-T1,Peliyagoda,VEH035,van,reefer,1,Matara,fresh_chilled,2,2,872.2,4.483,0.8387,0.6404,332.0,0.0
2026-03-14,2026-03-14-VEH036-T1,Peliyagoda,VEH036,van,reefer,1,Kalutara,fresh_chilled,3,3,1002.5,5.647,0.9639,0.8067,114.0,0.0
2026-03-14,2026-03-14-VEH036-T2,Peliyagoda,VEH036,van,reefer,2,Colombo,fresh_chilled,3,3,517.9,2.835,0.498,0.405,32.0,0.0
2026-03-14,2026-03-14-VEH037-T1,Peliyagoda,VEH037,van,ambient,1,Gampaha,fresh_dry,2,2,1024.9,5.135,0.9317,0.6419,63.0,0.0
2026-03-14,2026-03-14-VEH037-T2,Peliyagoda,VEH037,van,ambient,2,Colombo,fresh_dry,4,4,669.3,3.842,0.6085,0.4803,36.0,0.0
2026-03-14,2026-03-14-VEH038-T1,Peliyagoda,VEH038,van,ambient,1,Kurunegala,fresh_dry,3,3,1193.6,6.512,0.9947,0.7236,218.0,0.0
2026-03-14,2026-03-14-VEH038-T2,Peliyagoda,VEH038,van,ambient,2,Kurunegala,tech,1,1,590.5,2.017,0.4921,0.2241,190.0,0.0
2026-03-14,2026-03-14-VEH039-T1,Kandy,VEH039,truck,reefer,1,Kandy,fresh_mixed,4,2,1285.4,6.612,0.208,0.2211,19.0,0.0
2026-03-14,2026-03-14-VEH039-T2,Kandy,VEH039,truck,reefer,2,Kegalle,fresh_mixed,4,3,2524.6,14.062,0.4085,0.4703,100.0,0.0
2026-03-14,2026-03-14-VEH041-T1,Kandy,VEH041,truck,reefer,1,Nuwara Eliya,fresh_mixed,5,4,1250.3,7.269,0.3463,0.3747,198.0,0.0
2026-03-14,2026-03-14-VEH042-T1,Kandy,VEH042,truck,reefer,1,Matale,fresh_mixed,9,5,3760.3,20.589,0.6085,0.6886,84.0,0.0
2026-03-14,2026-03-14-VEH046-T1,Kandy,VEH046,truck,ambient,1,Nuwara Eliya,fresh_dry,4,4,1371.0,7.964,0.3608,0.362,198.0,0.0
2026-03-14,2026-03-14-VEH052-T1,Kandy,VEH052,truck,ambient,1,Kandy,fresh_dry,2,2,695.6,3.598,0.1656,0.1499,19.0,0.0
2026-03-14,2026-03-14-VEH052-T2,Kandy,VEH052,truck,ambient,2,Kegalle,fresh_dry,2,2,922.6,5.077,0.2197,0.2115,90.0,0.0
2026-03-14,2026-03-14-VEH056-T1,Kandy,VEH056,truck,ambient,1,Badulla,fresh_dry,2,2,1061.7,5.861,0.2794,0.2664,276.0,0.0
2026-03-14,2026-03-14-VEH057-T1,Kandy,VEH057,van,reefer,1,Badulla,fresh_chilled,2,2,596.5,3.315,0.5736,0.4736,276.0,0.0
2026-03-14,2026-03-14-VEH058-T1,Kandy,VEH058,van,reefer,1,Kandy,fresh_mixed,7,6,995.6,5.473,0.9573,0.7819,31.0,0.0
2026-03-14,2026-03-14-VEH058-T2,Kandy,VEH058,van,reefer,2,Matale,fresh_mixed,3,2,867.2,4.561,0.8338,0.6516,60.0,0.0
2026-03-14,2026-03-14-VEH059-T1,Kandy,VEH059,van,ambient,1,Kandy,fresh_dry,7,7,978.1,5.078,0.8151,0.5642,34.0,0.0
2026-03-14,2026-03-14-VEH059-T2,Kandy,VEH059,van,ambient,2,Nuwara Eliya,style,1,1,501.5,7.755,0.4179,0.8617,156.0,0.0
2026-03-14,2026-03-14-VEH060-T1,Kandy,VEH060,van,ambient,1,Badulla,fresh_dry,2,2,597.6,3.289,0.498,0.3654,276.0,0.0
2026-03-14,2026-03-14-VEH060-T2,Kandy,VEH060,van,ambient,2,Matale,tech,1,1,371.6,1.36,0.3097,0.1511,52.0,0.0
2026-03-16,2026-03-16-VEH001-T1,Peliyagoda,VEH001,truck,reefer,1,Colombo,fresh_mixed,8,5,2549.1,14.327,0.4626,0.5427,40.0,0.0
2026-03-16,2026-03-16-VEH002-T1,Peliyagoda,VEH002,truck,reefer,1,Kurunegala,fresh_mixed,4,2,1199.0,6.749,0.3005,0.3199,204.0,0.0
2026-03-16,2026-03-16-VEH003-T1,Peliyagoda,VEH003,truck,reefer,1,Kalutara,fresh_mixed,7,5,2139.2,11.426,0.3882,0.4328,132.0,0.0
2026-03-16,2026-03-16-VEH005-T1,Peliyagoda,VEH005,truck,reefer,1,Gampaha,fresh_mixed,10,6,4763.7,24.682,0.6964,0.739,91.0,0.0
2026-03-16,2026-03-16-VEH006-T1,Peliyagoda,VEH006,truck,reefer,1,Colombo,fresh_mixed,3,2,1030.9,5.802,0.1507,0.1737,28.0,0.0
2026-03-16,2026-03-16-VEH006-T2,Peliyagoda,VEH006,truck,reefer,2,Gampaha,fresh_dry,2,2,583.0,3.301,0.0852,0.0988,63.0,0.0
2026-03-16,2026-03-16-VEH007-T1,Peliyagoda,VEH007,truck,reefer,1,Galle,fresh_mixed,7,4,2381.8,12.705,0.6598,0.6549,270.0,0.0
2026-03-16,2026-03-16-VEH015-T1,Peliyagoda,VEH015,truck,ambient,1,Matara,fresh_dry,4,4,1398.2,7.463,0.3679,0.3392,356.0,0.0
2026-03-16,2026-03-16-VEH016-T1,Peliyagoda,VEH016,truck,ambient,1,Galle,fresh_dry,3,3,1246.9,6.594,0.3281,0.2997,260.0,0.0
2026-03-16,2026-03-16-VEH017-T1,Peliyagoda,VEH017,truck,ambient,1,Kalutara,fresh_dry,5,5,2263.3,12.469,0.5956,0.5668,132.0,0.0
2026-03-16,2026-03-16-VEH025-T1,Peliyagoda,VEH025,truck,ambient,1,Kurunegala,fresh_dry,3,3,1180.9,6.441,0.3108,0.2928,218.0,0.0
2026-03-16,2026-03-16-VEH034-T1,Peliyagoda,VEH034,truck,ambient,1,Colombo,fresh_dry,5,5,2738.2,14.383,0.7206,0.6538,40.0,0.0
2026-03-16,2026-03-16-VEH034-T2,Peliyagoda,VEH034,truck,ambient,2,Gampaha,fresh_dry,4,4,1900.2,10.145,0.5001,0.4611,77.0,0.0
2026-03-16,2026-03-16-VEH035-T1,Peliyagoda,VEH035,van,reefer,1,Matara,fresh_chilled,3,3,962.4,5.021,0.9254,0.7173,344.0,0.0
2026-03-16,2026-03-16-VEH036-T1,Peliyagoda,VEH036,van,reefer,1,Puttalam,fresh_chilled,3,3,912.3,4.889,0.8772,0.6984,296.0,0.0
2026-03-16,2026-03-16-VEH037-T1,Peliyagoda,VEH037,van,ambient,1,Colombo,fresh_dry,5,5,906.5,5.241,0.8241,0.6551,40.0,0.0
2026-03-16,2026-03-16-VEH037-T2,Peliyagoda,VEH037,van,ambient,2,Kalutara,style,1,1,420.6,6.828,0.3824,0.8535,96.0,0.0
2026-03-16,2026-03-16-VEH038-T1,Peliyagoda,VEH038,van,ambient,1,Puttalam,fresh_dry,3,3,808.9,4.512,0.6741,0.5013,296.0,0.0
2026-03-16,2026-03-16-VEH038-T2,Peliyagoda,VEH038,van,ambient,2,Kalutara,style,1,1,421.9,7.047,0.3516,0.783,96.0,0.0
2026-03-16,2026-03-16-VEH039-T1,Kandy,VEH039,truck,reefer,1,Nuwara Eliya,fresh_mixed,5,3,1416.6,7.461,0.2292,0.2495,184.0,0.0
2026-03-16,2026-03-16-VEH040-T1,Kandy,VEH040,truck,reefer,1,Kegalle,fresh_mixed,7,4,3116.7,17.61,0.5656,0.667,110.0,0.0
2026-03-16,2026-03-16-VEH041-T1,Kandy,VEH041,truck,reefer,1,Badulla,fresh_mixed,2,1,879.8,4.563,0.2437,0.2352,260.0,0.0
2026-03-16,2026-03-16-VEH041-T2,Kandy,VEH041,truck,reefer,2,Matale,style,1,1,683.0,10.672,0.1892,0.5501,52.0,0.0
2026-03-16,2026-03-16-VEH042-T1,Kandy,VEH042,truck,reefer,1,Matale,fresh_mixed,6,4,2116.3,11.521,0.3424,0.3853,76.0,0.0
2026-03-16,2026-03-16-VEH043-T1,Kandy,VEH043,truck,reefer,1,Kandy,fresh_mixed,5,3,1509.1,8.076,0.2739,0.3059,22.0,0.0
2026-03-16,2026-03-16-VEH043-T2,Kandy,VEH043,truck,reefer,2,Matale,fresh_mixed,4,2,1684.7,8.667,0.3058,0.3283,60.0,0.0
2026-03-16,2026-03-16-VEH056-T1,Kandy,VEH056,truck,ambient,1,Badulla,fresh_dry,1,1,283.6,1.509,0.0746,0.0686,260.0,0.0
2026-03-16,2026-03-16-VEH056-T2,Kandy,VEH056,truck,ambient,2,Badulla,style,1,1,598.7,9.085,0.1576,0.413,260.0,0.0
2026-03-16,2026-03-16-VEH057-T1,Kandy,VEH057,van,reefer,1,Badulla,fresh_chilled,2,2,341.4,1.817,0.3283,0.2596,276.0,0.0
2026-03-16,2026-03-16-VEH058-T1,Kandy,VEH058,van,reefer,1,Kandy,fresh_mixed,8,5,998.4,5.257,0.96,0.751,28.0,0.0
2026-03-16,2026-03-16-VEH058-T2,Kandy,VEH058,van,reefer,2,Kandy,fresh_mixed,2,1,262.6,1.398,0.2525,0.1997,16.0,0.0
2026-03-16,2026-03-16-VEH059-T1,Kandy,VEH059,van,ambient,1,Kandy,fresh_dry,4,4,680.3,3.516,0.5669,0.3907,25.0,0.0
2026-03-16,2026-03-16-VEH059-T2,Kandy,VEH059,van,ambient,2,Nuwara Eliya,fresh_dry,2,2,596.8,3.217,0.4973,0.3574,170.0,0.0
2026-03-16,2026-03-16-VEH060-T1,Kandy,VEH060,van,ambient,1,Badulla,fresh_dry,2,2,691.4,3.505,0.5762,0.3894,276.0,0.0
2026-03-16,2026-03-16-VEH060-T2,Kandy,VEH060,van,ambient,2,Matale,tech,1,1,619.9,2.143,0.5166,0.2381,52.0,0.0
2026-03-17,2026-03-17-VEH001-T1,Peliyagoda,VEH001,truck,reefer,1,Kurunegala,fresh_mixed,4,3,1521.8,8.55,0.2762,0.3239,218.0,0.0
2026-03-17,2026-03-17-VEH002-T1,Peliyagoda,VEH002,truck,reefer,1,Puttalam,fresh_mixed,3,2,766.4,4.073,0.1921,0.193,278.0,0.0
2026-03-17,2026-03-17-VEH003-T1,Peliyagoda,VEH003,truck,reefer,1,Gampaha,fresh_mixed,10,8,3925.8,20.518,0.7125,0.7772,105.0,0.0
2026-03-17,2026-03-17-VEH004-T1,Peliyagoda,VEH004,truck,reefer,1,Kalutara,fresh_mixed,8,7,2124.9,11.31,0.3107,0.3386,150.0,0.0
2026-03-17,2026-03-17-VEH005-T1,Peliyagoda,VEH005,truck,reefer,1,Galle,fresh_mixed,7,4,1993.6,10.481,0.2915,0.3138,270.0,0.0
2026-03-17,2026-03-17-VEH006-T1,Peliyagoda,VEH006,truck,reefer,1,Colombo,fresh_mixed,9,6,3349.3,17.994,0.4897,0.5387,44.0,0.0
2026-03-17,2026-03-17-VEH007-T1,Peliyagoda,VEH007,truck,reefer,1,Matara,fresh_mixed,5,4,1467.2,7.614,0.4064,0.3925,356.0,0.0
2026-03-17,2026-03-17-VEH008-T1,Peliyagoda,VEH008,truck,ambient,1,Kalutara,fresh_dry,6,6,2286.0,12.182,0.6016,0.5537,141.0,0.0
2026-03-17,2026-03-17-VEH008-T2,Peliyagoda,VEH008,truck,ambient,2,Colombo,tech,2,2,2320.7,8.072,0.6107,0.3669,28.0,0.0
2026-03-17,2026-03-17-VEH015-T1,Peliyagoda,VEH015,truck,ambient,1,Kurunegala,fresh_dry,3,3,845.7,4.889,0.2226,0.2222,218.0,0.0
2026-03-17,2026-03-17-VEH016-T1,Peliyagoda,VEH016,truck,ambient,1,Puttalam,fresh_dry,2,2,549.4,2.806,0.1446,0.1275,278.0,0.0
2026-03-17,2026-03-17-VEH017-T1,Peliyagoda,VEH017,truck,ambient,1,Gampaha,fresh_dry,7,7,2218.2,11.962,0.5837,0.5437,98.0,0.0
2026-03-17,2026-03-17-VEH025-T1,Peliyagoda,VEH025,truck,ambient,1,Galle,fresh_dry,3,3,877.5,5.037,0.2309,0.229,260.0,0.0
2026-03-17,2026-03-17-VEH035-T1,Peliyagoda,VEH035,van,reefer,1,Kurunegala,fresh_mixed,3,2,853.0,4.678,0.8202,0.6683,204.0,0.0
2026-03-17,2026-03-17-VEH036-T1,Peliyagoda,VEH036,van,reefer,1,Gampaha,fresh_mixed,2,1,1002.6,5.648,0.964,0.8069,56.0,0.0
2026-03-17,2026-03-17-VEH036-T2,Peliyagoda,VEH036,van,reefer,2,Colombo,fresh_mixed,7,5,995.2,5.435,0.9569,0.7764,40.0,0.0
2026-03-17,2026-03-17-VEH037-T1,Peliyagoda,VEH037,van,ambient,1,Colombo,fresh_dry,4,4,1042.1,6.046,0.9474,0.7558,36.0,0.0
2026-03-17,2026-03-17-VEH037-T2,Peliyagoda,VEH037,van,ambient,2,Colombo,fresh_dry,2,2,518.4,2.886,0.4713,0.3608,28.0,0.0
2026-03-17,2026-03-17-VEH038-T1,Peliyagoda,VEH038,van,ambient,1,Matara,fresh_dry,3,3,1114.1,5.853,0.9284,0.6503,344.0,0.0
2026-03-17,2026-03-17-VEH038-T2,Peliyagoda,VEH038,van,ambient,2,Matara,tech,1,1,402.0,1.186,0.335,0.1318,320.0,0.0
2026-03-17,2026-03-17-VEH039-T1,Kandy,VEH039,truck,reefer,1,Kegalle,fresh_mixed,2,1,585.3,3.229,0.0947,0.108,80.0,0.0
2026-03-17,2026-03-17-VEH039-T2,Kandy,VEH039,truck,reefer,2,Kandy,fresh_mixed,5,3,1632.8,8.878,0.2642,0.2969,22.0,0.0
2026-03-17,2026-03-17-VEH041-T1,Kandy,VEH041,truck,reefer,1,Nuwara Eliya,fresh_chilled,5,5,1064.8,5.78,0.295,0.2979,212.0,0.0
2026-03-17,2026-03-17-VEH042-T1,Kandy,VEH042,truck,reefer,1,Matale,fresh_mixed,9,5,3410.5,18.795,0.5519,0.6286,84.0,0.0
2026-03-17,2026-03-17-VEH046-T1,Kandy,VEH046,truck,ambient,1,Badulla,fresh_dry,2,2,794.2,4.085,0.209,0.1857,276.0,0.0
2026-03-17,2026-03-17-VEH052-T1,Kandy,VEH052,truck,ambient,1,Kegalle,fresh_dry,3,3,1489.8,8.155,0.3547,0.3398,100.0,0.0
2026-03-17,2026-03-17-VEH056-T1,Kandy,VEH056,truck,ambient,1,Nuwara Eliya,fresh_dry,5,5,1565.4,8.127,0.4119,0.3694,212.0,0.0
2026-03-17,2026-03-17-VEH057-T1,Kandy,VEH057,van,reefer,1,Badulla,fresh_chilled,2,2,586.8,3.418,0.5642,0.4883,276.0,0.0
2026-03-17,2026-03-17-VEH058-T1,Kandy,VEH058,van,reefer,1,Kandy,fresh_mixed,8,5,1036.5,5.484,0.9966,0.7834,28.0,0.0
2026-03-17,2026-03-17-VEH059-T1,Kandy,VEH059,van,ambient,1,Kandy,fresh_dry,7,7,1081.6,5.722,0.9013,0.6358,34.0,0.0
2026-03-17,2026-03-17-VEH059-T2,Kandy,VEH059,van,ambient,2,Matale,fresh_dry,1,1,171.1,0.91,0.1426,0.1011,52.0,0.0
2026-03-17,2026-03-17-VEH060-T1,Kandy,VEH060,van,ambient,1,Badulla,fresh_dry,2,2,564.2,3.175,0.4702,0.3528,276.0,0.0
2026-03-18,2026-03-18-VEH001-T1,Peliyagoda,VEH001,truck,reefer,1,Gampaha,fresh_mixed,8,5,4338.7,23.05,0.7874,0.8731,84.0,0.0
2026-03-18,2026-03-18-VEH002-T1,Peliyagoda,VEH002,truck,reefer,1,Kurunegala,fresh_mixed,4,3,1039.4,5.498,0.2605,0.2606,218.0,0.0
2026-03-18,2026-03-18-VEH003-T1,Peliyagoda,VEH003,truck,reefer,1,Kalutara,fresh_mixed,8,6,3119.4,16.424,0.5661,0.6221,141.0,0.0
2026-03-18,2026-03-18-VEH005-T1,Peliyagoda,VEH005,truck,reefer,1,Colombo,fresh_mixed,10,6,3939.6,20.368,0.576,0.6098,44.0,0.0
2026-03-18,2026-03-18-VEH007-T1,Peliyagoda,VEH007,truck,reefer,1,Galle,fresh_mixed,7,6,2150.1,11.723,0.5956,0.6043,290.0,0.0
2026-03-18,2026-03-18-VEH015-T1,Peliyagoda,VEH015,truck,ambient,1,Puttalam,fresh_dry,2,2,742.5,4.074,0.1954,0.1852,278.0,0.0
2026-03-18,2026-03-18-VEH015-T2,Peliyagoda,VEH015,truck,ambient,2,Gampaha,style,2,2,1021.0,14.933,0.2687,0.6788,63.0,0.0
2026-03-18,2026-03-18-VEH016-T1,Peliyagoda,VEH016,truck,ambient,1,Galle,fresh_dry,5,5,1808.3,9.708,0.4759,0.4413,280.0,0.0
2026-03-18,2026-03-18-VEH016-T2,Peliyagoda,VEH016,truck,ambient,2,Gampaha,style,1,1,749.2,13.233,0.1972,0.6015,56.0,0.0
2026-03-18,2026-03-18-VEH017-T1,Peliyagoda,VEH017,truck,ambient,1,Gampaha,fresh_dry,7,7,2052.7,11.526,0.5402,0.5239,98.0,0.0
2026-03-18,2026-03-18-VEH018-T1,Peliyagoda,VEH018,truck,ambient,1,Kurunegala,fresh_dry,4,4,1428.0,7.682,0.3758,0.3492,232.0,0.0
2026-03-18,2026-03-18-VEH025-T1,Peliyagoda,VEH025,truck,ambient,1,Matara,fresh_dry,4,4,1474.7,7.536,0.3881,0.3425,356.0,0.0
2026-03-18,2026-03-18-VEH035-T1,Peliyagoda,VEH035,van,reefer,1,Puttalam,fresh_mixed,3,2,741.3,4.355,0.7128,0.6221,278.0,0.0
2026-03-18,2026-03-18-VEH036-T1,Peliyagoda,VEH036,van,reefer,1,Colombo,fresh_mixed,5,4,779.9,4.006,0.7499,0.5723,36.0,0.0
2026-03-18,2026-03-18-VEH036-T2,Peliyagoda,VEH036,van,reefer,2,Colombo,fresh_mixed,2,1,496.5,2.632,0.4774,0.376,24.0,0.0
2026-03-18,2026-03-18-VEH037-T1,Peliyagoda,VEH037,van,ambient,1,Colombo,fresh_dry,4,4,850.5,4.58,0.7732,0.5725,36.0,0.0
2026-03-18,2026-03-18-VEH037-T2,Peliyagoda,VEH037,van,ambient,2,Kalutara,fresh_dry,2,2,573.9,3.426,0.5217,0.4283,105.0,0.0
2026-03-18,2026-03-18-VEH038-T1,Peliyagoda,VEH038,van,ambient,1,Colombo,fresh_dry,2,2,1049.5,5.235,0.8746,0.5817,28.0,0.0
2026-03-18,2026-03-18-VEH038-T2,Peliyagoda,VEH038,van,ambient,2,Kalutara,tech,1,1,878.7,2.874,0.7323,0.3193,96.0,0.0
2026-03-18,2026-03-18-VEH039-T1,Kandy,VEH039,truck,reefer,1,Nuwara Eliya,fresh_mixed,5,4,1430.9,7.364,0.2315,0.2463,198.0,0.0
2026-03-18,2026-03-18-VEH040-T1,Kandy,VEH040,truck,reefer,1,Matale,fresh_mixed,8,4,3013.6,16.442,0.5469,0.6228,76.0,0.0
2026-03-18,2026-03-18-VEH041-T1,Kandy,VEH041,truck,reefer,1,Badulla,fresh_chilled,2,2,300.3,1.694,0.0832,0.0873,276.0,0.0
2026-03-18,2026-03-18-VEH042-T1,Kandy,VEH042,truck,reefer,1,Kegalle,fresh_mixed,7,4,2758.0,14.865,0.4463,0.4972,110.0,0.0
2026-03-18,2026-03-18-VEH043-T1,Kandy,VEH043,truck,reefer,1,Kandy,fresh_mixed,6,3,1763.3,9.059,0.32,0.3431,22.0,0.0
2026-03-18,2026-03-18-VEH046-T1,Kandy,VEH046,truck,ambient,1,Badulla,fresh_dry,2,2,415.7,2.285,0.1094,0.1039,276.0,0.0
2026-03-18,2026-03-18-VEH046-T2,Kandy,VEH046,truck,ambient,2,Kegalle,style,1,1,874.0,14.29,0.23,0.6495,80.0,0.0
2026-03-18,2026-03-18-VEH056-T1,Kandy,VEH056,truck,ambient,1,Nuwara Eliya,fresh_dry,4,4,1150.8,6.024,0.3028,0.2738,198.0,0.0
2026-03-18,2026-03-18-VEH057-T1,Kandy,VEH057,van,reefer,1,Badulla,fresh_chilled,2,2,762.0,3.824,0.7327,0.5463,276.0,0.0
2026-03-18,2026-03-18-VEH058-T1,Kandy,VEH058,van,reefer,1,Kandy,fresh_mixed,7,5,818.6,4.32,0.7871,0.6171,28.0,0.0
2026-03-18,2026-03-18-VEH058-T2,Kandy,VEH058,van,reefer,2,Matale,fresh_dry,2,2,613.6,3.427,0.59,0.4896,60.0,0.0
2026-03-18,2026-03-18-VEH059-T1,Kandy,VEH059,van,ambient,1,Kandy,fresh_dry,6,6,777.3,4.133,0.6477,0.4592,31.0,0.0
2026-03-18,2026-03-18-VEH059-T2,Kandy,VEH059,van,ambient,2,Kandy,fresh_dry,1,1,294.1,1.459,0.2451,0.1621,16.0,0.0
2026-03-18,2026-03-18-VEH060-T1,Kandy,VEH060,van,ambient,1,Badulla,fresh_dry,2,2,1042.0,5.393,0.8683,0.5992,276.0,0.0
2026-03-19,2026-03-19-VEH001-T1,Peliyagoda,VEH001,truck,reefer,1,Kurunegala,fresh_mixed,4,3,1588.4,8.735,0.2883,0.3309,218.0,0.0
2026-03-19,2026-03-19-VEH002-T1,Peliyagoda,VEH002,truck,reefer,1,Puttalam,fresh_mixed,3,2,1089.5,5.908,0.2731,0.28,278.0,0.0
2026-03-19,2026-03-19-VEH003-T1,Peliyagoda,VEH003,truck,reefer,1,Gampaha,fresh_mixed,8,4,3080.6,17.002,0.5591,0.644,77.0,0.0
2026-03-19,2026-03-19-VEH004-T1,Peliyagoda,VEH004,truck,reefer,1,Colombo,fresh_mixed,10,6,3965.4,21.557,0.5797,0.6454,44.0,0.0
2026-03-19,2026-03-19-VEH005-T1,Peliyagoda,VEH005,truck,reefer,1,Galle,fresh_mixed,7,6,2045.4,10.685,0.299,0.3199,290.0,0.0
2026-03-19,2026-03-19-VEH006-T1,Peliyagoda,VEH006,truck,reefer,1,Kalutara,fresh_mixed,6,3,2560.6,13.754,0.3744,0.4118,114.0,0.0
2026-03-19,2026-03-19-VEH007-T1,Peliyagoda,VEH007,truck,reefer,1,Matara,fresh_mixed,5,4,1794.3,9.972,0.497,0.514,356.0,0.0
2026-03-19,2026-03-19-VEH008-T1,Peliyagoda,VEH008,truck,ambient,1,Puttalam,fresh_dry,2,2,581.6,3.104,0.1531,0.1411,278.0,0.0
2026-03-19,2026-03-19-VEH008-T2,Peliyagoda,VEH008,truck,ambient,2,Colombo,style,2,2,1150.8,17.966,0.3028,0.8166,28.0,0.0
2026-03-19,2026-03-19-VEH015-T1,Peliyagoda,VEH015,truck,ambient,1,Kalutara,fresh_dry,4,4,1435.3,7.658,0.3777,0.3481,123.0,0.0
2026-03-19,2026-03-19-VEH015-T2,Peliyagoda,VEH015,truck,ambient,2,Colombo,style,2,2,1225.9,21.476,0.3226,0.9762,28.0,0.0
2026-03-19,2026-03-19-VEH016-T1,Peliyagoda,VEH016,truck,ambient,1,Gampaha,fresh_dry,4,4,2166.9,11.557,0.5702,0.5253,77.0,0.0
2026-03-19,2026-03-19-VEH016-T2,Peliyagoda,VEH016,truck,ambient,2,Colombo,fresh_dry,2,2,1549.8,8.288,0.4078,0.3767,28.0,0.0
2026-03-19,2026-03-19-VEH025-T1,Peliyagoda,VEH025,truck,ambient,1,Kurunegala,fresh_dry,4,4,1695.8,8.641,0.4463,0.3928,232.0,0.0
2026-03-19,2026-03-19-VEH027-T1,Peliyagoda,VEH027,truck,ambient,1,Galle,fresh_dry,5,5,1887.9,10.36,0.4968,0.4709,280.0,0.0
2026-03-19,2026-03-19-VEH027-T2,Peliyagoda,VEH027,truck,ambient,2,Colombo,style,1,1,518.6,8.229,0.1365,0.374,24.0,0.0
2026-03-19,2026-03-19-VEH035-T1,Peliyagoda,VEH035,van,reefer,1,Kalutara,fresh_chilled,2,2,452.0,2.491,0.4346,0.3559,105.0,0.0
2026-03-19,2026-03-19-VEH035-T2,Peliyagoda,VEH035,van,reefer,2,Colombo,fresh_mixed,4,3,878.0,4.581,0.8442,0.6544,32.0,0.0
2026-03-19,2026-03-19-VEH036-T1,Peliyagoda,VEH036,van,reefer,1,Colombo,fresh_mixed,5,3,886.9,4.879,0.8528,0.697,32.0,0.0
2026-03-19,2026-03-19-VEH036-T2,Peliyagoda,VEH036,van,reefer,2,Gampaha,fresh_mixed,4,3,979.9,5.374,0.9422,0.7677,70.0,0.0
2026-03-19,2026-03-19-VEH037-T1,Peliyagoda,VEH037,van,ambient,1,Colombo,fresh_dry,5,5,975.1,5.309,0.8865,0.6636,40.0,0.0
2026-03-19,2026-03-19-VEH038-T1,Peliyagoda,VEH038,van,ambient,1,Matara,fresh_dry,3,3,969.1,5.315,0.8076,0.5906,344.0,0.0
2026-03-19,2026-03-19-VEH038-T2,Peliyagoda,VEH038,van,ambient,2,Colombo,style,1,1,531.2,8.157,0.4427,0.9063,24.0,0.0
2026-03-19,2026-03-19-VEH039-T1,Kandy,VEH039,truck,reefer,1,Badulla,fresh_chilled,2,2,409.7,2.311,0.0663,0.0773,276.0,0.0
2026-03-19,2026-03-19-VEH041-T1,Kandy,VEH041,truck,reefer,1,Nuwara Eliya,fresh_mixed,5,3,1567.7,8.412,0.4343,0.4336,184.0,0.0
2026-03-19,2026-03-19-VEH042-T1,Kandy,VEH042,truck,reefer,1,Kegalle,fresh_mixed,5,3,2295.7,12.322,0.3715,0.4121,100.0,0.0
2026-03-19,2026-03-19-VEH042-T2,Kandy,VEH042,truck,reefer,2,Kandy,fresh_mixed,3,3,987.9,4.867,0.1599,0.1628,22.0,0.0
2026-03-19,2026-03-19-VEH043-T1,Kandy,VEH043,truck,reefer,1,Matale,fresh_mixed,9,6,3611.8,19.781,0.6555,0.7493,92.0,0.0
2026-03-19,2026-03-19-VEH046-T1,Kandy,VEH046,truck,ambient,1,Nuwara Eliya,fresh_dry,3,3,1191.5,6.528,0.3136,0.2967,184.0,0.0
2026-03-19,2026-03-19-VEH046-T2,Kandy,VEH046,truck,ambient,2,Kandy,style,2,2,1325.4,19.315,0.3488,0.878,19.0,0.0
2026-03-19,2026-03-19-VEH048-T1,Kandy,VEH048,truck,ambient,1,Badulla,fresh_dry,1,1,527.7,2.961,0.1256,0.1234,260.0,0.0
2026-03-19,2026-03-19-VEH056-T1,Kandy,VEH056,truck,ambient,1,Kegalle,fresh_dry,2,2,1146.4,5.702,0.3017,0.2592,90.0,0.0
2026-03-19,2026-03-19-VEH056-T2,Kandy,VEH056,truck,ambient,2,Kandy,tech,1,1,1659.3,5.256,0.4367,0.2389,16.0,0.0
2026-03-19,2026-03-19-VEH057-T1,Kandy,VEH057,van,reefer,1,Badulla,fresh_mixed,2,1,333.0,1.763,0.3202,0.2519,260.0,0.0
2026-03-19,2026-03-19-VEH058-T1,Kandy,VEH058,van,reefer,1,Kandy,fresh_mixed,8,7,967.6,5.385,0.9304,0.7693,34.0,0.0
2026-03-19,2026-03-19-VEH058-T2,Kandy,VEH058,van,reefer,2,Kandy,fresh_dry,2,2,680.8,3.812,0.6546,0.5446,19.0,0.0
2026-03-19,2026-03-19-VEH059-T1,Kandy,VEH059,van,ambient,1,Kandy,fresh_dry,8,8,1091.6,6.011,0.9097,0.6679,37.0,0.0
2026-03-19,2026-03-19-VEH059-T2,Kandy,VEH059,van,ambient,2,Kandy,style,1,1,528.0,7.798,0.44,0.8664,16.0,0.0
2026-03-19,2026-03-19-VEH060-T1,Kandy,VEH060,van,ambient,1,Badulla,fresh_dry,2,2,677.8,3.725,0.5648,0.4139,276.0,0.0
2026-03-19,2026-03-19-VEH060-T2,Kandy,VEH060,van,ambient,2,Kandy,style,2,2,441.0,7.542,0.3675,0.838,19.0,0.0
2026-03-20,2026-03-20-VEH001-T1,Peliyagoda,VEH001,truck,reefer,1,Colombo,fresh_mixed,8,4,4342.5,23.321,0.7881,0.8834,36.0,0.0
2026-03-20,2026-03-20-VEH002-T1,Peliyagoda,VEH002,truck,reefer,1,Galle,fresh_mixed,5,3,2370.6,12.449,0.5941,0.59,260.0,0.0
2026-03-20,2026-03-20-VEH003-T1,Peliyagoda,VEH003,truck,reefer,1,Kurunegala,fresh_mixed,4,3,1637.7,9.329,0.2972,0.3534,218.0,0.0
2026-03-20,2026-03-20-VEH004-T1,Peliyagoda,VEH004,truck,reefer,1,Kalutara,fresh_mixed,6,3,1778.6,9.169,0.26,0.2745,114.0,0.0
2026-03-20,2026-03-20-VEH005-T1,Peliyagoda,VEH005,truck,reefer,1,Gampaha,fresh_mixed,10,7,5219.1,27.573,0.763,0.8255,98.0,0.0
2026-03-20,2026-03-20-VEH007-T1,Peliyagoda,VEH007,truck,reefer,1,Puttalam,fresh_mixed,2,1,823.8,4.336,0.2282,0.2235,260.0,0.0
2026-03-20,2026-03-20-VEH016-T1,Peliyagoda,VEH016,truck,ambient,1,Matara,fresh_dry,4,4,1708.8,8.647,0.4497,0.393,356.0,0.0
2026-03-20,2026-03-20-VEH017-T1,Peliyagoda,VEH017,truck,ambient,1,Kurunegala,fresh_dry,4,4,1734.7,9.296,0.4565,0.4225,232.0,0.0
2026-03-20,2026-03-20-VEH017-T2,Peliyagoda,VEH017,truck,ambient,2,Kurunegala,style,2,2,854.6,13.466,0.2249,0.6121,204.0,0.0
2026-03-20,2026-03-20-VEH018-T1,Peliyagoda,VEH018,truck,ambient,1,Gampaha,fresh_dry,6,6,2631.6,14.014,0.6925,0.637,91.0,0.0
2026-03-20,2026-03-20-VEH025-T1,Peliyagoda,VEH025,truck,ambient,1,Colombo,fresh_dry,7,7,2884.7,15.117,0.7591,0.6871,48.0,0.0
2026-03-20,2026-03-20-VEH025-T2,Peliyagoda,VEH025,truck,ambient,2,Galle,style,1,1,1032.1,15.799,0.2716,0.7181,240.0,0.0
2026-03-20,2026-03-20-VEH034-T1,Peliyagoda,VEH034,truck,ambient,1,Kalutara,fresh_dry,4,4,2249.7,12.596,0.592,0.5725,123.0,0.0
2026-03-20,2026-03-20-VEH034-T2,Peliyagoda,VEH034,truck,ambient,2,Colombo,tech,3,3,3222.3,10.898,0.848,0.4954,32.0,0.0
2026-03-20,2026-03-20-VEH035-T1,Peliyagoda,VEH035,van,reefer,1,Matara,fresh_chilled,2,2,743.6,4.323,0.715,0.6176,332.0,0.0
2026-03-20,2026-03-20-VEH035-T2,Peliyagoda,VEH035,van,reefer,2,Galle,style,1,1,347.4,5.692,0.334,0.8131,240.0,0.0
2026-03-20,2026-03-20-VEH036-T1,Peliyagoda,VEH036,van,reefer,1,Colombo,fresh_mixed,8,5,935.6,5.226,0.8996,0.7466,40.0,0.0
2026-03-20,2026-03-20-VEH036-T2,Peliyagoda,VEH036,van,reefer,2,Kurunegala,tech,1,1,736.5,2.515,0.7082,0.3593,190.0,0.0
2026-03-20,2026-03-20-VEH037-T1,Peliyagoda,VEH037,van,ambient,1,Galle,fresh_dry,3,3,1092.5,5.659,0.9932,0.7074,260.0,0.0
2026-03-20,2026-03-20-VEH037-T2,Peliyagoda,VEH037,van,ambient,2,Matara,style,1,1,496.8,7.603,0.4516,0.9504,320.0,0.0
2026-03-20,2026-03-20-VEH038-T1,Peliyagoda,VEH038,van,ambient,1,Puttalam,fresh_dry,2,2,610.2,3.277,0.5085,0.3641,278.0,0.0
2026-03-20,2026-03-20-VEH038-T2,Peliyagoda,VEH038,van,ambient,2,Matara,tech,1,1,520.6,1.752,0.4338,0.1947,320.0,0.0
2026-03-20,2026-03-20-VEH039-T1,Kandy,VEH039,truck,reefer,1,Kegalle,fresh_mixed,8,4,4204.3,22.213,0.6803,0.7429,110.0,0.0
2026-03-20,2026-03-20-VEH041-T1,Kandy,VEH041,truck,reefer,1,Nuwara Eliya,fresh_mixed,4,2,1521.6,8.22,0.4215,0.4237,170.0,0.0
2026-03-20,2026-03-20-VEH042-T1,Kandy,VEH042,truck,reefer,1,Matale,fresh_mixed,9,6,4021.5,21.186,0.6507,0.7086,92.0,0.0
2026-03-20,2026-03-20-VEH043-T1,Kandy,VEH043,truck,reefer,1,Badulla,fresh_mixed,2,1,831.1,4.878,0.1508,0.1848,260.0,0.0
2026-03-20,2026-03-20-VEH056-T1,Kandy,VEH056,truck,ambient,1,Nuwara Eliya,fresh_dry,3,3,1078.8,5.874,0.2839,0.267,184.0,0.0
2026-03-20,2026-03-20-VEH056-T2,Kandy,VEH056,truck,ambient,2,Badulla,tech,1,1,1967.8,6.196,0.5178,0.2816,260.0,0.0
2026-03-20,2026-03-20-VEH057-T1,Kandy,VEH057,van,reefer,1,Badulla,fresh_mixed,2,1,472.5,2.439,0.4543,0.3484,260.0,0.0
2026-03-20,2026-03-20-VEH058-T1,Kandy,VEH058,van,reefer,1,Kandy,fresh_chilled,6,6,999.1,5.763,0.9607,0.8233,31.0,0.0
2026-03-20,2026-03-20-VEH058-T2,Kandy,VEH058,van,reefer,2,Kandy,fresh_mixed,3,3,944.5,5.265,0.9082,0.7521,22.0,0.0
2026-03-20,2026-03-20-VEH059-T1,Kandy,VEH059,van,ambient,1,Kandy,fresh_dry,8,8,1139.3,6.197,0.9494,0.6886,37.0,0.0
2026-03-20,2026-03-20-VEH059-T2,Kandy,VEH059,van,ambient,2,Kandy,fresh_dry,3,3,1108.6,5.932,0.9238,0.6591,22.0,0.0
2026-03-20,2026-03-20-VEH060-T1,Kandy,VEH060,van,ambient,1,Badulla,fresh_dry,2,2,1029.2,5.159,0.8577,0.5732,276.0,0.0
2026-03-21,2026-03-21-VEH001-T1,Peliyagoda,VEH001,truck,reefer,1,Puttalam,fresh_mixed,3,2,937.3,5.02,0.1701,0.1902,278.0,0.0
2026-03-21,2026-03-21-VEH002-T1,Peliyagoda,VEH002,truck,reefer,1,Kurunegala,fresh_chilled,4,4,1651.3,8.375,0.4139,0.3969,232.0,0.0
2026-03-21,2026-03-21-VEH003-T1,Peliyagoda,VEH003,truck,reefer,1,Kalutara,fresh_mixed,8,5,2391.6,13.34,0.434,0.5053,132.0,0.0
2026-03-21,2026-03-21-VEH004-T1,Peliyagoda,VEH004,truck,reefer,1,Galle,fresh_mixed,5,4,2036.6,11.18,0.2977,0.3347,270.0,0.0
2026-03-21,2026-03-21-VEH005-T1,Peliyagoda,VEH005,truck,reefer,1,Gampaha,fresh_mixed,10,6,5519.5,29.4,0.8069,0.8802,91.0,0.0
2026-03-21,2026-03-21-VEH006-T1,Peliyagoda,VEH006,truck,reefer,1,Colombo,fresh_mixed,8,6,4644.7,24.191,0.679,0.7243,44.0,0.0
2026-03-21,2026-03-21-VEH007-T1,Peliyagoda,VEH007,truck,reefer,1,Matara,fresh_mixed,5,3,1837.5,10.177,0.509,0.5246,344.0,0.0
2026-03-21,2026-03-21-VEH008-T1,Peliyagoda,VEH008,truck,ambient,1,Kalutara,fresh_dry,4,4,1874.5,10.55,0.4933,0.4795,123.0,0.0
2026-03-21,2026-03-21-VEH015-T1,Peliyagoda,VEH015,truck,ambient,1,Puttalam,fresh_dry,2,2,786.4,4.543,0.2069,0.2065,278.0,0.0
2026-03-21,2026-03-21-VEH018-T1,Peliyagoda,VEH018,truck,ambient,1,Kurunegala,fresh_dry,4,4,1706.4,8.905,0.4491,0.4048,232.0,0.0
2026-03-21,2026-03-21-VEH027-T1,Peliyagoda,VEH027,truck,ambient,1,Gampaha,fresh_dry,6,6,2555.5,13.714,0.6725,0.6234,91.0,0.0
2026-03-21,2026-03-21-VEH034-T1,Peliyagoda,VEH034,truck,ambient,1,Kurunegala,fresh_dry,1,1,308.7,1.717,0.0812,0.078,190.0,0.0
2026-03-21,2026-03-21-VEH035-T1,Peliyagoda,VEH035,van,reefer,1,Colombo,fresh_dry,2,2,896.1,4.945,0.8616,0.7064,28.0,0.0
2026-03-21,2026-03-21-VEH035-T2,Peliyagoda,VEH035,van,reefer,2,Galle,fresh_mixed,3,3,933.9,4.967,0.898,0.7096,260.0,0.0
2026-03-21,2026-03-21-VEH036-T1,Peliyagoda,VEH036,van,reefer,1,Gampaha,fresh_chilled,2,2,897.0,4.754,0.8625,0.6791,63.0,0.0
2026-03-21,2026-03-21-VEH036-T2,Peliyagoda,VEH036,van,reefer,2,Colombo,fresh_mixed,5,4,1034.7,5.636,0.9949,0.8051,36.0,0.0
2026-03-21,2026-03-21-VEH037-T1,Peliyagoda,VEH037,van,ambient,1,Colombo,fresh_dry,4,4,1081.6,5.857,0.9833,0.7321,36.0,0.0
2026-03-21,2026-03-21-VEH037-T2,Peliyagoda,VEH037,van,ambient,2,Kurunegala,tech,1,1,868.3,3.164,0.7894,0.3955,190.0,0.0
2026-03-21,2026-03-21-VEH038-T1,Peliyagoda,VEH038,van,ambient,1,Matara,fresh_dry,2,2,763.5,4.169,0.6362,0.4632,332.0,0.0
2026-03-21,2026-03-21-VEH038-T2,Peliyagoda,VEH038,van,ambient,2,Gampaha,tech,1,1,866.6,2.727,0.7222,0.303,56.0,0.0
2026-03-21,2026-03-21-VEH039-T1,Kandy,VEH039,truck,reefer,1,Matale,fresh_mixed,9,6,3962.2,21.14,0.6411,0.707,92.0,0.0
2026-03-21,2026-03-21-VEH041-T1,Kandy,VEH041,truck,reefer,1,Nuwara Eliya,fresh_mixed,5,3,1508.4,8.427,0.4178,0.4344,184.0,0.0
2026-03-21,2026-03-21-VEH042-T1,Kandy,VEH042,truck,reefer,1,Nuwara Eliya,fresh_mixed,4,2,1397.4,7.992,0.2261,0.2673,170.0,0.0
2026-03-21,2026-03-21-VEH043-T1,Kandy,VEH043,truck,reefer,1,Kegalle,fresh_mixed,6,4,3560.6,19.208,0.6462,0.7276,110.0,0.0
2026-03-21,2026-03-21-VEH046-T1,Kandy,VEH046,truck,ambient,1,Badulla,fresh_dry,2,2,541.9,3.142,0.1426,0.1428,276.0,0.0
2026-03-21,2026-03-21-VEH052-T1,Kandy,VEH052,truck,ambient,1,Kandy,fresh_dry,2,2,825.4,4.51,0.1965,0.1879,19.0,0.0
2026-03-21,2026-03-21-VEH056-T1,Kandy,VEH056,truck,ambient,1,Badulla,fresh_dry,2,2,1215.0,6.535,0.3197,0.297,276.0,0.0
2026-03-21,2026-03-21-VEH057-T1,Kandy,VEH057,van,reefer,1,Badulla,fresh_chilled,2,2,722.8,3.699,0.695,0.5284,276.0,0.0
2026-03-21,2026-03-21-VEH058-T1,Kandy,VEH058,van,reefer,1,Kandy,fresh_mixed,7,6,1015.8,5.423,0.9767,0.7747,31.0,0.0
2026-03-21,2026-03-21-VEH058-T2,Kandy,VEH058,van,reefer,2,Kandy,fresh_mixed,4,3,1025.5,5.404,0.9861,0.772,22.0,0.0
2026-03-21,2026-03-21-VEH059-T1,Kandy,VEH059,van,ambient,1,Kandy,fresh_dry,7,7,1177.9,6.276,0.9816,0.6973,34.0,0.0
2026-03-21,2026-03-21-VEH059-T2,Kandy,VEH059,van,ambient,2,Matale,tech,1,1,778.2,2.358,0.6485,0.262,52.0,0.0
2026-03-21,2026-03-21-VEH060-T1,Kandy,VEH060,van,ambient,1,Matale,fresh_dry,3,3,1108.4,5.865,0.9237,0.6517,68.0,0.0
2026-03-21,2026-03-21-VEH060-T2,Kandy,VEH060,van,ambient,2,Nuwara Eliya,style,1,1,369.0,6.674,0.3075,0.7416,156.0,0.0
2026-03-23,2026-03-23-VEH001-T1,Peliyagoda,VEH001,truck,reefer,1,Colombo,fresh_mixed,10,7,4257.8,22.324,0.7727,0.8456,48.0,0.0
2026-03-23,2026-03-23-VEH002-T1,Peliyagoda,VEH002,truck,reefer,1,Kurunegala,fresh_mixed,4,2,1344.7,6.895,0.337,0.3268,204.0,0.0
2026-03-23,2026-03-23-VEH003-T1,Peliyagoda,VEH003,truck,reefer,1,Kalutara,fresh_mixed,7,5,2134.3,11.328,0.3874,0.4291,132.0,0.0
2026-03-23,2026-03-23-VEH006-T1,Peliyagoda,VEH006,truck,reefer,1,Gampaha,fresh_mixed,9,6,4267.4,22.608,0.6239,0.6769,91.0,0.0
2026-03-23,2026-03-23-VEH007-T1,Peliyagoda,VEH007,truck,reefer,1,Galle,fresh_mixed,6,4,1465.2,7.903,0.4059,0.4074,270.0,0.0
2026-03-23,2026-03-23-VEH008-T1,Peliyagoda,VEH008,truck,ambient,1,Kalutara,fresh_dry,5,5,2539.1,13.277,0.6682,0.6035,132.0,0.0
2026-03-23,2026-03-23-VEH015-T1,Peliyagoda,VEH015,truck,ambient,1,Galle,fresh_dry,4,4,1851.0,10.171,0.4871,0.4623,270.0,0.0
2026-03-23,2026-03-23-VEH015-T2,Peliyagoda,VEH015,truck,ambient,2,Kalutara,style,2,2,939.2,14.442,0.2472,0.6565,105.0,0.0
2026-03-23,2026-03-23-VEH016-T1,Peliyagoda,VEH016,truck,ambient,1,Kurunegala,fresh_dry,3,3,1123.5,6.118,0.2957,0.2781,218.0,0.0
2026-03-23,2026-03-23-VEH017-T1,Peliyagoda,VEH017,truck,ambient,1,Colombo,fresh_dry,6,6,2552.2,14.132,0.6716,0.6424,44.0,0.0
2026-03-23,2026-03-23-VEH018-T1,Peliyagoda,VEH018,truck,ambient,1,Gampaha,fresh_dry,7,7,2757.3,14.74,0.7256,0.67,98.0,0.0
2026-03-23,2026-03-23-VEH025-T1,Peliyagoda,VEH025,truck,ambient,1,Puttalam,fresh_dry,3,3,842.9,4.623,0.2218,0.2101,296.0,0.0
2026-03-23,2026-03-23-VEH035-T1,Peliyagoda,VEH035,van,reefer,1,Matara,fresh_chilled,3,3,893.5,4.746,0.8591,0.678,344.0,0.0
2026-03-23,2026-03-23-VEH036-T1,Peliyagoda,VEH036,van,reefer,1,Puttalam,fresh_chilled,3,3,819.4,4.635,0.7879,0.6621,296.0,0.0
2026-03-23,2026-03-23-VEH037-T1,Peliyagoda,VEH037,van,ambient,1,Colombo,fresh_dry,5,5,915.0,4.91,0.8318,0.6138,40.0,0.0
2026-03-23,2026-03-23-VEH038-T1,Peliyagoda,VEH038,van,ambient,1,Matara,fresh_dry,4,4,1164.9,6.863,0.9708,0.7626,356.0,0.0
2026-03-23,2026-03-23-VEH039-T1,Kandy,VEH039,truck,reefer,1,Nuwara Eliya,fresh_mixed,4,2,1098.4,5.782,0.1777,0.1934,170.0,0.0
2026-03-23,2026-03-23-VEH040-T1,Kandy,VEH040,truck,reefer,1,Kandy,fresh_mixed,5,3,1458.4,8.137,0.2647,0.3082,22.0,0.0
2026-03-23,2026-03-23-VEH040-T2,Kandy,VEH040,truck,reefer,2,Matale,fresh_dry,1,1,563.4,3.21,0.1023,0.1216,52.0,0.0
2026-03-23,2026-03-23-VEH041-T1,Kandy,VEH041,truck,reefer,1,Badulla,fresh_mixed,2,1,562.2,3.231,0.1557,0.1665,260.0,0.0
2026-03-23,2026-03-23-VEH042-T1,Kandy,VEH042,truck,reefer,1,Kegalle,fresh_mixed,7,4,3009.1,17.093,0.4869,0.5717,110.0,0.0
2026-03-23,2026-03-23-VEH043-T1,Kandy,VEH043,truck,reefer,1,Matale,fresh_mixed,9,5,3359.4,17.462,0.6097,0.6614,84.0,0.0
2026-03-23,2026-03-23-VEH046-T1,Kandy,VEH046,truck,ambient,1,Nuwara Eliya,fresh_dry,3,3,879.6,5.018,0.2315,0.2281,184.0,0.0
2026-03-23,2026-03-23-VEH046-T2,Kandy,VEH046,truck,ambient,2,Badulla,style,1,1,636.6,10.571,0.1675,0.4805,260.0,0.0
2026-03-23,2026-03-23-VEH056-T1,Kandy,VEH056,truck,ambient,1,Badulla,fresh_dry,1,1,179.9,0.935,0.0473,0.0425,260.0,0.0
2026-03-23,2026-03-23-VEH056-T2,Kandy,VEH056,truck,ambient,2,Matale,style,1,1,704.7,12.154,0.1854,0.5525,52.0,0.0
2026-03-23,2026-03-23-VEH057-T1,Kandy,VEH057,van,reefer,1,Badulla,fresh_chilled,2,2,479.8,2.709,0.4613,0.387,276.0,0.0
2026-03-23,2026-03-23-VEH058-T1,Kandy,VEH058,van,reefer,1,Kandy,fresh_mixed,8,4,899.4,4.904,0.8648,0.7006,25.0,0.0
2026-03-23,2026-03-23-VEH059-T1,Kandy,VEH059,van,ambient,1,Kandy,fresh_dry,6,6,1100.6,5.906,0.9172,0.6562,31.0,0.0
2026-03-23,2026-03-23-VEH060-T1,Kandy,VEH060,van,ambient,1,Badulla,fresh_dry,2,2,871.9,5.117,0.7266,0.5686,276.0,0.0
2026-03-23,2026-03-23-VEH060-T2,Kandy,VEH060,van,ambient,2,Matale,tech,1,1,654.1,2.244,0.5451,0.2493,52.0,0.0
2026-03-24,2026-03-24-VEH001-T1,Peliyagoda,VEH001,truck,reefer,1,Gampaha,fresh_mixed,10,9,3696.4,19.999,0.6709,0.7575,112.0,0.0
2026-03-24,2026-03-24-VEH002-T1,Peliyagoda,VEH002,truck,reefer,1,Puttalam,fresh_mixed,3,2,781.0,4.319,0.1957,0.2047,278.0,0.0
2026-03-24,2026-03-24-VEH003-T1,Peliyagoda,VEH003,truck,reefer,1,Kalutara,fresh_mixed,8,7,2531.9,13.676,0.4595,0.518,150.0,0.0
2026-03-24,2026-03-24-VEH004-T1,Peliyagoda,VEH004,truck,reefer,1,Colombo,fresh_mixed,10,5,3332.5,17.55,0.4872,0.5254,40.0,0.0
2026-03-24,2026-03-24-VEH005-T1,Peliyagoda,VEH005,truck,reefer,1,Galle,fresh_mixed,7,4,1743.0,9.014,0.2548,0.2699,270.0,0.0
2026-03-24,2026-03-24-VEH006-T1,Peliyagoda,VEH006,truck,reefer,1,Kurunegala,fresh_mixed,4,3,1389.2,7.683,0.2031,0.23,218.0,0.0
2026-03-24,2026-03-24-VEH007-T1,Peliyagoda,VEH007,truck,reefer,1,Matara,fresh_mixed,5,4,1628.6,8.635,0.4511,0.4451,356.0,0.0
2026-03-24,2026-03-24-VEH008-T1,Peliyagoda,VEH008,truck,ambient,1,Gampaha,fresh_dry,9,9,3615.6,20.219,0.9515,0.919,112.0,0.0
2026-03-24,2026-03-24-VEH015-T1,Peliyagoda,VEH015,truck,ambient,1,Kurunegala,fresh_dry,3,3,935.7,4.73,0.2462,0.215,218.0,0.0
2026-03-24,2026-03-24-VEH015-T2,Peliyagoda,VEH015,truck,ambient,2,Colombo,tech,3,3,2477.0,7.715,0.6518,0.3507,32.0,0.0
2026-03-24,2026-03-24-VEH016-T1,Peliyagoda,VEH016,truck,ambient,1,Galle,fresh_dry,3,3,1163.0,6.185,0.3061,0.2811,260.0,0.0
2026-03-24,2026-03-24-VEH017-T1,Peliyagoda,VEH017,truck,ambient,1,Kalutara,fresh_dry,6,6,2362.0,13.015,0.6216,0.5916,141.0,0.0
2026-03-24,2026-03-24-VEH025-T1,Peliyagoda,VEH025,truck,ambient,1,Puttalam,fresh_dry,2,2,521.0,2.864,0.1371,0.1302,278.0,0.0
2026-03-24,2026-03-24-VEH027-T1,Peliyagoda,VEH027,truck,ambient,1,Colombo,fresh_dry,4,4,1745.0,8.813,0.4592,0.4006,36.0,0.0
2026-03-24,2026-03-24-VEH035-T1,Peliyagoda,VEH035,van,reefer,1,Kurunegala,fresh_mixed,3,2,899.3,4.948,0.8647,0.7069,204.0,0.0
2026-03-24,2026-03-24-VEH036-T1,Peliyagoda,VEH036,van,reefer,1,Colombo,fresh_mixed,6,3,1005.6,5.282,0.9669,0.7546,32.0,0.0
2026-03-24,2026-03-24-VEH037-T1,Peliyagoda,VEH037,van,ambient,1,Colombo,fresh_dry,2,2,890.8,4.885,0.8098,0.6106,28.0,0.0
2026-03-24,2026-03-24-VEH037-T2,Peliyagoda,VEH037,van,ambient,2,Matara,tech,1,1,454.8,1.649,0.4135,0.2061,320.0,0.0
2026-03-24,2026-03-24-VEH038-T1,Peliyagoda,VEH038,van,ambient,1,Matara,fresh_dry,3,3,1167.8,6.002,0.9732,0.6669,344.0,0.0
2026-03-24,2026-03-24-VEH038-T2,Peliyagoda,VEH038,van,ambient,2,Kalutara,tech,1,1,971.0,3.017,0.8092,0.3352,96.0,0.0
2026-03-24,2026-03-24-VEH039-T1,Kandy,VEH039,truck,reefer,1,Matale,fresh_mixed,8,5,3200.4,17.505,0.5179,0.5855,84.0,0.0
2026-03-24,2026-03-24-VEH041-T1,Kandy,VEH041,truck,reefer,1,Nuwara Eliya,fresh_chilled,5,5,1080.1,6.055,0.2992,0.3121,212.0,0.0
2026-03-24,2026-03-24-VEH042-T1,Kandy,VEH042,truck,reefer,1,Matale,fresh_mixed,2,1,730.5,4.13,0.1182,0.1381,52.0,0.0
2026-03-24,2026-03-24-VEH042-T2,Kandy,VEH042,truck,reefer,2,Kegalle,fresh_mixed,3,2,1156.6,7.171,0.1872,0.2398,90.0,0.0
2026-03-24,2026-03-24-VEH043-T1,Kandy,VEH043,truck,reefer,1,Kandy,fresh_mixed,6,3,1640.2,8.855,0.2977,0.3354,22.0,0.0
2026-03-24,2026-03-24-VEH046-T1,Kandy,VEH046,truck,ambient,1,Badulla,fresh_dry,2,2,970.3,4.857,0.2553,0.2208,276.0,0.0
2026-03-24,2026-03-24-VEH056-T1,Kandy,VEH056,truck,ambient,1,Nuwara Eliya,fresh_dry,5,5,1428.8,7.722,0.376,0.351,212.0,0.0
2026-03-24,2026-03-24-VEH057-T1,Kandy,VEH057,van,reefer,1,Badulla,fresh_chilled,2,2,617.1,3.173,0.5934,0.4533,276.0,0.0
2026-03-24,2026-03-24-VEH058-T1,Kandy,VEH058,van,reefer,1,Kandy,fresh_mixed,7,5,1000.1,5.157,0.9616,0.7367,28.0,0.0
2026-03-24,2026-03-24-VEH058-T2,Kandy,VEH058,van,reefer,2,Kandy,fresh_dry,2,2,383.5,2.096,0.3688,0.2994,19.0,0.0
2026-03-24,2026-03-24-VEH059-T1,Kandy,VEH059,van,ambient,1,Badulla,fresh_dry,2,2,419.6,2.245,0.3497,0.2494,276.0,0.0
2026-03-24,2026-03-24-VEH060-T1,Kandy,VEH060,van,ambient,1,Kegalle,fresh_dry,2,2,774.0,3.971,0.645,0.4412,90.0,0.0
2026-03-24,2026-03-24-VEH060-T2,Kandy,VEH060,van,ambient,2,Kandy,fresh_dry,5,5,590.5,3.202,0.4921,0.3558,28.0,0.0
2026-03-25,2026-03-25-VEH001-T1,Peliyagoda,VEH001,truck,reefer,1,Colombo,fresh_mixed,10,6,4672.4,25.521,0.848,0.9667,44.0,0.0
2026-03-25,2026-03-25-VEH002-T1,Peliyagoda,VEH002,truck,reefer,1,Kurunegala,fresh_mixed,4,3,1332.1,7.031,0.3339,0.3332,218.0,0.0
2026-03-25,2026-03-25-VEH003-T1,Peliyagoda,VEH003,truck,reefer,1,Kalutara,fresh_mixed,7,4,3603.0,19.98,0.6539,0.7568,123.0,0.0
2026-03-25,2026-03-25-VEH005-T1,Peliyagoda,VEH005,truck,reefer,1,Gampaha,fresh_mixed,8,5,5085.7,27.314,0.7435,0.8178,84.0,0.0
2026-03-25,2026-03-25-VEH007-T1,Peliyagoda,VEH007,truck,reefer,1,Galle,fresh_mixed,7,6,2115.3,11.516,0.586,0.5936,290.0,0.0
2026-03-25,2026-03-25-VEH015-T1,Peliyagoda,VEH015,truck,ambient,1,Galle,fresh_dry,5,5,2121.3,11.123,0.5582,0.5056,280.0,0.0
2026-03-25,2026-03-25-VEH016-T1,Peliyagoda,VEH016,truck,ambient,1,Matara,fresh_dry,2,2,781.6,3.963,0.2057,0.1801,332.0,0.0
2026-03-25,2026-03-25-VEH017-T1,Peliyagoda,VEH017,truck,ambient,1,Gampaha,fresh_dry,7,7,3329.0,17.378,0.8761,0.7899,98.0,0.0
2026-03-25,2026-03-25-VEH018-T1,Peliyagoda,VEH018,truck,ambient,1,Colombo,fresh_dry,4,4,1676.3,8.789,0.4411,0.3995,36.0,0.0
2026-03-25,2026-03-25-VEH025-T1,Peliyagoda,VEH025,truck,ambient,1,Puttalam,fresh_dry,2,2,508.0,2.966,0.1337,0.1348,278.0,0.0
2026-03-25,2026-03-25-VEH025-T2,Peliyagoda,VEH025,truck,ambient,2,Gampaha,style,2,2,1352.9,20.212,0.356,0.9187,63.0,0.0
2026-03-25,2026-03-25-VEH034-T1,Peliyagoda,VEH034,truck,ambient,1,Kurunegala,fresh_dry,4,4,1800.6,9.454,0.4738,0.4297,232.0,0.0
2026-03-25,2026-03-25-VEH035-T1,Peliyagoda,VEH035,van,reefer,1,Puttalam,fresh_mixed,3,2,876.3,4.846,0.8426,0.6923,278.0,0.0
2026-03-25,2026-03-25-VEH036-T1,Peliyagoda,VEH036,van,reefer,1,Colombo,fresh_mixed,6,4,879.0,4.634,0.8452,0.662,36.0,0.0
2026-03-25,2026-03-25-VEH037-T1,Peliyagoda,VEH037,van,ambient,1,Matara,fresh_dry,2,2,892.2,4.888,0.8111,0.611,332.0,0.0
2026-03-25,2026-03-25-VEH037-T2,Peliyagoda,VEH037,van,ambient,2,Gampaha,style,1,1,289.8,4.779,0.2635,0.5974,56.0,0.0
2026-03-25,2026-03-25-VEH038-T1,Peliyagoda,VEH038,van,ambient,1,Kalutara,fresh_dry,3,3,785.4,4.405,0.6545,0.4894,114.0,0.0
2026-03-25,2026-03-25-VEH038-T2,Peliyagoda,VEH038,van,ambient,2,Colombo,fresh_dry,3,3,961.2,5.163,0.801,0.5737,32.0,0.0
2026-03-25,2026-03-25-VEH039-T1,Kandy,VEH039,truck,reefer,1,Nuwara Eliya,fresh_mixed,5,4,1252.5,6.801,0.2027,0.2275,198.0,0.0
2026-03-25,2026-03-25-VEH040-T1,Kandy,VEH040,truck,reefer,1,Kandy,fresh_mixed,5,3,1230.2,6.931,0.2233,0.2625,22.0,0.0
2026-03-25,2026-03-25-VEH041-T1,Kandy,VEH041,truck,reefer,1,Badulla,fresh_chilled,2,2,358.4,1.876,0.0993,0.0967,276.0,0.0
2026-03-25,2026-03-25-VEH041-T2,Kandy,VEH041,truck,reefer,2,Kegalle,style,1,1,729.6,10.641,0.2021,0.5485,80.0,0.0
2026-03-25,2026-03-25-VEH042-T1,Kandy,VEH042,truck,reefer,1,Matale,fresh_mixed,8,4,3907.9,21.624,0.6323,0.7232,76.0,0.0
2026-03-25,2026-03-25-VEH043-T1,Kandy,VEH043,truck,reefer,1,Kegalle,fresh_mixed,7,4,3365.8,18.564,0.6109,0.7032,110.0,0.0
2026-03-25,2026-03-25-VEH046-T1,Kandy,VEH046,truck,ambient,1,Nuwara Eliya,fresh_dry,4,4,1588.7,8.597,0.4181,0.3908,198.0,0.0
2026-03-25,2026-03-25-VEH046-T2,Kandy,VEH046,truck,ambient,2,Kandy,tech,1,1,2225.0,6.915,0.5855,0.3143,16.0,0.0
2026-03-25,2026-03-25-VEH056-T1,Kandy,VEH056,truck,ambient,1,Badulla,fresh_dry,2,2,881.2,4.769,0.2319,0.2168,276.0,0.0
2026-03-25,2026-03-25-VEH056-T2,Kandy,VEH056,truck,ambient,2,Badulla,tech,1,1,1891.4,5.553,0.4977,0.2524,260.0,0.0
2026-03-25,2026-03-25-VEH057-T1,Kandy,VEH057,van,reefer,1,Badulla,fresh_chilled,2,2,677.2,3.845,0.6512,0.5493,276.0,0.0
2026-03-25,2026-03-25-VEH058-T1,Kandy,VEH058,van,reefer,1,Kandy,fresh_mixed,6,5,1021.4,5.833,0.9821,0.8333,28.0,0.0
2026-03-25,2026-03-25-VEH058-T2,Kandy,VEH058,van,reefer,2,Kandy,fresh_mixed,4,3,567.0,3.098,0.5452,0.4426,22.0,0.0
2026-03-25,2026-03-25-VEH059-T1,Kandy,VEH059,van,ambient,1,Badulla,fresh_dry,2,2,471.3,2.498,0.3927,0.2776,276.0,0.0
2026-03-25,2026-03-25-VEH059-T2,Kandy,VEH059,van,ambient,2,Kandy,tech,1,1,211.5,0.72,0.1762,0.08,16.0,0.0
2026-03-25,2026-03-25-VEH060-T1,Kandy,VEH060,van,ambient,1,Kandy,fresh_dry,5,5,988.9,5.119,0.8241,0.5688,28.0,0.0
2026-03-25,2026-03-25-VEH060-T2,Kandy,VEH060,van,ambient,2,Matale,fresh_dry,2,2,702.2,3.487,0.5852,0.3874,60.0,0.0
2026-03-26,2026-03-26-VEH001-T1,Peliyagoda,VEH001,truck,reefer,1,Kurunegala,fresh_mixed,4,4,2011.3,11.053,0.365,0.4187,232.0,0.0
2026-03-26,2026-03-26-VEH002-T1,Peliyagoda,VEH002,truck,reefer,1,Puttalam,fresh_mixed,3,2,1193.5,6.185,0.2991,0.2931,278.0,0.0
2026-03-26,2026-03-26-VEH003-T1,Peliyagoda,VEH003,truck,reefer,1,Gampaha,fresh_chilled,4,4,1520.5,8.167,0.276,0.3094,77.0,0.0
2026-03-26,2026-03-26-VEH003-T2,Peliyagoda,VEH003,truck,reefer,2,Kalutara,fresh_chilled,2,2,570.6,3.406,0.1036,0.129,105.0,0.0
2026-03-26,2026-03-26-VEH004-T1,Peliyagoda,VEH004,truck,reefer,1,Galle,fresh_mixed,7,6,2633.8,13.873,0.3851,0.4154,290.0,0.0
2026-03-26,2026-03-26-VEH005-T1,Peliyagoda,VEH005,truck,reefer,1,Colombo,fresh_mixed,10,6,4521.6,23.288,0.6611,0.6972,44.0,0.0
2026-03-26,2026-03-26-VEH006-T1,Peliyagoda,VEH006,truck,reefer,1,Kalutara,fresh_mixed,6,3,3302.1,17.678,0.4828,0.5293,114.0,0.0
2026-03-26,2026-03-26-VEH007-T1,Peliyagoda,VEH007,truck,reefer,1,Matara,fresh_mixed,5,3,2133.7,11.736,0.5911,0.6049,344.0,0.0
2026-03-26,2026-03-26-VEH008-T1,Peliyagoda,VEH008,truck,ambient,1,Colombo,fresh_dry,5,5,2623.1,14.285,0.6903,0.6493,40.0,0.0
2026-03-26,2026-03-26-VEH008-T2,Peliyagoda,VEH008,truck,ambient,2,Colombo,style,1,1,586.8,9.433,0.1544,0.4288,24.0,0.0
2026-03-26,2026-03-26-VEH015-T1,Peliyagoda,VEH015,truck,ambient,1,Kalutara,fresh_dry,4,4,1950.0,10.301,0.5132,0.4682,123.0,0.0
2026-03-26,2026-03-26-VEH015-T2,Peliyagoda,VEH015,truck,ambient,2,Colombo,style,3,3,1304.3,21.598,0.3432,0.9817,32.0,0.0
2026-03-26,2026-03-26-VEH016-T1,Peliyagoda,VEH016,truck,ambient,1,Galle,fresh_dry,5,5,2469.8,13.776,0.6499,0.6262,280.0,0.0
2026-03-26,2026-03-26-VEH016-T2,Peliyagoda,VEH016,truck,ambient,2,Colombo,style,1,1,1079.2,15.686,0.284,0.713,24.0,0.0
2026-03-26,2026-03-26-VEH017-T1,Peliyagoda,VEH017,truck,ambient,1,Gampaha,fresh_dry,4,4,3348.9,17.251,0.8813,0.7841,77.0,0.0
2026-03-26,2026-03-26-VEH017-T2,Peliyagoda,VEH017,truck,ambient,2,Gampaha,fresh_dry,3,3,1108.7,5.926,0.2918,0.2694,70.0,0.0
2026-03-26,2026-03-26-VEH025-T1,Peliyagoda,VEH025,truck,ambient,1,Puttalam,fresh_dry,2,2,557.1,2.843,0.1466,0.1292,278.0,0.0
2026-03-26,2026-03-26-VEH027-T1,Peliyagoda,VEH027,truck,ambient,1,Kurunegala,fresh_dry,4,4,1727.0,8.98,0.4545,0.4082,232.0,0.0
2026-03-26,2026-03-26-VEH035-T1,Peliyagoda,VEH035,van,reefer,1,Colombo,fresh_chilled,3,3,965.2,5.095,0.9281,0.7279,32.0,0.0
2026-03-26,2026-03-26-VEH035-T2,Peliyagoda,VEH035,van,reefer,2,Matara,fresh_chilled,1,1,347.7,1.922,0.3343,0.2746,320.0,0.0
2026-03-26,2026-03-26-VEH036-T1,Peliyagoda,VEH036,van,reefer,1,Colombo,fresh_mixed,5,3,752.1,4.145,0.7232,0.5921,32.0,0.0
2026-03-26,2026-03-26-VEH036-T2,Peliyagoda,VEH036,van,reefer,2,Gampaha,fresh_chilled,2,2,663.3,3.476,0.6378,0.4966,63.0,0.0
2026-03-26,2026-03-26-VEH037-T1,Peliyagoda,VEH037,van,ambient,1,Colombo,fresh_dry,3,3,805.9,4.256,0.7326,0.532,32.0,0.0
2026-03-26,2026-03-26-VEH037-T2,Peliyagoda,VEH037,van,ambient,2,Gampaha,fresh_dry,3,3,1051.3,6.054,0.9557,0.7568,70.0,0.0
2026-03-26,2026-03-26-VEH038-T1,Peliyagoda,VEH038,van,ambient,1,Matara,fresh_dry,2,2,1005.6,5.225,0.838,0.5806,332.0,0.0
2026-03-26,2026-03-26-VEH038-T2,Peliyagoda,VEH038,van,ambient,2,Colombo,style,1,1,419.0,7.433,0.3492,0.8259,24.0,0.0
2026-03-26,2026-03-26-VEH039-T1,Kandy,VEH039,truck,reefer,1,Nuwara Eliya,fresh_mixed,5,3,1775.7,9.668,0.2873,0.3233,184.0,0.0
2026-03-26,2026-03-26-VEH040-T1,Kandy,VEH040,truck,reefer,1,Kegalle,fresh_mixed,7,4,4038.6,22.287,0.733,0.8442,110.0,0.0
2026-03-26,2026-03-26-VEH041-T1,Kandy,VEH041,truck,reefer,1,Badulla,fresh_chilled,1,1,279.7,1.458,0.0775,0.0752,260.0,0.0
2026-03-26,2026-03-26-VEH042-T1,Kandy,VEH042,truck,reefer,1,Matale,fresh_mixed,9,6,3956.7,21.078,0.6402,0.7049,92.0,0.0
2026-03-26,2026-03-26-VEH046-T1,Kandy,VEH046,truck,ambient,1,Nuwara Eliya,fresh_dry,3,3,1017.2,5.882,0.2677,0.2674,184.0,0.0
2026-03-26,2026-03-26-VEH046-T2,Kandy,VEH046,truck,ambient,2,Kandy,style,2,2,1026.5,15.88,0.2701,0.7218,19.0,0.0
2026-03-26,2026-03-26-VEH048-T1,Kandy,VEH048,truck,ambient,1,Badulla,fresh_dry,2,2,929.8,4.681,0.2214,0.195,276.0,0.0
2026-03-26,2026-03-26-VEH056-T1,Kandy,VEH056,truck,ambient,1,Kandy,fresh_dry,4,4,1096.1,6.362,0.2884,0.2892,25.0,0.0
2026-03-26,2026-03-26-VEH057-T1,Kandy,VEH057,van,reefer,1,Badulla,fresh_chilled,2,2,448.4,2.425,0.4312,0.3464,276.0,0.0
2026-03-26,2026-03-26-VEH058-T1,Kandy,VEH058,van,reefer,1,Kandy,fresh_chilled,5,5,1009.4,5.003,0.9706,0.7147,28.0,0.0
2026-03-26,2026-03-26-VEH058-T2,Kandy,VEH058,van,reefer,2,Kandy,fresh_mixed,5,4,808.4,4.209,0.7773,0.6013,25.0,0.0
2026-03-26,2026-03-26-VEH059-T1,Kandy,VEH059,van,ambient,1,Kandy,fresh_dry,7,7,1012.5,5.429,0.8438,0.6032,34.0,0.0
2026-03-26,2026-03-26-VEH059-T2,Kandy,VEH059,van,ambient,2,Kandy,style,1,1,559.4,8.276,0.4662,0.9196,16.0,0.0
2026-03-26,2026-03-26-VEH060-T1,Kandy,VEH060,van,ambient,1,Badulla,fresh_dry,2,2,728.2,3.771,0.6068,0.419,276.0,0.0
2026-03-26,2026-03-26-VEH060-T2,Kandy,VEH060,van,ambient,2,Kandy,style,2,2,535.7,8.062,0.4464,0.8958,19.0,0.0
2026-03-27,2026-03-27-VEH001-T1,Peliyagoda,VEH001,truck,reefer,1,Kalutara,fresh_mixed,8,5,3374.8,18.014,0.6125,0.6823,132.0,0.0
2026-03-27,2026-03-27-VEH002-T1,Peliyagoda,VEH002,truck,reefer,1,Galle,fresh_mixed,4,2,2027.7,11.209,0.5082,0.5312,250.0,0.0
2026-03-27,2026-03-27-VEH003-T1,Peliyagoda,VEH003,truck,reefer,1,Kurunegala,fresh_mixed,4,3,2085.7,11.993,0.3785,0.4543,218.0,0.0
2026-03-27,2026-03-27-VEH004-T1,Peliyagoda,VEH004,truck,reefer,1,Gampaha,fresh_mixed,10,6,5270.8,28.912,0.7706,0.8656,91.0,0.0
2026-03-27,2026-03-27-VEH005-T1,Peliyagoda,VEH005,truck,reefer,1,Colombo,fresh_mixed,10,6,6151.6,32.803,0.8994,0.9821,44.0,0.0
2026-03-27,2026-03-27-VEH007-T1,Peliyagoda,VEH007,truck,reefer,1,Puttalam,fresh_mixed,2,1,883.4,4.995,0.2447,0.2575,260.0,0.0
2026-03-27,2026-03-27-VEH008-T1,Peliyagoda,VEH008,truck,ambient,1,Matara,fresh_dry,4,4,2074.7,11.214,0.546,0.5097,356.0,0.0
2026-03-27,2026-03-27-VEH008-T2,Peliyagoda,VEH008,truck,ambient,2,Colombo,tech,2,2,2046.3,7.114,0.5385,0.3234,28.0,0.0
2026-03-27,2026-03-27-VEH015-T1,Peliyagoda,VEH015,truck,ambient,1,Kurunegala,fresh_dry,4,4,1959.9,10.415,0.5158,0.4734,232.0,0.0
2026-03-27,2026-03-27-VEH015-T2,Peliyagoda,VEH015,truck,ambient,2,Kurunegala,style,2,2,924.0,14.667,0.2432,0.6667,204.0,0.0
2026-03-27,2026-03-27-VEH017-T1,Peliyagoda,VEH017,truck,ambient,1,Colombo,fresh_dry,6,6,3211.4,17.154,0.8451,0.7797,44.0,0.0
2026-03-27,2026-03-27-VEH017-T2,Peliyagoda,VEH017,truck,ambient,2,Galle,style,1,1,1186.5,19.039,0.3122,0.8654,240.0,0.0
2026-03-27,2026-03-27-VEH018-T1,Peliyagoda,VEH018,truck,ambient,1,Galle,fresh_dry,4,4,1603.2,9.191,0.4219,0.4178,270.0,0.0
2026-03-27,2026-03-27-VEH018-T2,Peliyagoda,VEH018,truck,ambient,2,Galle,style,1,1,577.5,9.036,0.152,0.4107,240.0,0.0
2026-03-27,2026-03-27-VEH025-T1,Peliyagoda,VEH025,truck,ambient,1,Gampaha,fresh_dry,6,6,3780.7,19.824,0.9949,0.9011,91.0,0.0
2026-03-27,2026-03-27-VEH025-T2,Peliyagoda,VEH025,truck,ambient,2,Gampaha,tech,1,1,1725.0,6.089,0.4539,0.2768,56.0,0.0
2026-03-27,2026-03-27-VEH035-T1,Peliyagoda,VEH035,van,reefer,1,Matara,fresh_chilled,2,2,871.2,4.775,0.8377,0.6821,332.0,0.0
2026-03-27,2026-03-27-VEH036-T1,Peliyagoda,VEH036,van,reefer,1,Colombo,fresh_mixed,7,4,929.4,5.256,0.8937,0.7509,36.0,0.0
2026-03-27,2026-03-27-VEH037-T1,Peliyagoda,VEH037,van,ambient,1,Kalutara,fresh_dry,2,2,1025.5,5.462,0.9323,0.6827,105.0,0.0
2026-03-27,2026-03-27-VEH038-T1,Peliyagoda,VEH038,van,ambient,1,Puttalam,fresh_dry,2,2,704.4,3.803,0.587,0.4226,278.0,0.0
2026-03-27,2026-03-27-VEH038-T2,Peliyagoda,VEH038,van,ambient,2,Matara,style,1,1,537.6,8.372,0.448,0.9302,320.0,0.0
2026-03-27,2026-03-27-VEH039-T1,Kandy,VEH039,truck,reefer,1,Kegalle,fresh_mixed,8,4,4424.5,25.044,0.7159,0.8376,110.0,0.0
2026-03-27,2026-03-27-VEH041-T1,Kandy,VEH041,truck,reefer,1,Nuwara Eliya,fresh_mixed,4,2,1433.2,8.063,0.397,0.4156,170.0,0.0
2026-03-27,2026-03-27-VEH042-T1,Kandy,VEH042,truck,reefer,1,Matale,fresh_mixed,5,3,2228.7,11.774,0.3606,0.3938,68.0,0.0
2026-03-27,2026-03-27-VEH042-T2,Kandy,VEH042,truck,reefer,2,Kandy,fresh_mixed,5,3,2069.7,11.13,0.3349,0.3722,22.0,0.0
2026-03-27,2026-03-27-VEH046-T1,Kandy,VEH046,truck,ambient,1,Nuwara Eliya,fresh_dry,3,3,1400.4,7.291,0.3685,0.3314,184.0,0.0
2026-03-27,2026-03-27-VEH052-T1,Kandy,VEH052,truck,ambient,1,Matale,fresh_dry,4,4,1814.2,10.232,0.432,0.4263,76.0,0.0
2026-03-27,2026-03-27-VEH052-T2,Kandy,VEH052,truck,ambient,2,Kandy,fresh_dry,2,2,1040.4,5.277,0.2477,0.2199,19.0,0.0
2026-03-27,2026-03-27-VEH056-T1,Kandy,VEH056,truck,ambient,1,Badulla,fresh_dry,2,2,1317.9,7.187,0.3468,0.3267,276.0,0.0
2026-03-27,2026-03-27-VEH057-T1,Kandy,VEH057,van,reefer,1,Badulla,fresh_chilled,2,2,643.9,3.573,0.6191,0.5104,276.0,0.0
2026-03-27,2026-03-27-VEH058-T1,Kandy,VEH058,van,reefer,1,Kandy,fresh_mixed,7,5,976.7,5.264,0.9391,0.752,28.0,0.0
2026-03-27,2026-03-27-VEH059-T1,Kandy,VEH059,van,ambient,1,Kandy,fresh_dry,6,6,914.7,5.022,0.7622,0.558,31.0,0.0
2026-03-27,2026-03-27-VEH060-T1,Kandy,VEH060,van,ambient,1,Badulla,fresh_dry,2,2,594.0,3.337,0.495,0.3708,276.0,0.0
2026-03-28,2026-03-28-VEH001-T1,Peliyagoda,VEH001,truck,reefer,1,Gampaha,fresh_mixed,7,6,4856.3,25.365,0.8814,0.9608,91.0,0.0
2026-03-28,2026-03-28-VEH002-T1,Peliyagoda,VEH002,truck,reefer,1,Galle,fresh_mixed,5,3,2059.9,10.884,0.5163,0.5158,260.0,0.0
2026-03-28,2026-03-28-VEH003-T1,Peliyagoda,VEH003,truck,reefer,1,Kurunegala,fresh_chilled,4,4,1763.9,9.27,0.3201,0.3511,232.0,0.0
2026-03-28,2026-03-28-VEH004-T1,Peliyagoda,VEH004,truck,reefer,1,Kalutara,fresh_mixed,8,5,2816.0,15.651,0.4117,0.4686,132.0,0.0
2026-03-28,2026-03-28-VEH005-T1,Peliyagoda,VEH005,truck,reefer,1,Colombo,fresh_mixed,10,9,3678.9,20.111,0.5379,0.6021,56.0,0.0
2026-03-28,2026-03-28-VEH007-T1,Peliyagoda,VEH007,truck,reefer,1,Puttalam,fresh_mixed,3,2,957.1,4.885,0.2651,0.2518,278.0,0.0
2026-03-28,2026-03-28-VEH008-T1,Peliyagoda,VEH008,truck,ambient,1,Kalutara,fresh_dry,4,4,1861.8,10.264,0.4899,0.4665,123.0,0.0
2026-03-28,2026-03-28-VEH008-T2,Peliyagoda,VEH008,truck,ambient,2,Kurunegala,tech,1,1,1296.9,4.391,0.3413,0.1996,190.0,0.0
2026-03-28,2026-03-28-VEH016-T1,Peliyagoda,VEH016,truck,ambient,1,Gampaha,fresh_dry,2,2,1272.8,6.072,0.3349,0.276,63.0,0.0
2026-03-28,2026-03-28-VEH016-T2,Peliyagoda,VEH016,truck,ambient,2,Colombo,fresh_dry,4,4,2583.3,13.635,0.6798,0.6198,36.0,0.0
2026-03-28,2026-03-28-VEH017-T1,Peliyagoda,VEH017,truck,ambient,1,Puttalam,fresh_dry,2,2,927.9,5.175,0.2442,0.2352,278.0,0.0
2026-03-28,2026-03-28-VEH018-T1,Peliyagoda,VEH018,truck,ambient,1,Gampaha,fresh_dry,3,3,2216.1,11.568,0.5832,0.5258,70.0,0.0
2026-03-28,2026-03-28-VEH018-T2,Peliyagoda,VEH018,truck,ambient,2,Colombo,fresh_dry,3,3,1240.2,6.81,0.3264,0.3095,32.0,0.0
2026-03-28,2026-03-28-VEH025-T1,Peliyagoda,VEH025,truck,ambient,1,Kurunegala,fresh_dry,2,2,1019.2,5.563,0.2682,0.2529,204.0,0.0
2026-03-28,2026-03-28-VEH027-T1,Peliyagoda,VEH027,truck,ambient,1,Galle,fresh_dry,3,3,1611.9,8.282,0.4242,0.3765,260.0,0.0
2026-03-28,2026-03-28-VEH034-T1,Peliyagoda,VEH034,truck,ambient,1,Matara,fresh_dry,4,4,1499.1,8.03,0.3945,0.365,356.0,0.0
2026-03-28,2026-03-28-VEH035-T1,Peliyagoda,VEH035,van,reefer,1,Matara,fresh_chilled,3,3,1019.0,5.509,0.9798,0.787,344.0,0.0
2026-03-28,2026-03-28-VEH035-T2,Peliyagoda,VEH035,van,reefer,2,Gampaha,tech,1,1,1034.8,3.647,0.995,0.521,56.0,0.0
2026-03-28,2026-03-28-VEH036-T1,Peliyagoda,VEH036,van,reefer,1,Gampaha,fresh_mixed,3,2,954.7,5.231,0.918,0.7473,63.0,0.0
2026-03-28,2026-03-28-VEH036-T2,Peliyagoda,VEH036,van,reefer,2,Colombo,fresh_mixed,5,3,501.0,2.769,0.4817,0.3956,32.0,0.0
2026-03-28,2026-03-28-VEH037-T1,Peliyagoda,VEH037,van,ambient,1,Gampaha,fresh_dry,3,3,1087.2,5.63,0.9884,0.7037,70.0,0.0
2026-03-28,2026-03-28-VEH037-T2,Peliyagoda,VEH037,van,ambient,2,Colombo,fresh_dry,3,3,1051.4,5.558,0.9558,0.6947,32.0,0.0
2026-03-28,2026-03-28-VEH038-T1,Peliyagoda,VEH038,van,ambient,1,Kurunegala,fresh_dry,3,3,1114.1,6.222,0.9284,0.6913,218.0,0.0
2026-03-28,2026-03-28-VEH038-T2,Peliyagoda,VEH038,van,ambient,2,Gampaha,tech,1,1,1187.6,3.897,0.9897,0.433,56.0,0.0
2026-03-28,2026-03-28-VEH039-T1,Kandy,VEH039,truck,reefer,1,Matale,fresh_mixed,9,6,3752.5,19.192,0.6072,0.6419,92.0,0.0
2026-03-28,2026-03-28-VEH041-T1,Kandy,VEH041,truck,reefer,1,Nuwara Eliya,fresh_mixed,5,4,1473.4,7.792,0.4081,0.4016,198.0,0.0
2026-03-28,2026-03-28-VEH042-T1,Kandy,VEH042,truck,reefer,1,Kandy,fresh_mixed,4,3,1095.8,6.384,0.1773,0.2135,22.0,0.0
2026-03-28,2026-03-28-VEH043-T1,Kandy,VEH043,truck,reefer,1,Kegalle,fresh_mixed,6,4,3557.6,19.08,0.6457,0.7227,110.0,0.0
2026-03-28,2026-03-28-VEH046-T1,Kandy,VEH046,truck,ambient,1,Nuwara Eliya,fresh_dry,4,4,1756.0,9.203,0.4621,0.4183,198.0,0.0
2026-03-28,2026-03-28-VEH056-T1,Kandy,VEH056,truck,ambient,1,Badulla,fresh_dry,2,2,1092.8,5.989,0.2876,0.2722,276.0,0.0
2026-03-28,2026-03-28-VEH057-T1,Kandy,VEH057,van,reefer,1,Badulla,fresh_chilled,2,2,557.2,3.234,0.5358,0.462,276.0,0.0
2026-03-28,2026-03-28-VEH057-T2,Kandy,VEH057,van,reefer,2,Matale,tech,1,1,814.5,2.383,0.7832,0.3404,52.0,0.0
2026-03-28,2026-03-28-VEH058-T1,Kandy,VEH058,van,reefer,1,Kandy,fresh_mixed,8,6,969.1,5.274,0.9318,0.7534,31.0,0.0
2026-03-28,2026-03-28-VEH058-T2,Kandy,VEH058,van,reefer,2,Kandy,fresh_mixed,3,2,779.8,4.159,0.7498,0.5941,19.0,0.0
2026-03-28,2026-03-28-VEH059-T1,Kandy,VEH059,van,ambient,1,Matale,fresh_dry,3,3,1131.6,6.373,0.943,0.7081,68.0,0.0
2026-03-28,2026-03-28-VEH059-T2,Kandy,VEH059,van,ambient,2,Kandy,fresh_dry,5,5,682.9,3.549,0.5691,0.3943,28.0,0.0
2026-03-28,2026-03-28-VEH060-T1,Kandy,VEH060,van,ambient,1,Badulla,fresh_dry,2,2,433.3,2.183,0.3611,0.2426,276.0,0.0
2026-03-28,2026-03-28-VEH060-T2,Kandy,VEH060,van,ambient,2,Nuwara Eliya,style,1,1,451.7,8.095,0.3764,0.8994,156.0,0.0
